Time_Sec,embb_Norm_availability,embb_Fault_availability,embb_Res_availability,embb_Norm_throughput,embb_Fault_throughput,embb_Res_throughput,embb_Norm_blocking,embb_Fault_blocking,embb_Res_blocking,embb_Norm_connected_count,embb_Fault_connected_count,embb_Res_connected_count,urllc_Norm_availability,urllc_Fault_availability,urllc_Res_availability,urllc_Norm_throughput,urllc_Fault_throughput,urllc_Res_throughput,urllc_Norm_blocking,urllc_Fault_blocking,urllc_Res_blocking,urllc_Norm_connected_count,urllc_Fault_connected_count,urllc_Res_connected_count,mmtc_Norm_availability,mmtc_Fault_availability,mmtc_Res_availability,mmtc_Norm_throughput,mmtc_Fault_throughput,mmtc_Res_throughput,mmtc_Norm_blocking,mmtc_Fault_blocking,mmtc_Res_blocking,mmtc_Norm_connected_count,mmtc_Fault_connected_count,mmtc_Res_connected_count
0,0.0,0.21354166666666666,0.21354166666666666,0.0,0.0,0.0,0.0,0.1276595744680851,0.1276595744680851,0,41,41,0.0,0.17142857142857143,0.17142857142857143,0.0,0.0,0.0,0.0,0.0,0.0,0,18,18,0.0,0.22660098522167488,0.22660098522167488,0.0,0.0,0.0,0.0,0.0,0.0,0,46,46
1,0.3802083333333333,0.4166666666666667,0.4166666666666667,0.0,32.2,34.16,0.22340425531914893,0.78125,0.7846153846153846,73,80,80,0.4,0.6761904761904762,0.6571428571428571,0.0,2.9238174285714287,2.861682,0.0,0.039603960396039604,0.0392156862745098,42,71,69,0.39901477832512317,0.5665024630541872,0.5467980295566502,0.0,0.469075,0.471916,0.047058823529411764,0.19696969696969696,0.19796954314720813,81,115,111
2,0.4166666666666667,0.4166666666666667,0.4166666666666667,44.1,28.91891233333333,32.293558,0.9547738693467337,0.9739583333333334,0.958974358974359,80,80,80,0.44761904761904764,0.7238095238095238,0.6571428571428571,0.694848,2.437705,2.837545,0.043478260869565216,0.0,0.01020408163265306,47,76,69,0.49261083743842365,0.5714285714285714,0.5517241379310345,0.107992,0.569351,0.656809,0.248868778280543,0.2383177570093458,0.24423963133640553,100,116,112
3,0.4166666666666667,0.4166666666666667,0.4114583333333333,42.500782,26.318835,24.998086,1.0,0.9061032863849765,0.9014084507042254,80,80,79,0.47619047619047616,0.7333333333333333,0.6571428571428571,2.101935,2.524887142857143,2.913838,0.0,0.0,0.0,50,77,69,0.5517241379310345,0.5615763546798029,0.5615763546798029,0.305428,0.611296,0.593158,0.21359223300970873,0.20754716981132076,0.19230769230769232,112,114,114
4,0.4166666666666667,0.4166666666666667,0.4166666666666667,34.738229,26.925284,23.4885,0.92018779342723,0.9353233830845771,0.926829268292683,80,80,80,0.5523809523809524,0.6952380952380952,0.6476190476190476,1.889368111111111,2.010515285714286,2.58863,0.0,0.0,0.0,58,73,68,0.5812807881773399,0.5665024630541872,0.5615763546798029,0.331477,0.604475,0.652864,0.21904761904761905,0.18536585365853658,0.23113207547169812,118,115,114
5,0.4166666666666667,0.40625,0.4114583333333333,26.850434,24.943087,22.814683,0.9330143540669856,0.9052132701421801,0.9278846153846154,80,78,79,0.5714285714285714,0.6571428571428571,0.6476190476190476,2.079131142857143,1.7266775714285714,2.832044,0.0,0.0,0.0,60,69,68,0.5862068965517241,0.5615763546798029,0.5566502463054187,0.354228,0.675308,0.710187,0.20388349514563106,0.17412935323383086,0.21844660194174756,119,114,113
6,0.4166666666666667,0.4166666666666667,0.40625,20.16671,23.493049,25.137808666666665,0.933649289099526,0.8622222222222222,0.883177570093458,80,80,78,0.5714285714285714,0.6666666666666666,0.6761904761904762,2.739400253968254,2.27361453968254,2.78427,0.0,0.010869565217391304,0.0,60,70,71,0.6059113300492611,0.5615763546798029,0.5517241379310345,0.456528,0.757882,0.78186,0.19487179487179487,0.14871794871794872,0.18686868686868688,123,114,112
7,0.40625,0.4114583333333333,0.4114583333333333,15.059553666666668,26.243374,26.020526,0.8658008658008658,0.9441624365482234,0.9130434782608695,78,79,79,0.5619047619047619,0.6761904761904762,0.6761904761904762,2.6343584603174603,2.448161142857143,2.702655,0.0,0.0,0.0,59,71,71,0.6157635467980296,0.5517241379310345,0.5517241379310345,0.576937,0.626735,0.754714,0.18811881188118812,0.13,0.15841584158415842,125,112,112
8,0.4166666666666667,0.40625,0.4114583333333333,13.845230333333332,22.761279,24.266249,0.9252336448598131,0.9241706161137441,0.9047619047619048,80,78,79,0.580952380952381,0.6285714285714286,0.6857142857142857,3.053097,2.6775710000000004,2.527671,0.0,0.0,0.0,61,66,72,0.5911330049261084,0.541871921182266,0.5566502463054187,0.686652,0.613544,0.708036,0.16080402010050251,0.15577889447236182,0.1932367149758454,120,110,113
9,0.4114583333333333,0.4166666666666667,0.4166666666666667,20.384535666666668,20.200265,26.658811,0.9117647058823529,0.8933333333333333,0.9154929577464789,79,80,80,0.6285714285714286,0.6476190476190476,0.6571428571428571,3.007989888888889,2.6212198888888896,2.89973,0.0,0.0,0.0,66,68,69,0.5714285714285714,0.5517241379310345,0.5615763546798029,0.67355,0.591077,0.669688,0.17475728155339806,0.155,0.165,116,112,114
10,0.4166666666666667,0.40625,0.4114583333333333,27.490582333333332,15.99413,24.530596,0.9146919431279621,0.8783783783783784,0.9198113207547169,80,78,79,0.638095238095238,0.6476190476190476,0.6476190476190476,2.7104478571428574,2.584326428571429,2.937241,0.0,0.0,0.0,67,68,68,0.5517241379310345,0.5714285714285714,0.5566502463054187,0.714054,0.696882,0.690667,0.18571428571428572,0.13636363636363635,0.15228426395939088,112,116,113
11,0.4166666666666667,0.4166666666666667,0.4166666666666667,30.086467,20.971503,26.432491,0.9186602870813397,0.9116279069767442,0.9128440366972477,80,80,80,0.5714285714285714,0.6666666666666666,0.6571428571428571,2.8833716825396825,2.8559341111111114,2.843431,0.0,0.0,0.0,60,70,69,0.5517241379310345,0.5960591133004927,0.5714285714285714,0.727875,0.608353,0.713858,0.1784037558685446,0.13942307692307693,0.16585365853658537,112,121,116
12,0.4114583333333333,0.4166666666666667,0.40625,28.433495333333333,24.268119,30.720784,0.9295774647887324,0.9420289855072463,0.9509803921568627,79,80,78,0.638095238095238,0.6761904761904762,0.6761904761904762,3.2764743174603175,3.1867515396825405,3.629852,0.0,0.0,0.0,67,71,71,0.5123152709359606,0.5960591133004927,0.5763546798029556,0.704924,0.554877,0.696715,0.17412935323383086,0.1724137931034483,0.15577889447236182,104,121,117
13,0.40625,0.4166666666666667,0.4114583333333333,27.331006,24.673196,27.982106,0.9428571428571428,0.9178743961352657,0.8837209302325582,78,80,79,0.6761904761904762,0.6666666666666666,0.6666666666666666,3.422413666666667,3.3508250000000004,3.176687,0.0,0.0,0.0,71,70,70,0.5123152709359606,0.5911330049261084,0.5862068965517241,0.619435,0.732593,0.802019,0.19248826291079812,0.18781725888324874,0.175,104,120,119
14,0.4114583333333333,0.40625,0.4166666666666667,26.144072,27.66579,30.634198,0.8874458874458875,0.9146919431279621,0.909952606635071,79,78,80,0.6476190476190476,0.6476190476190476,0.6761904761904762,3.529892079365079,3.3089024285714292,3.011119,0.0,0.0,0.0,68,68,71,0.5270935960591133,0.5812807881773399,0.5812807881773399,0.5663,0.688788,0.762957,0.17452830188679244,0.1691542288557214,0.18048780487804877,107,118,118
15,0.4114583333333333,0.4114583333333333,0.4114583333333333,23.570357,23.812166,26.656607,0.9308755760368663,0.9120370370370371,0.9471153846153846,79,79,79,0.6476190476190476,0.6285714285714286,0.6761904761904762,3.070423349206349,3.133180460317461,3.404415,0.0,0.0,0.0,68,66,71,0.541871921182266,0.5763546798029556,0.5714285714285714,0.5739,0.545622,0.740246,0.1796116504854369,0.14285714285714285,0.20772946859903382,110,117,116
16,0.40625,0.4166666666666667,0.4166666666666667,21.060152,23.327753,28.474229,0.9170506912442397,0.9023255813953488,0.9142857142857143,78,80,80,0.638095238095238,0.6476190476190476,0.7142857142857143,3.28686546031746,3.118188571428572,3.330668,0.0,0.0,0.0,67,68,75,0.5812807881773399,0.5960591133004927,0.5763546798029556,0.621337,0.554103,0.861702,0.18691588785046728,0.15920398009950248,0.19902912621359223,118,121,117
17,0.4114583333333333,0.4114583333333333,0.4114583333333333,24.58846,20.792539,27.510078,0.9223744292237442,0.909952606635071,0.9014084507042254,79,79,79,0.6476190476190476,0.638095238095238,0.7238095238095238,3.5210074285714286,2.898223571428572,3.32301,0.0,0.0,0.0,68,67,76,0.5862068965517241,0.5763546798029556,0.5812807881773399,0.652062,0.695679,0.779417,0.2,0.14358974358974358,0.1784037558685446,119,117,118
18,0.4114583333333333,0.4114583333333333,0.4166666666666667,24.770667333333332,24.210164,22.828427,0.9099099099099099,0.9150943396226415,0.909952606635071,79,79,80,0.6571428571428571,0.6285714285714286,0.7333333333333333,3.0873419999999996,3.141529857142858,3.078547,0.0,0.0,0.0,69,66,77,0.5862068965517241,0.5763546798029556,0.5812807881773399,0.750226,0.684335,0.791428,0.21904761904761905,0.12041884816753927,0.22685185185185186,119,117,118
19,0.4114583333333333,0.4166666666666667,0.4114583333333333,23.978353,24.44190833333333,28.554641,0.9488372093023256,0.9285714285714286,0.9405940594059405,79,80,79,0.6190476190476191,0.6190476190476191,0.7333333333333333,2.9621899999999997,2.6034661111111115,2.956565,0.0,0.0,0.0,65,65,77,0.5714285714285714,0.5763546798029556,0.5763546798029556,0.7908,0.638541,0.894579,0.22009569377990432,0.13861386138613863,0.24413145539906103,116,117,117
20,0.40625,0.4114583333333333,0.4166666666666667,22.999906,24.178135,26.612625,0.9315068493150684,0.8947368421052632,0.9086538461538461,78,79,80,0.6571428571428571,0.6190476190476191,0.7142857142857143,3.0485017777777776,3.0721930000000004,3.580628,0.0,0.010638297872340425,0.0,69,65,75,0.5862068965517241,0.5812807881773399,0.5812807881773399,0.77776,0.599938,1.074953,0.20574162679425836,0.13636363636363635,0.18719211822660098,119,118,118
21,0.4114583333333333,0.40625,0.3958333333333333,24.962457,24.32143333333333,29.406764,0.9305555555555556,0.9425837320574163,0.9292452830188679,79,78,76,0.6571428571428571,0.638095238095238,0.7047619047619048,2.9719742222222214,2.9561090000000005,3.290802,0.0,0.0,0.0,69,67,74,0.5812807881773399,0.5911330049261084,0.5763546798029556,0.894857,0.656476,1.060722,0.22488038277511962,0.1485148514851485,0.1778846153846154,118,120,117
22,0.4114583333333333,0.4166666666666667,0.4166666666666667,21.846059333333336,24.908067,30.965454,0.8841201716738197,0.9458128078817734,0.9299065420560748,79,80,80,0.6476190476190476,0.6666666666666666,0.7047619047619048,3.7540652063492055,3.0011160000000006,3.257743,0.0,0.0,0.0,68,70,74,0.5911330049261084,0.5911330049261084,0.5566502463054187,0.946663,0.730845,1.055412,0.23148148148148148,0.14646464646464646,0.18357487922705315,120,120,113
23,0.4114583333333333,0.4114583333333333,0.40625,24.056934333333334,19.750082,34.53483633333334,0.9074074074074074,0.9112149532710281,0.9289099526066351,79,79,78,0.638095238095238,0.6476190476190476,0.6857142857142857,3.130825428571428,3.2056024285714293,3.167438,0.0,0.0,0.0,67,68,72,0.5911330049261084,0.5812807881773399,0.5517241379310345,0.925138,0.753049,1.010184,0.22685185185185186,0.17560975609756097,0.21100917431192662,120,118,112
24,0.4114583333333333,0.4114583333333333,0.4166666666666667,26.318805,22.027646,32.197718,0.941747572815534,0.9061032863849765,0.8858447488584474,79,79,80,0.638095238095238,0.6285714285714286,0.6761904761904762,2.70893311111111,3.3528602222222226,3.446385,0.0,0.0,0.0,67,66,71,0.5862068965517241,0.5665024630541872,0.5714285714285714,0.912122,0.770859,0.971785,0.2358490566037736,0.14795918367346939,0.18009478672985782,119,115,116
25,0.4010416666666667,0.4114583333333333,0.4166666666666667,26.361134333333332,21.637723,32.461206,0.9238095238095239,0.9223300970873787,0.9433962264150944,77,79,80,0.6,0.638095238095238,0.6666666666666666,3.0682094444444434,3.2659800000000003,3.065158,0.0,0.0,0.0,63,67,70,0.5862068965517241,0.5812807881773399,0.5862068965517241,0.932089,0.833197,1.035001,0.22169811320754718,0.1134020618556701,0.20853080568720378,119,118,119
26,0.390625,0.4114583333333333,0.4166666666666667,26.896884,25.732586,28.865084,0.9009009009009009,0.9086538461538461,0.9299065420560748,75,79,80,0.6285714285714286,0.6476190476190476,0.6571428571428571,3.49653346031746,2.6587276825396833,3.326259,0.0,0.0,0.0,66,68,69,0.5911330049261084,0.5665024630541872,0.5911330049261084,0.920797,0.82544,1.078378,0.2318840579710145,0.10106382978723404,0.19617224880382775,120,115,120
27,0.40625,0.4010416666666667,0.4166666666666667,22.38606,27.53102,27.056093333333333,0.9420289855072463,0.9282296650717703,0.9330143540669856,78,77,80,0.6476190476190476,0.6666666666666666,0.6571428571428571,3.408340428571428,2.730989571428572,3.544148,0.0,0.0,0.0,68,70,69,0.5862068965517241,0.5812807881773399,0.5911330049261084,1.011687,0.777796,1.089434,0.21359223300970873,0.1306532663316583,0.1895734597156398,119,118,120
28,0.40625,0.40625,0.40625,19.022539,24.627114,27.052069,0.9198113207547169,0.9248826291079812,0.9271844660194175,78,78,78,0.6476190476190476,0.6666666666666666,0.6666666666666666,3.0413499999999996,2.944073000000001,3.593236,0.0,0.0,0.0,68,70,70,0.5911330049261084,0.5812807881773399,0.5911330049261084,1.065043,0.817719,1.028658,0.2087378640776699,0.15920398009950248,0.17452830188679244,120,118,120
29,0.4010416666666667,0.4166666666666667,0.4114583333333333,20.036979666666667,23.030256,27.713822,0.9305555555555556,0.9120370370370371,0.9130434782608695,77,80,79,0.6190476190476191,0.6476190476190476,0.6666666666666666,3.378819682539682,3.0664745714285724,3.595241,0.0,0.0,0.0,65,68,70,0.5665024630541872,0.5960591133004927,0.5862068965517241,1.0337,0.831402,1.037149,0.2146341463414634,0.13793103448275862,0.18571428571428572,115,121,119
30,0.40625,0.4166666666666667,0.4166666666666667,20.112694,21.628402,29.705888,0.9142857142857143,0.9245283018867925,0.9323671497584541,78,80,80,0.6190476190476191,0.6571428571428571,0.6761904761904762,3.4593469999999997,3.61105288888889,3.311488,0.0,0.0,0.0,65,69,71,0.5665024630541872,0.5862068965517241,0.5862068965517241,1.027906,0.752024,0.996103,0.21568627450980393,0.15458937198067632,0.18867924528301888,115,119,119
31,0.4010416666666667,0.4114583333333333,0.4010416666666667,22.266221,22.318228,29.357379,0.9414634146341463,0.964824120603015,0.9033816425120773,77,79,77,0.6285714285714286,0.6761904761904762,0.6857142857142857,3.126953111111111,3.3266825714285724,3.025702,0.0,0.0,0.0,66,71,72,0.5763546798029556,0.5960591133004927,0.5812807881773399,1.001524,0.761227,1.050702,0.2347417840375587,0.19718309859154928,0.1902439024390244,117,121,118
32,0.3958333333333333,0.40625,0.4114583333333333,23.635109,23.913291,28.90604,0.9069767441860465,0.8918918918918919,0.9320388349514563,76,78,79,0.6190476190476191,0.6857142857142857,0.6857142857142857,3.67318953968254,2.6998070000000007,3.465934,0.0,0.0,0.0,65,72,72,0.5812807881773399,0.6009852216748769,0.5911330049261084,1.079677,0.676602,1.078174,0.2626728110599078,0.1792452830188679,0.1218274111675127,118,122,120
33,0.40625,0.4166666666666667,0.4114583333333333,26.0539,24.325,28.775472,0.9386792452830188,0.9009433962264151,0.9556650246305419,78,80,79,0.6476190476190476,0.6666666666666666,0.6571428571428571,3.681385,2.936360111111112,2.999589,0.0,0.010526315789473684,0.0,68,70,69,0.5763546798029556,0.625615763546798,0.5960591133004927,1.063368,0.783713,1.098089,0.24644549763033174,0.19907407407407407,0.17,117,127,121
34,0.40625,0.4166666666666667,0.4166666666666667,27.597255,28.679378,29.82665233333333,0.937799043062201,0.9552238805970149,0.912621359223301,78,80,80,0.6666666666666666,0.6761904761904762,0.6476190476190476,2.911644,2.4337825714285723,3.10024,0.0,0.0,0.0,70,71,68,0.5763546798029556,0.6354679802955665,0.5862068965517241,1.10024,0.745753,1.206731,0.23696682464454977,0.2073732718894009,0.15384615384615385,117,129,119
35,0.40625,0.4114583333333333,0.4166666666666667,28.608762,27.457111,29.168077,0.9216589861751152,0.9227053140096618,0.912621359223301,78,79,80,0.6761904761904762,0.6857142857142857,0.638095238095238,3.035958111111111,2.336504825396826,3.317583,0.0,0.0,0.0,71,72,67,0.5467980295566502,0.6108374384236454,0.5862068965517241,1.184851,0.844672,1.073419,0.20100502512562815,0.20754716981132076,0.18226600985221675,111,124,119
36,0.40625,0.4166666666666667,0.40625,28.379988,24.326479,29.681004,0.9252336448598131,0.9074074074074074,0.9154228855721394,78,80,78,0.7047619047619048,0.6666666666666666,0.638095238095238,3.22169453968254,2.991308000000001,3.516274,0.0,0.010752688172043012,0.0,74,70,67,0.541871921182266,0.6009852216748769,0.5960591133004927,1.047364,0.861612,1.043976,0.22439024390243903,0.19718309859154928,0.18627450980392157,110,122,121
37,0.4010416666666667,0.4166666666666667,0.4114583333333333,23.708052,21.553030333333332,34.120266,0.9392523364485982,0.9146919431279621,0.9408866995073891,77,80,79,0.6761904761904762,0.6857142857142857,0.6190476190476191,3.185190111111112,2.905827000000001,2.830159,0.010869565217391304,0.0,0.0,71,72,65,0.5566502463054187,0.5960591133004927,0.6206896551724138,1.029073,0.957121,1.003897,0.20098039215686275,0.17560975609756097,0.195,113,121,126
38,0.40625,0.4114583333333333,0.4114583333333333,21.270386,20.692003,34.64374,0.9162790697674419,0.9134615384615384,0.9257425742574258,78,79,79,0.6761904761904762,0.6761904761904762,0.6190476190476191,3.151651539682541,2.3331961428571435,3.044036,0.010638297872340425,0.01098901098901099,0.010638297872340425,71,71,65,0.5714285714285714,0.5911330049261084,0.6206896551724138,1.05818,0.88208,1.060403,0.16831683168316833,0.17703349282296652,0.17894736842105263,116,120,126
39,0.40625,0.4114583333333333,0.4114583333333333,20.3951,21.050055,27.445469,0.9386792452830188,0.9146919431279621,0.9,78,79,79,0.7428571428571429,0.6952380952380952,0.6190476190476191,3.37311923809524,3.0701114285714297,2.994794,0.0,0.0,0.0,78,73,65,0.5911330049261084,0.5812807881773399,0.6206896551724138,1.071543,0.884547,1.177471,0.18867924528301888,0.18009478672985782,0.17525773195876287,120,118,126
40,0.3958333333333333,0.4166666666666667,0.4166666666666667,23.081796,22.174704,26.370685,0.9386792452830188,0.9326923076923077,0.949238578680203,76,80,80,0.6952380952380952,0.7047619047619048,0.6285714285714286,2.997260222222224,2.827933111111112,3.367448,0.03296703296703297,0.0,0.010416666666666666,73,74,66,0.6009852216748769,0.6059113300492611,0.6059113300492611,1.089881,0.831558,1.047009,0.19230769230769232,0.1330049261083744,0.16666666666666666,122,123,123
41,0.3958333333333333,0.4114583333333333,0.4166666666666667,21.139354,24.201769,29.931726,0.908675799086758,0.9371980676328503,0.9282051282051282,76,79,80,0.6571428571428571,0.6952380952380952,0.6285714285714286,3.225745111111113,3.1989976825396838,3.59109,0.010869565217391304,0.0,0.010309278350515464,69,73,66,0.6206896551724138,0.625615763546798,0.5911330049261084,1.20629,0.794079,0.965372,0.215311004784689,0.1477832512315271,0.14814814814814814,126,127,120
42,0.4010416666666667,0.40625,0.4010416666666667,25.913217333333332,25.054204,32.153154,0.927536231884058,0.910377358490566,0.9441624365482234,77,78,77,0.6857142857142857,0.7333333333333333,0.6285714285714286,3.4270885396825417,3.3524448888888903,3.565442,0.0,0.010101010101010102,0.010416666666666666,72,77,66,0.6108374384236454,0.6354679802955665,0.6108374384236454,1.260357,0.813149,0.887726,0.19117647058823528,0.1625615763546798,0.12698412698412698,124,129,124
43,0.4010416666666667,0.4114583333333333,0.4166666666666667,24.766279,23.935993,32.552341,0.9326923076923077,0.8863636363636364,0.9082125603864735,77,79,80,0.6857142857142857,0.6761904761904762,0.6095238095238096,3.7945704285714306,3.5382560000000014,3.356848,0.010752688172043012,0.0,0.010638297872340425,72,71,64,0.5960591133004927,0.6403940886699507,0.6009852216748769,1.2256,0.827006,0.970728,0.18048780487804877,0.16990291262135923,0.16042780748663102,121,130,122
44,0.4010416666666667,0.4166666666666667,0.4166666666666667,23.347132,24.345307,32.050129,0.9154929577464789,0.9368932038834952,0.926829268292683,77,80,80,0.6571428571428571,0.6666666666666666,0.6285714285714286,3.5383245555555574,3.2508506031746043,3.488122,0.0,0.0,0.010309278350515464,69,70,66,0.6009852216748769,0.6354679802955665,0.6009852216748769,1.298972,0.827234,0.990183,0.19617224880382775,0.1485148514851485,0.12777777777777777,122,129,122
45,0.40625,0.4166666666666667,0.4114583333333333,24.395081,23.44456,35.856195,0.9380952380952381,0.8990384615384616,0.915,78,80,79,0.6666666666666666,0.6666666666666666,0.6190476190476191,3.0932248888888907,3.5378901111111123,3.39698,0.010638297872340425,0.010526315789473684,0.010416666666666666,70,70,65,0.6157635467980296,0.6403940886699507,0.6108374384236454,1.339632,0.774555,1.058137,0.19704433497536947,0.16666666666666666,0.11666666666666667,125,130,124
46,0.4010416666666667,0.4166666666666667,0.4010416666666667,23.702967,24.564897,40.061639,0.9411764705882353,0.909952606635071,0.9458128078817734,77,80,77,0.638095238095238,0.6476190476190476,0.6285714285714286,3.2449321111111127,3.6177745714285727,3.58639,0.011363636363636364,0.0,0.0,67,68,66,0.6403940886699507,0.645320197044335,0.625615763546798,1.300277,0.93041,1.043503,0.21800947867298578,0.18269230769230768,0.12637362637362637,130,131,127
47,0.4010416666666667,0.4166666666666667,0.4166666666666667,24.123579333333332,22.815978,36.209326,0.9241706161137441,0.9408866995073891,0.9052132701421801,77,80,80,0.6571428571428571,0.6666666666666666,0.6571428571428571,3.8752794603174623,4.090010761904763,3.858601,0.021505376344086023,0.0,0.01020408163265306,69,70,69,0.645320197044335,0.6354679802955665,0.6403940886699507,1.434567,0.918191,1.116827,0.21153846153846154,0.18095238095238095,0.1,131,129,130
48,0.4010416666666667,0.4114583333333333,0.4114583333333333,22.677681333333332,22.519423,34.526978,0.9186602870813397,0.9158415841584159,0.9257425742574258,77,79,79,0.6761904761904762,0.6571428571428571,0.638095238095238,3.6767198888888903,4.232107666666668,3.792674,0.0,0.0,0.010416666666666666,71,69,67,0.6403940886699507,0.6403940886699507,0.6403940886699507,1.450951,0.997951,1.073953,0.21182266009852216,0.19718309859154928,0.0972972972972973,130,130,130
49,0.40625,0.4166666666666667,0.4166666666666667,22.697949333333334,22.155229,30.608497,0.9158878504672897,0.9271844660194175,0.9264705882352942,78,80,80,0.6761904761904762,0.6190476190476191,0.638095238095238,3.593342571428573,3.5830070000000007,3.515253,0.0,0.0,0.02,71,65,67,0.6157635467980296,0.6403940886699507,0.6600985221674877,1.463163,0.940912,1.077084,0.18274111675126903,0.17307692307692307,0.1,125,130,134
50,0.40625,0.4166666666666667,0.4166666666666667,21.585515,21.960489,30.728721,0.9463414634146341,0.9,0.9234449760765551,78,80,80,0.6761904761904762,0.6285714285714286,0.6285714285714286,3.104378000000002,3.150896825396826,3.786272,0.010526315789473684,0.0,0.0,71,66,66,0.6059113300492611,0.6206896551724138,0.6551724137931034,1.463475,0.885295,1.074611,0.17894736842105263,0.155,0.12299465240641712,123,126,133
51,0.4010416666666667,0.4010416666666667,0.4166666666666667,22.141783,22.381784,29.528658,0.9455445544554455,0.9356435643564357,0.9359605911330049,77,77,80,0.6476190476190476,0.6571428571428571,0.6285714285714286,3.216113888888891,3.5869554285714296,3.463791,0.0,0.0,0.0,68,69,66,0.6206896551724138,0.6108374384236454,0.6600985221674877,1.399985,0.970823,1.188289,0.16243654822335024,0.17412935323383086,0.09444444444444444,126,124,134
52,0.40625,0.4166666666666667,0.4114583333333333,25.659343,24.025342,33.052811,0.9320388349514563,0.8995215311004785,0.9310344827586207,78,80,79,0.6761904761904762,0.6476190476190476,0.6285714285714286,2.840838222222224,3.578572333333334,3.729687,0.011235955056179775,0.0,0.010309278350515464,71,68,66,0.6305418719211823,0.6009852216748769,0.6699507389162561,1.389537,0.931688,1.206565,0.17435897435897435,0.10582010582010581,0.10810810810810811,128,122,136
53,0.40625,0.4166666666666667,0.4114583333333333,25.438045,24.955638,34.257128,0.916256157635468,0.9359605911330049,0.9317073170731708,78,80,79,0.6857142857142857,0.6190476190476191,0.6190476190476191,3.6639187777777793,3.93211388888889,3.863602,0.010752688172043012,0.010752688172043012,0.010101010101010102,72,65,65,0.645320197044335,0.5960591133004927,0.6748768472906403,1.391033,0.884306,1.195159,0.15789473684210525,0.12886597938144329,0.11170212765957446,131,121,137
54,0.3958333333333333,0.4166666666666667,0.40625,27.335992,26.048699,37.199526,0.9313725490196079,0.9061032863849765,0.9219512195121952,76,80,78,0.6476190476190476,0.6095238095238096,0.6190476190476191,3.5647117777777795,3.710891000000001,3.727685,0.011627906976744186,0.010869565217391304,0.010416666666666666,68,64,65,0.6206896551724138,0.5960591133004927,0.6699507389162561,1.382115,0.918977,1.196418,0.1702127659574468,0.14507772020725387,0.0972972972972973,126,121,136
55,0.4010416666666667,0.4114583333333333,0.390625,27.020856,26.535503,39.88666,0.9371980676328503,0.9365853658536586,0.9387755102040817,77,79,75,0.6476190476190476,0.6476190476190476,0.6,3.2864814285714306,3.745647333333334,3.720975,0.0,0.0,0.021052631578947368,68,68,63,0.6059113300492611,0.6009852216748769,0.6551724137931034,1.315482,0.859457,1.188237,0.18592964824120603,0.14646464646464646,0.09523809523809523,123,122,133
56,0.4010416666666667,0.4114583333333333,0.4114583333333333,24.279246,25.450825,37.11854,0.9134615384615384,0.9362745098039216,0.8967136150234741,77,79,79,0.6476190476190476,0.6476190476190476,0.6095238095238096,3.129269888888891,4.218334317460318,4.138889,0.0,0.0,0.02127659574468085,68,68,64,0.5763546798029556,0.6059113300492611,0.6748768472906403,1.361185,0.851521,1.223965,0.18848167539267016,0.13333333333333333,0.07650273224043716,117,123,137
57,0.40625,0.4114583333333333,0.4166666666666667,24.369312,26.274931,32.124127,0.9027777777777778,0.9142857142857143,0.9253731343283582,78,79,80,0.6476190476190476,0.6476190476190476,0.6190476190476191,2.921796222222224,3.777949571428572,3.999839,0.0,0.0,0.021052631578947368,68,68,65,0.5862068965517241,0.6009852216748769,0.6600985221674877,1.301811,0.83666,1.136865,0.1683673469387755,0.14925373134328357,0.09239130434782608,119,122,134
58,0.4010416666666667,0.4114583333333333,0.4166666666666667,24.921681,23.219178,30.425982,0.9603960396039604,0.946078431372549,0.9587628865979382,77,79,80,0.638095238095238,0.638095238095238,0.6285714285714286,3.212651000000002,3.603864206349207,3.929102,0.0,0.010752688172043012,0.021052631578947368,67,67,66,0.6108374384236454,0.5911330049261084,0.6551724137931034,1.333131,0.811393,1.160763,0.17,0.13705583756345177,0.08743169398907104,124,120,133
59,0.4010416666666667,0.4114583333333333,0.4166666666666667,25.079809333333333,23.408713,29.487039,0.9306930693069307,0.9365853658536586,0.9121951219512195,77,79,80,0.6857142857142857,0.6285714285714286,0.6285714285714286,2.8932175396825417,2.9135158888888895,3.721517,0.0,0.0,0.010752688172043012,72,66,66,0.6403940886699507,0.5911330049261084,0.6600985221674877,1.314555,0.777717,1.105222,0.18407960199004975,0.11794871794871795,0.07027027027027027,130,120,134
60,0.4010416666666667,0.4114583333333333,0.3958333333333333,24.609,27.284534,37.390193,0.9219512195121952,0.9261083743842364,0.9333333333333333,77,79,76,0.6761904761904762,0.6285714285714286,0.6095238095238096,2.634286888888891,3.2275188888888895,3.584643,0.0,0.0,0.010638297872340425,71,66,64,0.645320197044335,0.5812807881773399,0.6748768472906403,1.292979,0.786548,1.178562,0.21428571428571427,0.1485148514851485,0.09947643979057591,131,118,137
61,0.40625,0.4166666666666667,0.4166666666666667,26.10667,26.25487,37.518381,0.9033816425120773,0.9043062200956937,0.9234449760765551,78,80,80,0.6761904761904762,0.6285714285714286,0.6095238095238096,2.5715701111111127,2.7951961111111117,4.020073,0.0,0.0,0.010752688172043012,71,66,64,0.6403940886699507,0.5911330049261084,0.6748768472906403,1.341694,0.792523,1.212668,0.16483516483516483,0.14925373134328357,0.11518324607329843,130,120,137
62,0.4010416666666667,0.40625,0.4166666666666667,26.238058,25.646874,33.85307,0.9690721649484536,0.9353233830845771,0.9393939393939394,77,78,80,0.6952380952380952,0.6285714285714286,0.5904761904761905,3.8031505396825414,2.7723202222222225,3.775164,0.0,0.0,0.010638297872340425,73,66,62,0.6108374384236454,0.6059113300492611,0.6798029556650246,1.368165,0.836574,1.256611,0.1711229946524064,0.13930348258706468,0.12435233160621761,124,123,138
63,0.40625,0.40625,0.40625,27.715686,27.16046,35.384123,0.9359605911330049,0.9346733668341709,0.9536082474226805,78,78,78,0.6952380952380952,0.6476190476190476,0.6,3.6473947777777798,3.2193430317460323,3.371847,0.0,0.0,0.010638297872340425,73,68,63,0.5812807881773399,0.6354679802955665,0.6748768472906403,1.320406,0.911373,1.306101,0.18947368421052632,0.17560975609756097,0.12307692307692308,118,129,137
64,0.3958333333333333,0.4166666666666667,0.4166666666666667,25.809978,29.087624,33.864393,0.9186602870813397,0.9540816326530612,0.9396984924623115,76,80,80,0.6761904761904762,0.6476190476190476,0.6095238095238096,3.465584571428573,3.5094278888888897,3.485177,0.0,0.0,0.010638297872340425,71,68,64,0.5862068965517241,0.625615763546798,0.6650246305418719,1.269743,1.078571,1.390483,0.19289340101522842,0.20689655172413793,0.12435233160621761,119,127,135
65,0.40625,0.40625,0.4166666666666667,25.506437,27.574892,32.359551,0.9150943396226415,0.8947368421052632,0.9375,78,78,80,0.6857142857142857,0.6095238095238096,0.6,3.893921126984129,3.5229431428571427,3.810064,0.0,0.0,0.010752688172043012,72,64,63,0.6206896551724138,0.6157635467980296,0.6354679802955665,1.258621,0.978736,1.384351,0.16753926701570682,0.17346938775510204,0.11170212765957446,126,125,129
66,0.4010416666666667,0.4114583333333333,0.4166666666666667,26.848218,24.126036,35.119453,0.9365853658536586,0.9029126213592233,0.917098445595855,77,79,80,0.6761904761904762,0.6285714285714286,0.6,3.3030673333333347,3.852379428571429,3.791912,0.0,0.0,0.010638297872340425,71,66,63,0.6157635467980296,0.6206896551724138,0.6206896551724138,1.266473,0.971721,1.499084,0.19895287958115182,0.17452830188679244,0.1377551020408163,125,126,126
67,0.4010416666666667,0.4114583333333333,0.4114583333333333,26.318431,25.921796,36.342519,0.9739583333333334,0.9441624365482234,0.9593908629441624,77,79,79,0.6476190476190476,0.638095238095238,0.6,3.043994555555557,4.182052857142858,3.609031,0.0,0.0,0.010869565217391304,68,67,63,0.6305418719211823,0.6157635467980296,0.6108374384236454,1.281457,0.972283,1.322814,0.2,0.23148148148148148,0.1553398058252427,128,125,124
68,0.40625,0.40625,0.3958333333333333,27.526029,27.736468,34.003978,0.9029126213592233,0.93,0.9038461538461539,78,78,76,0.6571428571428571,0.6571428571428571,0.6,3.562524000000002,4.095920857142858,3.830164,0.0,0.0,0.020833333333333332,69,69,63,0.625615763546798,0.625615763546798,0.6354679802955665,1.281976,0.995619,1.357518,0.15760869565217392,0.18181818181818182,0.1848341232227488,127,127,129
69,0.40625,0.40625,0.4166666666666667,28.07944,27.159929,35.265813,0.965,0.9211822660098522,0.9306930693069307,78,78,80,0.6571428571428571,0.6571428571428571,0.6095238095238096,3.5700076507936527,3.2395740000000006,3.808299,0.0,0.0,0.010638297872340425,69,69,64,0.625615763546798,0.6157635467980296,0.625615763546798,1.309236,1.053825,1.268974,0.15846994535519127,0.19523809523809524,0.18181818181818182,127,125,127
70,0.4322916666666667,0.4375,0.4427083333333333,25.011272,28.009289,34.758737,0.8967136150234741,0.9195979899497487,0.9257425742574258,83,84,85,0.6952380952380952,0.6666666666666666,0.6476190476190476,3.379284000000002,3.5955550000000005,4.029556,0.0,0.0,0.0,73,70,68,0.625615763546798,0.6108374384236454,0.6206896551724138,1.291687,1.071136,1.236449,0.19680851063829788,0.19047619047619047,0.19523809523809524,127,124,126
71,0.4322916666666667,0.4427083333333333,0.4375,27.947847,32.209061,36.369284,0.9238578680203046,0.9128205128205128,0.956989247311828,83,85,84,0.6761904761904762,0.6666666666666666,0.638095238095238,2.906932222222224,3.751891428571429,3.726008,0.0,0.0,0.0,71,70,67,0.5960591133004927,0.6354679802955665,0.6157635467980296,1.265291,1.120444,1.288336,0.15508021390374332,0.19907407407407407,0.16080402010050251,121,129,125
72,0.4270833333333333,0.4427083333333333,0.4322916666666667,26.12717233333333,31.395943,37.749476,0.9296482412060302,0.9427083333333334,0.9523809523809523,82,85,83,0.6571428571428571,0.638095238095238,0.6571428571428571,3.386414206349208,3.581651428571429,3.894805,0.0,0.0,0.0,69,67,69,0.5911330049261084,0.6354679802955665,0.625615763546798,1.284913,1.031829,1.276733,0.18181818181818182,0.20930232558139536,0.16080402010050251,120,129,127
73,0.4270833333333333,0.4427083333333333,0.4375,29.110122,29.029972,36.164505,0.945273631840796,0.9336734693877551,0.9113300492610837,82,85,84,0.6476190476190476,0.6285714285714286,0.6476190476190476,3.068022000000002,3.512250571428572,3.688332,0.0,0.0,0.010309278350515464,68,66,68,0.6108374384236454,0.6354679802955665,0.6059113300492611,1.250203,1.05543,1.304254,0.18811881188118812,0.21428571428571427,0.14871794871794872,124,129,123
74,0.4114583333333333,0.4375,0.4322916666666667,27.149203,31.38528,37.659555,0.8867924528301887,0.9375,0.9336734693877551,79,84,83,0.6571428571428571,0.6476190476190476,0.6761904761904762,3.353060000000002,3.4923695714285716,4.168742,0.0,0.0,0.010101010101010102,69,68,71,0.625615763546798,0.6354679802955665,0.625615763546798,1.273961,1.087467,1.332371,0.19597989949748743,0.18660287081339713,0.13432835820895522,127,129,127
75,0.4270833333333333,0.4375,0.4427083333333333,27.547964,30.598406,34.405464,0.9227053140096618,0.934010152284264,0.9195979899497487,82,84,85,0.6,0.6666666666666666,0.6952380952380952,3.3531900000000014,3.7813260000000004,4.022051,0.0,0.0,0.010101010101010102,63,70,73,0.6551724137931034,0.6354679802955665,0.6354679802955665,1.325609,0.95204,1.313897,0.19095477386934673,0.2073732718894009,0.14634146341463414,133,129,129
76,0.4322916666666667,0.4375,0.4375,28.282130666666667,28.009951,34.588521333333325,0.9261083743842364,0.9203980099502488,0.9128205128205128,83,84,84,0.6095238095238096,0.6571428571428571,0.6952380952380952,3.152783682539684,3.6015170000000003,4.306853,0.0,0.0,0.010416666666666666,64,69,73,0.6502463054187192,0.6650246305418719,0.6354679802955665,1.243536,0.961104,1.428367,0.17277486910994763,0.23636363636363636,0.1407035175879397,132,135,129
77,0.4270833333333333,0.4427083333333333,0.4322916666666667,26.903945333333333,29.503059,36.32078066666667,0.9333333333333333,0.946236559139785,0.93717277486911,82,85,83,0.6190476190476191,0.6571428571428571,0.6761904761904762,3.957240000000002,3.5453480000000006,4.250688,0.0,0.0,0.0,65,69,71,0.6403940886699507,0.6600985221674877,0.6305418719211823,1.283542,0.971602,1.345339,0.1518324607329843,0.22535211267605634,0.16666666666666666,130,134,128
78,0.421875,0.4427083333333333,0.4375,26.164292,26.890335,35.887953,0.9043062200956937,0.9378238341968912,0.9137055837563451,81,85,84,0.6190476190476191,0.6190476190476191,0.6857142857142857,3.7234772857142877,3.368332142857143,3.599711,0.0,0.0,0.0,65,65,72,0.6600985221674877,0.6748768472906403,0.6354679802955665,1.241182,1.03971,1.343357,0.13829787234042554,0.22018348623853212,0.12060301507537688,134,137,129
79,0.4322916666666667,0.4427083333333333,0.4427083333333333,25.15571,28.682831,37.308747,0.9393939393939394,0.9123711340206185,0.9378238341968912,83,85,85,0.638095238095238,0.6095238095238096,0.6666666666666666,3.1341085714285732,3.7303280000000005,3.287555,0.0,0.0,0.0,67,64,70,0.6551724137931034,0.6748768472906403,0.6403940886699507,1.312722,1.016686,1.38605,0.16666666666666666,0.2102803738317757,0.1553398058252427,133,137,130
80,0.4270833333333333,0.4427083333333333,0.4427083333333333,28.430888,28.175507,38.316052,0.912621359223301,0.9179487179487179,0.9195979899497487,82,85,85,0.638095238095238,0.6,0.6857142857142857,3.567398111111113,3.757314428571429,3.683342,0.0,0.0,0.0,67,63,72,0.6009852216748769,0.645320197044335,0.6157635467980296,1.305631,1.026327,1.380905,0.15508021390374332,0.24378109452736318,0.155,122,131,125
81,0.4322916666666667,0.4322916666666667,0.4375,26.184998,26.642498,38.64979866666667,0.9014778325123153,0.9086294416243654,0.9191919191919192,83,83,84,0.6476190476190476,0.6095238095238096,0.6761904761904762,3.3999080000000017,4.122287571428572,3.4287,0.0,0.0,0.0,68,64,71,0.6157635467980296,0.6551724137931034,0.6157635467980296,1.312649,1.094104,1.298921,0.18686868686868688,0.2679425837320574,0.1778846153846154,125,133,125
82,0.421875,0.4427083333333333,0.4427083333333333,28.513255333333333,30.37135,34.278073,0.93717277486911,0.923469387755102,0.9528795811518325,81,85,85,0.6190476190476191,0.6095238095238096,0.6857142857142857,3.429351111111113,3.6656500000000003,3.089761,0.0,0.0,0.0,65,64,72,0.645320197044335,0.6650246305418719,0.6059113300492611,1.273786,1.088867,1.334856,0.18811881188118812,0.25728155339805825,0.178743961352657,131,135,123
83,0.4322916666666667,0.4375,0.4427083333333333,27.960674,30.885171,36.01266333333333,0.9158415841584159,0.946236559139785,0.9081632653061225,83,84,85,0.6476190476190476,0.6476190476190476,0.6952380952380952,3.7182918888888903,3.5652310000000003,2.9653,0.010638297872340425,0.0,0.0,68,68,73,0.6403940886699507,0.645320197044335,0.6009852216748769,1.323034,1.075618,1.410679,0.24257425742574257,0.24378109452736318,0.1658291457286432,130,131,122
84,0.4270833333333333,0.4427083333333333,0.4375,27.838264,28.32974,34.895664,0.925,0.9257425742574258,0.972972972972973,82,85,84,0.6666666666666666,0.6761904761904762,0.6952380952380952,3.3895405396825415,3.4550280000000004,3.26896,0.0,0.0,0.0,70,71,73,0.6354679802955665,0.6305418719211823,0.6059113300492611,1.45147,1.041886,1.323077,0.2413793103448276,0.2436548223350254,0.15942028985507245,129,128,123
85,0.4322916666666667,0.4427083333333333,0.4375,26.819771,27.222636,40.373179,0.9104477611940298,0.9441624365482234,0.9222797927461139,83,85,84,0.6476190476190476,0.6571428571428571,0.6857142857142857,3.3997307777777794,3.7031550000000006,2.976217,0.0,0.0,0.0,68,69,72,0.6059113300492611,0.645320197044335,0.6059113300492611,1.467082,1.027686,1.306425,0.19148936170212766,0.25,0.16908212560386474,123,131,123
86,0.4322916666666667,0.4427083333333333,0.4322916666666667,29.954757,26.665308,38.089946,0.93,0.9154228855721394,0.915,83,85,83,0.6285714285714286,0.6666666666666666,0.6761904761904762,3.248921000000002,3.4936635714285718,3.417705,0.0,0.010638297872340425,0.0,66,70,71,0.5812807881773399,0.6650246305418719,0.6206896551724138,1.454018,1.058781,1.282435,0.21608040201005024,0.26570048309178745,0.17142857142857143,118,135,126
87,0.4270833333333333,0.4270833333333333,0.4375,28.135809,26.226544,38.354475,0.9329896907216495,0.9015544041450777,0.9054726368159204,82,82,84,0.6190476190476191,0.6761904761904762,0.6666666666666666,3.896057079365081,3.771420888888889,3.504214,0.0,0.0,0.0,65,71,70,0.5615763546798029,0.6699507389162561,0.6354679802955665,1.473344,1.07889,1.280436,0.21674876847290642,0.24623115577889448,0.16267942583732056,114,136,129
88,0.4322916666666667,0.4322916666666667,0.4427083333333333,24.933062,29.694333,42.00603,0.9227053140096618,0.93,0.9444444444444444,83,83,85,0.6095238095238096,0.6857142857142857,0.6761904761904762,4.186014222222225,3.6020087460317467,3.49611,0.0,0.0,0.010101010101010102,64,72,71,0.5467980295566502,0.6600985221674877,0.6157635467980296,1.446873,1.077407,1.298436,0.24509803921568626,0.2780487804878049,0.21658986175115208,111,134,125
89,0.4322916666666667,0.4427083333333333,0.4322916666666667,25.038909,31.34493,40.984521,0.9043062200956937,0.9390862944162437,0.9306930693069307,83,85,83,0.6,0.6666666666666666,0.6666666666666666,4.052124571428574,3.1718620000000004,3.855901,0.0,0.0,0.0,63,70,70,0.5812807881773399,0.6502463054187192,0.645320197044335,1.475581,1.095193,1.267133,0.23148148148148148,0.2946859903381642,0.1761904761904762,118,132,131
90,0.4166666666666667,0.4375,0.4427083333333333,24.469057,29.861915,39.22078,0.9263157894736842,0.9387755102040817,0.9336734693877551,80,84,85,0.6190476190476191,0.6571428571428571,0.6571428571428571,4.387154206349208,3.532522031746032,3.9001,0.0,0.0,0.0,65,69,69,0.6157635467980296,0.6699507389162561,0.6502463054187192,1.397483,1.166784,1.298282,0.2347417840375587,0.2766990291262136,0.20952380952380953,125,136,132
91,0.421875,0.4375,0.4427083333333333,27.717836,30.107193,40.696783,0.8905472636815921,0.9064039408866995,0.9289340101522843,81,84,85,0.6571428571428571,0.6666666666666666,0.6761904761904762,3.50722977777778,3.2730400000000004,3.571145,0.0,0.0,0.01,69,70,71,0.6403940886699507,0.6748768472906403,0.6600985221674877,1.297272,1.124366,1.355816,0.25,0.3140096618357488,0.18571428571428572,130,137,134
92,0.4270833333333333,0.4427083333333333,0.4322916666666667,30.516841,27.460598,37.993392,0.914572864321608,0.93,0.9576719576719577,82,85,83,0.638095238095238,0.6857142857142857,0.6666666666666666,3.578937111111114,3.7659590000000005,3.496671,0.0,0.0,0.0,67,72,70,0.645320197044335,0.6650246305418719,0.6699507389162561,1.457074,1.129097,1.398332,0.25,0.28292682926829266,0.18660287081339713,131,135,136
93,0.4270833333333333,0.4375,0.4322916666666667,29.89282,26.251695,39.897201666666675,0.9390862944162437,0.9170731707317074,0.925,82,84,83,0.6476190476190476,0.6952380952380952,0.6761904761904762,4.030122142857145,3.412952428571429,3.601621,0.011235955056179775,0.0,0.00980392156862745,68,73,71,0.645320197044335,0.6551724137931034,0.6600985221674877,1.610074,1.144943,1.411538,0.21359223300970873,0.2761904761904762,0.19339622641509435,131,133,134
94,0.421875,0.4375,0.4427083333333333,26.506709,26.147918,40.531828,0.92,0.8909952606635071,0.9487179487179487,81,84,85,0.6476190476190476,0.6761904761904762,0.6666666666666666,4.046563555555558,3.6690005714285716,3.595941,0.010526315789473684,0.0,0.010309278350515464,68,71,70,0.6157635467980296,0.6403940886699507,0.6600985221674877,1.570158,1.190752,1.297491,0.2702702702702703,0.2619047619047619,0.1619047619047619,125,130,134
95,0.4322916666666667,0.4375,0.4427083333333333,27.381875,30.394032,33.28005433333333,0.9211822660098522,0.9303482587064676,0.8975609756097561,83,84,85,0.6190476190476191,0.6666666666666666,0.6571428571428571,3.8727761428571457,3.6296700000000004,2.947277,0.011235955056179775,0.0,0.01,65,70,69,0.5911330049261084,0.6305418719211823,0.6600985221674877,1.547733,1.157979,1.347948,0.25229357798165136,0.2744186046511628,0.14492753623188406,120,128,134
96,0.4322916666666667,0.4427083333333333,0.4375,29.42541,30.594924,34.686046,0.9264705882352942,0.9371980676328503,0.9282051282051282,83,85,84,0.6571428571428571,0.6476190476190476,0.6476190476190476,3.8646530952380984,3.732499571428572,3.433092,0.0,0.0,0.010416666666666666,69,68,68,0.6009852216748769,0.6206896551724138,0.6748768472906403,1.598791,1.150777,1.380238,0.2304147465437788,0.2672811059907834,0.16822429906542055,122,126,137
97,0.4322916666666667,0.4270833333333333,0.4375,29.804872,32.085527,34.937348,0.9211822660098522,0.935,0.9625668449197861,83,82,84,0.6952380952380952,0.6666666666666666,0.638095238095238,3.9618778888888917,3.4124116825396826,3.466823,0.0,0.0,0.0,73,70,67,0.6009852216748769,0.6502463054187192,0.6847290640394089,1.589716,1.161897,1.418123,0.2681818181818182,0.2727272727272727,0.15311004784688995,122,132,139
98,0.4322916666666667,0.4375,0.4322916666666667,27.112055,30.799167,41.177528,0.9141414141414141,0.9130434782608695,0.9438775510204082,83,84,83,0.6761904761904762,0.6571428571428571,0.6476190476190476,3.6942701111111136,3.7525142380952383,3.308192,0.0,0.0,0.020202020202020204,71,69,68,0.5960591133004927,0.645320197044335,0.6798029556650246,1.585493,1.158158,1.424139,0.23943661971830985,0.2831050228310502,0.1761904761904762,121,131,138
99,0.4322916666666667,0.4375,0.4375,24.899847666666666,23.389308,41.717502,0.9121951219512195,0.9124423963133641,0.9378238341968912,83,84,84,0.6571428571428571,0.6476190476190476,0.6666666666666666,4.039459428571432,3.5375881111111114,3.389164,0.0,0.020202020202020204,0.00980392156862745,69,68,70,0.5960591133004927,0.645320197044335,0.6699507389162561,1.555499,1.118954,1.46855,0.2602739726027397,0.24537037037037038,0.19138755980861244,121,131,136
100,0.4322916666666667,0.4322916666666667,0.4322916666666667,24.580709,25.12111,43.71689,0.9104477611940298,0.9215686274509803,0.9187817258883249,83,83,83,0.638095238095238,0.6666666666666666,0.6857142857142857,3.6284405396825425,4.20299653968254,3.540575,0.0,0.009900990099009901,0.0,67,70,72,0.5960591133004927,0.6502463054187192,0.6748768472906403,1.543748,1.094614,1.445817,0.23444976076555024,0.2694063926940639,0.20754716981132076,121,132,137
101,0.4270833333333333,0.4427083333333333,0.4427083333333333,24.906890333333333,23.328963,40.58003766666666,0.923469387755102,0.9178743961352657,0.9384615384615385,82,85,85,0.6952380952380952,0.6476190476190476,0.6952380952380952,4.107979428571431,3.8648043333333333,3.539374,0.0,0.0,0.0,73,68,73,0.5911330049261084,0.6502463054187192,0.6847290640394089,1.57312,1.03506,1.439537,0.2602739726027397,0.2523364485981308,0.21226415094339623,120,132,139
102,0.4270833333333333,0.4270833333333333,0.4375,29.08921,27.048884,38.03047,0.9117647058823529,0.8980582524271845,0.9238578680203046,82,82,84,0.6857142857142857,0.6571428571428571,0.6952380952380952,4.005973920634924,4.872024857142859,3.484605,0.0,0.0,0.0,72,69,73,0.5763546798029556,0.6699507389162561,0.6896551724137931,1.573194,1.025162,1.412359,0.25806451612903225,0.2570093457943925,0.19047619047619047,117,136,140
103,0.421875,0.4427083333333333,0.4427083333333333,30.284088,28.200297,36.008968,0.9421052631578948,0.9554455445544554,0.9354838709677419,81,85,85,0.6952380952380952,0.6761904761904762,0.6952380952380952,4.025489365079368,4.629165571428571,3.629237,0.0,0.0,0.0,73,71,73,0.5812807881773399,0.6650246305418719,0.6798029556650246,1.480383,1.046747,1.40379,0.22727272727272727,0.2857142857142857,0.20093457943925233,118,135,138
104,0.4270833333333333,0.4322916666666667,0.4375,30.324758,25.108275,32.867596,0.8916256157635468,0.9271844660194175,0.967032967032967,82,83,84,0.7523809523809524,0.6952380952380952,0.6857142857142857,4.109449634920639,4.373288777777778,3.268643,0.0,0.0,0.0,79,73,72,0.5911330049261084,0.6748768472906403,0.6798029556650246,1.540323,1.138016,1.40522,0.2403846153846154,0.26732673267326734,0.21226415094339623,120,137,138
105,0.4270833333333333,0.4322916666666667,0.4427083333333333,28.088823,29.776671333333333,35.563316,0.9257425742574258,0.8773584905660378,0.9184782608695652,82,83,85,0.7523809523809524,0.6857142857142857,0.6761904761904762,3.797578873015877,4.498272222222223,3.468047,0.010638297872340425,0.010752688172043012,0.0,79,72,71,0.5960591133004927,0.6699507389162561,0.6748768472906403,1.605418,1.214743,1.361981,0.24074074074074073,0.27941176470588236,0.23113207547169812,121,136,137
106,0.4322916666666667,0.4427083333333333,0.4375,26.287526,26.854672,39.983718,0.9056603773584906,0.9504950495049505,0.907608695652174,83,85,84,0.7142857142857143,0.7047619047619048,0.6952380952380952,4.680545888888893,4.524743,3.301857,0.0,0.009900990099009901,0.0,75,74,73,0.6403940886699507,0.645320197044335,0.6847290640394089,1.600649,1.160411,1.351845,0.2318181818181818,0.28169014084507044,0.2037914691943128,130,131,139
107,0.421875,0.4375,0.4427083333333333,25.976945,26.187664,42.761498,0.9447236180904522,0.9487179487179487,0.9398907103825137,81,84,85,0.7333333333333333,0.6857142857142857,0.7047619047619048,4.466138650793654,4.214297857142858,2.909922,0.0,0.0,0.0,77,72,74,0.6354679802955665,0.625615763546798,0.6551724137931034,1.588323,1.109652,1.380207,0.25821596244131456,0.28365384615384615,0.25675675675675674,129,127,133
108,0.4270833333333333,0.4427083333333333,0.4427083333333333,27.288241,25.592624333333333,41.371116,0.9191919191919192,0.9219512195121952,0.9615384615384616,82,85,85,0.7047619047619048,0.6761904761904762,0.7047619047619048,4.361301000000003,4.202630857142858,3.352789,0.0,0.0,0.019801980198019802,74,71,74,0.6305418719211823,0.6009852216748769,0.6502463054187192,1.596142,1.105647,1.378962,0.271889400921659,0.2904761904761905,0.23076923076923078,128,122,132
109,0.4270833333333333,0.4375,0.4427083333333333,27.903163,27.544419,38.456892,0.9077669902912622,0.9019607843137255,0.921875,82,84,85,0.6761904761904762,0.6952380952380952,0.7142857142857143,3.6511115714285745,4.009319206349208,3.035014,0.0,0.0,0.00980392156862745,71,73,75,0.6157635467980296,0.6108374384236454,0.6502463054187192,1.538601,1.113636,1.490873,0.2777777777777778,0.2777777777777778,0.23636363636363636,125,124,132
110,0.4270833333333333,0.4427083333333333,0.4322916666666667,25.386258,27.642116,41.091957,0.9543147208121827,0.9343434343434344,0.9358288770053476,82,85,83,0.6761904761904762,0.7047619047619048,0.7142857142857143,3.6608511111111146,3.778670777777779,3.206597,0.0,0.010752688172043012,0.009900990099009901,71,74,75,0.6059113300492611,0.5862068965517241,0.6699507389162561,1.607635,1.090418,1.455697,0.3004484304932735,0.23557692307692307,0.17142857142857143,123,119,136
111,0.421875,0.4375,0.4427083333333333,24.325051,25.487411,40.544057,0.8926829268292683,0.9253731343283582,0.9354838709677419,81,84,85,0.6857142857142857,0.7142857142857143,0.7238095238095238,4.27038620634921,4.262535000000001,2.791519,0.0,0.0,0.0,72,75,76,0.5862068965517241,0.6059113300492611,0.6502463054187192,1.655666,1.02237,1.498992,0.2914798206278027,0.25,0.19248826291079812,119,123,132
112,0.4270833333333333,0.4427083333333333,0.4427083333333333,28.928634,24.943805,36.271482,0.9117647058823529,0.8866995073891626,0.9411764705882353,82,85,85,0.6761904761904762,0.7142857142857143,0.7047619047619048,4.269902650793655,3.760307111111112,2.974227,0.0,0.0,0.0,71,75,74,0.5665024630541872,0.6157635467980296,0.6502463054187192,1.631336,1.08508,1.474022,0.2767857142857143,0.25,0.18552036199095023,115,125,132
113,0.421875,0.4427083333333333,0.4375,27.312366,26.69635,36.332281,0.9292929292929293,0.9583333333333334,0.9326424870466321,81,85,84,0.7142857142857143,0.7047619047619048,0.7238095238095238,4.227225888888892,4.145251650793652,3.050159,0.0,0.010416666666666666,0.0,75,74,76,0.6157635467980296,0.6650246305418719,0.6502463054187192,1.576428,1.131006,1.495862,0.25833333333333336,0.23113207547169812,0.19369369369369369,125,135,132
114,0.421875,0.4375,0.4322916666666667,28.67858,30.05744,38.418621,0.925,0.9424083769633508,0.9128205128205128,81,84,83,0.7523809523809524,0.6952380952380952,0.7142857142857143,4.437069761904765,3.9465166825396834,2.836099,0.0,0.0,0.0,79,73,75,0.6305418719211823,0.6748768472906403,0.6748768472906403,1.556903,1.21954,1.554104,0.23788546255506607,0.26851851851851855,0.1574074074074074,128,137,137
115,0.4270833333333333,0.4322916666666667,0.4427083333333333,31.342077,30.446028,38.993066,0.9285714285714286,0.9333333333333333,0.9267015706806283,82,83,85,0.7142857142857143,0.7047619047619048,0.6666666666666666,4.510127460317464,4.343017571428573,2.834966,0.0,0.0,0.0,75,74,70,0.6354679802955665,0.6896551724137931,0.645320197044335,1.544681,1.249253,1.511879,0.27111111111111114,0.25806451612903225,0.18691588785046728,129,140,131
116,0.4322916666666667,0.4427083333333333,0.4322916666666667,27.319456666666667,28.047656,38.498762,0.8817733990147784,0.945273631840796,0.945054945054945,83,85,83,0.7523809523809524,0.7047619047619048,0.6761904761904762,4.224295317460321,4.405596777777779,3.30054,0.0,0.0,0.0,79,74,71,0.6206896551724138,0.6699507389162561,0.6354679802955665,1.622371,1.241864,1.533792,0.26222222222222225,0.2676056338028169,0.18571428571428572,126,136,129
117,0.4375,0.4583333333333333,0.453125,26.302949,26.827974,37.451984,0.9315789473684211,0.9246231155778895,0.9354838709677419,84,88,87,0.7047619047619048,0.7142857142857143,0.6666666666666666,4.262407000000004,3.8776330000000008,3.333612,0.0,0.0,0.0,74,75,70,0.6157635467980296,0.645320197044335,0.625615763546798,1.712862,1.230001,1.556511,0.2675438596491228,0.24186046511627907,0.17061611374407584,125,131,127
118,0.4427083333333333,0.46875,0.46875,24.10087466666667,27.760446,41.978282,0.921875,0.9157894736842105,0.9347826086956522,85,90,90,0.6952380952380952,0.6952380952380952,0.6476190476190476,4.286454222222225,3.8698398571428583,3.223031,0.0,0.0,0.0,73,73,68,0.5714285714285714,0.6354679802955665,0.6305418719211823,1.702186,1.270814,1.554774,0.24444444444444444,0.26244343891402716,0.14009661835748793,116,129,128
119,0.4427083333333333,0.4635416666666667,0.46875,24.02201433333333,26.498025,40.029545,0.9251336898395722,0.9175257731958762,0.9285714285714286,85,89,90,0.6952380952380952,0.6952380952380952,0.6476190476190476,3.9055470000000034,4.077919111111112,3.533287,0.0,0.0,0.0,73,73,68,0.5566502463054187,0.645320197044335,0.6502463054187192,1.677199,1.36086,1.570302,0.2183406113537118,0.28125,0.1201923076923077,113,131,132
120,0.4375,0.4635416666666667,0.4635416666666667,25.298689333333332,25.859704,42.204354,0.9153439153439153,0.9267015706806283,0.9766081871345029,84,89,89,0.7238095238095238,0.6857142857142857,0.6476190476190476,4.433565000000002,4.333389111111112,3.768048,0.0,0.0,0.0,76,72,68,0.5714285714285714,0.6502463054187192,0.6748768472906403,1.538751,1.351586,1.580495,0.22033898305084745,0.26146788990825687,0.1382488479262673,116,132,137
121,0.453125,0.4583333333333333,0.4479166666666667,25.9487,26.044953666666668,45.41833,0.9076923076923077,0.9518716577540107,0.9385474860335196,87,88,86,0.7428571428571429,0.6857142857142857,0.638095238095238,4.240651428571432,3.927961000000001,3.819637,0.0,0.0,0.0,78,72,67,0.6108374384236454,0.6354679802955665,0.6650246305418719,1.516716,1.424659,1.599746,0.2245762711864407,0.24519230769230768,0.13942307692307693,124,129,135
122,0.4479166666666667,0.4635416666666667,0.4635416666666667,26.158206,25.495147,43.22872,0.9052631578947369,0.9,0.9289617486338798,86,89,89,0.7333333333333333,0.7047619047619048,0.6476190476190476,3.8939765714285746,4.032413000000001,3.710052,0.0,0.0,0.0,77,74,68,0.6403940886699507,0.625615763546798,0.6798029556650246,1.531771,1.429446,1.685644,0.2314410480349345,0.24170616113744076,0.11330049261083744,130,127,138
123,0.4479166666666667,0.4583333333333333,0.46875,30.369954,29.109638,39.851161,0.9281767955801105,0.946524064171123,0.9340659340659341,86,88,90,0.7428571428571429,0.7047619047619048,0.6476190476190476,4.293056539682544,4.272670111111112,3.655274,0.0,0.0,0.0,78,74,68,0.6798029556650246,0.645320197044335,0.6748768472906403,1.545067,1.487362,1.701829,0.24242424242424243,0.20930232558139536,0.11224489795918367,138,131,137
124,0.4583333333333333,0.4583333333333333,0.4635416666666667,29.33871,30.982357,41.009081,0.8994708994708994,0.8529411764705882,0.9491525423728814,88,88,89,0.7238095238095238,0.7238095238095238,0.6476190476190476,4.427045492063495,3.8657440000000007,3.647787,0.0,0.0,0.0,76,76,68,0.6699507389162561,0.6502463054187192,0.6896551724137931,1.60075,1.430357,1.681472,0.2412280701754386,0.228310502283105,0.10837438423645321,136,132,140
125,0.4583333333333333,0.46875,0.46875,26.945235,32.175677,40.158952,0.9361702127659575,0.9251336898395722,0.976878612716763,88,90,90,0.7333333333333333,0.7238095238095238,0.6476190476190476,4.052628539682543,3.852611714285715,3.846879,0.0,0.0,0.010101010101010102,77,76,68,0.6403940886699507,0.6551724137931034,0.6896551724137931,1.636742,1.42579,1.70392,0.228310502283105,0.215962441314554,0.10606060606060606,130,133,140
126,0.4583333333333333,0.46875,0.4635416666666667,28.309293,33.002094,41.318801,0.9114583333333334,0.9508196721311475,0.9333333333333333,88,90,89,0.7619047619047619,0.7047619047619048,0.6571428571428571,4.13389620634921,4.292165,4.36412,0.0,0.0,0.0,80,74,69,0.6059113300492611,0.6502463054187192,0.6995073891625616,1.643825,1.42536,1.709236,0.20930232558139536,0.18660287081339713,0.10552763819095477,123,132,142
127,0.453125,0.4635416666666667,0.46875,29.575701,30.069512,41.456976,0.9340659340659341,0.8911917098445595,0.9595375722543352,87,89,90,0.7333333333333333,0.7333333333333333,0.6476190476190476,3.4307902222222264,3.8164238571428584,4.022433,0.0,0.0,0.0,77,77,68,0.5960591133004927,0.645320197044335,0.6995073891625616,1.500265,1.383437,1.694094,0.2081447963800905,0.22972972972972974,0.11219512195121951,121,131,142
128,0.4479166666666667,0.4635416666666667,0.46875,27.751784,32.68703,41.451751,0.907103825136612,0.9222797927461139,0.9415204678362573,86,89,90,0.7523809523809524,0.7238095238095238,0.6285714285714286,3.7042253174603217,3.766010000000001,3.417765,0.0,0.0,0.0,79,76,66,0.6009852216748769,0.6305418719211823,0.6847290640394089,1.491735,1.450294,1.688851,0.21428571428571427,0.2191780821917808,0.09950248756218906,122,128,139
129,0.4583333333333333,0.4635416666666667,0.46875,25.221009,32.00683033333333,42.843963,0.8774509803921569,0.9047619047619048,0.9704142011834319,88,89,90,0.7333333333333333,0.7047619047619048,0.6285714285714286,3.5677136825396865,4.06530742857143,4.206639,0.0,0.0,0.0,77,74,66,0.6551724137931034,0.6354679802955665,0.6748768472906403,1.486267,1.556418,1.71792,0.20179372197309417,0.2398190045248869,0.11219512195121951,133,129,137
130,0.453125,0.46875,0.46875,25.634043,30.114005,41.188282,0.9259259259259259,0.8967391304347826,0.953757225433526,87,90,90,0.7238095238095238,0.7142857142857143,0.638095238095238,3.675601428571433,3.7435275714285723,3.698099,0.0,0.0,0.0,76,75,67,0.6847290640394089,0.6305418719211823,0.6847290640394089,1.489965,1.679774,1.710426,0.22072072072072071,0.22869955156950672,0.12560386473429952,139,128,139
131,0.484375,0.4895833333333333,0.4895833333333333,25.631335,30.529818,43.344666,0.8877551020408163,0.88268156424581,0.9273743016759777,93,94,94,0.7428571428571429,0.7142857142857143,0.6476190476190476,3.9379435714285758,4.13058388888889,4.367138,0.0,0.0,0.0,78,75,68,0.729064039408867,0.6157635467980296,0.6945812807881774,1.643453,1.679596,1.765037,0.21973094170403587,0.2599118942731278,0.10784313725490197,148,125,141
132,0.484375,0.4791666666666667,0.4947916666666667,27.980062,35.656712,45.788171,0.918918918918919,0.9116022099447514,0.936046511627907,93,92,95,0.7428571428571429,0.7047619047619048,0.6476190476190476,4.244135111111115,4.275220000000001,4.978748,0.0,0.0,0.0,78,74,68,0.7093596059113301,0.6354679802955665,0.6798029556650246,1.64577,1.750549,1.759315,0.2398190045248869,0.24358974358974358,0.09615384615384616,144,129,138
133,0.4791666666666667,0.4947916666666667,0.4947916666666667,26.369109,37.22171766666667,44.746937,0.9027027027027027,0.9065934065934066,0.9700598802395209,92,95,95,0.7619047619047619,0.7238095238095238,0.6571428571428571,4.327164888888893,4.338887460317461,4.491188,0.0,0.0,0.0,80,76,69,0.7192118226600985,0.6403940886699507,0.6896551724137931,1.677574,1.784589,1.786019,0.21296296296296297,0.26126126126126126,0.0845771144278607,146,130,140
134,0.484375,0.4947916666666667,0.484375,28.952789,35.197463,45.01718,0.95,0.9010989010989011,0.9464285714285714,93,95,93,0.7714285714285715,0.7047619047619048,0.6666666666666666,4.018564000000004,4.438117857142858,4.74722,0.0,0.0,0.0,81,74,70,0.7142857142857143,0.6600985221674877,0.6847290640394089,1.707024,1.787381,1.802739,0.242152466367713,0.2383177570093458,0.0945273631840796,145,134,139
135,0.4739583333333333,0.4895833333333333,0.4947916666666667,25.289476,35.18581533333334,46.729356,0.9340659340659341,0.9065934065934066,0.9352941176470588,91,94,95,0.7523809523809524,0.7333333333333333,0.6571428571428571,3.7438224603174644,4.411139428571429,4.677184,0.0,0.0,0.009433962264150943,79,77,69,0.7093596059113301,0.6600985221674877,0.6798029556650246,1.748465,1.81543,1.747693,0.21818181818181817,0.20476190476190476,0.07179487179487179,144,134,138
136,0.4791666666666667,0.4739583333333333,0.4895833333333333,24.392859,31.66791,46.355737,0.8865979381443299,0.930635838150289,0.9204545454545454,92,91,94,0.7714285714285715,0.7333333333333333,0.6476190476190476,4.114163571428575,3.676396000000001,4.283526,0.0,0.0,0.0,81,77,68,0.6995073891625616,0.6600985221674877,0.6847290640394089,1.685807,1.899698,1.797744,0.22935779816513763,0.22897196261682243,0.0707070707070707,142,134,139
137,0.484375,0.4895833333333333,0.4895833333333333,26.629235,34.43314466666667,46.899325,0.9325842696629213,0.8723404255319149,0.963855421686747,93,94,94,0.7523809523809524,0.7238095238095238,0.6571428571428571,4.241469222222227,3.424478571428572,4.281348,0.0,0.0,0.0,79,76,69,0.6945812807881774,0.6798029556650246,0.6896551724137931,1.65561,1.898099,1.775592,0.19138755980861244,0.18536585365853658,0.07575757575757576,141,138,140
138,0.4739583333333333,0.484375,0.4947916666666667,25.694757,35.182458,46.48896,0.8983050847457628,0.903954802259887,0.9349112426035503,91,93,95,0.7904761904761904,0.7142857142857143,0.6666666666666666,4.201630000000003,4.17111942857143,4.506993,0.009708737864077669,0.0,0.0,83,75,70,0.6995073891625616,0.6847290640394089,0.6847290640394089,1.696453,1.954675,1.785078,0.178743961352657,0.21800947867298578,0.07575757575757576,142,139,139
139,0.4791666666666667,0.4947916666666667,0.4947916666666667,30.347873,37.088928333333335,47.296237,0.8936170212765957,0.8864864864864865,0.9345238095238095,92,95,95,0.8,0.7142857142857143,0.6571428571428571,4.630825888888894,4.26526846031746,4.615536,0.0,0.0,0.0,84,75,69,0.7044334975369458,0.6995073891625616,0.6798029556650246,1.758773,1.941181,1.754803,0.178743961352657,0.2048780487804878,0.0845771144278607,143,142,138
140,0.4791666666666667,0.4947916666666667,0.4947916666666667,28.45185533333333,37.826234,44.304932,0.9166666666666666,0.9257142857142857,0.9512195121951219,92,95,95,0.7428571428571429,0.7142857142857143,0.6666666666666666,4.273017968253972,4.064803000000001,4.242623,0.0,0.0,0.0,78,75,70,0.7142857142857143,0.7044334975369458,0.6847290640394089,1.727064,1.914859,1.641075,0.15920398009950248,0.15920398009950248,0.10144927536231885,145,143,139
141,0.4791666666666667,0.4895833333333333,0.4895833333333333,27.370372333333332,35.099918,44.648269,0.9325842696629213,0.9314285714285714,0.9567901234567902,92,94,94,0.7333333333333333,0.7142857142857143,0.6666666666666666,4.031185428571433,3.4148635714285724,4.771624,0.0,0.0,0.0,77,75,70,0.6995073891625616,0.6699507389162561,0.6798029556650246,1.829128,1.980837,1.713339,0.1890547263681592,0.17587939698492464,0.0945273631840796,142,136,138
142,0.484375,0.4895833333333333,0.4947916666666667,26.72328333333333,35.83495933333333,46.26966,0.907103825136612,0.898876404494382,0.9404761904761905,93,94,95,0.7619047619047619,0.7142857142857143,0.6571428571428571,4.148189365079369,4.298243000000001,4.597742,0.0,0.0,0.0,80,75,69,0.6798029556650246,0.645320197044335,0.6699507389162561,1.867698,1.856856,1.71393,0.17676767676767677,0.17475728155339806,0.08080808080808081,138,131,136
143,0.484375,0.4895833333333333,0.4895833333333333,25.385792666666667,34.68059833333333,47.203069,0.8978494623655914,0.9028571428571428,0.9285714285714286,93,94,94,0.7523809523809524,0.7333333333333333,0.6476190476190476,4.351427111111116,4.089885000000001,4.538745,0.0,0.0,0.0,79,77,68,0.6600985221674877,0.6502463054187192,0.6798029556650246,1.937602,1.890325,1.644484,0.14285714285714285,0.18446601941747573,0.07920792079207921,134,132,138
144,0.4739583333333333,0.4895833333333333,0.4947916666666667,26.579973,35.073308,42.249912,0.9252873563218391,0.8926553672316384,0.9390243902439024,91,94,95,0.7714285714285715,0.7142857142857143,0.638095238095238,4.902767000000003,3.689137000000001,4.298514,0.01,0.0,0.0,81,75,67,0.6502463054187192,0.6502463054187192,0.6896551724137931,1.914001,1.893038,1.652678,0.12105263157894737,0.1625615763546798,0.09644670050761421,132,132,140
145,0.484375,0.4947916666666667,0.4895833333333333,28.275087,34.248515,40.324263,0.8956043956043956,0.9028571428571428,0.94375,93,95,94,0.7714285714285715,0.7142857142857143,0.6285714285714286,4.878748000000003,4.512322,4.142509,0.009708737864077669,0.0,0.0,81,75,66,0.645320197044335,0.6305418719211823,0.7044334975369458,1.899665,1.976717,1.676092,0.12299465240641712,0.17412935323383086,0.07462686567164178,131,128,143
146,0.4791666666666667,0.4895833333333333,0.4947916666666667,27.350903,32.44197066666667,41.763932,0.9080459770114943,0.8875739644970414,0.9135802469135802,92,94,95,0.7714285714285715,0.7047619047619048,0.6190476190476191,4.548505857142862,4.328824571428573,4.549718,0.0,0.0,0.0,81,74,65,0.6600985221674877,0.6305418719211823,0.6896551724137931,1.891251,1.950152,1.71451,0.14583333333333334,0.1306532663316583,0.0663265306122449,134,128,140
147,0.4791666666666667,0.4895833333333333,0.4791666666666667,30.789633,36.82238633333333,42.355891,0.8839779005524862,0.9176470588235294,0.9802631578947368,92,94,92,0.7523809523809524,0.7047619047619048,0.6285714285714286,4.071167333333337,4.268556317460319,4.562733,0.01020408163265306,0.0,0.0,79,74,66,0.6551724137931034,0.645320197044335,0.7044334975369458,1.872089,2.012503,1.654735,0.15025906735751296,0.15196078431372548,0.08415841584158416,133,131,143
148,0.4791666666666667,0.484375,0.484375,30.768288,34.979607,43.475696,0.9010989010989011,0.8895348837209303,0.927710843373494,92,93,93,0.780952380952381,0.6666666666666666,0.6476190476190476,4.541577317460322,4.510442000000001,4.500562,0.0,0.0,0.0,82,70,68,0.6699507389162561,0.6502463054187192,0.7142857142857143,1.88506,1.97,1.665258,0.14795918367346939,0.125,0.08040201005025126,136,132,145
149,0.46875,0.484375,0.4947916666666667,28.07241733333333,36.26826333333333,43.044782,0.8901098901098901,0.9112426035502958,0.9202453987730062,90,93,95,0.7904761904761904,0.6857142857142857,0.6666666666666666,5.154103349206353,4.464010111111112,4.35905,0.0,0.0,0.0,83,72,70,0.6502463054187192,0.6502463054187192,0.7142857142857143,1.854301,1.951203,1.630103,0.13333333333333333,0.12871287128712872,0.0891089108910891,132,132,145
150,0.4791666666666667,0.4895833333333333,0.4791666666666667,33.377272,34.398251,43.743006,0.907103825136612,0.8876404494382022,0.9320987654320988,92,94,92,0.7714285714285715,0.6952380952380952,0.6571428571428571,4.541624428571433,4.187953000000001,4.534442,0.0,0.0,0.0,81,73,69,0.6650246305418719,0.6551724137931034,0.729064039408867,1.840659,1.918899,1.679248,0.1134020618556701,0.13106796116504854,0.075,135,133,148
151,0.484375,0.4947916666666667,0.4895833333333333,26.927587,33.041915,45.589573,0.9261363636363636,0.9112426035502958,0.9079754601226994,93,95,94,0.7714285714285715,0.6952380952380952,0.6571428571428571,4.484410000000004,3.972685000000001,4.424322,0.0,0.0,0.0,81,73,69,0.6847290640394089,0.6551724137931034,0.7241379310344828,1.884468,1.9264,1.603877,0.1,0.11557788944723618,0.08,139,133,147
152,0.484375,0.4947916666666667,0.4947916666666667,27.348488,31.279569,41.447816,0.8959537572254336,0.8875739644970414,0.93125,93,95,95,0.7619047619047619,0.6761904761904762,0.6476190476190476,4.443932222222226,3.8155855714285725,4.668093,0.0,0.0,0.0,80,71,68,0.6650246305418719,0.6502463054187192,0.7389162561576355,1.877152,1.903223,1.604997,0.140625,0.1457286432160804,0.07106598984771574,135,132,150
153,0.484375,0.4791666666666667,0.4947916666666667,28.48354433333333,28.09633542857143,37.869887,0.8722222222222222,0.9125,0.9375,93,92,95,0.7619047619047619,0.6952380952380952,0.6476190476190476,4.46940636507937,3.95676888888889,4.441322,0.0,0.0,0.0,80,73,68,0.6650246305418719,0.6551724137931034,0.7389162561576355,1.901283,1.969799,1.617097,0.09239130434782608,0.1319796954314721,0.06666666666666667,135,133,150
154,0.4791666666666667,0.484375,0.4895833333333333,30.991421,30.87748542857143,37.239937,0.9261363636363636,0.925,0.974025974025974,92,93,94,0.7428571428571429,0.6857142857142857,0.6571428571428571,4.732106111111116,4.135453650793652,4.252637,0.0,0.0,0.0,78,72,69,0.6650246305418719,0.645320197044335,0.7487684729064039,1.91797,1.939951,1.621686,0.1111111111111111,0.1377551020408163,0.04712041884816754,135,131,152
155,0.46875,0.484375,0.4895833333333333,31.162916,29.71703642857143,39.834673,0.8953488372093024,0.9503105590062112,0.9673202614379085,90,93,94,0.7523809523809524,0.7142857142857143,0.6571428571428571,4.768763428571432,3.851497222222223,3.870804,0.0,0.0,0.0,79,75,69,0.6600985221674877,0.6403940886699507,0.7339901477832512,1.957248,2.030617,1.702094,0.13227513227513227,0.12953367875647667,0.07368421052631578,134,130,149
156,0.4791666666666667,0.4739583333333333,0.4895833333333333,30.136548000000005,27.74737042857143,37.395253,0.8994413407821229,0.9554140127388535,0.9493670886075949,92,91,94,0.7428571428571429,0.6952380952380952,0.6571428571428571,5.099471428571433,4.794776857142859,4.274394,0.0,0.0,0.0,78,73,69,0.6699507389162561,0.6206896551724138,0.7339901477832512,1.903379,2.026613,1.676105,0.13402061855670103,0.12886597938144329,0.0425531914893617,136,126,149
157,0.4791666666666667,0.4791666666666667,0.4947916666666667,29.679119000000004,26.871667285714288,39.131186,0.8777777777777778,0.937888198757764,0.95,92,92,95,0.7238095238095238,0.6857142857142857,0.6476190476190476,4.74193528571429,3.9334324285714297,4.139752,0.0,0.0,0.0,76,72,68,0.6650246305418719,0.6059113300492611,0.7339901477832512,1.973666,1.898832,1.64999,0.12234042553191489,0.12690355329949238,0.06842105263157895,135,123,149
158,0.4791666666666667,0.4791666666666667,0.4947916666666667,28.754201000000005,28.99048357142857,39.407442,0.8983050847457628,0.948051948051948,0.9565217391304348,92,92,95,0.7142857142857143,0.6761904761904762,0.638095238095238,4.438816333333337,3.7457095396825406,4.288801,0.0,0.0,0.0,75,71,67,0.6699507389162561,0.6305418719211823,0.7389162561576355,1.898279,1.986096,1.643936,0.1111111111111111,0.11557788944723618,0.05789473684210526,136,128,150
159,0.484375,0.4791666666666667,0.4895833333333333,30.681037000000003,27.353219571428568,37.984195,0.9112426035502958,0.937888198757764,0.9805194805194806,93,92,94,0.7333333333333333,0.6761904761904762,0.6476190476190476,4.501972222222226,3.7258115396825406,4.382151,0.0,0.0,0.0,77,71,68,0.6896551724137931,0.625615763546798,0.7389162561576355,1.946673,2.073767,1.668773,0.11170212765957446,0.07731958762886598,0.04838709677419355,140,127,150
160,0.484375,0.4791666666666667,0.4947916666666667,32.026396000000005,25.673786571428572,38.228054,0.9047619047619048,0.9559748427672956,0.974025974025974,93,92,95,0.7428571428571429,0.6952380952380952,0.6476190476190476,4.649464238095242,3.251288111111112,4.318775,0.0,0.0,0.0,78,73,68,0.6995073891625616,0.6157635467980296,0.729064039408867,1.939187,2.020721,1.686613,0.11764705882352941,0.06806282722513089,0.05319148936170213,142,125,148
161,0.484375,0.4739583333333333,0.4791666666666667,35.448703,24.092163,38.177433,0.9096385542168675,0.9375,0.9741935483870968,93,91,92,0.7142857142857143,0.7047619047619048,0.6476190476190476,4.526046079365083,3.529869571428572,4.09778,0.0,0.0,0.0,75,74,68,0.7044334975369458,0.6206896551724138,0.7241379310344828,1.992396,2.028971,1.726465,0.11351351351351352,0.09595959595959595,0.06349206349206349,143,126,147
162,0.484375,0.4791666666666667,0.4895833333333333,36.298276,25.570737,38.548556,0.8695652173913043,0.937888198757764,0.9673202614379085,93,92,94,0.7142857142857143,0.7047619047619048,0.6476190476190476,4.588096888888892,4.077395000000001,4.207482,0.0,0.0,0.0,75,74,68,0.6896551724137931,0.6059113300492611,0.7142857142857143,2.000095,2.036783,1.754278,0.12299465240641712,0.10256410256410256,0.08333333333333333,140,123,145
163,0.5052083333333334,0.5052083333333334,0.5104166666666666,34.463137,24.119027,38.077087,0.903954802259887,0.9444444444444444,0.9358974358974359,97,97,98,0.7333333333333333,0.6952380952380952,0.6761904761904762,4.6558458888888925,3.555568111111112,4.654306,0.0,0.0,0.0,77,73,71,0.7241379310344828,0.6551724137931034,0.729064039408867,1.93329,1.981568,1.832413,0.10309278350515463,0.07960199004975124,0.07253886010362694,147,133,148
164,0.4947916666666667,0.5,0.5104166666666666,35.17151066666667,28.722756,41.653905,0.9152542372881356,0.9573170731707317,0.95625,95,96,98,0.7142857142857143,0.6857142857142857,0.6952380952380952,5.022006111111115,3.669122222222223,4.346495,0.0,0.0,0.0,75,72,73,0.7142857142857143,0.6502463054187192,0.7142857142857143,1.910738,2.041266,1.803304,0.09042553191489362,0.04712041884816754,0.11282051282051282,145,132,145
165,0.5364583333333334,0.5260416666666666,0.5416666666666666,33.788987,31.994873,40.690087,0.8842105263157894,0.9265536723163842,0.9401197604790419,103,101,104,0.7142857142857143,0.7238095238095238,0.6952380952380952,4.861286111111115,3.791001000000001,3.993706,0.0,0.0,0.0,75,76,73,0.7389162561576355,0.7044334975369458,0.7438423645320197,1.946328,2.051161,1.864218,0.07936507936507936,0.06280193236714976,0.10628019323671498,150,143,151
166,0.5260416666666666,0.5260416666666666,0.53125,34.38136466666667,33.224785,43.358085,0.9105263157894737,0.9308510638297872,0.9767441860465116,101,101,102,0.7047619047619048,0.7047619047619048,0.6857142857142857,5.148374317460321,3.484846682539683,3.750313,0.0,0.0,0.0,74,74,72,0.7339901477832512,0.6995073891625616,0.7487684729064039,1.956192,2.098762,1.873025,0.0845771144278607,0.08173076923076923,0.11374407582938388,149,142,152
167,0.53125,0.5208333333333334,0.5416666666666666,33.24521933333333,32.494376,40.287096,0.8877551020408163,0.9395604395604396,0.9482758620689655,102,100,104,0.6952380952380952,0.7142857142857143,0.7047619047619048,4.983704968253972,4.3484021111111115,4.194707,0.0,0.0,0.0,73,75,74,0.7438423645320197,0.6995073891625616,0.7487684729064039,1.992534,2.067398,1.766895,0.075,0.06796116504854369,0.10047846889952153,151,142,152
168,0.5520833333333334,0.53125,0.5520833333333334,32.559376,33.893176,41.30053,0.8730964467005076,0.9508196721311475,0.9553072625698324,106,102,106,0.7142857142857143,0.7333333333333333,0.7238095238095238,4.723745111111115,3.843580000000001,3.998707,0.0,0.0,0.0,75,77,76,0.7389162561576355,0.6995073891625616,0.7389162561576355,1.96799,2.056116,1.856385,0.05154639175257732,0.06280193236714976,0.09523809523809523,150,142,150
169,0.5625,0.53125,0.546875,38.108116,32.429519,42.517867,0.8983050847457628,0.9505494505494505,0.96045197740113,108,102,105,0.7333333333333333,0.7428571428571429,0.7238095238095238,4.526281650793654,3.626808000000001,4.436636,0.0,0.0,0.0,77,78,76,0.7389162561576355,0.7044334975369458,0.7536945812807881,1.950996,2.021161,1.911367,0.06153846153846154,0.07246376811594203,0.08450704225352113,150,143,153
170,0.5572916666666666,0.53125,0.546875,35.19217066666667,28.383476,44.212297,0.8983957219251337,0.9270833333333334,0.9649122807017544,107,102,105,0.7333333333333333,0.7428571428571429,0.7333333333333333,4.380462000000004,3.3991222222222235,3.785027,0.0,0.0,0.0,77,78,77,0.7438423645320197,0.7142857142857143,0.7339901477832512,1.982489,2.040581,1.897769,0.08866995073891626,0.06796116504854369,0.0995260663507109,151,145,149
171,0.5520833333333334,0.53125,0.5260416666666666,31.654398333333337,27.76202,48.119178142857145,0.8724489795918368,0.9405405405405406,0.96,106,102,101,0.7619047619047619,0.7333333333333333,0.7142857142857143,4.661170793650798,4.133288428571429,3.966053,0.0,0.0,0.0,80,77,75,0.7438423645320197,0.7044334975369458,0.7438423645320197,1.988895,2.02866,1.967368,0.10628019323671498,0.07246376811594203,0.09216589861751152,151,143,151
172,0.5625,0.53125,0.5260416666666666,33.789296,31.44096,43.57865,0.8823529411764706,0.9197860962566845,0.9015544041450777,108,102,101,0.7523809523809524,0.7333333333333333,0.7142857142857143,4.873298888888892,3.86935788888889,4.42254,0.0,0.0,0.0,79,77,75,0.7389162561576355,0.7044334975369458,0.7389162561576355,2.058891,1.960572,1.988258,0.07960199004975124,0.07177033492822966,0.08056872037914692,150,143,150
173,0.5572916666666666,0.5260416666666666,0.5260416666666666,35.144092,31.972659,48.957267,0.8918918918918919,0.9664804469273743,0.9513513513513514,107,101,101,0.7333333333333333,0.7333333333333333,0.7047619047619048,5.362920317460321,3.254598000000001,4.67639,0.0,0.0,0.0,77,77,74,0.7389162561576355,0.7192118226600985,0.7586206896551724,2.033663,1.982345,2.024784,0.06467661691542288,0.06666666666666667,0.07109004739336493,150,146,154
174,0.546875,0.53125,0.515625,37.631018,33.595946,44.92604571428571,0.9277777777777778,0.9293478260869565,0.9623655913978495,105,102,99,0.7047619047619048,0.7523809523809524,0.6952380952380952,4.514190682539685,3.32467088888889,4.54118,0.0,0.0,0.0,74,79,73,0.7241379310344828,0.7339901477832512,0.7635467980295566,2.016713,1.959249,1.98078,0.06403940886699508,0.08018867924528301,0.0673076923076923,147,149,155
175,0.546875,0.53125,0.5104166666666666,37.749456666666674,32.907017,47.41108,0.8716577540106952,0.9513513513513514,0.9162303664921466,105,102,98,0.7142857142857143,0.7238095238095238,0.7047619047619048,4.8117721111111145,3.5176803174603184,4.516955,0.0,0.0,0.0,75,76,74,0.7192118226600985,0.7339901477832512,0.7487684729064039,1.992005,2.068854,1.913457,0.07,0.06310679611650485,0.054187192118226604,146,149,152
176,0.5572916666666666,0.53125,0.515625,36.357075,33.25149,49.258217428571434,0.8817204301075269,0.9354838709677419,0.9732620320855615,107,102,99,0.7714285714285715,0.7238095238095238,0.6666666666666666,4.8122822063492094,3.9628876825396833,4.605063,0.0,0.0,0.0,81,76,70,0.6995073891625616,0.729064039408867,0.7635467980295566,2.019698,1.99136,1.908384,0.07960199004975124,0.05314009661835749,0.057971014492753624,142,148,155
177,0.546875,0.5208333333333334,0.5052083333333334,36.61780633333333,32.56409385714286,45.525427,0.8804347826086957,0.9417989417989417,0.9238578680203046,105,100,97,0.7523809523809524,0.7333333333333333,0.6666666666666666,5.2413563333333375,4.11143588888889,4.515905,0.0,0.0,0.0,79,77,70,0.6945812807881774,0.729064039408867,0.7586206896551724,1.995108,1.981289,1.887761,0.07142857142857142,0.0660377358490566,0.04950495049504951,141,148,154
178,0.5625,0.5208333333333334,0.5052083333333334,36.297358,30.977364285714287,47.25231,0.9037433155080213,0.946524064171123,0.9473684210526315,108,100,97,0.7523809523809524,0.7333333333333333,0.6857142857142857,5.034817000000004,4.141971111111112,4.551509,0.0,0.0,0.0,79,77,72,0.6847290640394089,0.729064039408867,0.7487684729064039,2.008903,1.962942,1.897633,0.09950248756218906,0.07981220657276995,0.054187192118226604,139,148,152
179,0.5572916666666666,0.5208333333333334,0.5104166666666666,33.738723,32.513092,45.62689971428571,0.8947368421052632,0.925531914893617,0.9278350515463918,107,100,98,0.7523809523809524,0.7523809523809524,0.6761904761904762,4.938223000000003,4.613369,4.688246,0.0,0.0,0.0,79,79,71,0.6945812807881774,0.729064039408867,0.7536945812807881,1.955012,2.008575,1.881607,0.10047846889952153,0.06829268292682927,0.04040404040404041,141,148,153
180,0.546875,0.515625,0.5,33.215441,36.124566,42.98606028571428,0.8918918918918919,0.9560439560439561,0.9424083769633508,105,99,96,0.7333333333333333,0.7333333333333333,0.6761904761904762,4.842487349206354,4.511521,4.457734,0.0,0.0,0.0,77,77,71,0.6896551724137931,0.7389162561576355,0.7487684729064039,2.01884,1.982347,1.830589,0.07317073170731707,0.043478260869565216,0.04,140,150,152
181,0.5625,0.5208333333333334,0.5052083333333334,33.90130266666667,34.377953,44.676421,0.8617021276595744,0.9523809523809523,0.9438775510204082,108,100,97,0.7238095238095238,0.7047619047619048,0.6857142857142857,4.625254111111115,4.949547539682541,4.355157,0.0,0.0,0.0,76,74,72,0.7093596059113301,0.7487684729064039,0.7536945812807881,1.992892,1.987159,1.861789,0.0594059405940594,0.09523809523809523,0.03626943005181347,144,152,153
182,0.546875,0.5208333333333334,0.5,31.738645333333334,35.547481,43.046320571428566,0.9044943820224719,0.9421052631578948,0.9387755102040817,105,100,96,0.6952380952380952,0.7333333333333333,0.6761904761904762,4.42213947619048,4.4243086825396825,4.41681,0.0,0.0,0.0,73,77,71,0.7093596059113301,0.7536945812807881,0.7536945812807881,2.027855,1.945697,1.906125,0.07425742574257425,0.06666666666666667,0.03553299492385787,144,153,153
183,0.5572916666666666,0.5572916666666666,0.5729166666666666,36.237752,43.993650333333335,47.12093133333334,0.8950276243093923,0.9045226130653267,0.8955223880597015,107,107,110,0.7238095238095238,0.7238095238095238,0.6761904761904762,4.946999777777782,4.338282571428572,4.299009,0.0,0.0,0.0,76,76,71,0.7142857142857143,0.7536945812807881,0.7339901477832512,1.944111,1.985666,1.877529,0.07655502392344497,0.07075471698113207,0.050505050505050504,145,153,149
184,0.5520833333333334,0.5677083333333334,0.5729166666666666,34.638576,46.098468,50.887906,0.8941798941798942,0.859375,0.9302325581395349,106,109,110,0.7142857142857143,0.6952380952380952,0.6952380952380952,4.6931721111111155,4.500863111111112,4.374693,0.0,0.0,0.0,75,73,73,0.7142857142857143,0.7438423645320197,0.7438423645320197,1.895767,1.963986,1.834643,0.06829268292682927,0.054187192118226604,0.046153846153846156,145,151,151
185,0.5625,0.5677083333333334,0.5677083333333334,34.554294,41.81723433333333,48.338484,0.9005524861878453,0.9428571428571428,0.9425287356321839,108,109,109,0.7142857142857143,0.6952380952380952,0.7047619047619048,4.5542007777777815,4.2972980000000005,3.833291,0.0,0.0,0.0,75,73,74,0.7192118226600985,0.729064039408867,0.7389162561576355,1.947474,1.977797,1.80117,0.06862745098039216,0.050761421319796954,0.03076923076923077,146,148,150
186,0.5520833333333334,0.5729166666666666,0.5729166666666666,35.165135,41.043681,47.63601166666666,0.8848167539267016,0.875,0.8971428571428571,106,110,110,0.7238095238095238,0.7047619047619048,0.7047619047619048,5.075190111111116,4.673382682539683,3.928467,0.0,0.0,0.0,76,74,74,0.7142857142857143,0.7389162561576355,0.7339901477832512,1.915213,2.055643,1.883017,0.06965174129353234,0.043689320388349516,0.02631578947368421,145,150,149
187,0.5625,0.5625,0.5677083333333334,33.43688733333334,42.687777,49.194882,0.8994708994708994,0.9142857142857143,0.9298245614035088,108,108,109,0.7619047619047619,0.7142857142857143,0.7238095238095238,4.704778000000005,4.533584,3.685597,0.0,0.0,0.0,80,75,76,0.7241379310344828,0.729064039408867,0.7389162561576355,1.874403,1.985934,1.818821,0.05472636815920398,0.07246376811594203,0.015789473684210527,147,148,150
188,0.5677083333333334,0.5677083333333334,0.5989583333333334,36.762077,45.379087,49.457467,0.8655913978494624,0.861878453038674,0.9213483146067416,109,109,115,0.7428571428571429,0.7333333333333333,0.7142857142857143,5.218380682539687,4.6837828888888895,3.531235,0.0,0.0,0.0,78,77,75,0.729064039408867,0.7142857142857143,0.7389162561576355,1.844735,2.038218,1.789612,0.06829268292682927,0.06896551724137931,0.026595744680851064,148,145,150
189,0.5833333333333334,0.5989583333333334,0.59375,37.93340166666667,44.768152,53.245956,0.9058823529411765,0.839572192513369,0.950920245398773,112,115,114,0.7238095238095238,0.7142857142857143,0.7047619047619048,5.531303761904767,4.911116,3.7555,0.0,0.0,0.0,76,75,74,0.7192118226600985,0.7339901477832512,0.7339901477832512,1.879586,1.987647,1.858963,0.0825242718446602,0.07177033492822966,0.005235602094240838,146,149,149
190,0.5729166666666666,0.5989583333333334,0.5989583333333334,35.709896333333326,41.66882066666667,53.835141,0.867816091954023,0.8908045977011494,0.9186046511627907,110,115,115,0.7619047619047619,0.7428571428571429,0.7142857142857143,5.280705000000004,4.402776460317461,3.746602,0.0,0.0,0.0,80,78,75,0.7142857142857143,0.7389162561576355,0.729064039408867,1.907851,1.998896,1.861015,0.0707070707070707,0.08653846153846154,0.020202020202020204,145,150,148
191,0.5885416666666666,0.59375,0.5989583333333334,34.089511666666674,40.759172,52.719389,0.8742857142857143,0.8685714285714285,0.9281437125748503,113,114,115,0.7619047619047619,0.7238095238095238,0.6952380952380952,5.817342111111116,4.171626111111112,3.784125,0.0,0.0,0.0,80,76,73,0.7142857142857143,0.7389162561576355,0.7339901477832512,1.931185,2.08319,1.86697,0.07425742574257425,0.11267605633802817,0.02072538860103627,145,150,149
192,0.5885416666666666,0.3072916666666667,0.3697916666666667,34.90186166666667,21.783615666666662,28.15812233333333,0.861878453038674,0.8758620689655172,0.8733333333333333,113,59,71,0.7047619047619048,0.19047619047619047,0.3904761904761905,5.401849111111115,2.822009,2.888094,0.0,0.0,0.0,74,20,41,0.7142857142857143,0.3054187192118227,0.4729064039408867,1.890645,0.918452,1.070672,0.0825242718446602,0.07954545454545454,0.017241379310344827,145,62,96
193,0.5833333333333334,0.3020833333333333,0.3645833333333333,37.149653,21.92793933333333,30.819374,0.9069767441860465,0.7971014492753623,0.8933333333333333,112,58,70,0.7428571428571429,0.2,0.3619047619047619,5.600237111111116,3.1916974285714286,2.656903,0.0,0.0,0.0,78,21,38,0.7241379310344828,0.2955665024630542,0.458128078817734,1.868949,0.901125,1.03449,0.09722222222222222,0.05063291139240506,0.0390625,147,60,93
194,0.5729166666666666,0.296875,0.359375,38.481976666666675,24.456139666666665,29.518846,0.877906976744186,0.8529411764705882,0.8947368421052632,110,57,69,0.7523809523809524,0.22857142857142856,0.38095238095238093,5.899605317460323,2.856655,2.738005,0.0,0.0,0.0,79,24,40,0.7241379310344828,0.31527093596059114,0.4729064039408867,1.856344,0.904384,1.099363,0.09905660377358491,0.11578947368421053,0.050724637681159424,147,64,96
195,0.5833333333333334,0.2708333333333333,0.359375,35.895349,21.261801,30.323097,0.9,0.8441558441558441,0.9012345679012346,112,52,69,0.7238095238095238,0.26666666666666666,0.38095238095238093,5.596756253968257,2.908973,3.166703,0.0,0.0,0.0,76,28,40,0.7339901477832512,0.2561576354679803,0.5024630541871922,1.879891,1.04813,1.127195,0.07246376811594203,0.2894736842105263,0.07488986784140969,149,52,102
196,0.5833333333333334,0.265625,0.3541666666666667,32.324402,22.75620933333333,31.904747,0.9,0.8271604938271605,0.9012345679012346,112,51,68,0.7333333333333333,0.22857142857142856,0.38095238095238093,5.519828000000004,2.989547,2.691219,0.0,0.08108108108108109,0.0,77,24,40,0.7339901477832512,0.21674876847290642,0.46798029556650245,1.867312,1.087196,1.15889,0.06829268292682927,0.41509433962264153,0.1037037037037037,149,44,95
197,0.578125,0.2604166666666667,0.3489583333333333,33.89137233333333,22.309015666666664,31.118923666666664,0.8659217877094972,0.8690476190476191,0.9240506329113924,111,50,67,0.7333333333333333,0.22857142857142856,0.37142857142857144,6.253164888888894,3.222378,2.860537,0.0,0.12195121951219512,0.0,77,24,39,0.7339901477832512,0.19704433497536947,0.45320197044334976,1.862711,1.086015,1.172443,0.06796116504854369,0.4778761061946903,0.11278195488721804,149,40,92
198,0.5885416666666666,0.23958333333333334,0.34375,33.385852,21.917454666666664,30.347153,0.9058823529411765,0.8804347826086957,0.872093023255814,113,46,66,0.7238095238095238,0.24761904761904763,0.38095238095238093,5.739229888888894,3.339882,3.044,0.0,0.12195121951219512,0.0,76,26,40,0.7241379310344828,0.1625615763546798,0.4236453201970443,1.821332,1.045401,1.135616,0.08571428571428572,0.5263157894736842,0.18309859154929578,147,33,86
199,0.5833333333333334,0.22395833333333334,0.34375,30.966096,18.029638666666663,29.275897,0.875,0.9042553191489362,0.9534883720930233,112,43,66,0.7523809523809524,0.21904761904761905,0.3619047619047619,5.519511428571433,3.191075,3.204405,0.0,0.16666666666666666,0.0,79,23,38,0.7192118226600985,0.16748768472906403,0.4187192118226601,1.805281,1.028467,1.046251,0.06796116504854369,0.5596330275229358,0.20408163265306123,146,34,85
200,0.5833333333333334,0.21354166666666666,0.34375,32.927051,37.202096,51.415056,0.8693181818181818,0.9090909090909091,0.9215686274509803,112,41,66,0.7142857142857143,0.7428571428571429,0.6952380952380952,5.407439428571433,5.186338222222224,4.407021,0.0,0.07216494845360824,0.00847457627118644,75,78,73,0.7142857142857143,0.270935960591133,0.4975369458128079,1.779401,2.17023,1.809146,0.07511737089201878,0.5202702702702703,0.24260355029585798,145,55,101
201,0.5833333333333334,0.21875,0.34375,31.892064,35.115175,49.444629,0.8770949720670391,0.9527027027027027,0.9205298013245033,112,42,66,0.6761904761904762,0.6952380952380952,0.7047619047619048,5.555081761904767,6.257862333333334,6.444587,0.0,0.2857142857142857,0.05063291139240506,71,73,74,0.6995073891625616,0.30049261083743845,0.5615763546798029,1.737728,2.20192,1.903395,0.054187192118226604,0.631578947368421,0.3130841121495327,142,61,114
202,0.5885416666666666,0.22395833333333334,0.34375,31.355907,36.21179433333333,49.904361,0.9146341463414634,0.9447004608294931,0.9692307692307692,113,43,66,0.7238095238095238,0.6571428571428571,0.7047619047619048,5.362634222222226,6.9544830793650805,7.142834,0.0,0.25252525252525254,0.10476190476190476,76,69,74,0.7093596059113301,0.31527093596059114,0.6009852216748769,1.724796,2.280773,2.099665,0.06796116504854369,0.69140625,0.3829787234042553,144,64,122
203,0.5625,0.22395833333333334,0.34375,34.324791,32.503738,50.862955,0.9047619047619048,0.9636363636363636,0.9662447257383966,108,43,66,0.7238095238095238,0.6761904761904762,0.7047619047619048,6.150831000000004,6.692710936507937,6.306059,0.0,0.2818181818181818,0.05555555555555555,76,71,74,0.6945812807881774,0.32019704433497537,0.6108374384236454,1.718165,2.242222,2.100281,0.05472636815920398,0.7381703470031545,0.4163424124513619,141,65,124
204,0.578125,0.21875,0.34375,33.902067,35.676468,49.37702,0.8540540540540541,0.9540983606557377,0.9762845849802372,111,42,66,0.7142857142857143,0.7047619047619048,0.7142857142857143,5.197874222222227,6.983039650793651,6.874602,0.0,0.20754716981132076,0.07894736842105263,75,74,75,0.6995073891625616,0.3251231527093596,0.6009852216748769,1.699345,2.25353,2.18348,0.04926108374384237,0.7560240963855421,0.4418604651162791,142,66,122
205,0.5833333333333334,0.22395833333333334,0.328125,34.96627666666667,39.251841,50.895551,0.8863636363636364,0.9736842105263158,0.9879518072289156,112,43,63,0.7142857142857143,0.7333333333333333,0.7333333333333333,5.5216781111111155,6.354257,7.189943,0.0,0.11214953271028037,0.07207207207207207,75,77,77,0.6847290640394089,0.33497536945812806,0.5714285714285714,1.661498,2.244022,2.173968,0.03553299492385787,0.7560975609756098,0.4024390243902439,139,68,116
206,0.5833333333333334,0.22395833333333334,0.34375,34.870817,39.954095,50.836569,0.8947368421052632,0.9735973597359736,0.9649805447470817,112,43,66,0.7428571428571429,0.7238095238095238,0.7333333333333333,5.903671571428577,6.790176444444444,7.144083,0.0,0.15151515151515152,0.07964601769911504,78,76,77,0.6896551724137931,0.33497536945812806,0.5566502463054187,1.664023,2.276244,2.084971,0.03571428571428571,0.7648809523809523,0.4111111111111111,140,68,113
207,0.5833333333333334,0.22395833333333334,0.3385416666666667,35.20544,38.344359,50.790761,0.8920454545454546,0.9801980198019802,0.9725490196078431,112,43,65,0.7238095238095238,0.780952380952381,0.7428571428571429,5.622217777777782,7.003133111111112,7.289091,0.0,0.14150943396226415,0.08181818181818182,76,82,78,0.6847290640394089,0.3399014778325123,0.5517241379310345,1.676675,2.295011,1.993889,0.045,0.7610619469026548,0.4099616858237548,139,69,112
208,0.5677083333333334,0.21875,0.34375,37.620367666666674,34.669469,50.451311,0.8959537572254336,0.9585987261146497,0.9612403100775194,109,42,66,0.7238095238095238,0.7428571428571429,0.7619047619047619,5.675949460317464,6.606776761904763,7.177337,0.0,0.12244897959183673,0.10714285714285714,76,78,80,0.6896551724137931,0.3448275862068966,0.5911330049261084,1.75292,2.292076,1.937316,0.05472636815920398,0.7720364741641338,0.42105263157894735,140,70,120
209,0.578125,0.22395833333333334,0.3385416666666667,38.464942,34.915116,51.691465,0.8626373626373627,0.9801324503311258,0.9723320158102767,111,43,65,0.7428571428571429,0.6952380952380952,0.7428571428571429,5.114394000000004,6.316618650793651,7.359598,0.0,0.18681318681318682,0.11009174311926606,78,73,78,0.6847290640394089,0.33497536945812806,0.5960591133004927,1.705514,2.317968,1.940248,0.05472636815920398,0.7554858934169278,0.3937007874015748,139,68,121
210,0.5833333333333334,0.22395833333333334,0.3385416666666667,36.61138466666667,33.817322,50.266303,0.9,0.9581993569131833,0.9723320158102767,112,43,65,0.7238095238095238,0.7238095238095238,0.7428571428571429,5.454262571428576,6.413129444444446,7.224163,0.0,0.15384615384615385,0.08333333333333333,76,76,78,0.6748768472906403,0.3448275862068966,0.6059113300492611,1.643668,2.324052,2.042126,0.09223300970873786,0.7373134328358208,0.4103585657370518,137,70,123
211,0.578125,0.22395833333333334,0.34375,36.270297,33.511006,51.269158,0.8870056497175142,0.9866220735785953,0.976,111,43,66,0.7047619047619048,0.7428571428571429,0.7714285714285715,5.262067777777782,7.016803015873017,7.484628,0.0,0.11764705882352941,0.08181818181818182,74,78,81,0.6995073891625616,0.3497536945812808,0.6059113300492611,1.700893,2.27191,2.143107,0.09389671361502347,0.7283582089552239,0.37448559670781895,142,71,123
212,0.5833333333333334,0.22395833333333334,0.3385416666666667,34.523605333333336,34.866489,53.591922,0.8651685393258427,0.9701986754966887,0.98,112,43,65,0.7142857142857143,0.7428571428571429,0.7523809523809524,5.5066957619047665,6.395459412698414,7.328469,0.0,0.16326530612244897,0.08411214953271028,75,78,79,0.6945812807881774,0.3497536945812808,0.5812807881773399,1.669488,2.242041,2.228631,0.08737864077669903,0.7455621301775148,0.3625,141,71,118
213,0.578125,0.22395833333333334,0.34375,36.82568966666667,34.948859,51.696976,0.8651685393258427,0.9641693811074918,0.9802371541501976,111,43,66,0.7047619047619048,0.7619047619047619,0.7428571428571429,4.961569000000004,6.64198166666667,7.071612,0.0,0.13861386138613863,0.09615384615384616,74,80,78,0.6748768472906403,0.3497536945812808,0.5566502463054187,1.700718,2.306175,2.113893,0.10294117647058823,0.7378048780487805,0.3861003861003861,137,71,113
214,0.578125,0.22395833333333334,0.34375,34.711654666666675,35.128587,50.378357,0.8977272727272727,0.9836065573770492,0.9718875502008032,111,43,66,0.6857142857142857,0.7714285714285715,0.7428571428571429,5.545072317460323,6.215227111111114,7.11345,0.0,0.13402061855670103,0.06930693069306931,72,81,78,0.6798029556650246,0.3399014778325123,0.5665024630541872,1.768444,2.287083,2.021896,0.07729468599033816,0.7529761904761905,0.3849056603773585,138,69,115
215,0.5833333333333334,0.21875,0.34375,36.61141466666666,34.999522,51.985071,0.9156626506024096,0.9735973597359736,0.9529411764705882,112,42,66,0.7238095238095238,0.7523809523809524,0.7428571428571429,5.433381000000003,6.684805111111113,7.27856,0.0,0.11578947368421053,0.050505050505050504,76,79,78,0.6896551724137931,0.3399014778325123,0.5911330049261084,1.769879,2.258326,1.96808,0.0861244019138756,0.7345132743362832,0.39846743295019155,140,69,120
216,0.578125,0.22395833333333334,0.34375,35.57418466666667,36.437317,50.93172,0.8611111111111112,0.9703947368421053,0.9645669291338582,111,43,66,0.7523809523809524,0.7523809523809524,0.7333333333333333,5.066665888888894,6.278845015873017,6.947286,0.0,0.12,0.041237113402061855,79,79,77,0.7093596059113301,0.35467980295566504,0.6157635467980296,1.742261,2.324842,1.94172,0.07352941176470588,0.7659574468085106,0.38132295719844356,144,72,125
217,0.5625,0.22395833333333334,0.34375,36.552965333333326,38.568616,49.645003,0.9085714285714286,0.9673202614379085,0.9802371541501976,108,43,66,0.7333333333333333,0.7238095238095238,0.7428571428571429,4.783772539682544,6.477754761904763,7.145295,0.0,0.16,0.04081632653061224,77,76,78,0.6847290640394089,0.35467980295566504,0.6206896551724138,1.719958,2.344555,2.001716,0.07881773399014778,0.7530120481927711,0.40540540540540543,139,72,126
218,0.5833333333333334,0.22395833333333334,0.34375,34.831159333333325,33.243182,49.837664,0.864406779661017,0.970873786407767,0.98,112,43,66,0.7333333333333333,0.7428571428571429,0.7523809523809524,5.005791111111115,6.99099777777778,6.451191,0.0,0.12121212121212122,0.030927835051546393,77,78,79,0.7044334975369458,0.3497536945812808,0.6108374384236454,1.737491,2.349482,1.99694,0.06280193236714976,0.756838905775076,0.3888888888888889,143,71,124
219,0.5729166666666666,0.22395833333333334,0.34375,34.494891,30.650426,51.365282,0.8777777777777778,0.9612903225806452,0.9604743083003953,110,43,66,0.7428571428571429,0.7238095238095238,0.7619047619047619,5.187047571428574,6.512820888888891,6.51955,0.0,0.15306122448979592,0.041237113402061855,78,76,80,0.6896551724137931,0.35467980295566504,0.6108374384236454,1.687188,2.352001,1.938419,0.08490566037735849,0.7438271604938271,0.3923076923076923,140,72,124
220,0.5885416666666666,0.22395833333333334,0.3385416666666667,37.167240333333325,32.007935,49.895722,0.893491124260355,0.966996699669967,0.9762845849802372,113,43,65,0.7523809523809524,0.7333333333333333,0.7904761904761904,5.460621888888894,7.281236539682543,6.622544,0.0,0.13,0.020618556701030927,79,77,83,0.7093596059113301,0.35467980295566504,0.6009852216748769,1.750314,2.410002,2.091438,0.08450704225352113,0.7619047619047619,0.41064638783269963,144,72,122
221,0.5833333333333334,0.22395833333333334,0.3385416666666667,34.22992433333333,35.079234,49.508442,0.9017341040462428,0.9704918032786886,0.97265625,112,43,65,0.7142857142857143,0.7142857142857143,0.7714285714285715,5.3833422063492105,6.525699222222224,6.332647,0.0,0.0673076923076923,0.02197802197802198,75,75,81,0.7044334975369458,0.3448275862068966,0.5812807881773399,1.743083,2.41977,2.099255,0.08962264150943396,0.7530120481927711,0.40601503759398494,143,70,118
222,0.578125,0.22395833333333334,0.34375,35.972322,37.471347,51.031575,0.8586956521739131,0.9673202614379085,0.9578544061302682,111,43,66,0.7523809523809524,0.7047619047619048,0.7523809523809524,4.9930711111111155,6.677982142857146,6.445642,0.0,0.11764705882352941,0.021505376344086023,79,74,79,0.6995073891625616,0.3448275862068966,0.5615763546798029,1.71781,2.347237,2.198087,0.10185185185185185,0.7463126843657817,0.41509433962264153,142,70,114
223,0.5833333333333334,0.22395833333333334,0.34375,33.44795933333333,35.912076,49.171123,0.9166666666666666,0.964516129032258,0.984251968503937,112,43,66,0.7333333333333333,0.7714285714285715,0.7523809523809524,4.8561980000000045,6.241845825396829,6.739164,0.0,0.11,0.01098901098901099,77,81,79,0.7142857142857143,0.35467980295566504,0.5369458128078818,1.704902,2.34409,2.155885,0.1145374449339207,0.7839506172839507,0.37453183520599254,145,72,109
224,0.5833333333333334,0.22395833333333334,0.34375,32.522685,37.227153,49.92883,0.9011627906976745,0.9607843137254902,0.9762845849802372,112,43,66,0.7523809523809524,0.6666666666666666,0.7619047619047619,4.768635777777782,6.854818761904764,6.895772,0.0,0.06896551724137931,0.01098901098901099,79,70,80,0.6995073891625616,0.3448275862068966,0.5320197044334976,1.702468,2.397234,2.097816,0.11363636363636363,0.7852564102564102,0.3574144486692015,142,70,108
225,0.5833333333333334,0.22395833333333334,0.34375,34.17878466666667,36.833123,50.682755,0.861878453038674,0.9863945578231292,0.9760956175298805,112,43,66,0.7428571428571429,0.7619047619047619,0.7714285714285715,5.114309111111115,6.851615428571431,7.021596,0.0,0.05263157894736842,0.011111111111111112,78,80,81,0.7142857142857143,0.3497536945812808,0.5467980295566502,1.641151,2.412171,2.01626,0.0958904109589041,0.782608695652174,0.3686131386861314,145,71,111
226,0.5833333333333334,0.22395833333333334,0.34375,38.386707,31.736317,50.879331,0.9289940828402367,0.973421926910299,0.9801587301587301,112,43,66,0.7619047619047619,0.7523809523809524,0.780952380952381,5.145036031746036,7.039101539682541,7.044253,0.0,0.06382978723404255,0.010752688172043012,80,79,82,0.6945812807881774,0.35467980295566504,0.5467980295566502,1.716965,2.357136,1.939801,0.10810810810810811,0.779874213836478,0.3694029850746269,141,72,111
227,0.578125,0.22395833333333334,0.34375,38.00147766666667,30.613926,49.962644,0.8806818181818182,0.9576547231270358,0.9761904761904762,111,43,66,0.7523809523809524,0.8380952380952381,0.7619047619047619,5.1147481111111155,7.893527539682541,6.803049,0.0,0.04950495049504951,0.01098901098901099,79,88,80,0.6847290640394089,0.3497536945812808,0.5763546798029556,1.749423,2.345764,2.014593,0.0967741935483871,0.7884615384615384,0.37992831541218636,139,71,117
228,0.5885416666666666,0.21875,0.3385416666666667,40.71207033333334,32.46985,48.597914,0.8793103448275862,0.9801980198019802,0.9727626459143969,113,42,65,0.7523809523809524,0.8095238095238095,0.7523809523809524,5.116653000000004,6.583162111111114,6.780564,0.0,0.0707070707070707,0.010752688172043012,79,85,79,0.6847290640394089,0.35467980295566504,0.6059113300492611,1.69999,2.419187,2.007548,0.0958904109589041,0.7873015873015873,0.3942652329749104,139,72,123
229,0.5833333333333334,0.22395833333333334,0.34375,38.931144,34.144111,47.984252,0.8941176470588236,0.9700996677740864,0.9763779527559056,112,43,66,0.7333333333333333,0.7333333333333333,0.7619047619047619,4.948628920634926,6.769173222222224,6.480214,0.01,0.09782608695652174,0.010752688172043012,77,77,80,0.6748768472906403,0.3497536945812808,0.645320197044335,1.733073,2.377992,2.140282,0.08796296296296297,0.7795527156549521,0.37593984962406013,137,71,131
230,0.5885416666666666,0.21875,0.3385416666666667,38.14924566666667,35.730598,52.575842,0.8994413407821229,0.9865771812080537,0.9612403100775194,113,42,65,0.7047619047619048,0.7714285714285715,0.7523809523809524,5.928285222222225,7.227184000000002,7.128221,0.0,0.0625,0.0,74,81,79,0.6896551724137931,0.3497536945812808,0.6354679802955665,1.697077,2.370037,2.177896,0.06976744186046512,0.786833855799373,0.3661417322834646,140,71,129
231,0.5833333333333334,0.21875,0.34375,38.86975733333333,36.301573,52.549438,0.9127906976744186,0.9633333333333334,0.9802371541501976,112,42,66,0.7238095238095238,0.7714285714285715,0.7523809523809524,5.607228888888893,7.32511866666667,7.017996,0.0,0.06796116504854369,0.0,76,81,79,0.7093596059113301,0.35467980295566504,0.6206896551724138,1.623565,2.39261,2.192197,0.08520179372197309,0.7917981072555205,0.3493975903614458,144,72,126
232,0.578125,0.22395833333333334,0.34375,35.891472,37.541619,52.397228,0.9017341040462428,0.9735973597359736,0.9803921568627451,111,43,66,0.7238095238095238,0.7238095238095238,0.7619047619047619,5.155580888888894,6.883324873015875,7.346928,0.0,0.07446808510638298,0.0,76,76,80,0.7339901477832512,0.33497536945812806,0.6009852216748769,1.621885,2.346844,2.142893,0.11210762331838565,0.7861842105263158,0.37407407407407406,149,68,122
233,0.5833333333333334,0.22395833333333334,0.34375,33.15919366666667,35.86688,53.257371,0.8837209302325582,0.98,0.9610894941634242,112,43,66,0.7428571428571429,0.7333333333333333,0.7714285714285715,4.912151317460323,7.54547696825397,7.081312,0.0,0.07216494845360824,0.0,78,77,81,0.7241379310344828,0.3497536945812808,0.6009852216748769,1.584534,2.423268,2.085601,0.13656387665198239,0.7741935483870968,0.3712121212121212,147,71,122
234,0.5833333333333334,0.22395833333333334,0.34375,32.611002,34.270641,50.733256,0.8928571428571429,0.9767441860465116,0.9841269841269841,112,43,66,0.7619047619047619,0.7619047619047619,0.7619047619047619,5.100442222222226,7.653231539682542,7.119228,0.0,0.07216494845360824,0.0,80,80,80,0.7093596059113301,0.3497536945812808,0.6108374384236454,1.660625,2.413748,2.086061,0.08878504672897196,0.7848101265822784,0.3712121212121212,144,71,124
235,0.5885416666666666,0.22395833333333334,0.3385416666666667,34.078448,35.498278,47.645174,0.9135802469135802,0.9730639730639731,0.9649805447470817,113,43,65,0.8,0.7714285714285715,0.7428571428571429,4.925446888888894,6.971325111111112,7.031986,0.0,0.050505050505050504,0.0,84,81,78,0.6995073891625616,0.3497536945812808,0.6206896551724138,1.68336,2.422907,2.094114,0.10909090909090909,0.79375,0.3730769230769231,142,71,126
236,0.578125,0.22395833333333334,0.34375,35.509746,35.249394,48.081608,0.891566265060241,0.9733333333333334,0.9693486590038314,111,43,66,0.7904761904761904,0.7714285714285715,0.7619047619047619,5.169271539682544,7.363302222222224,7.094455,0.0,0.061224489795918366,0.0,83,81,80,0.6896551724137931,0.3497536945812808,0.5911330049261084,1.722055,2.48821,2.157198,0.11059907834101383,0.7922077922077922,0.388,140,71,120
237,0.5833333333333334,0.22395833333333334,0.34375,36.12982233333333,35.296309,50.267666,0.893491124260355,0.9764309764309764,0.9802371541501976,112,43,66,0.7619047619047619,0.7619047619047619,0.7619047619047619,5.640153000000003,6.848200936507938,6.894241,0.0,0.08695652173913043,0.0,80,80,80,0.6748768472906403,0.33497536945812806,0.6206896551724138,1.756745,2.440845,2.160087,0.11059907834101383,0.7980769230769231,0.359375,137,68,126
238,0.578125,0.22395833333333334,0.34375,37.708054,36.057549333333334,48.1224,0.9005847953216374,0.9730639730639731,0.9728682170542635,111,43,66,0.7428571428571429,0.7333333333333333,0.7523809523809524,5.732200888888894,6.932540904761907,7.445672,0.0,0.07865168539325842,0.0,78,77,79,0.6551724137931034,0.3497536945812808,0.5960591133004927,1.686667,2.479769,2.159281,0.10138248847926268,0.7968253968253968,0.3715415019762846,133,71,121
239,0.5833333333333334,0.22395833333333334,0.34375,39.188497,36.82612,53.661133,0.9096385542168675,0.9830508474576272,0.9762845849802372,112,43,66,0.7523809523809524,0.7428571428571429,0.7619047619047619,5.645904571428576,7.156743000000002,7.327559,0.0,0.05154639175257732,0.0,79,78,80,0.6600985221674877,0.35467980295566504,0.5763546798029556,1.682372,2.429785,2.104451,0.0995260663507109,0.7993527508090615,0.3779527559055118,134,72,117
240,0.578125,0.22395833333333334,0.34375,36.354581,35.398362,50.39029,0.9221556886227545,0.9764309764309764,0.9692307692307692,111,43,66,0.7428571428571429,0.780952380952381,0.7714285714285715,5.331869000000004,6.941698111111114,7.411841,0.0,0.08823529411764706,0.0,78,82,81,0.6699507389162561,0.3448275862068966,0.5615763546798029,1.674498,2.506411,2.008896,0.07981220657276995,0.8063492063492064,0.36153846153846153,136,70,114
241,0.5885416666666666,0.2708333333333333,0.3958333333333333,37.8725,37.037763,52.379247,0.8830409356725146,0.9283387622149837,0.9536679536679536,113,52,76,0.7523809523809524,0.7428571428571429,0.7523809523809524,5.5026338888888935,6.605014253968256,7.384636,0.0,0.07777777777777778,0.0,79,78,79,0.6650246305418719,0.4039408866995074,0.5862068965517241,1.599098,2.540519,1.963948,0.04716981132075472,0.7701863354037267,0.3445692883895131,135,82,119
242,0.6197916666666666,0.2760416666666667,0.3958333333333333,40.072625666666674,43.030897666666675,54.173762,0.8819875776397516,0.9605734767025089,0.9700854700854701,119,53,76,0.7619047619047619,0.7428571428571429,0.7428571428571429,5.3978791111111155,7.207653333333336,7.327524,0.0,0.05102040816326531,0.0,80,78,78,0.6650246305418719,0.4187192118226601,0.6206896551724138,1.602527,2.600196,1.978502,0.07109004739336493,0.7326732673267327,0.31086142322097376,135,85,126
243,0.6302083333333334,0.2760416666666667,0.3958333333333333,40.97609366666667,41.60132,56.343374,0.813953488372093,0.9706959706959707,0.9742489270386266,121,53,76,0.7428571428571429,0.8,0.7333333333333333,5.298989571428576,7.095086428571431,7.595661,0.0,0.05102040816326531,0.010101010101010102,78,84,77,0.6847290640394089,0.42857142857142855,0.6600985221674877,1.606511,2.642407,1.995578,0.07981220657276995,0.7226027397260274,0.2857142857142857,139,87,134
244,0.6354166666666666,0.2760416666666667,0.3958333333333333,39.43247800000001,39.829214333333326,51.205401,0.9038461538461539,0.9747292418772563,0.9574468085106383,122,53,76,0.7238095238095238,0.780952380952381,0.7428571428571429,5.086974888888894,6.334416031746033,7.493792,0.0,0.031578947368421054,0.010101010101010102,76,82,78,0.6798029556650246,0.4433497536945813,0.6748768472906403,1.615594,2.768747,2.100378,0.08133971291866028,0.7190635451505016,0.264,138,90,137
245,0.6145833333333334,0.2760416666666667,0.3958333333333333,39.209949666666674,39.203384,53.629076,0.9006622516556292,0.9577464788732394,0.9785407725321889,118,53,76,0.7523809523809524,0.7714285714285715,0.7619047619047619,5.352332888888894,7.037957460317463,7.467771,0.0,0.03529411764705882,0.0,79,81,80,0.6847290640394089,0.4433497536945813,0.6748768472906403,1.634789,2.703323,2.114159,0.07246376811594203,0.7050847457627119,0.24789915966386555,139,90,137
246,0.6354166666666666,0.2760416666666667,0.3958333333333333,39.82415766666667,40.544769,51.221935,0.8395061728395061,0.950354609929078,0.95,122,53,76,0.780952380952381,0.819047619047619,0.7619047619047619,5.043658000000005,7.538338571428572,7.361608,0.019230769230769232,0.041237113402061855,0.0,82,86,80,0.6995073891625616,0.43842364532019706,0.6798029556650246,1.617114,2.730418,2.142139,0.04411764705882353,0.7027972027972028,0.24267782426778242,142,89,138
247,0.625,0.2760416666666667,0.3958333333333333,38.73687433333333,39.01135933333333,50.475881,0.8888888888888888,0.9577464788732394,0.9869565217391304,120,53,76,0.7428571428571429,0.8,0.7619047619047619,5.3545503333333375,6.908077793650796,7.479088,0.00980392156862745,0.010309278350515464,0.0,78,84,80,0.7044334975369458,0.4482758620689655,0.6798029556650246,1.655506,2.719563,2.20193,0.05365853658536585,0.6996587030716723,0.23529411764705882,143,91,138
248,0.6354166666666666,0.2760416666666667,0.390625,36.475674,41.177953,52.751159,0.8726114649681529,0.9647887323943662,0.9700854700854701,122,53,75,0.7238095238095238,0.7714285714285715,0.7619047619047619,5.271555111111116,7.344172571428575,7.713026,0.02912621359223301,0.01098901098901099,0.0,76,81,80,0.6896551724137931,0.4482758620689655,0.6995073891625616,1.671971,2.755096,2.090688,0.07246376811594203,0.7123745819397993,0.22950819672131148,140,91,142
249,0.6354166666666666,0.2708333333333333,0.390625,36.502985,41.756301,49.484492333333336,0.9315068493150684,0.9785714285714285,0.9333333333333333,122,52,75,0.7238095238095238,0.780952380952381,0.7619047619047619,4.839763000000005,6.673463111111114,7.605498,0.018691588785046728,0.01020408163265306,0.0,76,82,80,0.6995073891625616,0.4433497536945813,0.7192118226600985,1.669191,2.741564,2.098797,0.061611374407582936,0.7048611111111112,0.2231404958677686,142,90,146
250,0.6302083333333334,0.2760416666666667,0.390625,38.83970000000001,42.062751,52.148597,0.8701298701298701,0.974910394265233,0.961038961038961,121,53,75,0.7238095238095238,0.7238095238095238,0.7619047619047619,5.069448428571433,6.664950238095241,7.454105,0.009615384615384616,0.0,0.0,76,76,80,0.6945812807881774,0.4433497536945813,0.7389162561576355,1.699566,2.755427,2.092244,0.06220095693779904,0.698961937716263,0.24896265560165975,141,90,150
251,0.6354166666666666,0.2760416666666667,0.390625,39.560641000000004,41.446637,54.281442,0.8625,0.9543859649122807,0.9652173913043478,122,53,75,0.7523809523809524,0.7238095238095238,0.7619047619047619,4.912217666666671,6.810620111111112,7.346256,0.019230769230769232,0.02247191011235955,0.0,79,76,80,0.6847290640394089,0.4482758620689655,0.7339901477832512,1.671729,2.69907,2.101558,0.0297029702970297,0.6936026936026936,0.23706896551724138,139,91,149
252,0.6354166666666666,0.2760416666666667,0.390625,39.98114600000001,41.263252,53.354082,0.8766233766233766,0.951048951048951,0.9608695652173913,122,53,75,0.7523809523809524,0.7904761904761904,0.7619047619047619,4.831623111111115,6.864108428571431,7.518861,0.009900990099009901,0.01,0.0,79,83,80,0.6896551724137931,0.4433497536945813,0.7192118226600985,1.653038,2.744916,2.172429,0.029850746268656716,0.7118055555555556,0.22270742358078602,140,90,146
253,0.6302083333333334,0.2760416666666667,0.3958333333333333,39.87836800000001,41.710647,54.974006,0.8979591836734694,0.9855072463768116,0.9696969696969697,121,53,76,0.7428571428571429,0.7619047619047619,0.7523809523809524,4.964961571428576,7.254964682539685,7.656652,0.009900990099009901,0.0,0.0,78,80,79,0.6995073891625616,0.4482758620689655,0.7044334975369458,1.671283,2.736713,2.144888,0.043478260869565216,0.7237762237762237,0.23829787234042554,142,91,143
254,0.625,0.2760416666666667,0.3958333333333333,39.168386000000005,43.889309,53.432927,0.8782051282051282,0.9711191335740073,0.9737991266375546,120,53,76,0.7333333333333333,0.8095238095238095,0.7523809523809524,4.889842000000006,7.199513222222224,7.537396,0.009708737864077669,0.0,0.0,77,85,79,0.7093596059113301,0.4482758620689655,0.6748768472906403,1.736835,2.782636,2.245847,0.04830917874396135,0.7253521126760564,0.24050632911392406,144,91,137
255,0.625,0.2916666666666667,0.421875,41.47415500000001,43.039259,52.845764,0.8598726114649682,0.9611307420494699,0.940677966101695,120,56,81,0.7428571428571429,0.8095238095238095,0.7714285714285715,4.981524000000006,7.010063444444446,7.000514,0.009708737864077669,0.0,0.0,78,85,81,0.7044334975369458,0.458128078817734,0.6600985221674877,1.749249,2.774704,2.096872,0.04926108374384237,0.7137931034482758,0.23770491803278687,143,93,134
256,0.65625,0.3020833333333333,0.4166666666666667,43.42268933333334,44.727903,55.273122,0.8490566037735849,0.9598540145985401,0.972972972972973,126,58,80,0.7523809523809524,0.780952380952381,0.7714285714285715,5.4553076666666716,7.407090444444446,6.922246,0.009615384615384616,0.03296703296703297,0.0,79,82,81,0.729064039408867,0.4729064039408867,0.6650246305418719,1.774418,2.787727,2.102564,0.05714285714285714,0.7373737373737373,0.24701195219123506,148,96,135
257,0.65625,0.3020833333333333,0.4166666666666667,40.377476666666674,44.363033,57.581571,0.9020979020979021,0.9708029197080292,0.9563318777292577,126,58,80,0.7047619047619048,0.8,0.780952380952381,4.877455428571434,8.10181531746032,7.466178,0.0,0.02127659574468085,0.010869565217391304,74,84,82,0.7192118226600985,0.4630541871921182,0.6551724137931034,1.799927,2.821667,2.031389,0.0594059405940594,0.7437722419928826,0.24497991967871485,146,94,133
258,0.6614583333333334,0.3020833333333333,0.421875,42.121639666666674,42.94397,54.293185,0.8461538461538461,0.9736842105263158,0.956140350877193,127,58,81,0.7142857142857143,0.780952380952381,0.780952380952381,5.179764761904766,7.538383984126986,6.892795,0.0,0.04081632653061224,0.01098901098901099,75,82,82,0.7093596059113301,0.45320197044334976,0.6354679802955665,1.840532,2.810611,2.035858,0.06467661691542288,0.7237762237762237,0.22633744855967078,144,92,129
259,0.6666666666666666,0.3020833333333333,0.421875,42.12496800000001,43.624601,52.053514,0.8873239436619719,0.9701492537313433,0.9646017699115044,128,58,81,0.7238095238095238,0.7333333333333333,0.7714285714285715,5.573233777777784,7.030879333333336,7.349239,0.0,0.03125,0.0,76,77,81,0.7339901477832512,0.458128078817734,0.6502463054187192,1.797215,2.810619,2.043773,0.04739336492890995,0.7111913357400722,0.22540983606557377,149,93,132
260,0.65625,0.3020833333333333,0.421875,41.848119333333344,44.931206,56.017373,0.8992805755395683,0.9635036496350365,0.954954954954955,126,58,81,0.7428571428571429,0.7523809523809524,0.7714285714285715,5.601514682539687,7.6681952222222245,7.404436,0.0,0.021052631578947368,0.0,78,79,81,0.7438423645320197,0.4630541871921182,0.6748768472906403,1.81263,2.839461,2.047186,0.0392156862745098,0.7111913357400722,0.18565400843881857,151,94,137
261,0.65625,0.296875,0.421875,42.04608000000001,43.877514,56.167961,0.8523489932885906,0.9535714285714286,0.9730941704035875,126,57,81,0.7714285714285715,0.7333333333333333,0.7714285714285715,5.431062428571432,7.747008571428573,7.154432,0.0,0.010416666666666666,0.0,81,77,81,0.7093596059113301,0.4729064039408867,0.6995073891625616,1.80641,2.840731,2.073036,0.05472636815920398,0.6970802919708029,0.1829787234042553,144,96,142
262,0.6510416666666666,0.3020833333333333,0.4166666666666667,44.15749900000001,41.995145,54.540196,0.8904109589041096,0.9705882352941176,0.947136563876652,125,58,80,0.7619047619047619,0.7428571428571429,0.7714285714285715,5.328139428571433,7.196690761904763,7.133503,0.0,0.041666666666666664,0.0,80,78,81,0.7142857142857143,0.47783251231527096,0.6995073891625616,1.819186,2.811345,2.042466,0.03015075376884422,0.6996336996336996,0.200836820083682,145,97,142
263,0.65625,0.3020833333333333,0.421875,44.82650266666667,40.613171,57.876266,0.8698630136986302,0.946236559139785,0.9649122807017544,126,58,81,0.7714285714285715,0.7714285714285715,0.7619047619047619,5.342889000000006,7.545755460317461,7.669596,0.0,0.010416666666666666,0.0,81,81,80,0.7093596059113301,0.4729064039408867,0.7192118226600985,1.802431,2.858516,2.066218,0.03940886699507389,0.6923076923076923,0.17391304347826086,144,96,146
264,0.6666666666666666,0.3020833333333333,0.421875,41.39613800000001,42.023493,55.19562,0.847682119205298,0.9775280898876404,0.9647577092511013,128,58,81,0.7714285714285715,0.8,0.7523809523809524,5.901198000000005,7.838806444444446,7.399352,0.009259259259259259,0.010309278350515464,0.0,81,84,79,0.6896551724137931,0.4729064039408867,0.7093596059113301,1.807238,2.925668,2.039824,0.045,0.6765799256505576,0.1794871794871795,140,96,144
265,0.6458333333333334,0.3020833333333333,0.4166666666666667,41.92170766666667,42.769754,54.820278,0.8913043478260869,0.9771863117870723,0.960352422907489,124,58,80,0.7714285714285715,0.7714285714285715,0.7619047619047619,5.2095081111111154,7.374453095238097,7.636804,0.009345794392523364,0.02197802197802198,0.0,81,81,80,0.6798029556650246,0.4827586206896552,0.7044334975369458,1.827076,2.917032,1.980191,0.04455445544554455,0.6716417910447762,0.17672413793103448,138,98,143
266,0.6354166666666666,0.3177083333333333,0.4427083333333333,44.60977966666667,43.947697,55.932245,0.8775510204081632,0.948339483394834,0.9422222222222222,122,61,85,0.7714285714285715,0.7619047619047619,0.7619047619047619,5.395353777777782,7.389361793650797,7.559265,0.0,0.011111111111111112,0.0,81,80,80,0.7044334975369458,0.47783251231527096,0.7142857142857143,1.778921,2.92986,1.999893,0.015,0.6793893129770993,0.15625,143,97,145
267,0.6822916666666666,0.328125,0.4427083333333333,44.022425000000005,44.869932,59.884991,0.7894736842105263,0.9692307692307692,0.9409090909090909,131,63,85,0.7904761904761904,0.7333333333333333,0.7523809523809524,5.116108888888894,7.3280058888888915,7.555293,0.009708737864077669,0.021739130434782608,0.0,83,77,79,0.7142857142857143,0.4876847290640394,0.6995073891625616,1.842497,2.930811,1.991191,0.02,0.6550387596899225,0.18565400843881857,145,99,142
268,0.6822916666666666,0.328125,0.4375,40.31448066666667,43.082811,60.658873,0.855072463768116,0.9615384615384616,0.9583333333333334,131,63,84,0.7904761904761904,0.6857142857142857,0.7523809523809524,5.206684682539686,7.299314761904765,7.629428,0.0,0.030612244897959183,0.0,83,72,79,0.7044334975369458,0.4876847290640394,0.6995073891625616,1.719856,2.895571,2.014035,0.024630541871921183,0.6718146718146718,0.14473684210526316,143,99,142
269,0.6822916666666666,0.328125,0.4427083333333333,42.16246100000001,42.037333,59.06844,0.8421052631578947,0.9540229885057471,0.958904109589041,131,63,85,0.8095238095238095,0.7238095238095238,0.7428571428571429,4.954125000000006,7.671385000000002,7.882705,0.0,0.010416666666666666,0.0,85,76,78,0.6995073891625616,0.47783251231527096,0.6995073891625616,1.718439,2.918415,2.034236,0.01485148514851485,0.660377358490566,0.1504424778761062,142,97,142
270,0.6770833333333334,0.3229166666666667,0.4479166666666667,44.66261633333333,41.937754,55.650622,0.8270676691729323,0.9801587301587301,0.9627906976744186,130,62,86,0.8095238095238095,0.7619047619047619,0.7428571428571429,5.227274000000006,8.003004111111114,7.740274,0.0,0.010752688172043012,0.0,85,80,78,0.7044334975369458,0.47783251231527096,0.6798029556650246,1.724842,2.924473,2.03979,0.010101010101010102,0.6576923076923077,0.13392857142857142,143,97,138
271,0.6770833333333334,0.328125,0.4479166666666667,44.86873500000001,42.593004,55.443764,0.8283582089552238,0.9616858237547893,0.9452054794520548,130,63,86,0.8,0.7523809523809524,0.7428571428571429,4.977218682539687,7.940662111111114,7.528453,0.0,0.011363636363636364,0.0,84,79,78,0.6896551724137931,0.46798029556650245,0.6896551724137931,1.769613,2.953997,2.064179,0.01015228426395939,0.6539923954372624,0.14473684210526316,140,95,140
272,0.6614583333333334,0.328125,0.4479166666666667,46.88760533333333,41.728448,57.093803,0.8321167883211679,0.9573643410852714,0.9624413145539906,127,63,86,0.7714285714285715,0.7714285714285715,0.7428571428571429,5.0741451111111155,8.037261682539684,7.171944,0.0,0.010309278350515464,0.0,81,81,78,0.6945812807881774,0.46798029556650245,0.6748768472906403,1.755769,2.960947,2.076686,0.005050505050505051,0.6578947368421053,0.1572052401746725,141,95,137
273,0.6770833333333334,0.3229166666666667,0.4427083333333333,45.399713000000006,44.571123,63.133968,0.7906976744186046,0.9576923076923077,0.9620853080568721,130,62,85,0.780952380952381,0.7904761904761904,0.7523809523809524,5.072894888888894,7.961476222222225,7.875039,0.0,0.0,0.0,82,83,79,0.7192118226600985,0.4729064039408867,0.6600985221674877,1.761697,2.908058,2.164433,0.009708737864077669,0.6544117647058824,0.16521739130434782,146,96,134
274,0.6822916666666666,0.328125,0.4479166666666667,45.76777066666667,43.98969266666666,59.286219,0.8549618320610687,0.9653846153846154,0.9459459459459459,131,63,86,0.7904761904761904,0.7333333333333333,0.7523809523809524,5.229564095238101,7.958553793650797,7.610333,0.0,0.0,0.0,83,77,79,0.7044334975369458,0.4729064039408867,0.6699507389162561,1.758678,2.9394,2.135852,0.00510204081632653,0.6578947368421053,0.14473684210526316,143,96,136
275,0.6875,0.328125,0.4427083333333333,42.255598000000006,41.140629,58.047164,0.8235294117647058,0.9693486590038314,0.9583333333333334,132,63,85,0.8,0.7238095238095238,0.7523809523809524,4.750961650793656,7.758554555555558,7.625126,0.0,0.0,0.0,84,76,79,0.6995073891625616,0.47783251231527096,0.6748768472906403,1.733742,2.923731,2.113223,0.005076142131979695,0.6703296703296703,0.1572052401746725,142,97,137
276,0.671875,0.328125,0.4427083333333333,46.242163000000005,42.821773,59.296643,0.848,0.9583333333333334,0.967741935483871,129,63,85,0.780952380952381,0.7142857142857143,0.7523809523809524,4.757533000000006,7.8660245555555575,8.212435,0.0,0.0,0.0,82,75,79,0.6896551724137931,0.47783251231527096,0.6699507389162561,1.784755,2.89352,2.142087,0.014925373134328358,0.6642599277978339,0.16521739130434782,140,97,136
277,0.6875,0.328125,0.4479166666666667,44.95803500000001,44.023059,58.010572,0.8307692307692308,0.9692307692307692,0.9532710280373832,132,63,86,0.7523809523809524,0.7142857142857143,0.7523809523809524,4.997336142857147,8.026368539682542,8.002557,0.0,0.0,0.0,79,75,79,0.6847290640394089,0.4876847290640394,0.6650246305418719,1.782052,2.977354,2.184062,0.01,0.6630434782608695,0.18376068376068377,139,99,135
278,0.6770833333333334,0.328125,0.4479166666666667,47.530919000000004,41.813058,58.000596,0.8145161290322581,0.9691119691119691,0.958139534883721,130,63,86,0.7904761904761904,0.7428571428571429,0.7523809523809524,5.005387238095243,7.776942888888891,7.999887,0.0,0.0,0.0,83,78,79,0.6847290640394089,0.46798029556650245,0.6896551724137931,1.822744,2.95843,2.24271,0.009950248756218905,0.6618181818181819,0.16595744680851063,139,95,140
279,0.6666666666666666,0.3229166666666667,0.4479166666666667,48.500761000000004,41.646804,58.599986,0.8861788617886179,0.9725490196078431,0.9716981132075472,128,62,86,0.7714285714285715,0.7333333333333333,0.7428571428571429,5.6514096507936555,7.460884428571431,7.657191,0.0,0.0,0.0,81,77,78,0.6945812807881774,0.47783251231527096,0.6847290640394089,1.781042,2.946038,2.256495,0.01485148514851485,0.643598615916955,0.1724137931034483,141,97,139
280,0.6614583333333334,0.328125,0.4479166666666667,47.80636866666667,43.834008,58.058363,0.823076923076923,0.968503937007874,0.9671361502347418,127,63,86,0.7619047619047619,0.7333333333333333,0.7619047619047619,5.633130682539687,7.854823015873018,7.535578,0.0,0.0,0.0,80,77,80,0.6748768472906403,0.46798029556650245,0.6945812807881774,1.760883,2.94581,2.314678,0.02564102564102564,0.6485507246376812,0.1608695652173913,137,95,141
281,0.6875,0.328125,0.4479166666666667,46.19968300000001,44.604163,57.123809,0.7535211267605634,0.9688715953307393,0.9461883408071748,132,63,86,0.780952380952381,0.7428571428571429,0.7523809523809524,5.220816000000005,7.587638333333336,7.730174,0.0,0.0,0.0,82,78,79,0.6896551724137931,0.46798029556650245,0.6847290640394089,1.763937,2.947625,2.239,0.029411764705882353,0.6581818181818182,0.17105263157894737,140,95,139
282,0.6666666666666666,0.3229166666666667,0.4322916666666667,47.032445333333335,42.838097,56.207553,0.8991596638655462,0.98046875,0.9624413145539906,128,62,83,0.7428571428571429,0.7333333333333333,0.7142857142857143,4.497085888888894,8.065033111111115,7.334672,0.0,0.0,0.0,78,77,75,0.6699507389162561,0.46798029556650245,0.6600985221674877,1.733095,2.921513,2.259684,0.03571428571428571,0.6555555555555556,0.19911504424778761,136,95,134
283,0.6614583333333334,0.3177083333333333,0.421875,45.022540000000006,43.515625,57.263143,0.781021897810219,0.9688715953307393,0.9856459330143541,127,61,81,0.7333333333333333,0.6952380952380952,0.6666666666666666,4.777575111111116,8.573983555555557,7.494341,0.0,0.0,0.0,77,73,70,0.6600985221674877,0.46798029556650245,0.645320197044335,1.760665,2.949267,2.303277,0.021052631578947368,0.640926640926641,0.18385650224215247,134,95,131
284,0.6614583333333334,0.3177083333333333,0.4114583333333333,47.33962433333333,41.299313,58.630351,0.832,0.9760956175298805,0.9719626168224299,127,61,79,0.7428571428571429,0.6666666666666666,0.6761904761904762,4.4888110000000045,7.345342111111114,7.9147,0.0,0.0,0.0,78,70,71,0.6699507389162561,0.47783251231527096,0.6403940886699507,1.717375,2.85522,2.344969,0.03125,0.6339622641509434,0.18552036199095023,136,97,130
285,0.6458333333333334,0.3177083333333333,0.421875,46.38947766666667,43.51125,58.313279,0.8916666666666667,0.9575289575289575,0.9495412844036697,124,61,81,0.7238095238095238,0.6952380952380952,0.6666666666666666,4.834863333333338,7.084079682539684,7.836111,0.0,0.0,0.0,76,73,70,0.6600985221674877,0.4827586206896552,0.6551724137931034,1.758834,2.817841,2.276392,0.016042780748663103,0.6425855513307985,0.15315315315315314,134,98,133
286,0.6354166666666666,0.3177083333333333,0.421875,44.829463000000004,43.340203,59.748376,0.816793893129771,0.9721115537848606,0.9806763285024155,122,61,81,0.7142857142857143,0.6952380952380952,0.6761904761904762,5.249222571428575,7.7598046507936544,7.800784,0.0,0.0,0.0,75,73,71,0.6600985221674877,0.4876847290640394,0.6699507389162561,1.718831,2.884799,2.360312,0.015789473684210527,0.6423076923076924,0.18018018018018017,134,99,136
287,0.6614583333333334,0.3177083333333333,0.421875,47.74121900000001,43.851557,57.268551,0.8161764705882353,0.968503937007874,0.9663461538461539,127,61,81,0.7047619047619048,0.6761904761904762,0.6952380952380952,4.6561591111111165,7.400298000000004,7.605246,0.0,0.0,0.024096385542168676,74,71,73,0.6600985221674877,0.4827586206896552,0.6748768472906403,1.687668,2.875029,2.493129,0.03571428571428571,0.631578947368421,0.17972350230414746,134,98,137
288,0.6614583333333334,0.3177083333333333,0.421875,48.72100233333334,45.428738,55.410578,0.8842975206611571,0.9722222222222222,0.9622641509433962,127,61,81,0.6857142857142857,0.6571428571428571,0.7142857142857143,5.150167000000005,7.15069077777778,7.722562,0.0,0.0,0.04819277108433735,72,69,75,0.6748768472906403,0.4827586206896552,0.6600985221674877,1.69406,2.816996,2.481268,0.02631578947368421,0.631578947368421,0.11330049261083744,137,98,134
289,0.6666666666666666,0.3177083333333333,0.421875,48.677472333333334,44.84204,56.311991,0.8142857142857143,0.9571984435797666,0.9902912621359223,128,61,81,0.7142857142857143,0.6952380952380952,0.7142857142857143,5.349752111111116,7.5033893333333355,7.307073,0.0,0.010869565217391304,0.04878048780487805,75,73,75,0.6847290640394089,0.4729064039408867,0.6650246305418719,1.762011,2.866999,2.462624,0.020833333333333332,0.6174242424242424,0.12796208530805686,139,96,135
290,0.6666666666666666,0.3177083333333333,0.421875,48.23457500000001,44.433873,55.46402,0.8306451612903226,0.9723320158102767,0.9398148148148148,128,61,81,0.7428571428571429,0.7333333333333333,0.7142857142857143,5.3659010000000045,7.5899480000000015,7.763684,0.0,0.0,0.058823529411764705,78,77,75,0.6945812807881774,0.49261083743842365,0.6551724137931034,1.695613,2.836541,2.455865,0.0053475935828877,0.6176470588235294,0.13270142180094788,141,100,133
291,0.65625,0.3125,0.421875,48.16682800000001,45.202807,55.778628,0.8421052631578947,0.9647058823529412,0.9714285714285714,126,60,81,0.7333333333333333,0.7333333333333333,0.7142857142857143,5.362266888888894,8.056233111111112,8.283888,0.0,0.0,0.07954545454545454,77,77,75,0.6847290640394089,0.5270935960591133,0.6699507389162561,1.692716,2.836417,2.482804,0.01639344262295082,0.6190476190476191,0.10576923076923077,139,107,136
292,0.6510416666666666,0.3177083333333333,0.4166666666666667,50.30839600000001,44.717941,60.503834,0.8699186991869918,0.9610894941634242,0.9541284403669725,125,61,80,0.7238095238095238,0.7523809523809524,0.7238095238095238,5.209096000000005,7.044456158730161,8.154977,0.0,0.0,0.03614457831325301,76,79,76,0.6847290640394089,0.5320197044334976,0.6699507389162561,1.687718,2.820266,2.43541,0.042328042328042326,0.6283524904214559,0.14084507042253522,139,108,136
293,0.6510416666666666,0.3177083333333333,0.3958333333333333,51.215956000000006,42.799377,58.828877,0.8473282442748091,0.9676113360323887,0.9619047619047619,125,61,76,0.7047619047619048,0.6761904761904762,0.6952380952380952,5.4842865714285765,7.652209222222224,8.271103,0.0,0.0,0.02564102564102564,74,71,73,0.6650246305418719,0.5221674876847291,0.6108374384236454,1.651292,2.868182,2.500467,0.011049723756906077,0.6031746031746031,0.11794871794871795,135,106,124
294,0.6458333333333334,0.3125,0.3802083333333333,49.592823333333335,44.401528,58.380396,0.7647058823529411,0.9683257918552036,0.9707317073170731,124,60,73,0.6761904761904762,0.6761904761904762,0.6952380952380952,5.776814777777783,7.976872111111113,7.856496,0.0,0.0,0.024390243902439025,71,71,73,0.6403940886699507,0.5024630541871922,0.5960591133004927,1.634925,2.854752,2.457444,0.03571428571428571,0.583710407239819,0.1368421052631579,130,102,121
295,0.65625,0.3125,0.375,46.29533500000001,44.894199,58.462908,0.8529411764705882,0.9642857142857143,0.9897435897435898,126,60,72,0.6571428571428571,0.6952380952380952,0.7047619047619048,5.346212428571433,7.742359650793653,7.970112,0.0,0.011363636363636364,0.05952380952380952,69,73,74,0.6600985221674877,0.5073891625615764,0.6009852216748769,1.635015,2.876202,2.562145,0.03409090909090909,0.5905172413793104,0.14583333333333334,134,103,122
296,0.65625,0.3125,0.375,45.73723700000001,44.333929,57.730036,0.8130841121495327,0.9726027397260274,0.9512195121951219,126,60,72,0.6571428571428571,0.7142857142857143,0.6857142857142857,5.441483682539687,7.949781222222226,8.054776,0.0,0.01098901098901099,0.037037037037037035,69,75,72,0.6502463054187192,0.5073891625615764,0.6059113300492611,1.618966,2.887824,2.504161,0.03636363636363636,0.5738396624472574,0.11229946524064172,132,103,123
297,0.6458333333333334,0.3072916666666667,0.375,46.77680900000001,46.705255,58.088546,0.8518518518518519,0.9475982532751092,0.9601990049751243,124,59,72,0.6476190476190476,0.6857142857142857,0.6666666666666666,5.539245428571434,7.740023412698416,8.087557,0.0,0.012658227848101266,0.012658227848101266,68,72,70,0.645320197044335,0.5221674876847291,0.5911330049261084,1.756641,2.863477,2.511894,0.05263157894736842,0.5853658536585366,0.13513513513513514,131,106,120
298,0.6197916666666666,0.3020833333333333,0.375,50.82460100000001,43.739842,56.254847,0.8018018018018018,0.9690265486725663,0.9698492462311558,119,58,72,0.638095238095238,0.6952380952380952,0.6571428571428571,5.616681571428575,8.107841333333337,8.064213,0.0,0.0,0.011363636363636364,67,73,69,0.6403940886699507,0.5270935960591133,0.5812807881773399,1.673964,2.875334,2.512259,0.09195402298850575,0.5875,0.14736842105263157,130,107,118
299,0.6510416666666666,0.3020833333333333,0.3697916666666667,52.061026000000005,43.275301,58.138853,0.7857142857142857,0.9699570815450643,0.9512195121951219,125,58,71,0.638095238095238,0.6952380952380952,0.6666666666666666,5.5018810000000045,8.575202111111114,7.972336,0.0,0.011904761904761904,0.011235955056179775,67,73,70,0.6403940886699507,0.5073891625615764,0.5763546798029556,1.7449,2.914794,2.496366,0.09550561797752809,0.611353711790393,0.15263157894736842,130,103,117
300,0.65625,0.3020833333333333,0.3645833333333333,49.208263333333335,42.011543,62.36687,0.8269230769230769,0.9617021276595744,0.9754901960784313,126,58,70,0.638095238095238,0.6857142857142857,0.6761904761904762,5.758449000000005,8.282441968253972,7.852188,0.0,0.0,0.011363636363636364,67,72,71,0.6502463054187192,0.5073891625615764,0.5911330049261084,1.684751,2.938521,2.448003,0.10752688172043011,0.5780590717299579,0.1836734693877551,132,103,120
301,0.625,0.3020833333333333,0.375,48.75986466666667,43.981964,62.091004,0.8640776699029126,0.9742489270386266,0.9441860465116279,120,58,72,0.6190476190476191,0.6666666666666666,0.6761904761904762,5.137365000000004,8.15030996825397,7.65211,0.0,0.0,0.011363636363636364,65,70,71,0.6009852216748769,0.5221674876847291,0.5911330049261084,1.652855,2.991962,2.464738,0.1005586592178771,0.5800865800865801,0.15706806282722513,122,106,120
302,0.65625,0.3020833333333333,0.375,49.51729900000001,42.329722,58.759544,0.8130841121495327,0.9782608695652174,0.9615384615384616,126,58,72,0.6,0.6571428571428571,0.6761904761904762,5.370631000000005,8.616397301587304,7.722339,0.0,0.0,0.02247191011235955,63,69,71,0.5960591133004927,0.5073891625615764,0.5862068965517241,1.742274,3.128598,2.46748,0.0989010989010989,0.5746606334841629,0.125,121,103,119
303,0.65625,0.3020833333333333,0.375,47.234069000000005,42.25783,57.280669,0.8018867924528302,0.9661016949152542,0.9609756097560975,126,58,72,0.6190476190476191,0.6476190476190476,0.6761904761904762,5.031315142857148,7.79045274603175,7.90941,0.0,0.0,0.033707865168539325,65,68,71,0.5665024630541872,0.5024630541871922,0.5960591133004927,1.751679,3.130003,2.398109,0.06857142857142857,0.5695652173913044,0.1518324607329843,115,102,121
304,0.6458333333333334,0.3020833333333333,0.375,49.948916000000004,43.305406,59.851111,0.7941176470588235,0.9574468085106383,0.9805825242718447,124,58,72,0.638095238095238,0.6761904761904762,0.6761904761904762,6.2033100000000045,8.01380674603175,7.85535,0.0,0.0,0.03296703296703297,67,71,71,0.5517241379310345,0.5123152709359606,0.6108374384236454,1.715015,3.039544,2.424758,0.04519774011299435,0.5517241379310345,0.12834224598930483,112,104,124
305,0.6458333333333334,0.3020833333333333,0.3697916666666667,54.96713700000001,43.811416,57.446947,0.8269230769230769,0.9615384615384616,0.9530516431924883,124,58,71,0.638095238095238,0.6761904761904762,0.6761904761904762,5.271628000000005,7.8419603968253995,7.890901,0.0,0.0,0.011111111111111112,67,71,71,0.5566502463054187,0.5172413793103449,0.6009852216748769,1.714655,2.990378,2.423888,0.06486486486486487,0.5720164609053497,0.125,113,105,122
306,0.640625,0.3020833333333333,0.375,53.436710000000005,45.072597,58.821373,0.8333333333333334,0.9826839826839827,0.9620853080568721,123,58,72,0.6285714285714286,0.6571428571428571,0.6761904761904762,5.669118428571433,7.752796936507939,7.939195,0.0,0.0,0.02197802197802198,66,69,71,0.5615763546798029,0.5123152709359606,0.6059113300492611,1.647964,3.017033,2.433753,0.06989247311827956,0.5905172413793104,0.16230366492146597,114,104,123
307,0.6458333333333334,0.3020833333333333,0.3697916666666667,51.44738900000001,43.629695,59.923956,0.8252427184466019,0.9699570815450643,0.9666666666666667,124,58,71,0.638095238095238,0.6666666666666666,0.6666666666666666,5.169551000000005,7.682133968253972,8.251415,0.0,0.0,0.022222222222222223,67,70,70,0.5615763546798029,0.5123152709359606,0.6009852216748769,1.689045,3.101385,2.462921,0.07142857142857142,0.5638766519823789,0.15789473684210525,114,104,122
308,0.6302083333333334,0.3020833333333333,0.375,50.730430000000005,44.627043,66.64266,0.7663551401869159,0.9656652360515021,0.9436619718309859,121,58,72,0.6476190476190476,0.6476190476190476,0.6571428571428571,5.293004777777782,7.942281206349211,8.362149,0.0,0.012048192771084338,0.02197802197802198,68,68,69,0.5566502463054187,0.5024630541871922,0.5862068965517241,1.645198,3.053581,2.468319,0.06077348066298342,0.5738396624472574,0.16923076923076924,113,102,119
309,0.65625,0.3020833333333333,0.375,50.58271800000001,42.473539,64.32555,0.8137254901960784,0.9533898305084746,0.9761904761904762,126,58,72,0.6285714285714286,0.7047619047619048,0.6571428571428571,5.162672000000005,8.09419796825397,7.949353,0.0,0.0,0.010752688172043012,66,74,69,0.5566502463054187,0.5024630541871922,0.5911330049261084,1.665521,3.058067,2.558653,0.06593406593406594,0.5665236051502146,0.1518324607329843,113,102,120
310,0.6510416666666666,0.296875,0.375,51.30000733333334,43.179163,62.648383,0.8252427184466019,0.9620253164556962,0.966824644549763,125,57,72,0.6285714285714286,0.6952380952380952,0.6571428571428571,5.310831000000006,7.922442079365082,7.593526,0.0,0.0,0.01098901098901099,66,73,69,0.5862068965517241,0.49261083743842365,0.5862068965517241,1.610612,3.073829,2.530637,0.078125,0.5829787234042553,0.17857142857142858,119,100,119
311,0.6458333333333334,0.3020833333333333,0.3645833333333333,49.780159000000005,42.511247,63.006847,0.8811881188118812,0.9547325102880658,0.9615384615384616,124,58,70,0.6285714285714286,0.6666666666666666,0.6476190476190476,5.103647888888895,8.015108079365081,7.385152,0.0,0.023255813953488372,0.0,66,70,68,0.5812807881773399,0.4876847290640394,0.5862068965517241,1.649383,3.029957,2.531385,0.12105263157894737,0.5550660792951542,0.16243654822335024,118,99,119
312,0.6510416666666666,0.3020833333333333,0.375,47.27646700000001,39.79323,60.709719,0.7981651376146789,0.9508196721311475,0.9627906976744186,125,58,72,0.6476190476190476,0.6666666666666666,0.6476190476190476,5.323490428571435,8.301231714285718,7.468209,0.0,0.011494252873563218,0.0,68,70,68,0.5714285714285714,0.4827586206896552,0.5862068965517241,1.670442,3.022332,2.54658,0.07142857142857142,0.5347826086956522,0.1518324607329843,116,98,119
313,0.65625,0.3020833333333333,0.375,49.501121000000005,43.167021,58.287513,0.8070175438596491,0.9831223628691983,0.9575471698113207,126,58,72,0.6571428571428571,0.6476190476190476,0.638095238095238,5.100560000000006,8.266622079365082,7.58097,0.0,0.0,0.0,69,68,67,0.5862068965517241,0.49261083743842365,0.5615763546798029,1.658151,3.071472,2.587643,0.0748663101604278,0.5319148936170213,0.16062176165803108,119,100,114
314,0.640625,0.3020833333333333,0.375,50.75988833333334,44.379835,61.899759,0.8070175438596491,0.9471544715447154,0.9406392694063926,123,58,72,0.6571428571428571,0.6476190476190476,0.638095238095238,4.670525111111117,8.63573628571429,8.180885,0.0,0.0,0.0,69,68,67,0.5812807881773399,0.47783251231527096,0.5467980295566502,1.648138,3.052309,2.586613,0.03910614525139665,0.548936170212766,0.15873015873015872,118,97,111
315,0.65625,0.3020833333333333,0.375,52.190498000000005,46.953211,63.357169,0.822429906542056,0.9705882352941176,0.957345971563981,126,58,72,0.6571428571428571,0.638095238095238,0.638095238095238,5.055522142857148,8.302180079365082,8.148038,0.0,0.0,0.0,69,67,67,0.5665024630541872,0.4876847290640394,0.5369458128078818,1.6836,3.042291,2.548808,0.03977272727272727,0.5281385281385281,0.17346938775510204,115,99,109
316,0.6458333333333334,0.3020833333333333,0.375,53.576090666666666,47.234871,61.167755,0.8640776699029126,0.9829059829059829,0.9714285714285714,124,58,72,0.6761904761904762,0.6476190476190476,0.6190476190476191,5.6885760952381,8.4515363968254,7.924031,0.0,0.0,0.0,71,68,65,0.5763546798029556,0.5024630541871922,0.5566502463054187,1.606159,3.023282,2.484659,0.028409090909090908,0.5541666666666667,0.18274111675126903,117,102,113
317,0.65625,0.3020833333333333,0.375,49.79753133333334,45.476669,61.137485,0.7787610619469026,0.9541666666666667,0.9481132075471698,126,58,72,0.6190476190476191,0.6095238095238096,0.6190476190476191,5.3040993333333395,8.04555150793651,7.792252,0.0,0.011764705882352941,0.0,65,64,65,0.6009852216748769,0.5172413793103449,0.5763546798029556,1.668839,3.027242,2.504076,0.02247191011235955,0.5579399141630901,0.19597989949748743,122,105,117
318,0.6510416666666666,0.3020833333333333,0.3697916666666667,50.745219000000006,44.688626,60.029076,0.8070175438596491,0.957983193277311,0.9569377990430622,125,58,71,0.6285714285714286,0.7047619047619048,0.6285714285714286,5.394166000000006,8.292953428571431,7.992009,0.0,0.0,0.0,66,74,66,0.5862068965517241,0.5073891625615764,0.5615763546798029,1.628251,3.068478,2.523834,0.01744186046511628,0.5921052631578947,0.22660098522167488,119,103,114
319,0.6458333333333334,0.3020833333333333,0.375,48.22817100000001,43.850395,58.000192,0.8363636363636363,0.9662447257383966,0.95260663507109,124,58,72,0.638095238095238,0.7142857142857143,0.6476190476190476,5.401245428571434,8.17694085714286,7.833698,0.0,0.0,0.0,67,75,68,0.5911330049261084,0.4975369458128079,0.5911330049261084,1.71472,3.109508,2.566868,0.011695906432748537,0.5663716814159292,0.2107843137254902,120,101,120
320,0.6302083333333334,0.3020833333333333,0.375,51.763287000000005,43.513668,56.196993,0.8558558558558559,0.9617021276595744,0.9577464788732394,121,58,72,0.6571428571428571,0.6952380952380952,0.6476190476190476,4.889394888888895,8.09055550793651,7.898296,0.0,0.011627906976744186,0.0,69,73,68,0.5763546798029556,0.4827586206896552,0.5960591133004927,1.697806,3.032885,2.528816,0.02857142857142857,0.5545851528384279,0.20689655172413793,117,98,121
321,0.65625,0.2916666666666667,0.3697916666666667,49.92137300000001,44.086387,58.840631,0.773109243697479,0.9615384615384616,0.9534883720930233,126,56,71,0.6476190476190476,0.6761904761904762,0.638095238095238,5.097830111111118,7.6605085238095265,8.090495,0.0,0.011494252873563218,0.0,68,71,67,0.5665024630541872,0.5073891625615764,0.5960591133004927,1.635569,3.082865,2.567974,0.022988505747126436,0.5443037974683544,0.205,115,103,121
322,0.6510416666666666,0.3020833333333333,0.3697916666666667,46.56046400000001,46.077219,60.58326,0.8165137614678899,0.9704641350210971,0.9620853080568721,125,58,71,0.6571428571428571,0.6952380952380952,0.6476190476190476,4.662026888888895,7.888773888888892,7.751597,0.0,0.011627906976744186,0.0,69,73,68,0.5665024630541872,0.5073891625615764,0.6157635467980296,1.586668,3.081571,2.62371,0.03954802259887006,0.559322033898305,0.215311004784689,115,103,125
323,0.65625,0.3020833333333333,0.375,47.81230000000001,42.999443,62.374395,0.8269230769230769,0.9626556016597511,0.95260663507109,126,58,72,0.6476190476190476,0.6761904761904762,0.6571428571428571,4.909565571428576,8.349483857142861,7.836133,0.0,0.011235955056179775,0.0,68,71,69,0.5714285714285714,0.5024630541871922,0.6354679802955665,1.612298,3.043719,2.686801,0.03977272727272727,0.5782608695652174,0.2300469483568075,116,102,129
324,0.6458333333333334,0.3020833333333333,0.3697916666666667,48.48847533333334,42.736837,62.624515,0.8454545454545455,0.9543568464730291,0.9758454106280193,124,58,71,0.638095238095238,0.6666666666666666,0.6476190476190476,4.825875000000005,8.065762507936512,7.848292,0.0,0.0,0.0,67,70,68,0.5812807881773399,0.5073891625615764,0.645320197044335,1.580748,3.053885,2.673506,0.022727272727272728,0.5708154506437768,0.215311004784689,118,103,131
325,0.6458333333333334,0.3020833333333333,0.375,50.70298366666667,44.092763,61.405294,0.8333333333333334,0.957983193277311,0.9577464788732394,124,58,72,0.638095238095238,0.6952380952380952,0.6476190476190476,4.527387317460323,8.201366174603177,7.836755,0.0,0.012048192771084338,0.0,67,73,68,0.5862068965517241,0.5073891625615764,0.6157635467980296,1.582241,3.021009,2.643447,0.045454545454545456,0.5617021276595745,0.18461538461538463,119,103,125
326,0.6458333333333334,0.2916666666666667,0.3697916666666667,45.46487600000001,41.137134,56.438392,0.7876106194690266,0.9829787234042553,0.9808612440191388,124,56,71,0.6285714285714286,0.6952380952380952,0.6285714285714286,4.683800222222228,8.813316761904765,7.701105,0.0,0.0,0.0,66,73,66,0.6059113300492611,0.4975369458128079,0.6403940886699507,1.580266,2.993724,2.619292,0.03888888888888889,0.6017316017316018,0.1724137931034483,123,101,130
327,0.6354166666666666,0.28125,0.3645833333333333,47.658593333333336,43.321787,56.405485,0.8888888888888888,0.967479674796748,0.9712918660287081,122,54,70,0.6095238095238096,0.6666666666666666,0.6285714285714286,4.949177000000006,8.481115079365082,7.851372,0.0,0.011627906976744186,0.011111111111111112,64,70,66,0.5960591133004927,0.49261083743842365,0.6403940886699507,1.593132,3.042401,2.645425,0.028409090909090908,0.583710407239819,0.1958762886597938,121,100,130
328,0.6510416666666666,0.2864583333333333,0.3697916666666667,50.00827966666667,40.28085914285714,56.518964,0.7622950819672131,0.9715447154471545,0.9859154929577465,125,55,71,0.6095238095238096,0.6761904761904762,0.6285714285714286,4.696405428571435,8.84398971428572,8.4669,0.0,0.011235955056179775,0.0,64,71,66,0.5960591133004927,0.5024630541871922,0.6354679802955665,1.606621,3.094743,2.596981,0.04519774011299435,0.5739910313901345,0.164021164021164,121,102,129
329,0.640625,0.2760416666666667,0.3697916666666667,45.85484400000001,39.259368,56.965485,0.7967479674796748,0.9876543209876543,0.9906976744186047,123,53,71,0.6190476190476191,0.6761904761904762,0.6095238095238096,5.350508333333339,8.761430412698415,7.785737,0.0,0.0,0.0,65,71,64,0.5960591133004927,0.49261083743842365,0.6059113300492611,1.549544,3.088578,2.618145,0.038461538461538464,0.5770925110132159,0.1746031746031746,121,100,123
330,0.6458333333333334,0.2708333333333333,0.3645833333333333,48.11795200000001,42.16726671428572,58.089862,0.7916666666666666,0.9832635983263598,0.9907407407407407,124,52,70,0.6476190476190476,0.6476190476190476,0.6095238095238096,4.949245111111117,8.656181174603178,8.145575,0.010869565217391304,0.0,0.0,68,68,64,0.6059113300492611,0.4827586206896552,0.5862068965517241,1.544802,3.066141,2.662239,0.03333333333333333,0.5745614035087719,0.18041237113402062,123,98,119
331,0.6354166666666666,0.265625,0.359375,49.18578633333333,43.13754371428572,56.791405,0.7913043478260869,0.9833333333333333,0.9728506787330317,122,51,69,0.6761904761904762,0.6476190476190476,0.6095238095238096,4.960955666666673,8.987151650793654,7.903349,0.0,0.011764705882352941,0.0,71,68,64,0.6108374384236454,0.4827586206896552,0.5862068965517241,1.52293,3.068654,2.672108,0.02824858757062147,0.5627705627705628,0.16326530612244897,124,98,119
332,0.65625,0.2708333333333333,0.359375,44.43045500000001,45.234993714285714,57.988815,0.8,0.9795081967213115,0.9771689497716894,126,52,69,0.6476190476190476,0.7047619047619048,0.6285714285714286,5.1759430000000055,8.718381079365082,8.092996,0.010752688172043012,0.0,0.0,68,74,66,0.6059113300492611,0.5024630541871922,0.5862068965517241,1.539391,3.068414,2.660769,0.028409090909090908,0.5021645021645021,0.1518324607329843,123,102,119
333,0.65625,0.2708333333333333,0.3541666666666667,45.09491033333334,45.68597271428572,56.572314285714285,0.7433628318584071,0.975103734439834,0.9814814814814815,126,52,68,0.638095238095238,0.7047619047619048,0.6095238095238096,5.4286940000000055,8.827303523809526,7.711027,0.0,0.0,0.0,67,74,64,0.5911330049261084,0.4827586206896552,0.5665024630541872,1.553157,3.027128,2.649666,0.03867403314917127,0.5319148936170213,0.14210526315789473,120,98,115
334,0.6458333333333334,0.265625,0.3489583333333333,44.10013433333334,44.861531,56.192685,0.839622641509434,0.991701244813278,0.954954954954955,124,51,67,0.6571428571428571,0.6857142857142857,0.6285714285714286,4.735261000000006,8.60123450793651,7.827531,0.0,0.0,0.0,69,72,66,0.5862068965517241,0.47783251231527096,0.5467980295566502,1.52998,3.04442,2.657877,0.0446927374301676,0.5506072874493927,0.13368983957219252,119,97,111
335,0.625,0.265625,0.3489583333333333,47.45483233333334,44.621831,56.721246,0.8220338983050848,0.9834710743801653,0.972972972972973,120,51,67,0.6571428571428571,0.6285714285714286,0.6285714285714286,4.958841888888895,8.702697396825402,7.943512,0.010752688172043012,0.0,0.0,69,66,66,0.5812807881773399,0.5024630541871922,0.541871921182266,1.540029,3.009097,2.588363,0.049723756906077346,0.5518672199170125,0.14210526315789473,118,102,110
336,0.6510416666666666,0.2604166666666667,0.3541666666666667,46.27486600000001,42.371908,57.368685,0.7833333333333333,0.9754098360655737,0.9727272727272728,125,50,68,0.6761904761904762,0.6571428571428571,0.638095238095238,5.209529317460323,8.92421885714286,7.474478,0.0,0.0,0.0,71,69,67,0.5911330049261084,0.4975369458128079,0.6059113300492611,1.539844,3.136054,2.623305,0.049723756906077346,0.4893048128342246,0.14759036144578314,120,101,123
337,0.6510416666666666,0.2604166666666667,0.3489583333333333,45.934640333333334,40.537540285714286,57.777684,0.8181818181818182,0.967479674796748,0.9907834101382489,125,50,67,0.6952380952380952,0.6476190476190476,0.638095238095238,4.906110539682545,8.75556485714286,7.410394,0.0,0.0,0.0,73,68,67,0.6157635467980296,0.47783251231527096,0.5862068965517241,1.58031,3.146066,2.661087,0.03296703296703297,0.5247933884297521,0.14054054054054055,125,97,119
338,0.6354166666666666,0.2552083333333333,0.3489583333333333,48.62372833333333,39.675683,55.676902,0.8584905660377359,0.9835390946502057,0.9908256880733946,122,49,67,0.6857142857142857,0.6857142857142857,0.6476190476190476,5.180723888888895,8.039233761904764,7.575543,0.0,0.0,0.011235955056179775,72,72,68,0.6108374384236454,0.4729064039408867,0.5517241379310345,1.660784,3.063565,2.595815,0.04371584699453552,0.51440329218107,0.09944751381215469,124,96,112
339,0.65625,0.2604166666666667,0.3489583333333333,45.90634000000001,41.907928,55.456285,0.768595041322314,0.9836065573770492,0.9863636363636363,126,50,67,0.6857142857142857,0.6476190476190476,0.638095238095238,5.543562111111117,8.511221507936511,7.310005,0.0,0.011363636363636364,0.0,72,68,67,0.5960591133004927,0.4827586206896552,0.541871921182266,1.613218,2.999415,2.615635,0.06043956043956044,0.5224489795918368,0.12568306010928962,121,98,110
340,0.6458333333333334,0.2604166666666667,0.34375,45.633951333333336,44.046336,55.218285,0.8611111111111112,0.9755102040816327,0.9865470852017937,124,50,66,0.6857142857142857,0.6666666666666666,0.638095238095238,5.405953317460323,8.554803079365081,7.286485,0.0,0.0,0.0,72,70,67,0.5665024630541872,0.5024630541871922,0.5221674876847291,1.656382,2.966061,2.602952,0.049723756906077346,0.5375494071146245,0.10555555555555556,115,102,106
341,0.6458333333333334,0.2604166666666667,0.34375,45.09777400000001,44.358169,59.027062,0.8363636363636363,0.9791666666666666,0.9822222222222222,124,50,66,0.6857142857142857,0.6761904761904762,0.638095238095238,5.111124888888895,8.702139968253972,7.396258,0.0,0.0,0.0,72,71,67,0.5763546798029556,0.5073891625615764,0.5221674876847291,1.64198,2.940317,2.550988,0.04419889502762431,0.562015503875969,0.13297872340425532,117,103,106
342,0.6458333333333334,0.2604166666666667,0.3489583333333333,47.44546700000001,43.475096,58.420762,0.8125,0.9796747967479674,0.9774774774774775,124,50,67,0.6857142857142857,0.6476190476190476,0.638095238095238,5.456699222222228,8.27572785714286,7.71284,0.0,0.0,0.0,72,68,67,0.5960591133004927,0.5073891625615764,0.541871921182266,1.609462,2.952314,2.509344,0.0427807486631016,0.5341365461847389,0.1641025641025641,121,103,110
343,0.6458333333333334,0.2604166666666667,0.34375,46.62822333333334,42.646336,59.797962,0.808695652173913,0.9833333333333333,0.9865470852017937,124,50,66,0.6857142857142857,0.638095238095238,0.638095238095238,4.943562888888896,8.499875079365083,7.32633,0.0,0.0,0.0,72,67,67,0.5911330049261084,0.4876847290640394,0.5369458128078818,1.664685,2.982774,2.52153,0.06111111111111111,0.497907949790795,0.16580310880829016,120,99,109
344,0.640625,0.2604166666666667,0.3385416666666667,46.110556333333335,43.500322,61.019647,0.8173913043478261,0.9833333333333333,0.9779735682819384,123,50,65,0.7047619047619048,0.638095238095238,0.6285714285714286,4.973365349206355,8.239189968253973,7.554062,0.0,0.0,0.0,74,67,66,0.5862068965517241,0.49261083743842365,0.5665024630541872,1.670687,2.917143,2.471561,0.059782608695652176,0.5079365079365079,0.1368421052631579,119,100,115
345,0.640625,0.2604166666666667,0.3385416666666667,47.545928666666676,44.17407,60.499085,0.8518518518518519,0.9714285714285714,0.9613733905579399,123,50,65,0.6952380952380952,0.6476190476190476,0.6285714285714286,5.593913428571434,8.510545507936511,7.817792,0.0,0.0,0.0,73,68,66,0.5911330049261084,0.5172413793103449,0.5960591133004927,1.620712,2.900168,2.466257,0.04395604395604396,0.5077519379844961,0.14507772020725387,120,105,121
346,0.6354166666666666,0.2604166666666667,0.3385416666666667,46.62524500000001,44.637269,57.612061571428576,0.8333333333333334,0.9794238683127572,0.9864253393665159,122,50,65,0.6761904761904762,0.6285714285714286,0.6190476190476191,5.463591317460323,8.273196222222225,7.782888,0.0,0.012345679012345678,0.0,71,66,65,0.5714285714285714,0.5024630541871922,0.6206896551724138,1.639529,2.915892,2.511871,0.040229885057471264,0.5140562248995983,0.1641025641025641,116,102,126
347,0.65625,0.2604166666666667,0.3333333333333333,47.702419000000006,42.799018,54.896650428571434,0.782608695652174,0.9836734693877551,0.9866071428571429,126,50,64,0.6666666666666666,0.638095238095238,0.6190476190476191,4.9239672222222275,8.53731285714286,7.641353,0.0,0.0,0.0,70,67,65,0.5862068965517241,0.4975369458128079,0.625615763546798,1.655872,2.921787,2.519355,0.05027932960893855,0.5,0.15463917525773196,119,101,127
348,0.6510416666666666,0.2604166666666667,0.328125,48.47077666666667,42.770979,57.20947857142857,0.8541666666666666,0.983739837398374,0.9655172413793104,125,50,63,0.6761904761904762,0.6095238095238096,0.6190476190476191,4.917026571428576,8.868740936507939,7.726086,0.0,0.012195121951219513,0.0,71,64,65,0.5862068965517241,0.4827586206896552,0.6305418719211823,1.64635,2.915061,2.495827,0.05113636363636364,0.5020746887966805,0.16666666666666666,119,98,128
349,0.6458333333333334,0.2604166666666667,0.328125,46.88993800000001,42.627533,56.55771357142857,0.7870370370370371,0.9795918367346939,0.9783549783549783,124,50,63,0.6857142857142857,0.638095238095238,0.6095238095238096,4.963699888888893,8.269839111111114,7.654275,0.0,0.0,0.0,72,67,64,0.5911330049261084,0.4827586206896552,0.6305418719211823,1.609197,2.862084,2.479489,0.0446927374301676,0.5258964143426295,0.12953367875647667,120,98,128
350,0.6302083333333334,0.2552083333333333,0.3229166666666667,48.05738800000001,42.060078,57.130257,0.8476190476190476,0.9876543209876543,0.9826839826839827,121,49,62,0.6666666666666666,0.6476190476190476,0.6,5.137498777777783,8.535155111111115,7.813458,0.0,0.011494252873563218,0.0,70,68,63,0.5812807881773399,0.4827586206896552,0.6157635467980296,1.637751,2.918802,2.530161,0.04519774011299435,0.4860557768924303,0.14507772020725387,118,98,125
351,0.6458333333333334,0.2604166666666667,0.3229166666666667,45.23190866666667,39.990254,56.371157,0.8275862068965517,0.9554655870445344,0.9782608695652174,124,50,62,0.6476190476190476,0.638095238095238,0.6,4.667026000000005,8.961680507936512,7.799747,0.0,0.0,0.0,68,67,63,0.5812807881773399,0.5024630541871922,0.6305418719211823,1.629546,2.763919,2.560173,0.05555555555555555,0.46613545816733065,0.15384615384615385,118,102,128
352,0.6458333333333334,0.25,0.3229166666666667,46.667070666666675,44.16340557142858,58.154836,0.7203389830508474,0.9682539682539683,0.9785407725321889,124,48,62,0.6476190476190476,0.638095238095238,0.6095238095238096,4.9364595714285775,8.844769507936512,7.586022,0.0,0.011627906976744186,0.022222222222222223,68,67,64,0.5615763546798029,0.5024630541871922,0.6059113300492611,1.598178,2.79148,2.528907,0.05649717514124294,0.4831932773109244,0.1794871794871795,114,102,123
353,0.640625,0.25,0.3177083333333333,46.13990900000001,44.36604714285714,60.787885,0.8454545454545455,0.9764705882352941,0.9829059829059829,123,48,61,0.6571428571428571,0.6476190476190476,0.638095238095238,4.566088000000006,8.47779096825397,7.514802,0.0,0.0,0.021739130434782608,69,68,67,0.5714285714285714,0.4975369458128079,0.5960591133004927,1.584695,2.84286,2.523749,0.03910614525139665,0.49159663865546216,0.17346938775510204,116,101,121
354,0.6510416666666666,0.25,0.3125,46.994475333333334,44.332123,58.965333,0.8425925925925926,0.9882352941176471,0.9870689655172413,125,48,60,0.6571428571428571,0.6761904761904762,0.6571428571428571,4.864342571428578,8.43808685714286,7.682397,0.0,0.0,0.0,69,71,69,0.5812807881773399,0.5073891625615764,0.5960591133004927,1.609977,2.843412,2.51315,0.01675977653631285,0.48,0.14358974358974358,118,103,121
355,0.65625,0.25,0.3125,46.13639333333334,44.408155,58.074087,0.8532110091743119,0.9660377358490566,0.978448275862069,126,48,60,0.638095238095238,0.6476190476190476,0.6476190476190476,4.873868571428577,8.328734968253972,7.690488,0.0,0.012195121951219513,0.0,67,68,68,0.5911330049261084,0.4975369458128079,0.6059113300492611,1.614189,2.797819,2.526151,0.016666666666666666,0.5062761506276151,0.14795918367346939,120,101,123
356,0.6510416666666666,0.3020833333333333,0.375,45.987537333333336,45.64421814285714,59.675943,0.8055555555555556,0.9389312977099237,0.9285714285714286,125,58,72,0.6285714285714286,0.638095238095238,0.6285714285714286,4.530898428571435,8.389270079365081,7.748785,0.0,0.011627906976744186,0.011235955056179775,66,67,66,0.5812807881773399,0.49261083743842365,0.6108374384236454,1.559894,2.81141,2.565688,0.005649717514124294,0.5102880658436214,0.12299465240641712,118,100,124
357,0.6458333333333334,0.3020833333333333,0.375,45.227972333333334,47.91432,62.255771,0.7964601769911505,0.9620253164556962,0.9759615384615384,124,58,72,0.638095238095238,0.6,0.638095238095238,4.935431000000006,8.251568111111114,7.591819,0.0,0.024096385542168676,0.0,67,63,67,0.5812807881773399,0.4729064039408867,0.6108374384236454,1.624953,2.803461,2.538172,0.005681818181818182,0.5108225108225108,0.12432432432432433,118,96,124
358,0.6458333333333334,0.3020833333333333,0.375,46.29687100000001,47.945136,61.276362,0.8256880733944955,0.9704641350210971,0.9483568075117371,124,58,72,0.6666666666666666,0.5904761904761905,0.6285714285714286,4.971739857142864,9.43005685714286,7.675261,0.0,0.024390243902439025,0.0,70,62,66,0.5960591133004927,0.4827586206896552,0.6206896551724138,1.653886,2.692429,2.586996,0.0055248618784530384,0.5019455252918288,0.14871794871794872,121,98,126
359,0.6354166666666666,0.3020833333333333,0.375,46.99339500000001,46.80013,60.436362,0.743801652892562,0.9625,0.9855072463768116,122,58,72,0.6666666666666666,0.6190476190476191,0.638095238095238,4.441445000000005,9.422677746031749,7.709884,0.0,0.022988505747126436,0.02247191011235955,70,65,67,0.5862068965517241,0.5024630541871922,0.6059113300492611,1.656475,2.710838,2.635447,0.011494252873563218,0.5019607843137255,0.18090452261306533,119,102,123
360,0.6354166666666666,0.296875,0.375,45.164595000000006,44.903306,59.327623,0.8181818181818182,0.9747899159663865,0.975609756097561,122,57,72,0.6666666666666666,0.638095238095238,0.6285714285714286,4.483510000000005,8.8134423968254,7.944098,0.0,0.011363636363636364,0.0,70,67,66,0.5862068965517241,0.5024630541871922,0.5812807881773399,1.639118,2.700856,2.646129,0.011111111111111112,0.5263157894736842,0.15217391304347827,119,102,118
361,0.6510416666666666,0.296875,0.375,51.09270200000001,44.650209,61.10311,0.8282828282828283,0.9625,0.9666666666666667,125,57,72,0.6666666666666666,0.6761904761904762,0.6190476190476191,4.871635000000006,9.00497685714286,7.954299,0.0,0.03333333333333333,0.0,70,71,65,0.5911330049261084,0.4975369458128079,0.5665024630541872,1.624296,2.722691,2.659177,0.005649717514124294,0.5059288537549407,0.17894736842105263,120,101,115
362,0.6458333333333334,0.3020833333333333,0.375,48.79441833333333,46.589844,60.078479,0.8431372549019608,0.9543568464730291,0.9759615384615384,124,58,72,0.6571428571428571,0.6571428571428571,0.6,4.952483428571434,8.81209020634921,7.84863,0.0,0.047058823529411764,0.0,69,69,63,0.6108374384236454,0.4876847290640394,0.5763546798029556,1.622411,2.760521,2.640439,0.011111111111111112,0.5019455252918288,0.15263157894736842,124,99,117
363,0.6458333333333334,0.3020833333333333,0.375,46.515787333333336,45.804186,60.055585,0.7747747747747747,0.9539748953974896,0.958139534883721,124,58,72,0.6285714285714286,0.6666666666666666,0.5904761904761905,4.834054142857149,8.907223079365082,7.909479,0.0,0.033707865168539325,0.0,66,70,62,0.6059113300492611,0.5024630541871922,0.5665024630541872,1.57915,2.707495,2.661123,0.011363636363636364,0.503968253968254,0.18085106382978725,123,102,115
364,0.6510416666666666,0.3020833333333333,0.375,46.60226900000001,46.490355,61.486362,0.7652173913043478,0.9659574468085106,0.966183574879227,125,58,72,0.6285714285714286,0.6285714285714286,0.6095238095238096,5.1735410000000055,8.8078803968254,8.014233,0.0,0.047058823529411764,0.0,66,66,64,0.6059113300492611,0.49261083743842365,0.5566502463054187,1.610733,2.790946,2.709544,0.0055248618784530384,0.5158730158730159,0.15217391304347827,123,100,113
365,0.640625,0.3020833333333333,0.375,50.370375666666675,45.611518,64.362814,0.883495145631068,0.966804979253112,0.9901477832512315,123,58,72,0.6285714285714286,0.6,0.638095238095238,5.086950000000005,9.3646233968254,7.939622,0.0,0.0379746835443038,0.0,66,63,67,0.6059113300492611,0.4975369458128079,0.5862068965517241,1.66258,2.75372,2.749882,0.0,0.5058823529411764,0.18274111675126903,123,101,119
366,0.640625,0.328125,0.4010416666666667,48.93304633333334,46.574452,63.65049933333333,0.8407079646017699,0.9508196721311475,0.9485981308411215,123,63,77,0.638095238095238,0.638095238095238,0.6285714285714286,4.949852000000005,9.289097079365082,8.00271,0.0,0.0425531914893617,0.02197802197802198,67,67,66,0.625615763546798,0.541871921182266,0.5763546798029556,1.677392,2.745802,2.772543,0.0111731843575419,0.4900398406374502,0.17801047120418848,127,110,117
367,0.6510416666666666,0.3229166666666667,0.3958333333333333,49.12744966666667,48.998624,63.627374,0.7380952380952381,0.9615384615384616,0.9653465346534653,125,62,76,0.638095238095238,0.638095238095238,0.638095238095238,4.988215428571435,9.14838396825397,7.802483,0.0,0.043478260869565216,0.010752688172043012,67,67,67,0.625615763546798,0.541871921182266,0.5862068965517241,1.654081,2.74355,2.737984,0.0,0.47520661157024796,0.17346938775510204,127,110,119
368,0.6666666666666666,0.3229166666666667,0.4010416666666667,52.444218000000006,48.782877,63.678103,0.7924528301886793,0.961864406779661,0.9504950495049505,128,62,77,0.6571428571428571,0.6571428571428571,0.6285714285714286,5.116433714285719,9.47375385714286,7.731652,0.0,0.021505376344086023,0.010869565217391304,69,69,66,0.625615763546798,0.5369458128078818,0.5714285714285714,1.658641,2.73473,2.707506,0.0,0.45454545454545453,0.16753926701570682,127,109,116
369,0.6666666666666666,0.13020833333333334,0.21875,52.752669000000004,23.695903,30.990537,0.8173076923076923,0.9528301886792453,0.9388888888888889,128,25,42,0.6761904761904762,0.3047619047619048,0.41904761904761906,5.916800428571435,5.424267444444445,4.980742,0.0,0.0,0.024390243902439025,71,32,44,0.6305418719211823,0.2019704433497537,0.32019704433497537,1.583655,1.189105,0.836205,0.005405405405405406,0.46875,0.15384615384615385,128,41,65
370,0.65625,0.13541666666666666,0.21875,46.78156866666667,23.721483,29.113016,0.82,0.9893617021276596,0.9238095238095239,126,26,42,0.6761904761904762,0.3142857142857143,0.4095238095238095,4.957175000000006,5.538038222222223,5.421359,0.0,0.0,0.028169014084507043,71,33,43,0.6403940886699507,0.19704433497536947,0.3103448275862069,1.620004,1.203592,0.818843,0.02127659574468085,0.3972602739726027,0.14285714285714285,130,40,63
371,0.671875,0.13020833333333334,0.21875,49.54870166666667,22.875057,31.142431,0.794392523364486,0.9578947368421052,0.96875,129,25,42,0.6666666666666666,0.3142857142857143,0.4095238095238095,5.0056505714285775,5.650256793650794,5.300144,0.0,0.07407407407407407,0.015873015873015872,70,33,43,0.6502463054187192,0.1724137931034483,0.2955665024630542,1.614359,1.201468,0.835236,0.0374331550802139,0.43902439024390244,0.12612612612612611,132,35,60
372,0.6666666666666666,0.125,0.21354166666666666,54.97142900000001,24.186848,31.022386666666666,0.7678571428571429,0.9696969696969697,0.9595959595959596,128,24,41,0.6666666666666666,0.3523809523809524,0.4095238095238095,5.351190142857147,5.432828444444445,5.332587,0.0,0.16666666666666666,0.09859154929577464,70,37,43,0.6403940886699507,0.12315270935960591,0.3054187192118227,1.622779,1.191291,0.859822,0.0273224043715847,0.6363636363636364,0.176,130,25,62
373,0.6770833333333334,0.11979166666666667,0.19791666666666666,49.654701333333335,23.309962,30.139781,0.7522935779816514,0.9797979797979798,0.9615384615384616,130,23,38,0.6666666666666666,0.3047619047619048,0.4,5.494668571428576,5.333200333333335,5.322353,0.0,0.3333333333333333,0.2,70,32,42,0.6305418719211823,0.11822660098522167,0.28078817733990147,1.628114,1.215639,0.850145,0.026737967914438502,0.75,0.3208955223880597,128,24,57
374,0.65625,0.11979166666666667,0.19791666666666666,50.92202000000001,22.892606,30.373016,0.7586206896551724,0.9405940594059405,0.9519230769230769,126,23,38,0.6571428571428571,0.23809523809523808,0.3904761904761905,5.476577095238101,5.214228015873017,5.815794,0.0,0.45614035087719296,0.21333333333333335,69,25,41,0.6403940886699507,0.08374384236453201,0.270935960591133,1.690576,1.201102,0.839515,0.0213903743315508,0.8217821782178217,0.3252032520325203,130,17,55
375,0.6770833333333334,0.11458333333333333,0.19270833333333334,53.10648833333334,22.760208,30.248622,0.7589285714285714,0.968421052631579,0.9626168224299065,130,22,37,0.6666666666666666,0.18095238095238095,0.37142857142857144,4.653630428571435,5.097520444444446,5.421938,0.0,0.6333333333333333,0.25,70,19,39,0.6354679802955665,0.07881773399014778,0.27586206896551724,1.690322,1.21068,0.792398,0.026881720430107527,0.883495145631068,0.3732394366197183,129,16,56
376,0.6510416666666666,0.11458333333333333,0.19791666666666666,53.66802700000001,22.558666,29.72609,0.8556701030927835,0.989247311827957,0.9541284403669725,125,22,38,0.6857142857142857,0.1523809523809524,0.3333333333333333,4.506668111111117,4.908664333333334,5.966193,0.0,0.696969696969697,0.24,72,16,35,0.625615763546798,0.06403940886699508,0.2561576354679803,1.738162,1.204153,0.815612,0.03684210526315789,0.9090909090909091,0.4583333333333333,127,13,52
377,0.6354166666666666,0.11458333333333333,0.19791666666666666,52.862680000000005,44.284333,63.943621,0.8118811881188119,0.9649122807017544,0.9576271186440678,122,22,38,0.6857142857142857,0.42857142857142855,0.5904761904761905,5.064651777777784,9.753418079365082,8.90247,0.0,0.5050505050505051,0.18095238095238095,72,45,62,0.6059113300492611,0.11330049261083744,0.3054187192118227,1.681741,2.706351,2.761233,0.053475935828877004,0.8881118881118881,0.47468354430379744,123,23,62
378,0.671875,0.11458333333333333,0.19791666666666666,49.16327900000001,45.816575,62.070947,0.7345132743362832,0.98125,0.972972972972973,129,22,38,0.7142857142857143,0.44761904761904764,0.6,4.796230539682545,9.221331857142859,10.285708,0.02040816326530612,0.5795454545454546,0.2765957446808511,75,47,63,0.5960591133004927,0.11330049261083744,0.31527093596059114,1.716337,2.714954,2.753028,0.0446927374301676,0.8967136150234741,0.5306122448979592,121,23,64
379,0.6666666666666666,0.11458333333333333,0.19791666666666666,49.86610733333334,45.816575,65.336362,0.7961165048543689,0.995475113122172,0.9760765550239234,128,22,38,0.7047619047619048,0.45714285714285713,0.580952380952381,4.802317333333339,9.921682079365082,10.043426,0.0,0.6551724137931034,0.3113207547169811,74,48,61,0.6157635467980296,0.11822660098522167,0.33004926108374383,1.686112,2.758878,2.759903,0.023121387283236993,0.94140625,0.6141078838174274,125,24,67
380,0.6666666666666666,0.11458333333333333,0.19791666666666666,51.75821200000001,44.504124,65.756362,0.8163265306122449,0.9931506849315068,0.9923371647509579,128,22,38,0.6952380952380952,0.45714285714285713,0.580952380952381,4.774663428571435,9.62657985714286,10.264552,0.010752688172043012,0.6444444444444445,0.35772357723577236,73,48,61,0.6157635467980296,0.11330049261083744,0.33497536945812806,1.708092,2.721958,2.783329,0.0449438202247191,0.9466666666666667,0.6726618705035972,125,23,68
381,0.6614583333333334,0.11458333333333333,0.19791666666666666,50.63962500000001,44.284333,61.328718,0.7961165048543689,0.9968051118210862,0.9927536231884058,127,22,38,0.6952380952380952,0.44761904761904764,0.5714285714285714,5.532415111111115,9.574154968253971,10.334854,0.0,0.6861313868613139,0.3524590163934426,73,47,60,0.6059113300492611,0.11330049261083744,0.35467980295566504,1.720611,2.669316,2.84277,0.06111111111111111,0.9437869822485208,0.6986301369863014,123,23,72
382,0.640625,0.109375,0.19791666666666666,49.114931000000006,46.600231,60.046479,0.8037383177570093,0.9904153354632588,0.9820143884892086,123,21,38,0.6857142857142857,0.45714285714285713,0.5619047619047619,5.334172539682545,9.87162985714286,9.317159,0.0,0.6821705426356589,0.328,72,48,59,0.6108374384236454,0.11822660098522167,0.33004926108374383,1.752489,2.671908,3.015387,0.03428571428571429,0.9584569732937686,0.697508896797153,124,24,67
383,0.6614583333333334,0.11458333333333333,0.19791666666666666,50.57221866666667,45.601028,60.74949,0.7739130434782608,0.9936102236421726,0.9927007299270073,127,22,38,0.7047619047619048,0.4666666666666667,0.5619047619047619,5.485712206349213,9.61584696825397,8.874881,0.0,0.6861313868613139,0.3515625,74,49,59,0.6059113300492611,0.11822660098522167,0.3251231527093596,1.760737,2.694682,2.971553,0.03888888888888889,0.9666666666666667,0.6947368421052632,123,24,66
384,0.671875,0.11458333333333333,0.19791666666666666,49.932249000000006,46.607971,64.562891,0.8333333333333334,0.9904153354632588,0.9890510948905109,129,22,38,0.7047619047619048,0.44761904761904764,0.5619047619047619,4.916632571428577,10.42250774603175,8.772563,0.0,0.6666666666666666,0.31092436974789917,74,47,59,0.6108374384236454,0.11330049261083744,0.33497536945812806,1.760646,2.66588,2.915969,0.060109289617486336,0.9526627218934911,0.697594501718213,124,23,68
385,0.65625,0.11458333333333333,0.19791666666666666,50.65151900000001,45.429112,63.093733,0.8301886792452831,0.9967948717948718,0.9891304347826086,126,22,38,0.7142857142857143,0.4666666666666667,0.6095238095238096,4.946919555555562,9.529680746031747,9.518729,0.0,0.6884057971014492,0.2833333333333333,75,49,64,0.6108374384236454,0.11330049261083744,0.3497536945812808,1.765552,2.676933,2.911205,0.06382978723404255,0.9610778443113772,0.7132867132867133,124,23,71
386,0.65625,0.11458333333333333,0.19791666666666666,51.37979133333334,44.984333,62.177036,0.7807017543859649,0.9904761904761905,0.996309963099631,126,22,38,0.7238095238095238,0.45714285714285713,0.6,5.300154095238101,9.480488190476194,9.573981,0.0,0.7175572519083969,0.312,76,48,63,0.6059113300492611,0.11822660098522167,0.3448275862068966,1.725876,2.693332,2.967644,0.05263157894736842,0.9635258358662614,0.7286245353159851,123,24,70
387,0.6614583333333334,0.11458333333333333,0.19791666666666666,50.32606866666667,46.006612,59.90949,0.8067226890756303,0.9904458598726115,0.9854014598540146,127,22,38,0.6952380952380952,0.44761904761904764,0.6190476190476191,5.268829317460323,9.967689857142862,9.779698,0.0,0.703125,0.2975206611570248,73,47,65,0.6108374384236454,0.11330049261083744,0.3448275862068966,1.711284,2.671391,3.053102,0.05319148936170213,0.9577039274924471,0.6925795053003534,124,23,70
388,0.65625,0.11458333333333333,0.19791666666666666,52.698019333333335,46.076015,61.02949,0.7948717948717948,0.9968051118210862,0.9925925925925926,126,22,38,0.6952380952380952,0.4666666666666667,0.6190476190476191,4.666645428571434,9.650413634920636,10.263115,0.0,0.6928571428571428,0.26956521739130435,73,49,65,0.6009852216748769,0.11330049261083744,0.3448275862068966,1.701607,2.695211,2.936144,0.05263157894736842,0.9495548961424333,0.7073170731707317,122,23,70
389,0.6666666666666666,0.11458333333333333,0.19791666666666666,51.44546033333334,46.188808,61.58949,0.822429906542056,0.9936102236421726,0.9925093632958801,128,22,38,0.7142857142857143,0.42857142857142855,0.6190476190476191,4.630022428571435,10.280969857142859,9.883801,0.0,0.7313432835820896,0.2644628099173554,75,45,65,0.6157635467980296,0.11330049261083744,0.3497536945812808,1.717382,2.736458,2.94756,0.0425531914893617,0.956268221574344,0.7291666666666666,125,23,71
390,0.65625,0.11458333333333333,0.19791666666666666,51.53285900000001,47.455425,63.82949,0.8256880733944955,0.9841772151898734,0.9816176470588235,126,22,38,0.7333333333333333,0.42857142857142855,0.6190476190476191,4.888749111111117,9.497099857142862,9.907757,0.0,0.6575342465753424,0.27419354838709675,77,45,65,0.6403940886699507,0.11822660098522167,0.35467980295566504,1.687674,2.735135,2.96222,0.037037037037037035,0.9507246376811594,0.7153024911032029,130,24,72
391,0.65625,0.11458333333333333,0.19791666666666666,49.90294633333333,46.209511,63.618171,0.8333333333333334,0.9936305732484076,0.9889705882352942,126,22,38,0.6857142857142857,0.44761904761904764,0.6095238095238096,4.765164571428579,9.867465079365083,10.106042,0.0,0.6917293233082706,0.3008130081300813,72,47,64,0.6502463054187192,0.10837438423645321,0.35467980295566504,1.75149,2.697887,2.91845,0.05789473684210526,0.9567723342939481,0.7224199288256228,132,22,72
392,0.6614583333333334,0.11458333333333333,0.19791666666666666,52.32499400000001,45.661145,63.327033,0.811965811965812,0.9936305732484076,0.9926470588235294,127,22,38,0.6761904761904762,0.4380952380952381,0.6,4.963504460317466,10.076282634920638,11.034028,0.0,0.7007299270072993,0.24561403508771928,71,46,63,0.6551724137931034,0.11330049261083744,0.35467980295566504,1.762394,2.708438,2.968972,0.043010752688172046,0.956140350877193,0.7372262773722628,133,23,72
393,0.6614583333333334,0.11458333333333333,0.19791666666666666,51.610676000000005,45.423109,61.58949,0.8558558558558559,0.9968051118210862,0.9888888888888889,127,22,38,0.6761904761904762,0.45714285714285713,0.5904761904761905,5.485409888888894,9.88529074603175,10.404943,0.0,0.6857142857142857,0.23333333333333334,71,48,62,0.6650246305418719,0.10837438423645321,0.33497536945812806,1.7555,2.661115,2.938526,0.042105263157894736,0.9557522123893806,0.7275985663082437,135,22,68
394,0.6614583333333334,0.11458333333333333,0.19791666666666666,49.07310700000001,45.551015,61.58949,0.8482142857142857,0.9936507936507937,1.0,127,22,38,0.6476190476190476,0.45714285714285713,0.6095238095238096,5.463627888888896,10.329185634920638,9.995503,0.0,0.7286821705426356,0.23770491803278687,68,48,64,0.6600985221674877,0.11822660098522167,0.33004926108374383,1.775305,2.699473,2.903752,0.047872340425531915,0.9472140762463344,0.7247386759581882,134,24,67
395,0.6666666666666666,0.11458333333333333,0.19791666666666666,52.16847800000001,46.207466,61.86949,0.7478991596638656,0.9905362776025236,0.9851301115241635,128,22,38,0.6476190476190476,0.41904761904761906,0.6285714285714286,5.836960000000006,9.891540857142859,10.401971,0.0,0.7443609022556391,0.24347826086956523,68,44,66,0.6650246305418719,0.11330049261083744,0.3448275862068966,1.759934,2.702058,2.905859,0.03723404255319149,0.9590643274853801,0.7123745819397993,135,23,70
396,0.6614583333333334,0.11458333333333333,0.19791666666666666,49.713024000000004,46.041413,63.199268,0.8099173553719008,0.9905956112852664,0.9962406015037594,127,22,38,0.6476190476190476,0.44761904761904764,0.6,5.168691650793657,9.822789857142858,9.741442,0.0,0.7218045112781954,0.23931623931623933,68,47,63,0.6650246305418719,0.11822660098522167,0.3497536945812808,1.79289,2.693943,2.927773,0.026881720430107527,0.9588235294117647,0.7166666666666667,135,24,71
397,0.65625,0.11458333333333333,0.19791666666666666,49.212360333333336,44.167752,63.26949,0.8245614035087719,0.9905660377358491,0.977859778597786,126,22,38,0.6666666666666666,0.44761904761904764,0.6,5.2335020317460375,9.480809968253972,9.933679,0.0,0.7338129496402878,0.1896551724137931,70,47,63,0.6600985221674877,0.11330049261083744,0.35467980295566504,1.760769,2.685437,2.892587,0.026595744680851064,0.9642857142857143,0.7207792207792207,134,23,72
398,0.6614583333333334,0.11458333333333333,0.19791666666666666,50.052988000000006,43.241413,63.369411,0.8421052631578947,0.9936908517350158,0.992619926199262,127,22,38,0.7047619047619048,0.41904761904761906,0.6095238095238096,6.099276349206354,9.990657634920638,9.430651,0.0,0.7619047619047619,0.248,74,44,64,0.6502463054187192,0.11822660098522167,0.3497536945812808,1.848552,2.686112,2.983258,0.02631578947368421,0.9560117302052786,0.7361563517915309,132,24,71
399,0.6614583333333334,0.11458333333333333,0.19791666666666666,49.39471400000001,42.819366,63.58756,0.8017241379310345,0.9936305732484076,0.9925925925925926,127,22,38,0.6666666666666666,0.44761904761904764,0.6095238095238096,5.1204080000000065,9.667113634920637,9.083092,0.010638297872340425,0.7050359712230215,0.23529411764705882,70,47,64,0.6502463054187192,0.11330049261083744,0.3448275862068966,1.79261,2.708056,2.941682,0.031413612565445025,0.9558823529411765,0.7305194805194806,132,23,70
400,0.6354166666666666,0.11458333333333333,0.19791666666666666,53.166105333333334,42.584034,62.98949,0.8333333333333334,0.9904458598726115,0.989010989010989,122,22,38,0.6857142857142857,0.44761904761904764,0.6,5.289662000000006,9.618852079365082,9.072716,0.0,0.746031746031746,0.21238938053097345,72,47,63,0.6502463054187192,0.11822660098522167,0.33497536945812806,1.804025,2.67896,2.859181,0.03684210526315789,0.9560117302052786,0.7375415282392026,132,24,68
401,0.6770833333333334,0.125,0.21354166666666666,51.50674133333334,43.127684,61.02949,0.8306451612903226,0.9841772151898734,0.9748201438848921,130,24,41,0.6857142857142857,0.44761904761904764,0.5619047619047619,5.462521000000006,9.91021085714286,8.683613,0.0,0.6857142857142857,0.22033898305084745,72,47,59,0.6699507389162561,0.14285714285714285,0.37438423645320196,1.855867,2.709616,2.925879,0.03571428571428571,0.9384164222873901,0.7190635451505016,136,29,76
402,0.6822916666666666,0.140625,0.22395833333333334,50.26612966666667,45.402684,61.86949,0.8135593220338984,0.9807692307692307,0.9851851851851852,131,27,43,0.6761904761904762,0.49523809523809526,0.5714285714285714,5.287030000000008,10.501169746031746,8.908709,0.0,0.6402877697841727,0.19834710743801653,71,52,60,0.6748768472906403,0.1625615763546798,0.37438423645320196,1.794413,2.734463,2.927754,0.031413612565445025,0.9050445103857567,0.696969696969697,137,33,76
403,0.6666666666666666,0.140625,0.22395833333333334,48.89255366666667,47.082208,62.70949,0.8214285714285714,0.9934426229508196,0.9924242424242424,128,27,43,0.6761904761904762,0.5523809523809524,0.6190476190476191,5.644837777777785,11.074454492063493,9.19595,0.010638297872340425,0.6142857142857143,0.23809523809523808,71,58,65,0.6748768472906403,0.16748768472906403,0.3793103448275862,1.796404,2.80507,2.877544,0.026455026455026454,0.9093567251461988,0.6996699669966997,137,34,77
404,0.6770833333333334,0.140625,0.22395833333333334,50.00985633333334,46.511432,63.962791,0.7983193277310925,0.9967213114754099,0.9703703703703703,130,27,43,0.6666666666666666,0.5428571428571428,0.6571428571428571,5.620091460317468,10.83624619047619,9.275038,0.0,0.6507936507936508,0.19008264462809918,70,57,69,0.6896551724137931,0.16748768472906403,0.35960591133004927,1.775077,2.83845,2.902247,0.03125,0.9171597633136095,0.6990291262135923,140,34,73
405,0.6875,0.140625,0.22395833333333334,51.79579733333334,47.358527,64.38949,0.7796610169491526,0.9839228295819936,0.9849624060150376,132,27,43,0.6666666666666666,0.5428571428571428,0.6666666666666666,5.7911151428571515,11.120185523809525,8.900918,0.010752688172043012,0.6076923076923076,0.16379310344827586,70,57,70,0.6847290640394089,0.1625615763546798,0.3694581280788177,1.836373,2.848682,2.905772,0.041884816753926704,0.9115853658536586,0.685064935064935,139,33,75
406,0.671875,0.140625,0.21875,50.02630400000001,46.627684,65.753117,0.8421052631578947,0.9777070063694268,0.9961832061068703,129,27,42,0.6666666666666666,0.5238095238095238,0.6857142857142857,6.189510000000007,11.29769696825397,9.324579,0.0,0.6341463414634146,0.13392857142857142,70,55,72,0.6847290640394089,0.1625615763546798,0.3891625615763547,1.797432,2.863762,2.952941,0.05699481865284974,0.9037900874635568,0.693069306930693,139,33,79
407,0.6875,0.140625,0.22395833333333334,50.198143333333334,46.627684,66.573742,0.8407079646017699,1.0,0.9776119402985075,132,27,43,0.6952380952380952,0.5428571428571428,0.7047619047619048,6.752282650793658,11.193101968253968,9.540578,0.0,0.5939849624060151,0.11009174311926606,73,57,74,0.6798029556650246,0.16748768472906403,0.3842364532019704,1.832983,2.884924,2.949383,0.05641025641025641,0.9196428571428571,0.7043189368770764,138,34,78
408,0.6875,0.140625,0.22395833333333334,52.00451600000001,47.327684,65.757637,0.8305084745762712,0.996742671009772,0.9739776951672863,132,27,43,0.7142857142857143,0.5428571428571428,0.6666666666666666,6.077357000000007,11.392039650793652,9.337549,0.0,0.5939849624060151,0.08571428571428572,75,57,70,0.6798029556650246,0.1625615763546798,0.3891625615763547,1.79357,2.881626,2.935413,0.045,0.9063444108761329,0.7114093959731543,138,33,79
409,0.6979166666666666,0.140625,0.22395833333333334,49.32011766666668,47.327684,63.372077,0.7863247863247863,0.987012987012987,0.9776951672862454,134,27,43,0.7047619047619048,0.5428571428571428,0.6761904761904762,6.089696111111118,11.164964634920636,9.105295,0.0,0.627906976744186,0.11711711711711711,74,57,71,0.6798029556650246,0.1625615763546798,0.39408866995073893,1.832069,2.863794,2.937794,0.04568527918781726,0.906060606060606,0.7080536912751678,138,33,80
410,0.6875,0.140625,0.22395833333333334,50.91857266666667,46.544753,65.279537,0.822429906542056,0.9967105263157895,0.9849624060150376,132,27,43,0.7047619047619048,0.5428571428571428,0.6476190476190476,6.2244214285714365,11.734413857142858,9.232692,0.0,0.6165413533834586,0.12389380530973451,74,57,68,0.6748768472906403,0.16748768472906403,0.3842364532019704,1.872136,2.923249,2.96375,0.04020100502512563,0.9164179104477612,0.6966666666666667,137,34,78
411,0.6875,0.140625,0.22395833333333334,49.96834400000001,44.556759,66.190107,0.8333333333333334,0.9836601307189542,0.9850746268656716,132,27,43,0.6952380952380952,0.5238095238095238,0.6476190476190476,6.117912000000008,11.0945283968254,9.544945,0.0,0.6511627906976745,0.09174311926605505,73,55,68,0.6551724137931034,0.15763546798029557,0.3891625615763547,1.838385,2.918456,2.981588,0.03684210526315789,0.9179331306990881,0.7123745819397993,133,32,79
412,0.6875,0.140625,0.22395833333333334,52.58821400000001,44.926489,66.742905,0.8666666666666667,0.9933993399339934,0.9887640449438202,132,27,43,0.6666666666666666,0.5428571428571428,0.6476190476190476,5.970819761904771,11.883809317460317,9.797168,0.0,0.608,0.0673076923076923,70,57,68,0.6502463054187192,0.16748768472906403,0.3793103448275862,1.978681,2.870356,2.969469,0.031746031746031744,0.9171779141104295,0.6890459363957597,132,34,77
413,0.6822916666666666,0.140625,0.22395833333333334,53.57804266666667,46.742997,65.096939,0.8557692307692307,0.9901639344262295,0.9924812030075187,131,27,43,0.6571428571428571,0.5428571428571428,0.6666666666666666,6.350287857142864,11.72647674603175,9.381949,0.0,0.6428571428571429,0.0990990990990991,69,57,70,0.6354679802955665,0.1625615763546798,0.3645320197044335,1.965879,2.899517,2.925913,0.026595744680851064,0.9263803680981595,0.6941580756013745,129,33,74
414,0.6822916666666666,0.140625,0.22395833333333334,53.82344100000001,45.227684,63.82949,0.8125,0.9837662337662337,0.9851301115241635,131,27,43,0.6761904761904762,0.5428571428571428,0.6666666666666666,6.03309511111112,11.45341996825397,9.594634,0.0,0.6229508196721312,0.07407407407407407,71,57,70,0.625615763546798,0.15763546798029557,0.37438423645320196,1.931032,2.915582,2.960126,0.03664921465968586,0.9182389937106918,0.66,127,32,76
415,0.6822916666666666,0.16666666666666666,0.25,53.674215333333336,45.962286,61.734829,0.7719298245614035,0.9834437086092715,0.9742647058823529,131,32,48,0.6857142857142857,0.580952380952381,0.6761904761904762,6.391875873015882,11.366490079365082,9.682676,0.0,0.625,0.06481481481481481,72,61,71,0.6551724137931034,0.2019704433497537,0.4236453201970443,1.936292,2.864231,2.960286,0.045454545454545456,0.8858858858858859,0.6534653465346535,133,41,86
416,0.71875,0.16666666666666666,0.25,56.94690800000001,48.766436,66.34949,0.7391304347826086,0.9865771812080537,0.9849056603773585,138,32,48,0.7047619047619048,0.5619047619047619,0.6857142857142857,7.004845539682549,11.714929746031748,9.831561,0.0,0.6062992125984252,0.07142857142857142,74,59,72,0.6551724137931034,0.21674876847290642,0.4236453201970443,1.96489,2.87215,2.961923,0.020833333333333332,0.8981481481481481,0.6494845360824743,133,44,86
417,0.7135416666666666,0.16666666666666666,0.25,55.66328666666668,48.766436,63.993741,0.7980769230769231,0.9897959183673469,0.9775280898876404,137,32,48,0.7238095238095238,0.5714285714285714,0.6761904761904762,6.384766888888897,11.94224285714286,9.42896,0.0,0.5564516129032258,0.07339449541284404,76,60,71,0.6650246305418719,0.21182266009852216,0.4088669950738916,1.935103,2.89073,3.022563,0.02030456852791878,0.8932926829268293,0.6430976430976431,135,43,83
418,0.703125,0.16666666666666666,0.25,53.98168966666668,48.066436,62.42949,0.7657657657657657,0.99,0.9885931558935361,135,32,48,0.7142857142857143,0.6095238095238096,0.6761904761904762,6.358871142857151,11.299113746031749,9.88816,0.0,0.5396825396825397,0.07017543859649122,75,64,71,0.645320197044335,0.2019704433497537,0.3842364532019704,1.911168,2.898658,2.970861,0.02127659574468085,0.8919753086419753,0.652317880794702,131,41,78
419,0.7083333333333334,0.16666666666666666,0.25,55.51057666666668,47.985995,62.70949,0.7864077669902912,0.9864864864864865,0.9846153846153847,136,32,48,0.7238095238095238,0.6285714285714286,0.6476190476190476,6.482292682539689,11.208529968253968,9.353059,0.0,0.5630252100840336,0.04716981132075472,76,66,68,0.6551724137931034,0.21674876847290642,0.3793103448275862,1.932159,2.942888,2.868076,0.02072538860103627,0.88125,0.6296296296296297,133,44,77
420,0.703125,0.16666666666666666,0.25,54.79890400000001,46.478902,62.135372,0.8210526315789474,0.9898648648648649,0.9846153846153847,135,32,48,0.7238095238095238,0.6,0.6571428571428571,6.214335571428578,11.675580396825398,9.109857,0.0,0.5338983050847458,0.06306306306306306,76,63,69,0.6551724137931034,0.20689655172413793,0.41379310344827586,1.902289,2.961702,2.825878,0.015625,0.889589905362776,0.6172413793103448,133,42,84
421,0.7083333333333334,0.16666666666666666,0.25,53.50241566666667,46.510572,62.98949,0.7027027027027027,0.9736842105263158,0.9807692307692307,136,32,48,0.7238095238095238,0.5714285714285714,0.6571428571428571,6.513399428571437,12.023526857142858,9.528449,0.0,0.5575221238938053,0.0625,76,60,69,0.6600985221674877,0.21182266009852216,0.43842364532019706,1.912694,2.918338,2.844301,0.015706806282722512,0.875,0.6181229773462783,134,43,89
422,0.7135416666666666,0.16145833333333334,0.24479166666666666,53.60377400000001,47.738339,62.98949,0.8020833333333334,0.9897610921501706,0.9885057471264368,137,31,47,0.7238095238095238,0.5714285714285714,0.6571428571428571,6.698173888888896,12.18036796825397,9.249409,0.0,0.5371900826446281,0.07272727272727272,76,60,69,0.6502463054187192,0.21674876847290642,0.43842364532019706,1.928605,2.933634,2.96735,0.0106951871657754,0.8854489164086687,0.6474576271186441,132,44,89
423,0.6927083333333334,0.16666666666666666,0.25,53.235037000000005,48.55778,62.862628,0.8586956521739131,0.9865771812080537,0.9923954372623575,133,32,48,0.7047619047619048,0.6190476190476191,0.6666666666666666,6.596699746031754,12.037881634920636,9.584822,0.0,0.591304347826087,0.05504587155963303,74,65,70,0.6551724137931034,0.21182266009852216,0.4482758620689655,1.92088,2.9476,2.961164,0.0053475935828877,0.896551724137931,0.6468531468531469,133,43,91
424,0.6927083333333334,0.16666666666666666,0.25,57.47231200000001,48.283129,62.28949,0.8155339805825242,0.9866220735785953,0.981203007518797,133,32,48,0.7047619047619048,0.6,0.6952380952380952,6.224373857142867,12.389332079365083,9.819233,0.0,0.5714285714285714,0.05405405405405406,74,63,73,0.6650246305418719,0.20689655172413793,0.43842364532019706,1.962409,3.012968,2.98703,0.010582010582010581,0.8909657320872274,0.6354515050167224,135,42,89
425,0.7083333333333334,0.16666666666666666,0.24479166666666666,55.32812200000001,49.466436,62.497937,0.7864077669902912,0.98989898989899,0.9923664122137404,136,32,47,0.6952380952380952,0.6476190476190476,0.7047619047619048,6.06514211111112,12.134910412698414,9.577197,0.0,0.55,0.04716981132075472,73,68,74,0.6650246305418719,0.1921182266009852,0.4433497536945813,1.917585,2.96299,2.937902,0.03125,0.8888888888888888,0.6633663366336634,135,39,90
426,0.7135416666666666,0.16666666666666666,0.25,57.52560400000001,49.014177,62.123674,0.7962962962962963,0.99,0.9810606060606061,137,32,48,0.7238095238095238,0.6095238095238096,0.7142857142857143,5.760478428571439,11.681258190476193,9.65095,0.0,0.5625,0.05555555555555555,76,64,75,0.6650246305418719,0.20689655172413793,0.4482758620689655,1.972236,3.017427,2.993689,0.035897435897435895,0.8848484848484849,0.6632996632996633,135,42,91
427,0.703125,0.16666666666666666,0.25,53.91780366666667,46.111574,63.675142,0.8137254901960784,0.9865319865319865,0.9885496183206107,135,32,48,0.7428571428571429,0.6095238095238096,0.7047619047619048,6.050487682539691,12.020747285714288,9.628897,0.0,0.5533980582524272,0.038461538461538464,78,64,74,0.6650246305418719,0.21182266009852216,0.4236453201970443,1.958982,3.00693,3.066159,0.05670103092783505,0.8919753086419753,0.6735395189003437,135,43,86
428,0.7083333333333334,0.16666666666666666,0.25,53.02078466666668,44.594695,65.786104,0.803921568627451,0.9832214765100671,0.9772727272727273,136,32,48,0.7333333333333333,0.6190476190476191,0.7142857142857143,6.335039000000009,11.908007063492063,9.718645,0.0,0.5596330275229358,0.0380952380952381,77,65,75,0.6650246305418719,0.21182266009852216,0.4236453201970443,1.925402,3.06535,3.02855,0.0707070707070707,0.8808777429467085,0.6556291390728477,135,43,86
429,0.703125,0.16666666666666666,0.25,54.616814333333345,44.566436,68.304548,0.7884615384615384,0.9864864864864865,0.9848484848484849,135,32,48,0.7428571428571429,0.6095238095238096,0.7142857142857143,6.656336968253978,11.452922428571432,9.67334,0.0,0.5420560747663551,0.047619047619047616,78,64,75,0.6551724137931034,0.21674876847290642,0.4236453201970443,1.945176,3.083346,3.035309,0.026595744680851064,0.8727272727272727,0.6587837837837838,133,44,86
430,0.7083333333333334,0.16666666666666666,0.24479166666666666,56.67344166666667,45.266436,65.395734,0.8217821782178217,0.993127147766323,0.9810606060606061,136,32,47,0.7523809523809524,0.6095238095238096,0.7142857142857143,6.6119171111111195,11.989514079365081,9.805297,0.0,0.5769230769230769,0.038461538461538464,79,64,75,0.6502463054187192,0.21674876847290642,0.4236453201970443,1.929649,3.077709,3.056469,0.03076923076923077,0.8803680981595092,0.6511627906976745,132,44,86
431,0.7135416666666666,0.16666666666666666,0.25,55.34963133333334,44.988483,67.640791,0.801980198019802,0.972972972972973,0.9885496183206107,137,32,48,0.7523809523809524,0.6190476190476191,0.7238095238095238,6.506888000000008,12.843716857142859,9.684431,0.0,0.5929203539823009,0.0196078431372549,79,65,76,0.6600985221674877,0.21674876847290642,0.4088669950738916,1.906242,3.085824,3.046055,0.041025641025641026,0.8847352024922118,0.6452702702702703,134,44,83
432,0.7083333333333334,0.16145833333333334,0.25,53.847654000000006,47.788483,68.02405,0.7798165137614679,0.9863013698630136,0.9847328244274809,136,31,48,0.7333333333333333,0.6285714285714286,0.7142857142857143,6.41607057142858,12.430248301587302,9.345526,0.0,0.5178571428571429,0.02912621359223301,77,66,75,0.645320197044335,0.19704433497536947,0.43842364532019706,1.956551,3.106297,3.084436,0.015625,0.8909657320872274,0.6554054054054054,131,40,89
433,0.71875,0.16666666666666666,0.25,53.504436000000005,46.990033,67.576362,0.8080808080808081,0.9864864864864865,0.9922178988326849,138,32,48,0.7428571428571429,0.6285714285714286,0.7047619047619048,6.972859111111119,12.524905412698415,9.708223,0.0,0.5535714285714286,0.028846153846153848,78,66,74,0.645320197044335,0.19704433497536947,0.43349753694581283,1.911623,3.103832,3.175114,0.015789473684210527,0.879154078549849,0.6622073578595318,131,40,88
434,0.71875,0.16666666666666666,0.24479166666666666,53.31975733333334,45.468954,66.408176,0.7924528301886793,0.9897260273972602,0.996078431372549,138,32,47,0.7238095238095238,0.5904761904761905,0.6952380952380952,6.631973317460325,12.619366857142857,9.564723,0.0,0.5916666666666667,0.029411764705882353,76,62,73,0.6403940886699507,0.20689655172413793,0.43842364532019706,1.88633,3.146085,3.14997,0.015957446808510637,0.878419452887538,0.6723549488054608,130,42,89
435,0.703125,0.16666666666666666,0.25,52.655502333333345,45.550612,65.122376,0.845360824742268,0.9897260273972602,0.9615384615384616,135,32,48,0.7047619047619048,0.6095238095238096,0.6952380952380952,6.17262857142858,11.877178079365082,9.717469,0.0,0.5203252032520326,0.038461538461538464,74,64,73,0.645320197044335,0.20689655172413793,0.43349753694581283,1.862542,3.159067,3.175066,0.021052631578947368,0.8861538461538462,0.6690391459074733,131,42,88
436,0.703125,0.16666666666666666,0.24479166666666666,56.604851666666676,46.058471,64.284207,0.8144329896907216,0.9898305084745763,0.98828125,135,32,47,0.6952380952380952,0.6285714285714286,0.6857142857142857,6.522273539682549,12.680217634920634,9.642187,0.0,0.5630252100840336,0.019801980198019802,73,66,72,0.6403940886699507,0.21674876847290642,0.43349753694581283,1.982445,3.186711,3.17247,0.00546448087431694,0.8636363636363636,0.6515679442508711,130,44,88
437,0.7083333333333334,0.16145833333333334,0.24479166666666666,55.36761433333334,46.654152,62.830382,0.8210526315789474,0.9831649831649831,0.9728682170542635,136,31,47,0.6857142857142857,0.6285714285714286,0.6857142857142857,6.135428000000008,12.308161857142856,10.028653,0.0,0.5447154471544715,0.038461538461538464,72,66,72,0.6354679802955665,0.20689655172413793,0.43842364532019706,1.92006,3.192533,3.08962,0.016129032258064516,0.8628048780487805,0.6758620689655173,129,42,89
438,0.703125,0.16666666666666666,0.25,55.312816333333345,47.267144,63.89221,0.7454545454545455,0.9897260273972602,0.9844961240310077,135,32,48,0.6952380952380952,0.6,0.6857142857142857,6.137933142857151,12.840562746031749,9.979207,0.0,0.5086206896551724,0.029411764705882353,73,63,72,0.625615763546798,0.21674876847290642,0.4482758620689655,1.880256,3.246031,3.114452,0.016129032258064516,0.8832807570977917,0.6510067114093959,127,44,91
439,0.71875,0.16145833333333334,0.25,53.86444800000001,46.567144,64.82554333333333,0.7669902912621359,0.9863945578231292,0.9762845849802372,138,31,48,0.7047619047619048,0.6095238095238096,0.6761904761904762,6.028189000000008,12.536291079365078,10.132349,0.0,0.5537190082644629,0.02912621359223301,74,64,71,0.6403940886699507,0.20689655172413793,0.4187192118226601,1.873787,3.245469,3.135848,0.015706806282722512,0.8834355828220859,0.6737588652482269,130,42,85
440,0.7135416666666666,0.16666666666666666,0.25,53.90763766666667,45.867144,68.145534,0.7954545454545454,0.9931506849315068,0.9921568627450981,137,32,48,0.7047619047619048,0.6190476190476191,0.6857142857142857,6.288457142857151,12.701236857142856,9.790852,0.0,0.543859649122807,0.028846153846153848,74,65,72,0.6551724137931034,0.21182266009852216,0.4187192118226601,1.898466,3.263115,3.146437,0.010638297872340425,0.8654434250764526,0.6347517730496454,133,43,85
441,0.6927083333333334,0.16666666666666666,0.25,53.87263300000001,46.935371,67.30231,0.8214285714285714,0.9965635738831615,0.9881422924901185,133,32,48,0.7333333333333333,0.6285714285714286,0.6761904761904762,6.332948428571438,13.12132696825397,9.977084,0.0,0.5126050420168067,0.02912621359223301,77,66,71,0.645320197044335,0.21674876847290642,0.4187192118226601,1.909385,3.284532,3.080114,0.010810810810810811,0.8814589665653495,0.6341463414634146,131,44,85
442,0.6979166666666666,0.16666666666666666,0.25,55.93851300000001,45.867144,65.57221,0.78125,0.98989898989899,0.96875,134,32,48,0.7333333333333333,0.638095238095238,0.6666666666666666,5.8845985714285804,13.495964301587303,9.808535,0.0,0.5775862068965517,0.02912621359223301,77,67,70,0.645320197044335,0.21182266009852216,0.4236453201970443,1.870833,3.314216,3.110272,0.01098901098901099,0.8761609907120743,0.6608996539792388,131,43,86
443,0.6979166666666666,0.16666666666666666,0.25,56.20113400000002,46.863574,65.103616,0.7128712871287128,0.9862542955326461,0.9798387096774194,134,32,48,0.7333333333333333,0.638095238095238,0.6857142857142857,6.466524857142867,13.503761634920636,9.607117,0.0,0.5625,0.02912621359223301,77,67,72,0.6403940886699507,0.21674876847290642,0.4187192118226601,1.884248,3.334036,3.189273,0.010869565217391304,0.8867924528301887,0.6527777777777778,130,44,85
444,0.7135416666666666,0.16666666666666666,0.25,55.02862866666667,48.230647,63.902166,0.8172043010752689,0.9797297297297297,0.9762845849802372,137,32,48,0.7142857142857143,0.6571428571428571,0.6952380952380952,5.909058571428579,13.286442412698413,9.934924,0.0,0.5785123966942148,0.019417475728155338,75,69,73,0.6354679802955665,0.21674876847290642,0.4236453201970443,1.924005,3.366046,3.188843,0.010869565217391304,0.8654434250764526,0.6515679442508711,129,44,86
445,0.7135416666666666,0.16666666666666666,0.24479166666666666,54.74538166666668,48.994191,66.97221,0.8170731707317073,0.9829351535836177,0.98,137,32,47,0.7333333333333333,0.6285714285714286,0.6857142857142857,6.215638460317468,13.242631412698412,10.268645,0.0,0.5490196078431373,0.0196078431372549,77,66,72,0.6403940886699507,0.21674876847290642,0.42857142857142855,1.903566,3.352979,3.190887,0.010869565217391304,0.8703703703703703,0.6526315789473685,130,44,87
446,0.703125,0.16145833333333334,0.25,54.90575266666668,46.98834,67.877116,0.7346938775510204,0.9829351535836177,0.980544747081712,135,31,48,0.7142857142857143,0.6095238095238096,0.6666666666666666,6.22428357142858,13.030580857142859,10.114966,0.0,0.6140350877192983,0.019801980198019802,75,64,70,0.645320197044335,0.19704433497536947,0.4433497536945813,1.898843,3.360487,3.151254,0.010810810810810811,0.8695652173913043,0.6421052631578947,131,40,90
447,0.7135416666666666,0.16666666666666666,0.25,53.194527000000015,45.798446,65.931579,0.7640449438202247,0.9829931972789115,0.9802371541501976,137,32,48,0.7142857142857143,0.638095238095238,0.6666666666666666,6.549754777777786,13.37871996825397,10.087137,0.0,0.5431034482758621,0.01,75,67,70,0.6502463054187192,0.20689655172413793,0.43349753694581283,1.892165,3.32547,3.190973,0.010752688172043012,0.831858407079646,0.6466431095406361,132,42,88
448,0.7239583333333334,0.16666666666666666,0.25,53.73840333333335,44.878344,67.845966,0.7741935483870968,0.9896193771626297,0.98046875,139,32,48,0.7047619047619048,0.6285714285714286,0.6761904761904762,5.842976000000008,13.261875746031746,9.743788,0.0,0.5663716814159292,0.01,74,66,71,0.6551724137931034,0.20689655172413793,0.43349753694581283,1.853044,3.344143,3.192174,0.010869565217391304,0.8605341246290801,0.6539792387543253,133,42,88
449,0.6979166666666666,0.16666666666666666,0.25,53.64550600000001,45.167144,66.41221,0.7666666666666667,0.9930313588850174,0.9803149606299213,134,32,48,0.7142857142857143,0.6285714285714286,0.6761904761904762,6.164704111111121,13.403590412698414,9.443529,0.0,0.5769230769230769,0.01,75,66,71,0.6551724137931034,0.21182266009852216,0.4187192118226601,1.870003,3.352697,3.328306,0.021621621621621623,0.8610271903323263,0.6510791366906474,133,43,85
450,0.7083333333333334,0.16666666666666666,0.25,54.64450500000002,44.33446,63.89221,0.7865168539325843,0.9791666666666666,0.9682539682539683,136,32,48,0.7238095238095238,0.6285714285714286,0.6761904761904762,5.94189657142858,13.419552746031746,10.174051,0.0,0.5779816513761468,0.009900990099009901,76,66,71,0.6600985221674877,0.20689655172413793,0.4236453201970443,1.90318,3.318044,3.216513,0.00546448087431694,0.8414634146341463,0.635036496350365,134,42,86
451,0.703125,0.16666666666666666,0.25,53.54435966666668,47.267144,66.808428,0.8409090909090909,0.9827586206896551,0.991869918699187,135,32,48,0.7238095238095238,0.638095238095238,0.6666666666666666,6.14098453968255,13.781282857142859,10.095836,0.0,0.5405405405405406,0.01,76,67,70,0.6650246305418719,0.20689655172413793,0.43349753694581283,1.870694,3.246919,3.199852,0.00546448087431694,0.8333333333333334,0.6379928315412187,135,42,88
452,0.7135416666666666,0.16666666666666666,0.24479166666666666,52.899297000000004,49.257754,65.366021,0.75,0.9965034965034965,0.9761904761904762,137,32,47,0.7523809523809524,0.6190476190476191,0.6571428571428571,6.28479857142858,13.870922634920639,10.089794,0.0,0.55,0.01,79,65,69,0.6403940886699507,0.21674876847290642,0.42857142857142855,1.908098,3.277464,3.168272,0.0055248618784530384,0.8438438438438438,0.6584507042253521,130,44,87
453,0.703125,0.16666666666666666,0.24479166666666666,53.573727333333345,49.681727,66.031707,0.7755102040816326,0.9795221843003413,0.9760956175298805,135,32,47,0.7523809523809524,0.6190476190476191,0.6666666666666666,5.820854142857151,13.671856746031747,10.171258,0.0,0.5765765765765766,0.01020408163265306,79,65,70,0.6403940886699507,0.21674876847290642,0.43349753694581283,1.86971,3.307207,3.225191,0.005494505494505495,0.8487654320987654,0.6618181818181819,130,44,88
454,0.7135416666666666,0.16666666666666666,0.25,55.44852066666668,50.067144,66.249036,0.8023255813953488,0.9862542955326461,0.9840637450199203,137,32,48,0.7619047619047619,0.6095238095238096,0.6666666666666666,6.65542957142858,13.37142096825397,10.253754,0.0,0.6018518518518519,0.03,80,64,70,0.6403940886699507,0.21182266009852216,0.42857142857142855,1.882602,3.347617,3.213866,0.0055248618784530384,0.8286604361370716,0.6441947565543071,130,43,87
455,0.7239583333333334,0.16666666666666666,0.25,54.62006100000001,48.957045,66.607705,0.7816091954022989,1.0,0.9681274900398407,139,32,48,0.780952380952381,0.6285714285714286,0.6666666666666666,6.260402888888898,13.777469634920639,10.002926,0.0,0.5462962962962963,0.03,82,66,70,0.625615763546798,0.21182266009852216,0.4187192118226601,1.881044,3.320664,3.163433,0.005494505494505495,0.8367952522255193,0.6336996336996337,127,43,85
456,0.7135416666666666,0.16666666666666666,0.25,54.76165900000001,46.064155,68.416362,0.7816091954022989,0.9758620689655172,0.9839357429718876,137,32,48,0.7619047619047619,0.6285714285714286,0.6571428571428571,5.776932000000009,13.258976634920637,9.967454,0.0,0.5277777777777778,0.03,80,66,69,0.6305418719211823,0.21182266009852216,0.43842364532019706,1.803899,3.344188,3.194199,0.005494505494505495,0.8553459119496856,0.6383763837638377,128,43,89
457,0.6979166666666666,0.16666666666666666,0.25,54.80450066666667,45.739127,64.556529,0.7640449438202247,0.9894366197183099,0.98,134,32,48,0.7428571428571429,0.6285714285714286,0.6666666666666666,6.2266645714285795,13.276949746031748,9.530892,0.0,0.5841584158415841,0.019801980198019802,78,66,70,0.645320197044335,0.21182266009852216,0.4482758620689655,1.872827,3.34966,3.218433,0.005494505494505495,0.8422712933753943,0.6593406593406593,131,43,91
458,0.7135416666666666,0.16666666666666666,0.25,55.369451333333345,45.196032,64.496362,0.717391304347826,0.9859154929577465,0.9718875502008032,137,32,48,0.7428571428571429,0.6095238095238096,0.6571428571428571,6.3728625714285805,12.889108746031747,9.986391,0.0,0.5700934579439252,0.03,78,64,69,0.6403940886699507,0.2019704433497537,0.4187192118226601,1.798725,3.27065,3.231822,0.005649717514124294,0.8368580060422961,0.6725978647686833,130,41,85
459,0.7135416666666666,0.16666666666666666,0.25,54.06675366666668,45.660888,66.564146,0.8148148148148148,0.9822064056939501,0.9876543209876543,137,32,48,0.7238095238095238,0.6190476190476191,0.6857142857142857,6.124986000000009,13.260424523809526,9.799015,0.0,0.5495495495495496,0.0196078431372549,76,65,72,0.6305418719211823,0.21182266009852216,0.41379310344827586,1.819523,3.327688,3.284631,0.005649717514124294,0.8386075949367089,0.6476868327402135,128,43,84
460,0.6979166666666666,0.16666666666666666,0.25,53.894490000000005,46.319038,67.001965,0.7948717948717948,0.9856115107913669,0.9795918367346939,134,32,48,0.7333333333333333,0.6285714285714286,0.6666666666666666,6.485933682539691,13.10164074603175,10.176208,0.0,0.5673076923076923,0.020202020202020204,77,66,70,0.6354679802955665,0.2019704433497537,0.42857142857142855,1.787527,3.261088,3.260848,0.005649717514124294,0.8481012658227848,0.6457564575645757,129,41,87
461,0.7083333333333334,0.16666666666666666,0.25,53.348698666666664,47.0348,65.869495,0.72,0.9822695035460993,0.9876543209876543,136,32,48,0.7333333333333333,0.6285714285714286,0.6666666666666666,6.171532428571438,13.395411412698413,10.185917,0.0,0.5925925925925926,0.020202020202020204,77,66,70,0.645320197044335,0.21182266009852216,0.43349753694581283,1.825129,3.322166,3.235523,0.0056179775280898875,0.8401253918495298,0.6304347826086957,131,43,88
462,0.7135416666666666,0.16666666666666666,0.24479166666666666,54.72897866666667,46.672707,65.056362,0.6770833333333334,0.9787234042553191,0.9876543209876543,137,32,47,0.7142857142857143,0.638095238095238,0.6666666666666666,6.535109571428579,13.618132301587302,9.876054,0.0,0.5480769230769231,0.020202020202020204,75,67,70,0.6502463054187192,0.20689655172413793,0.4236453201970443,1.871939,3.263646,3.147023,0.0056179775280898875,0.8262195121951219,0.6401384083044983,132,42,86
463,0.7083333333333334,0.16145833333333334,0.24479166666666666,53.13172400000001,46.3348,64.493136,0.7857142857142857,0.9788732394366197,0.9755102040816327,136,31,47,0.7238095238095238,0.6285714285714286,0.6476190476190476,6.542228000000009,13.40107907936508,10.022856,0.0,0.5350877192982456,0.03,76,66,68,0.6403940886699507,0.21674876847290642,0.43349753694581283,1.826644,3.30937,3.106796,0.011235955056179775,0.84375,0.6219931271477663,130,44,88
464,0.703125,0.16666666666666666,0.24479166666666666,54.09959600000001,48.36632,64.958616,0.6931818181818182,0.985663082437276,0.9874476987447699,135,32,47,0.7142857142857143,0.6285714285714286,0.6666666666666666,5.551350000000008,13.098789746031748,9.557747,0.0,0.5643564356435643,0.02,75,66,70,0.625615763546798,0.20689655172413793,0.4433497536945813,1.795829,3.396776,3.073851,0.011299435028248588,0.8338658146964856,0.6326530612244898,127,42,90
465,0.7135416666666666,0.19270833333333334,0.2760416666666667,57.92483000000001,48.358226,63.888454,0.7948717948717948,0.9714285714285714,0.967479674796748,137,37,53,0.7142857142857143,0.638095238095238,0.6761904761904762,5.61916357142858,12.976951746031746,9.486559,0.0,0.5,0.0297029702970297,75,67,71,0.6403940886699507,0.24630541871921183,0.45320197044334976,1.78128,3.276388,3.117415,0.0111731843575419,0.8,0.6258741258741258,130,50,92
466,0.703125,0.19270833333333334,0.2760416666666667,58.59428166666668,51.927661,69.580766,0.6989247311827957,0.9856115107913669,0.975,135,37,53,0.7238095238095238,0.638095238095238,0.6761904761904762,5.879200142857152,13.325605746031746,9.956259,0.0,0.5045871559633027,0.01020408163265306,76,67,71,0.6305418719211823,0.26108374384236455,0.4630541871921182,1.815511,3.278506,3.197088,0.005494505494505495,0.8126888217522659,0.6014234875444839,128,53,94
467,0.7291666666666666,0.19270833333333334,0.2760416666666667,60.02710600000002,50.782129,67.755077,0.6707317073170732,0.9927797833935018,0.9836065573770492,140,37,53,0.7428571428571429,0.6571428571428571,0.6857142857142857,6.4661994285714375,13.489322857142858,10.108952,0.0,0.4536082474226804,0.020202020202020204,78,69,72,0.6354679802955665,0.26108374384236455,0.45320197044334976,1.802904,3.397721,3.149348,0.010638297872340425,0.8099688473520249,0.5901060070671378,129,53,92
468,0.7447916666666666,0.19270833333333334,0.2760416666666667,55.38267733333334,50.324223,66.058263,0.7023809523809523,0.9857651245551602,0.979253112033195,143,37,53,0.7238095238095238,0.6857142857142857,0.6952380952380952,6.285558428571438,13.296178761904764,10.09638,0.0,0.46938775510204084,0.0,76,72,73,0.6403940886699507,0.24630541871921183,0.4482758620689655,1.76402,3.325707,3.322237,0.026595744680851064,0.8042813455657493,0.6007067137809188,130,50,91
469,0.7395833333333334,0.19270833333333334,0.2760416666666667,56.55600733333334,47.335626,64.773989,0.7283950617283951,0.9754385964912281,0.9752066115702479,142,37,53,0.7238095238095238,0.6571428571428571,0.6952380952380952,6.041877000000008,13.11920231746032,10.548693,0.0,0.4782608695652174,0.02,76,69,73,0.6502463054187192,0.26108374384236455,0.45320197044334976,1.788676,3.246707,3.270724,0.021621621621621623,0.8042813455657493,0.5853658536585366,132,53,92
470,0.7552083333333334,0.21875,0.3020833333333333,56.288092333333346,47.82069866666667,68.601775,0.7333333333333333,0.9618055555555556,0.9596774193548387,145,42,58,0.7142857142857143,0.6761904761904762,0.6857142857142857,6.218250285714296,13.629606523809523,10.395004,0.0,0.40217391304347827,0.029411764705882353,75,71,72,0.6650246305418719,0.2955665024630542,0.5073891625615764,1.810453,3.280581,3.3271,0.016216216216216217,0.809375,0.5594405594405595,135,60,103
471,0.7604166666666666,0.21875,0.2916666666666667,56.68335833333335,49.98692,68.15039,0.6666666666666666,0.9726027397260274,0.9840637450199203,146,42,56,0.7047619047619048,0.7238095238095238,0.6857142857142857,5.9751650000000085,13.279128063492067,10.25925,0.0,0.41836734693877553,0.019417475728155338,74,76,72,0.6600985221674877,0.3054187192118227,0.541871921182266,1.785355,3.359278,3.414868,0.010362694300518135,0.7788461538461539,0.5544217687074829,134,62,110
472,0.7604166666666666,0.21875,0.3020833333333333,55.493477000000006,50.633499,66.321775,0.7157894736842105,0.9895833333333334,0.9607843137254902,146,42,58,0.7142857142857143,0.6666666666666666,0.7047619047619048,6.082064000000009,13.428304412698415,10.376886,0.0,0.4367816091954023,0.037383177570093455,75,70,74,0.6748768472906403,0.30049261083743845,0.5320197044334976,1.811685,3.31115,3.402631,0.010362694300518135,0.782608695652174,0.573943661971831,137,61,108
473,0.7708333333333334,0.21875,0.296875,57.70607433333334,52.615491,68.457378,0.6976744186046512,0.9825174825174825,0.976,148,42,57,0.7238095238095238,0.6761904761904762,0.6761904761904762,5.946761000000008,13.48692296825397,10.430589,0.0,0.3684210526315789,0.019801980198019802,76,71,71,0.6798029556650246,0.3054187192118227,0.5320197044334976,1.823881,3.342764,3.441708,0.010471204188481676,0.7919254658385093,0.5719424460431655,138,62,108
474,0.7604166666666666,0.21875,0.3020833333333333,57.90974733333336,54.398218,69.039071,0.693069306930693,0.9791666666666666,0.9760956175298805,146,42,58,0.7238095238095238,0.6952380952380952,0.6761904761904762,5.937965428571437,13.60098674603175,10.728259,0.0,0.35789473684210527,0.01020408163265306,76,73,71,0.6896551724137931,0.2857142857142857,0.5172413793103449,1.838617,3.394334,3.423508,0.010416666666666666,0.779874213836478,0.5522388059701493,140,58,105
475,0.765625,0.21875,0.296875,59.76859933333334,51.18447633333333,68.190537,0.7912087912087912,0.9795918367346939,0.9800796812749004,147,42,57,0.7238095238095238,0.6952380952380952,0.6761904761904762,6.204494428571437,13.780271174603175,10.209207,0.0,0.375,0.009900990099009901,76,73,71,0.6699507389162561,0.3054187192118227,0.5320197044334976,1.789477,3.33694,3.379652,0.005263157894736842,0.7477744807121661,0.5494505494505495,136,62,108
476,0.7395833333333334,0.21875,0.3020833333333333,56.36716233333334,47.267972,71.690863,0.7422680412371134,0.9796610169491525,0.9641434262948207,142,42,58,0.7333333333333333,0.6666666666666666,0.6857142857142857,6.1448701111111195,13.654946079365082,9.975872,0.0,0.38372093023255816,0.00980392156862745,77,70,72,0.6748768472906403,0.31527093596059114,0.5369458128078818,1.761975,3.334341,3.374432,0.005263157894736842,0.7685185185185185,0.5615942028985508,137,64,109
477,0.7760416666666666,0.22916666666666666,0.3177083333333333,57.978846333333344,49.51280133333333,70.713151,0.6635514018691588,0.9725085910652921,0.9644268774703557,149,44,61,0.7333333333333333,0.7142857142857143,0.6761904761904762,6.283375460317468,13.903593317460317,9.922322,0.0,0.34408602150537637,0.01020408163265306,77,75,71,0.6650246305418719,0.3251231527093596,0.5320197044334976,1.846345,3.351977,3.490806,0.026041666666666668,0.7648902821316614,0.5521235521235521,135,66,108
478,0.78125,0.24479166666666666,0.328125,58.64803100000002,52.145540999999994,72.998878,0.7373737373737373,0.9627118644067797,0.9651162790697675,150,47,63,0.7333333333333333,0.7333333333333333,0.6476190476190476,5.7421498571428655,14.111210301587306,10.12405,0.0,0.3103448275862069,0.010101010101010102,77,77,68,0.6699507389162561,0.31527093596059114,0.5320197044334976,1.890094,3.470962,3.515664,0.0297029702970297,0.7407407407407407,0.5243445692883895,136,64,108
479,0.7864583333333334,0.24479166666666666,0.3229166666666667,60.21800433333334,51.626383999999995,72.206177,0.7211538461538461,0.9724137931034482,0.9689922480620154,151,47,62,0.7047619047619048,0.7714285714285715,0.6476190476190476,5.6193331111111195,13.519338523809527,10.301467,0.0,0.25882352941176473,0.009615384615384616,74,81,68,0.6896551724137931,0.33004926108374383,0.5369458128078818,1.943975,3.419856,3.599641,0.024752475247524754,0.7180232558139535,0.5169811320754717,140,67,109
480,0.78125,0.234375,0.328125,57.54920733333334,51.322835999999995,70.536932,0.7802197802197802,0.9759450171821306,0.9578544061302682,150,45,63,0.7238095238095238,0.7714285714285715,0.6571428571428571,5.895407111111119,13.483371190476193,10.037487,0.0,0.3493975903614458,0.0,76,81,69,0.6847290640394089,0.3497536945812808,0.5517241379310345,1.931394,3.310123,3.500634,0.02,0.7463556851311953,0.5387453874538746,139,71,112
481,0.765625,0.23958333333333334,0.328125,62.56832533333334,52.70767999999999,74.628084,0.693069306930693,0.9793103448275862,0.9689922480620154,147,46,63,0.6952380952380952,0.7428571428571429,0.6571428571428571,5.876945888888898,14.155365857142861,9.986641,0.0,0.3333333333333333,0.009708737864077669,73,78,69,0.6748768472906403,0.35467980295566504,0.5714285714285714,1.894638,3.450244,3.526109,0.02030456852791878,0.7611464968152867,0.5488721804511278,137,72,116
482,0.7916666666666666,0.23958333333333334,0.328125,61.97630033333334,51.472460999999996,73.666451,0.7551020408163265,0.9727891156462585,0.9575289575289575,152,46,63,0.7142857142857143,0.7523809523809524,0.6666666666666666,5.978851888888897,13.170981079365083,10.198365,0.0,0.31,0.00980392156862745,75,79,70,0.6798029556650246,0.33497536945812806,0.5615763546798029,1.898373,3.466653,3.636082,0.02,0.7350157728706624,0.531496062992126,138,68,114
483,0.7760416666666666,0.24479166666666666,0.328125,58.42296466666667,48.764787999999996,73.906394,0.6938775510204082,0.9522184300341296,0.9681274900398407,149,47,63,0.6952380952380952,0.7619047619047619,0.6476190476190476,5.629507888888897,13.5710873968254,10.591053,0.0,0.30337078651685395,0.01,73,80,68,0.6699507389162561,0.35467980295566504,0.5517241379310345,1.892096,3.437347,3.668357,0.015,0.7303030303030303,0.5168539325842697,136,72,112
484,0.78125,0.24479166666666666,0.328125,57.121977000000015,48.48817799999999,71.50831,0.6728971962616822,0.976027397260274,0.9538461538461539,150,47,63,0.7142857142857143,0.7238095238095238,0.6666666666666666,5.628895000000008,14.263953841269842,10.481405,0.0,0.25,0.0,75,76,70,0.6650246305418719,0.35960591133004927,0.5665024630541872,1.940428,3.519608,3.717507,0.014925373134328358,0.7523219814241486,0.5055762081784386,135,73,115
485,0.7916666666666666,0.24479166666666666,0.328125,59.615746000000016,49.06936999999999,71.458458,0.7722772277227723,0.9790940766550522,0.9722222222222222,152,47,63,0.7047619047619048,0.7428571428571429,0.6476190476190476,6.213263000000008,13.11800431746032,10.830161,0.0,0.23809523809523808,0.0,74,78,68,0.6748768472906403,0.33497536945812806,0.5566502463054187,1.891112,3.52481,3.651497,0.019801980198019802,0.7515527950310559,0.5202952029520295,137,68,113
486,0.7916666666666666,0.24479166666666666,0.328125,60.173671333333346,51.558654999999995,69.968907,0.7708333333333334,0.9824561403508771,0.988,152,47,63,0.7238095238095238,0.780952380952381,0.638095238095238,6.485478888888897,12.956130301587303,10.699396,0.0,0.25,0.0,76,82,67,0.6699507389162561,0.3251231527093596,0.5763546798029556,1.894833,3.465172,3.585473,0.024630541871921183,0.7194029850746269,0.5147058823529411,136,66,117
487,0.7864583333333334,0.23958333333333334,0.328125,57.691859,49.73289199999999,71.04723833333334,0.7156862745098039,0.9790940766550522,0.96484375,151,46,63,0.7619047619047619,0.8,0.6476190476190476,6.5611031111111195,13.270765301587303,10.812239,0.0,0.2391304347826087,0.00980392156862745,80,84,68,0.6699507389162561,0.3399014778325123,0.5665024630541872,1.90854,3.539108,3.641148,0.02912621359223301,0.7469512195121951,0.553030303030303,136,69,115
488,0.8020833333333334,0.2708333333333333,0.3541666666666667,64.01220066666667,52.59523599999999,73.082324,0.6886792452830188,0.9525423728813559,0.9389312977099237,154,52,68,0.7428571428571429,0.7333333333333333,0.6476190476190476,6.425587888888898,13.846834079365083,10.647566,0.0,0.27058823529411763,0.019801980198019802,78,77,68,0.6650246305418719,0.3645320197044335,0.5862068965517241,1.826415,3.540694,3.705792,0.0196078431372549,0.7376543209876543,0.5328185328185329,135,74,119
489,0.7864583333333334,0.2604166666666667,0.3541666666666667,64.90247833333333,56.15534099999999,75.527143,0.7333333333333333,0.967741935483871,0.9759036144578314,151,50,68,0.7333333333333333,0.7428571428571429,0.6476190476190476,6.053089000000009,13.79460896825397,10.647145,0.0,0.26136363636363635,0.0,77,78,68,0.6650246305418719,0.3842364532019704,0.5517241379310345,1.918803,3.527589,3.639362,0.009900990099009901,0.7067901234567902,0.54296875,135,78,112
490,0.8229166666666666,0.2708333333333333,0.3541666666666667,62.25202500000001,58.145945999999995,72.153618,0.6355140186915887,0.9609929078014184,0.9760956175298805,158,52,68,0.7238095238095238,0.7333333333333333,0.638095238095238,6.367030111111119,13.674380285714287,10.545364,0.0,0.21839080459770116,0.0,76,77,67,0.6699507389162561,0.3793103448275862,0.5665024630541872,1.902605,3.550966,3.602944,0.009950248756218905,0.7370030581039755,0.5037037037037037,136,77,115
491,0.8020833333333334,0.2708333333333333,0.3541666666666667,61.58057066666668,53.53497999999999,70.183059,0.7654320987654321,0.9748201438848921,0.9393939393939394,154,52,68,0.7238095238095238,0.8,0.6285714285714286,6.83773511111112,13.407371523809529,10.763279,0.0,0.18478260869565216,0.0,76,84,66,0.6699507389162561,0.3694581280788177,0.5665024630541872,1.868323,3.607662,3.624218,0.009900990099009901,0.7327044025157232,0.48484848484848486,136,75,115
492,0.7916666666666666,0.265625,0.3489583333333333,58.50231766666666,53.17920099999999,70.169359,0.7613636363636364,0.9679715302491103,0.983739837398374,152,51,67,0.7142857142857143,0.8380952380952381,0.6285714285714286,6.225975000000008,13.50557973015873,10.738402,0.0,0.19101123595505617,0.0,75,88,66,0.6650246305418719,0.3793103448275862,0.5615763546798029,1.774677,3.549302,3.616621,0.009900990099009901,0.7306501547987616,0.4962686567164179,135,77,114
493,0.7916666666666666,0.2708333333333333,0.3385416666666667,62.51244033333333,53.81450799999999,74.234207,0.6808510638297872,0.965034965034965,0.9637096774193549,152,52,65,0.6952380952380952,0.8285714285714286,0.6571428571428571,6.392619000000009,13.480459746031748,11.084052,0.0,0.1839080459770115,0.0,73,87,69,0.6699507389162561,0.3793103448275862,0.5763546798029556,1.874782,3.696358,3.571265,0.014705882352941176,0.7194719471947195,0.5075187969924813,136,77,117
494,0.8125,0.2708333333333333,0.3489583333333333,64.868526,53.978294999999996,75.061371,0.7,0.9787234042553191,0.953125,156,52,67,0.6857142857142857,0.7619047619047619,0.6571428571428571,6.080112428571437,12.969845079365083,10.783807,0.0,0.23863636363636365,0.0,72,80,69,0.6798029556650246,0.37438423645320196,0.5714285714285714,1.867029,3.678252,3.67244,0.014705882352941176,0.7056962025316456,0.50199203187251,138,76,116
495,0.8020833333333334,0.265625,0.3489583333333333,64.05151033333334,54.41303799999999,72.308475,0.7294117647058823,0.9822064056939501,0.9721115537848606,154,51,67,0.6857142857142857,0.7333333333333333,0.6571428571428571,6.46475557142858,13.01294096825397,10.902777,0.0,0.19540229885057472,0.0,72,77,69,0.6748768472906403,0.3842364532019704,0.5812807881773399,1.86109,3.63768,3.686618,0.005,0.709375,0.49224806201550386,137,78,118
496,0.796875,0.265625,0.3489583333333333,64.76335933333334,53.606235999999996,71.294018,0.7159090909090909,0.968421052631579,0.9604743083003953,153,51,67,0.7142857142857143,0.7619047619047619,0.6476190476190476,6.587286000000009,13.29783131746032,11.346075,0.0,0.23809523809523808,0.0,75,80,68,0.6798029556650246,0.3891625615763547,0.5862068965517241,1.8343,3.634011,3.613482,0.005,0.7210031347962382,0.4699248120300752,138,79,119
497,0.8125,0.2708333333333333,0.3541666666666667,65.30813033333335,52.11597799999999,71.778447,0.735632183908046,0.9578947368421052,0.9598393574297188,156,52,68,0.7238095238095238,0.7619047619047619,0.6476190476190476,6.070089000000008,13.445730079365083,11.076324,0.0,0.21176470588235294,0.0,76,80,68,0.6798029556650246,0.3793103448275862,0.5862068965517241,1.830733,3.672373,3.588361,0.0,0.7229299363057324,0.4770992366412214,138,77,119
498,0.8125,0.2708333333333333,0.3385416666666667,66.33060333333334,51.615866999999994,77.112183,0.6703296703296703,0.96875,0.9835390946502057,156,52,65,0.7238095238095238,0.7904761904761904,0.638095238095238,6.430010000000008,13.555427412698414,10.440047,0.0,0.22988505747126436,0.0,76,83,67,0.6847290640394089,0.37438423645320196,0.5911330049261084,1.861114,3.751709,3.637525,0.0,0.7152103559870551,0.4774436090225564,139,76,120
499,0.8177083333333334,0.2708333333333333,0.3541666666666667,64.276087,52.22925899999999,76.349091,0.7209302325581395,0.9785714285714285,0.9529411764705882,157,52,68,0.7142857142857143,0.8095238095238095,0.6476190476190476,6.694446000000008,13.303358079365083,11.062328,0.0,0.20618556701030927,0.0,75,85,68,0.6847290640394089,0.3842364532019704,0.6157635467980296,1.881788,3.554531,3.568267,0.0,0.6869300911854104,0.4962962962962963,139,78,125
500,0.8177083333333334,0.265625,0.3541666666666667,64.02343800000001,49.73337899999999,75.556807,0.6626506024096386,0.9820143884892086,0.968,157,51,68,0.7142857142857143,0.8,0.6666666666666666,6.63080457142858,12.707428301587306,10.377781,0.0,0.18292682926829268,0.0,75,84,70,0.6896551724137931,0.4039408866995074,0.6206896551724138,1.894125,3.619795,3.574602,0.0,0.7230769230769231,0.5113636363636364,140,82,126
501,0.8177083333333334,0.265625,0.3541666666666667,63.90011266666667,49.92318199999999,74.201808,0.7386363636363636,0.9572953736654805,0.963855421686747,157,51,68,0.7333333333333333,0.7142857142857143,0.6952380952380952,6.643217000000009,13.193906428571431,10.85695,0.0,0.25333333333333335,0.0,77,75,73,0.6847290640394089,0.4039408866995074,0.5960591133004927,1.843907,3.678371,3.683588,0.01485148514851485,0.7333333333333333,0.4959677419354839,139,82,121
502,0.8229166666666666,0.2708333333333333,0.3541666666666667,64.508497,51.162603999999995,75.492935,0.7241379310344828,0.9647887323943662,0.9601593625498008,158,52,68,0.7428571428571429,0.7714285714285715,0.7142857142857143,6.403994000000008,13.43536096825397,10.334222,0.0,0.17857142857142858,0.0,78,81,75,0.7044334975369458,0.39408866995073893,0.5812807881773399,1.904611,3.757368,3.668724,0.0,0.7331189710610932,0.4904214559386973,143,80,118
503,0.8020833333333334,0.2604166666666667,0.3541666666666667,63.19730733333334,51.661137999999994,72.890502,0.735632183908046,0.978494623655914,0.9484126984126984,154,50,68,0.7333333333333333,0.8,0.7047619047619048,6.692389000000008,12.945403634920636,10.511625,0.0,0.1956521739130435,0.0,77,84,74,0.6945812807881774,0.39408866995073893,0.5812807881773399,1.924905,3.720127,3.696292,0.0,0.7152103559870551,0.4645669291338583,141,80,118
504,0.8177083333333334,0.2708333333333333,0.3489583333333333,66.87755533333335,55.04095999999999,76.668365,0.6631578947368421,0.9581881533101045,0.9800796812749004,157,52,67,0.7333333333333333,0.8,0.7142857142857143,6.513975000000008,13.147402412698415,10.320531,0.0,0.1566265060240964,0.0,77,84,75,0.6896551724137931,0.37438423645320196,0.5862068965517241,1.900148,3.711534,3.68067,0.0,0.7097791798107256,0.46946564885496184,140,76,119
505,0.8177083333333334,0.2708333333333333,0.328125,62.44628900000001,55.309332999999995,77.132299,0.7142857142857143,0.9680851063829787,0.9681274900398407,157,52,63,0.7333333333333333,0.8285714285714286,0.7142857142857143,6.628077000000008,12.78049353968254,10.03656,0.0,0.18888888888888888,0.0,77,87,75,0.6896551724137931,0.3842364532019704,0.6059113300492611,1.856001,3.589769,3.65841,0.004975124378109453,0.7178683385579937,0.47692307692307695,140,78,123
506,0.8020833333333334,0.2708333333333333,0.3489583333333333,63.705073000000006,51.849425999999994,76.806316,0.7875,0.9647887323943662,0.9461538461538461,154,52,67,0.7238095238095238,0.7904761904761904,0.7047619047619048,6.721751000000008,12.84763620634921,10.065887,0.0,0.17647058823529413,0.0,76,83,74,0.7044334975369458,0.37438423645320196,0.6157635467980296,1.926872,3.658558,3.703269,0.0049261083743842365,0.7403846153846154,0.4752851711026616,143,76,125
507,0.8229166666666666,0.2708333333333333,0.34375,62.626938666666675,51.092662999999995,73.853615,0.7065217391304348,0.9855072463768116,0.9686274509803922,158,52,66,0.7428571428571429,0.780952380952381,0.7142857142857143,6.898304000000008,12.702164968253971,10.78762,0.0,0.1566265060240964,0.0,78,82,75,0.6896551724137931,0.3645320197044335,0.6059113300492611,1.87186,3.689431,3.582445,0.004975124378109453,0.7264150943396226,0.4752851711026616,140,74,123
508,0.7916666666666666,0.265625,0.3541666666666667,65.88648566666667,52.54822699999999,71.27412,0.7386363636363636,0.9651567944250871,0.9642857142857143,152,51,68,0.7523809523809524,0.7523809523809524,0.7238095238095238,7.235292000000008,13.133669285714287,10.037669,0.0,0.11904761904761904,0.0,79,79,76,0.6945812807881774,0.3645320197044335,0.6009852216748769,1.878027,3.636419,3.556638,0.010050251256281407,0.7365079365079366,0.4835164835164835,141,74,122
509,0.8020833333333334,0.2708333333333333,0.3541666666666667,63.278428000000005,51.54162499999999,73.806362,0.7619047619047619,0.9540636042402827,0.9523809523809523,154,52,68,0.7714285714285715,0.7619047619047619,0.7238095238095238,7.254654857142866,12.54840620634921,10.159891,0.0,0.20930232558139536,0.0,81,80,76,0.7044334975369458,0.3793103448275862,0.5862068965517241,1.855996,3.699371,3.691103,0.009852216748768473,0.7371794871794872,0.5056603773584906,143,77,119
510,0.8072916666666666,0.2708333333333333,0.3489583333333333,64.02386333333334,52.844120999999994,74.786972,0.6601941747572816,0.978494623655914,0.963855421686747,155,52,67,0.7619047619047619,0.8380952380952381,0.7238095238095238,7.055312000000009,12.923709634920638,10.38792,0.0,0.11956521739130435,0.009615384615384616,80,88,76,0.6995073891625616,0.3842364532019704,0.5763546798029556,1.808312,3.762381,3.774199,0.0,0.7354838709677419,0.47104247104247104,142,78,117
511,0.8072916666666666,0.2708333333333333,0.3489583333333333,62.48194433333334,52.834289999999996,80.570981,0.7263157894736842,0.9818181818181818,0.9721115537848606,155,52,67,0.7714285714285715,0.8380952380952381,0.7142857142857143,7.525842000000009,12.558918746031747,10.556548,0.0,0.12222222222222222,0.0,81,88,75,0.6995073891625616,0.3891625615763547,0.6157635467980296,1.808779,3.774793,3.717331,0.0,0.6989690721649484,0.43478260869565216,142,79,125
512,0.8020833333333334,0.265625,0.3489583333333333,66.346316,50.85060399999999,75.704527,0.7291666666666666,0.9717314487632509,0.946969696969697,154,51,67,0.7714285714285715,0.7523809523809524,0.7142857142857143,7.426110000000008,12.49236996825397,10.242095,0.0,0.0958904109589041,0.0,81,79,75,0.7093596059113301,0.3891625615763547,0.6009852216748769,1.876715,3.711337,3.864573,0.0,0.7218543046357616,0.4549019607843137,144,79,122
513,0.796875,0.2708333333333333,0.3541666666666667,65.603092,51.955068999999995,76.084008,0.7530864197530864,0.9821428571428571,0.9642857142857143,153,52,68,0.7619047619047619,0.780952380952381,0.7047619047619048,7.947215571428579,12.449919190476193,10.456642,0.0,0.07692307692307693,0.0,80,82,74,0.7044334975369458,0.3891625615763547,0.5763546798029556,1.893817,3.673067,3.738282,0.004901960784313725,0.7269736842105263,0.4367816091954023,143,79,117
514,0.8125,0.265625,0.3541666666666667,65.63909933333335,51.92823599999999,76.746362,0.7065217391304348,0.9679715302491103,0.9601593625498008,156,51,68,0.7714285714285715,0.7904761904761904,0.6952380952380952,7.862053000000008,12.495430063492067,10.323256,0.0,0.08333333333333333,0.0,81,83,73,0.6995073891625616,0.39408866995073893,0.5714285714285714,1.882514,3.672483,3.752275,0.0,0.7354838709677419,0.46987951807228917,142,80,116
515,0.8177083333333334,0.2708333333333333,0.3489583333333333,68.22444066666667,52.926072999999995,77.46964,0.6777777777777778,0.9607142857142857,0.9556451612903226,157,52,67,0.819047619047619,0.7904761904761904,0.6952380952380952,7.653802000000009,13.12759474603175,10.385948,0.0,0.07954545454545454,0.0,86,83,73,0.7093596059113301,0.3793103448275862,0.6009852216748769,1.858182,3.713874,3.706945,0.0,0.75,0.44866920152091255,144,77,122
516,0.8020833333333334,0.2708333333333333,0.3489583333333333,62.695386333333346,52.241820999999995,78.145023,0.7439024390243902,0.9714285714285714,0.952191235059761,154,52,67,0.8095238095238095,0.7714285714285715,0.7238095238095238,7.4060310000000085,12.25211796825397,10.512141,0.0,0.10126582278481013,0.0,85,81,76,0.7192118226600985,0.3891625615763547,0.6157635467980296,1.836617,3.671644,3.713349,0.0,0.732484076433121,0.46303501945525294,146,79,125
517,0.8020833333333334,0.2708333333333333,0.3385416666666667,60.764566333333335,55.15360999999999,76.556784,0.6956521739130435,0.9586206896551724,0.9604743083003953,154,52,65,0.7904761904761904,0.8,0.7142857142857143,7.7412350000000085,12.399296984126986,10.662833,0.0,0.08860759493670886,0.0,83,84,75,0.7241379310344828,0.3842364532019704,0.5911330049261084,1.87866,3.595674,3.731767,0.004901960784313725,0.7227722772277227,0.47107438016528924,147,78,120
518,0.8177083333333334,0.2708333333333333,0.3489583333333333,60.50181500000001,54.27011499999999,75.196704,0.7692307692307693,0.9686411149825784,0.9609375,157,52,67,0.7714285714285715,0.8,0.7333333333333333,7.630456000000009,12.519021285714285,10.971495,0.0,0.10714285714285714,0.0,81,84,77,0.7192118226600985,0.3891625615763547,0.6157635467980296,1.846292,3.598815,3.839526,0.0,0.7476038338658147,0.44129554655870445,146,79,125
519,0.8229166666666666,0.2708333333333333,0.3541666666666667,63.415383000000006,53.16395099999999,74.948394,0.7325581395348837,0.989247311827957,0.9563492063492064,158,52,68,0.7714285714285715,0.819047619047619,0.7333333333333333,7.80551457142858,12.532628492063496,10.55585,0.0,0.11363636363636363,0.0,81,86,77,0.7192118226600985,0.3891625615763547,0.625615763546798,1.844295,3.626731,3.810888,0.0,0.7491961414790996,0.46311475409836067,146,79,127
520,0.8125,0.265625,0.3541666666666667,61.919246666666666,51.194329999999994,76.996488,0.6818181818181818,0.9618055555555556,0.9718875502008032,156,51,68,0.7714285714285715,0.7619047619047619,0.7238095238095238,8.349764000000008,12.72132196825397,10.542948,0.0,0.1282051282051282,0.0,81,80,76,0.7093596059113301,0.3842364532019704,0.6108374384236454,1.874678,3.749457,3.84953,0.004901960784313725,0.7610921501706485,0.4691358024691358,144,78,124
521,0.8125,0.2708333333333333,0.3489583333333333,63.941515333333335,49.79329899999999,77.211923,0.7415730337078652,0.9550173010380623,0.967741935483871,156,52,67,0.7619047619047619,0.7523809523809524,0.7238095238095238,8.487197000000007,12.692343650793653,10.679235,0.0,0.13095238095238096,0.009523809523809525,80,79,76,0.7093596059113301,0.39408866995073893,0.6009852216748769,1.807189,3.648651,3.831575,0.009852216748768473,0.7417218543046358,0.45267489711934156,144,80,122
522,0.7916666666666666,0.2708333333333333,0.3541666666666667,63.68507400000001,48.67923799999999,75.946019,0.7333333333333333,0.9714285714285714,0.972,152,52,68,0.7619047619047619,0.7619047619047619,0.7333333333333333,8.095100000000008,12.46795096825397,10.744121,0.0,0.0963855421686747,0.009523809523809525,80,80,77,0.6995073891625616,0.39408866995073893,0.5763546798029556,1.890762,3.648153,3.739861,0.014705882352941176,0.7652733118971061,0.4435483870967742,142,80,117
523,0.796875,0.2604166666666667,0.3541666666666667,65.34166466666667,50.52833299999999,72.827663,0.6826923076923077,0.9787985865724381,0.9565217391304348,153,50,68,0.780952380952381,0.8285714285714286,0.7333333333333333,8.332521000000009,12.320289936507939,10.637308,0.0,0.10344827586206896,0.02727272727272727,82,87,77,0.6995073891625616,0.39408866995073893,0.5862068965517241,1.925015,3.706929,3.595549,0.01932367149758454,0.7625418060200669,0.4774436090225564,142,80,119
524,0.8125,0.2604166666666667,0.3541666666666667,65.42899766666667,49.358371999999996,73.431209,0.7252747252747253,0.9857142857142858,0.9877551020408163,156,50,68,0.7904761904761904,0.780952380952381,0.7238095238095238,8.102782000000008,12.608889079365083,10.56699,0.0,0.12048192771084337,0.009345794392523364,83,82,76,0.6896551724137931,0.3645320197044335,0.5960591133004927,1.904346,3.675983,3.61952,0.023923444976076555,0.7598684210526315,0.47104247104247104,140,74,121
525,0.828125,0.2552083333333333,0.3541666666666667,62.43918366666668,50.601859999999995,73.342325,0.6804123711340206,0.9822695035460993,0.9683794466403162,159,49,68,0.780952380952381,0.7142857142857143,0.7238095238095238,8.280775000000009,12.193447746031746,10.79417,0.0,0.1232876712328767,0.009433962264150943,82,75,76,0.6896551724137931,0.3891625615763547,0.5812807881773399,1.97589,3.722889,3.858726,0.01932367149758454,0.7411003236245954,0.45147679324894513,140,79,118
526,0.8177083333333334,0.2552083333333333,0.3489583333333333,63.40782333333335,51.17740657142857,71.754058,0.7666666666666667,0.9858657243816255,0.9759036144578314,157,49,67,0.780952380952381,0.780952380952381,0.7238095238095238,7.833125000000009,12.470242968253972,10.784806,0.0,0.11764705882352941,0.018518518518518517,82,82,76,0.6995073891625616,0.39901477832512317,0.5812807881773399,1.912984,3.789864,3.814715,0.023696682464454975,0.7639344262295082,0.41975308641975306,142,81,118
527,0.7916666666666666,0.2552083333333333,0.34375,63.364242666666684,51.23399899999999,71.670088,0.7386363636363636,0.9859649122807017,0.98,152,49,66,0.8,0.8095238095238095,0.7238095238095238,7.8869745714285795,12.829712857142862,10.594038,0.0,0.08139534883720931,0.009345794392523364,84,85,76,0.7093596059113301,0.39901477832512317,0.6108374384236454,1.90733,3.877556,3.745361,0.01904761904761905,0.7540453074433657,0.44274809160305345,144,81,124
528,0.828125,0.24479166666666666,0.3385416666666667,63.20754233333335,48.57047042857142,70.901949,0.7,0.975609756097561,0.98,159,47,65,0.8,0.7904761904761904,0.7333333333333333,7.441226000000008,12.78958985714286,10.369743,0.0,0.1125,0.009174311926605505,84,83,77,0.7093596059113301,0.3842364532019704,0.6206896551724138,1.908618,3.822255,3.579372,0.019138755980861243,0.7467532467532467,0.43846153846153846,144,78,126
529,0.8072916666666666,0.25,0.328125,61.548235000000005,49.420199428571415,75.086898,0.7857142857142857,0.9691780821917808,0.9762845849802372,155,48,63,0.8095238095238095,0.7904761904761904,0.7333333333333333,7.766795000000008,12.56888828571429,10.923636,0.0,0.10126582278481013,0.009259259259259259,85,83,77,0.7093596059113301,0.3842364532019704,0.6108374384236454,1.932721,3.828182,3.702372,0.019230769230769232,0.7516129032258064,0.47808764940239046,144,78,124
530,0.8020833333333334,0.25,0.3333333333333333,62.21312533333335,50.446709999999996,75.982973,0.6956521739130435,0.9757785467128027,0.9730769230769231,154,48,64,0.8,0.8380952380952381,0.7428571428571429,7.4145654285714375,12.510143412698412,11.242415,0.0,0.05747126436781609,0.009345794392523364,84,88,78,0.6995073891625616,0.3842364532019704,0.6108374384236454,1.966874,3.913265,3.887169,0.019417475728155338,0.7566666666666667,0.4448979591836735,142,78,124
531,0.8072916666666666,0.25,0.328125,62.468172000000024,49.36090999999999,73.62724,0.75,0.9793103448275862,0.9769230769230769,155,48,63,0.780952380952381,0.780952380952381,0.7238095238095238,7.236498571428579,12.521927174603176,10.667574,0.0,0.09090909090909091,0.0,82,82,76,0.6995073891625616,0.3891625615763547,0.5763546798029556,1.945499,3.880098,3.904809,0.014563106796116505,0.734006734006734,0.42616033755274263,142,79,117
532,0.7864583333333334,0.25,0.328125,62.15263233333335,49.985845999999995,75.403651,0.75,0.9895104895104895,0.9735849056603774,151,48,63,0.7714285714285715,0.7714285714285715,0.7428571428571429,7.264789428571437,12.745084190476193,10.654103,0.0,0.11627906976744186,0.0,81,81,78,0.7093596059113301,0.39901477832512317,0.5615763546798029,1.967583,3.851637,3.792136,0.02403846153846154,0.7269736842105263,0.45525291828793774,144,81,114
533,0.8072916666666666,0.25,0.328125,63.78297600000002,47.634868999999995,73.943705,0.7252747252747253,0.9590443686006825,0.980544747081712,155,48,63,0.780952380952381,0.8,0.7428571428571429,7.740865142857152,12.679990968253971,10.809374,0.0,0.0963855421686747,0.0,82,84,78,0.7142857142857143,0.4039408866995074,0.5862068965517241,2.002142,3.807473,3.735493,0.019230769230769232,0.743421052631579,0.4555984555984556,145,82,119
534,0.8020833333333334,0.25,0.328125,64.60655100000002,51.674448999999996,72.113838,0.7391304347826086,0.9722222222222222,0.9806201550387597,154,48,63,0.8095238095238095,0.819047619047619,0.7523809523809524,8.219824000000008,13.258809063492068,11.025419,0.0,0.08888888888888889,0.0,85,86,79,0.7142857142857143,0.39901477832512317,0.6009852216748769,2.047124,3.824388,3.819146,0.019230769230769232,0.7466666666666667,0.5019455252918288,145,81,122
535,0.8072916666666666,0.25,0.328125,65.02895700000002,50.12834399999999,72.012756,0.7471264367816092,0.9860627177700348,0.9773584905660377,155,48,63,0.7904761904761904,0.8285714285714286,0.7142857142857143,7.754779000000008,13.112211428571433,11.286052,0.0,0.09302325581395349,0.0,83,87,75,0.729064039408867,0.4039408866995074,0.5812807881773399,2.019357,3.827213,3.886237,0.019138755980861243,0.745928338762215,0.491869918699187,148,82,118
536,0.8072916666666666,0.24479166666666666,0.3229166666666667,63.706581000000014,50.04143199999999,71.31154,0.6868686868686869,0.9859154929577465,0.9770114942528736,155,47,62,0.780952380952381,0.819047619047619,0.7142857142857143,7.875237000000008,12.978532206349211,11.503875,0.0,0.08333333333333333,0.0,82,86,75,0.7389162561576355,0.3842364532019704,0.5566502463054187,2.010991,3.774222,3.837527,0.014354066985645933,0.7448979591836735,0.4779116465863454,150,78,113
537,0.8125,0.25,0.328125,63.048403333333354,51.13530299999999,71.619754,0.7191011235955056,0.9825783972125436,0.9846153846153847,156,48,63,0.780952380952381,0.8476190476190476,0.7238095238095238,7.935702571428579,13.478328746031748,11.59123,0.0,0.09195402298850575,0.0,82,89,76,0.729064039408867,0.3891625615763547,0.5763546798029556,1.982062,3.779389,3.750218,0.019417475728155338,0.7350993377483444,0.47619047619047616,148,79,117
538,0.8072916666666666,0.25,0.328125,62.31255733333335,52.10738799999999,71.117507,0.7590361445783133,0.972318339100346,0.9769230769230769,155,48,63,0.780952380952381,0.8,0.7333333333333333,8.099157000000009,13.481655190476195,11.30373,0.0,0.07317073170731707,0.009433962264150943,82,84,77,0.7339901477832512,0.39408866995073893,0.6157635467980296,2.013285,3.693235,3.860254,0.014150943396226415,0.7302631578947368,0.4700854700854701,149,80,125
539,0.8072916666666666,0.25,0.328125,63.72162166666668,50.505630999999994,72.583664,0.7126436781609196,0.9756944444444444,0.9727626459143969,155,48,63,0.7619047619047619,0.7523809523809524,0.7428571428571429,7.868939000000008,13.093186206349209,11.478336,0.0,0.05063291139240506,0.009433962264150943,80,79,78,0.7438423645320197,0.4039408866995074,0.6059113300492611,1.998149,3.69868,4.005784,0.014492753623188406,0.7619047619047619,0.4978902953586498,151,82,123
540,0.8072916666666666,0.25,0.328125,64.76594466666668,47.25207499999999,75.678347,0.8023255813953488,0.9793103448275862,0.98046875,155,48,63,0.7619047619047619,0.819047619047619,0.7714285714285715,8.339748000000009,13.05981496825397,11.2678,0.0,0.06172839506172839,0.0,80,86,81,0.7487684729064039,0.4039408866995074,0.5812807881773399,2.076363,3.685856,3.976893,0.00975609756097561,0.7630662020905923,0.4857142857142857,152,82,118
541,0.8072916666666666,0.2604166666666667,0.3385416666666667,65.37737600000001,48.11884099999999,76.529746,0.6407766990291263,0.9756944444444444,0.9770114942528736,155,50,65,0.7619047619047619,0.819047619047619,0.780952380952381,7.605642777777787,13.307164523809526,11.623185,0.0,0.09302325581395349,0.0,80,86,82,0.729064039408867,0.41379310344827586,0.6059113300492611,2.069446,3.681352,3.918498,0.0049504950495049506,0.752542372881356,0.49019607843137253,148,84,123
542,0.8385416666666666,0.2604166666666667,0.328125,63.09591166666668,45.78929099999999,74.17528928571429,0.6746987951807228,0.9649122807017544,0.9691119691119691,161,50,63,0.7428571428571429,0.8,0.7523809523809524,7.87747322222223,13.308983190476193,11.410464,0.0,0.06741573033707865,0.0,78,84,79,0.7438423645320197,0.43349753694581283,0.6009852216748769,2.089284,3.683005,3.918059,0.009708737864077669,0.7067137809187279,0.4959677419354839,151,88,122
543,0.828125,0.2604166666666667,0.328125,63.06885800000002,46.61533299999999,74.347052,0.75,0.9786476868327402,0.9881889763779528,159,50,63,0.7428571428571429,0.8380952380952381,0.7428571428571429,7.887118000000008,13.24841296825397,11.078905,0.0,0.03409090909090909,0.0,78,88,78,0.7536945812807881,0.4482758620689655,0.6009852216748769,2.036451,3.685667,3.889744,0.014492753623188406,0.717391304347826,0.48,153,91,122
544,0.8177083333333334,0.2604166666666667,0.328125,63.19205500000001,49.49442199999999,74.54548042857144,0.684931506849315,0.9680851063829787,0.9540229885057471,157,50,63,0.7523809523809524,0.7714285714285715,0.7523809523809524,7.748437000000008,13.379302634920636,11.250689,0.0,0.08333333333333333,0.0,79,81,79,0.7339901477832512,0.4482758620689655,0.5812807881773399,1.9871,3.732869,3.939628,0.019801980198019802,0.7132616487455197,0.46808510638297873,149,91,118
545,0.8385416666666666,0.11979166666666667,0.13541666666666666,64.76391133333335,27.94468666666667,46.76364357142857,0.631578947368421,0.975,0.9863636363636363,161,23,26,0.7428571428571429,0.3142857142857143,0.3523809523809524,8.369626888888899,7.794048920634924,6.485158,0.0,0.05405405405405406,0.0,78,33,37,0.7142857142857143,0.21182266009852216,0.2413793103448276,2.011358,2.095698,2.185672,0.0,0.7130801687763713,0.4724770642201835,145,43,49
546,0.8333333333333334,0.125,0.13541666666666666,64.46483966666668,29.245437666666668,44.552961,0.6716417910447762,0.9583333333333334,0.9622641509433962,160,24,26,0.7428571428571429,0.3238095238095238,0.3142857142857143,7.872004682539691,7.891326253968257,6.270069,0.0,0.09375,0.0,78,34,33,0.7044334975369458,0.20689655172413793,0.23645320197044334,2.017719,2.111716,2.134235,0.005076142131979695,0.8,0.5166666666666667,143,42,48
547,0.8385416666666666,0.11979166666666667,0.13541666666666666,64.63307733333336,27.478627666666668,44.406359,0.6666666666666666,0.9586776859504132,0.9494949494949495,161,23,26,0.7523809523809524,0.3333333333333333,0.3142857142857143,8.73584146031747,7.882293587301589,6.148849,0.0,0.15384615384615385,0.0,79,35,33,0.6995073891625616,0.19704433497536947,0.22660098522167488,2.020741,2.083673,2.110734,0.0,0.7956989247311828,0.5666666666666667,142,40,46
548,0.8229166666666666,0.11458333333333333,0.13541666666666666,63.11888300000002,27.884160666666666,44.995604,0.6166666666666667,0.9666666666666667,0.9693877551020408,158,22,26,0.7619047619047619,0.3047619047619048,0.3238095238095238,7.881521000000008,7.8243753650793675,6.209513,0.0,0.29411764705882354,0.0,80,32,34,0.7093596059113301,0.18226600985221675,0.2019704433497537,2.002034,2.090055,2.163825,0.004975124378109453,0.84,0.6083333333333333,144,37,41
549,0.8229166666666666,0.109375,0.13020833333333334,63.26951933333335,26.360479666666667,45.907356,0.5797101449275363,0.9596774193548387,0.9514563106796117,158,21,25,0.7523809523809524,0.22857142857142856,0.3142857142857143,7.520822222222231,8.033645031746035,6.062061,0.0,0.4146341463414634,0.05660377358490566,79,24,33,0.7142857142857143,0.1625615763546798,0.1724137931034483,2.055317,2.09161,2.163721,0.01,0.8952380952380953,0.6967213114754098,145,33,35
550,0.828125,0.10416666666666667,0.13020833333333334,64.94135466666668,26.544686666666667,44.245105,0.6716417910447762,0.9752066115702479,0.9528301886792453,159,20,25,0.7428571428571429,0.24761904761904763,0.3238095238095238,7.839141000000009,8.352925809523812,6.669087,0.0,0.48936170212765956,0.08928571428571429,78,26,34,0.7142857142857143,0.1625615763546798,0.16748768472906403,2.090648,2.09686,2.165539,0.010050251256281407,0.9326923076923077,0.7076923076923077,145,33,34
551,0.8333333333333334,0.10416666666666667,0.125,63.77111533333335,26.42207266666667,44.864197,0.6338028169014085,0.9917355371900827,0.970873786407767,160,20,24,0.7523809523809524,0.22857142857142856,0.3047619047619048,8.08017811111112,8.464719809523814,7.007458,0.0,0.5333333333333333,0.16071428571428573,79,24,32,0.7044334975369458,0.15763546798029557,0.1477832512315271,2.061323,2.07178,2.107736,0.014925373134328358,0.9320388349514563,0.782608695652174,143,32,30
552,0.8333333333333334,0.09375,0.125,63.96260066666668,25.85485966666667,44.585423,0.6307692307692307,0.9761904761904762,0.9238095238095239,160,18,24,0.7523809523809524,0.22857142857142856,0.29523809523809524,8.113404000000008,8.195666920634924,6.723174,0.0,0.5909090909090909,0.25,79,24,31,0.7044334975369458,0.15270935960591134,0.14285714285714285,2.036629,2.082269,2.199187,0.009900990099009901,0.9532710280373832,0.8396946564885496,143,31,29
553,0.8125,0.13541666666666666,0.17708333333333334,66.91765433333333,49.03733299999999,75.339871,0.6197183098591549,0.9166666666666666,0.896,156,26,34,0.7428571428571429,0.3904761904761905,0.6666666666666666,7.694105000000008,13.432337634920636,12.205395,0.0,0.5277777777777778,0.1188118811881188,78,41,70,0.7192118226600985,0.1477832512315271,0.15763546798029557,2.080207,3.66579,3.980529,0.00975609756097561,0.9752066115702479,0.7911392405063291,146,30,32
554,0.8385416666666666,0.13541666666666666,0.17708333333333334,64.81339000000001,52.43752299999999,77.165795,0.5657894736842105,0.9608938547486033,0.9817073170731707,161,26,34,0.7428571428571429,0.37142857142857144,0.6571428571428571,7.643459000000008,13.502584634920636,12.596197,0.0,0.7708333333333334,0.3181818181818182,78,39,69,0.7192118226600985,0.15270935960591134,0.1625615763546798,2.019609,3.688164,3.899353,0.00975609756097561,0.9725274725274725,0.8511627906976744,146,31,33
555,0.8229166666666666,0.15104166666666666,0.203125,66.43246833333335,53.55233299999999,78.42471,0.6438356164383562,0.9744680851063829,0.9653679653679653,158,29,39,0.7428571428571429,0.38095238095238093,0.6571428571428571,7.879489428571437,13.724648634920635,13.043116,0.0,0.7967479674796748,0.3130434782608696,78,40,69,0.6995073891625616,0.15763546798029557,0.1921182266009852,2.073415,3.657796,3.968523,0.00980392156862745,0.96875,0.8920863309352518,142,32,39
556,0.8333333333333334,0.16145833333333334,0.20833333333333334,67.83000866666667,57.75233299999999,78.151181,0.6438356164383562,0.9859649122807017,0.9680851063829787,160,31,40,0.7428571428571429,0.4,0.6571428571428571,8.330115888888898,13.526214523809527,13.06222,0.0,0.7718120805369127,0.31932773109243695,78,42,69,0.6896551724137931,0.18719211822660098,0.18226600985221675,1.932355,3.757229,4.020726,0.009852216748768473,0.9326923076923077,0.8868501529051988,140,38,37
557,0.8385416666666666,0.15625,0.20833333333333334,69.86708900000002,57.66600999999999,76.663366,0.5972222222222222,0.9936305732484076,0.9735099337748344,161,30,40,0.7333333333333333,0.38095238095238093,0.638095238095238,7.97992611111112,13.729361634920636,13.146373,0.0,0.7894736842105263,0.336,77,40,67,0.6995073891625616,0.19704433497536947,0.2019704433497537,2.005007,3.770071,3.913454,0.009950248756218905,0.9373134328358209,0.8698060941828255,142,40,41
558,0.8229166666666666,0.16145833333333334,0.203125,69.37728933333334,54.94332899999999,77.221507,0.6612903225806451,0.98125,0.9899328859060402,158,31,39,0.7428571428571429,0.4,0.638095238095238,7.4315050000000085,14.442814190476192,13.262245,0.0,0.7922077922077922,0.312,78,42,67,0.7044334975369458,0.2019704433497537,0.21182266009852216,1.995868,3.719681,3.888687,0.009852216748768473,0.9373134328358209,0.8994252873563219,143,41,43
559,0.8385416666666666,0.16145833333333334,0.20833333333333334,67.82257733333334,55.09784899999999,78.394628,0.6142857142857143,0.971875,0.9832214765100671,161,31,40,0.7714285714285715,0.3904761904761905,0.6476190476190476,7.916372428571438,13.549121746031748,12.720357,0.0,0.7712418300653595,0.3,81,41,68,0.7241379310344828,0.19704433497536947,0.20689655172413793,1.981065,3.693497,4.029265,0.004878048780487805,0.9343283582089552,0.9021406727828746,147,40,42
560,0.828125,0.1875,0.234375,72.73216066666667,55.60209499999999,77.084874,0.6617647058823529,0.9683544303797469,0.9735973597359736,159,36,45,0.7619047619047619,0.4,0.6761904761904762,8.076859142857153,13.921776746031748,12.637172,0.0,0.8169014084507042,0.28688524590163933,80,42,71,0.7192118226600985,0.24630541871921183,0.20689655172413793,2.068503,3.725151,3.932615,0.0,0.9029411764705882,0.8674351585014409,146,50,42
561,0.8541666666666666,0.18229166666666666,0.234375,66.43431766666667,56.82499399999999,76.704135,0.5555555555555556,0.9766666666666667,0.9826989619377162,164,35,45,0.7714285714285715,0.4095238095238095,0.6666666666666666,8.483456000000007,14.250723746031747,12.672757,0.0,0.7631578947368421,0.24324324324324326,81,43,70,0.7241379310344828,0.2512315270935961,0.2413793103448276,2.057027,3.742541,3.910951,0.0,0.9040247678018576,0.8490028490028491,147,51,49
562,0.828125,0.1875,0.22916666666666666,72.48541866666667,56.784445999999996,78.249702,0.6,0.9735973597359736,0.976027397260274,159,36,44,0.7904761904761904,0.4095238095238095,0.6761904761904762,7.4929760000000085,13.928009523809525,13.015464,0.0,0.7638888888888888,0.2719298245614035,83,43,71,0.7192118226600985,0.23645320197044334,0.2561576354679803,2.033692,3.771972,3.992606,0.0,0.9059561128526645,0.8313253012048193,146,48,52
563,0.84375,0.21354166666666666,0.234375,70.39755333333335,55.18638099999999,80.082161,0.5405405405405406,0.9485530546623794,0.9829351535836177,162,41,45,0.780952380952381,0.42857142857142855,0.6666666666666666,8.008444000000008,14.237177634920636,13.101957,0.0,0.7808219178082192,0.2807017543859649,82,45,70,0.7192118226600985,0.2561576354679803,0.26108374384236455,2.058567,3.779354,3.970437,0.0,0.878419452887538,0.8452380952380952,146,52,53
564,0.84375,0.21354166666666666,0.2604166666666667,68.52470266666667,57.82130999999999,79.64515833333333,0.5428571428571428,0.9701986754966887,0.9721254355400697,162,41,50,0.780952380952381,0.4380952380952381,0.6857142857142857,8.038499428571438,14.321374634920636,13.528485,0.0,0.7304964539007093,0.23478260869565218,82,46,72,0.7241379310344828,0.27586206896551724,0.2660098522167488,2.053565,3.737863,4.00609,0.0,0.8456973293768546,0.8162650602409639,147,56,54
565,0.8333333333333334,0.20833333333333334,0.2604166666666667,70.71004233333333,59.747721999999996,79.831749,0.6,0.9664429530201343,0.9822695035460993,160,40,50,0.7904761904761904,0.45714285714285713,0.6761904761904762,7.494464142857152,14.311519634920636,13.145787,0.0,0.7342657342657343,0.22018348623853212,83,48,71,0.7142857142857143,0.2955665024630542,0.270935960591133,2.065726,3.754652,4.048063,0.0,0.8643533123028391,0.8141592920353983,145,60,55
566,0.84375,0.21354166666666666,0.2604166666666667,67.70173266666669,58.452332999999996,80.678411,0.5633802816901409,0.9763513513513513,0.9824561403508771,162,41,50,0.8,0.45714285714285713,0.6857142857142857,7.9570810000000085,14.795000634920637,12.810537,0.0,0.7063492063492064,0.22123893805309736,84,48,72,0.7192118226600985,0.2955665024630542,0.27586206896551724,2.031841,3.833048,3.981428,0.004878048780487805,0.8713826366559485,0.797583081570997,146,60,56
567,0.84375,0.21354166666666666,0.23958333333333334,66.87158300000002,58.51466599999999,80.591381,0.5714285714285714,0.9688581314878892,0.9823321554770318,162,41,46,0.7619047619047619,0.4857142857142857,0.6190476190476191,7.4484014285714375,14.924903634920637,12.442687,0.0,0.6666666666666666,0.23423423423423423,80,51,65,0.6945812807881774,0.28078817733990147,0.2955665024630542,2.136445,3.864862,3.986061,0.005,0.8544303797468354,0.7897897897897898,141,57,60
568,0.828125,0.21354166666666666,0.24479166666666666,66.29894633333335,62.22921499999999,80.30909533333335,0.5373134328358209,0.9616724738675958,0.9786476868327402,159,41,47,0.7619047619047619,0.4857142857142857,0.6095238095238096,7.34543857142858,15.281672412698414,12.569513,0.0,0.711864406779661,0.18811881188118812,80,51,64,0.6847290640394089,0.28078817733990147,0.3054187192118227,2.091882,3.836495,4.028031,0.0,0.8392282958199357,0.8031746031746032,139,57,62
569,0.8020833333333334,0.21354166666666666,0.24479166666666666,69.20384600000001,62.067677999999994,78.277457,0.6037735849056604,0.9614035087719298,0.9746376811594203,154,41,47,0.7904761904761904,0.4857142857142857,0.6,7.735668000000008,15.547051746031746,12.76856,0.0,0.6756756756756757,0.18095238095238095,83,51,63,0.6896551724137931,0.2955665024630542,0.2955665024630542,2.032941,3.853273,4.040996,0.0,0.847682119205298,0.7942122186495176,140,60,60
570,0.8229166666666666,0.21354166666666666,0.23958333333333334,66.17373166666668,59.30542599999999,79.244365,0.5522388059701493,0.9745454545454545,0.9854014598540146,158,41,46,0.7619047619047619,0.5142857142857142,0.638095238095238,7.630317000000009,15.227858412698414,12.857536,0.0,0.6440677966101694,0.18518518518518517,80,54,67,0.6995073891625616,0.29064039408866993,0.3054187192118227,2.077294,3.949535,3.999223,0.0,0.8542372881355932,0.784375,142,59,62
571,0.8125,0.21354166666666666,0.24479166666666666,69.314053,57.484154999999994,79.646734,0.5396825396825397,0.9477351916376306,0.9747292418772563,156,41,47,0.7619047619047619,0.5047619047619047,0.6571428571428571,7.259247000000008,14.985902507936512,12.959191,0.0,0.6754385964912281,0.19444444444444445,80,53,69,0.6995073891625616,0.2857142857142857,0.3103448275862069,2.000739,3.932409,3.936311,0.0,0.8471760797342193,0.7865853658536586,142,58,63
572,0.828125,0.21354166666666666,0.23958333333333334,69.20008433333334,59.152187999999995,80.161507,0.4838709677419355,0.9855595667870036,0.9820143884892086,159,41,46,0.7714285714285715,0.47619047619047616,0.6285714285714286,7.445013000000008,14.928034523809528,12.928552,0.0,0.6434782608695652,0.12745098039215685,81,50,66,0.6847290640394089,0.2857142857142857,0.3103448275862069,2.04785,3.940209,3.923088,0.005128205128205128,0.8421052631578947,0.815625,139,58,63
573,0.8229166666666666,0.21354166666666666,0.23958333333333334,66.66794566666668,56.240140999999994,80.52560566666666,0.5789473684210527,0.9619377162629758,0.9890909090909091,158,41,46,0.7619047619047619,0.47619047619047616,0.638095238095238,7.424168000000009,15.040078523809527,12.961143,0.0,0.7222222222222222,0.11764705882352941,80,50,67,0.6896551724137931,0.2955665024630542,0.3054187192118227,2.027176,3.958975,4.075064,0.00510204081632653,0.8366666666666667,0.8078175895765473,140,60,62
574,0.8072916666666666,0.21354166666666666,0.24479166666666666,68.91602533333335,55.55022999999999,81.141507,0.6140350877192983,0.9785714285714285,0.9679715302491103,155,41,47,0.7523809523809524,0.5142857142857142,0.6190476190476191,7.741840000000009,15.069251634920638,14.050818,0.0,0.6470588235294118,0.13861386138613863,79,54,65,0.6896551724137931,0.2955665024630542,0.2857142857142857,2.092323,4.007598,3.983661,0.00510204081632653,0.8481848184818482,0.7894736842105263,140,60,58
575,0.8177083333333334,0.21354166666666666,0.23958333333333334,72.98877466666667,57.90948499999999,83.801507,0.5441176470588235,0.9752650176678446,0.9853479853479854,157,41,46,0.7238095238095238,0.5142857142857142,0.6190476190476191,7.280441000000009,15.339963968253969,13.44316,0.0,0.6371681415929203,0.11764705882352941,76,54,65,0.6748768472906403,0.29064039408866993,0.30049261083743845,2.077568,3.984113,3.906901,0.005076142131979695,0.8514851485148515,0.7926829268292683,137,59,61
576,0.8229166666666666,0.20833333333333334,0.23958333333333334,73.50445466666667,59.70816399999999,84.545487,0.6607142857142857,0.9611307420494699,0.9889705882352942,158,40,46,0.7142857142857143,0.5142857142857142,0.5904761904761905,7.773586000000009,15.254950746031746,12.947339,0.0,0.6320754716981132,0.12871287128712872,75,54,62,0.645320197044335,0.29064039408866993,0.2955665024630542,2.073894,4.005549,3.918626,0.0,0.8375796178343949,0.8193548387096774,131,59,60
577,0.8333333333333334,0.21354166666666666,0.24479166666666666,70.43245733333336,60.14775699999999,82.700208,0.5573770491803278,0.9618055555555556,0.9748201438848921,160,41,47,0.7047619047619048,0.5142857142857142,0.5619047619047619,7.7857400000000085,16.104889301587303,12.867766,0.0,0.6481481481481481,0.11764705882352941,74,54,59,0.6551724137931034,0.29064039408866993,0.2955665024630542,2.057374,3.989819,4.016819,0.005154639175257732,0.8407643312101911,0.8052805280528053,133,59,60
578,0.8385416666666666,0.21354166666666666,0.24479166666666666,68.67896733333336,56.21802199999999,82.537684,0.5714285714285714,0.9551724137931035,0.975,161,41,47,0.7047619047619048,0.5047619047619047,0.6,7.693120000000008,15.819898634920637,12.602336,0.0,0.6363636363636364,0.09803921568627451,74,53,63,0.6650246305418719,0.29064039408866993,0.3054187192118227,2.010377,4.03523,4.056074,0.005128205128205128,0.8409090909090909,0.7753164556962026,135,59,62
579,0.8229166666666666,0.21354166666666666,0.24479166666666666,70.39668300000001,57.65981299999999,83.372204,0.6101694915254238,0.9823321554770318,0.9855595667870036,158,41,47,0.6857142857142857,0.49523809523809526,0.6,7.7383370000000085,15.81003074603175,13.049257,0.0,0.625,0.10891089108910891,72,52,63,0.6699507389162561,0.27586206896551724,0.3054187192118227,2.055422,4.04639,3.947334,0.0,0.8446601941747572,0.774390243902439,136,56,62
580,0.8333333333333334,0.21354166666666666,0.23958333333333334,66.25838433333334,55.97394599999999,79.907825,0.49230769230769234,0.9752650176678446,0.975,160,41,46,0.6761904761904762,0.5047619047619047,0.5904761904761905,7.321436000000008,15.879394523809527,13.218189,0.0,0.6528925619834711,0.09183673469387756,71,53,62,0.6699507389162561,0.2857142857142857,0.3054187192118227,2.091533,3.9871,4.009963,0.0,0.8387096774193549,0.786833855799373,136,58,62
581,0.8385416666666666,0.21354166666666666,0.24479166666666666,69.09539433333336,57.36070999999999,79.568963,0.53125,0.968421052631579,0.9745454545454545,161,41,47,0.6761904761904762,0.5047619047619047,0.580952380952381,7.261338000000008,15.84262796825397,13.327776,0.0,0.6226415094339622,0.10476190476190476,71,53,61,0.6650246305418719,0.2857142857142857,0.3103448275862069,1.998996,4.024185,4.04246,0.0,0.8566775244299675,0.7928802588996764,135,58,63
582,0.828125,0.20833333333333334,0.24479166666666666,68.93340300000001,57.41417199999999,79.022375,0.6078431372549019,0.9713261648745519,0.9855072463768116,159,40,47,0.6761904761904762,0.5238095238095238,0.5714285714285714,7.3993534285714375,16.337159746031745,13.696966,0.0,0.6372549019607843,0.07142857142857142,71,55,60,0.6748768472906403,0.27586206896551724,0.3054187192118227,2.041922,4.001462,4.077776,0.0,0.8258064516129032,0.7843137254901961,137,56,62
583,0.8333333333333334,0.21354166666666666,0.24479166666666666,67.64296833333334,59.879225999999996,79.388108,0.5510204081632653,0.9575971731448764,0.985239852398524,160,41,47,0.6666666666666666,0.49523809523809526,0.5904761904761905,7.285405571428579,16.067267523809523,13.234602,0.0,0.6504854368932039,0.06862745098039216,70,52,62,0.6699507389162561,0.2857142857142857,0.2857142857142857,2.052343,3.981816,4.047427,0.0,0.8259493670886076,0.7635782747603834,136,58,58
584,0.84375,0.21354166666666666,0.24479166666666666,68.23150666666669,58.97184299999999,81.593872,0.5087719298245614,0.9891304347826086,0.9640287769784173,162,41,47,0.6761904761904762,0.4666666666666667,0.6095238095238096,7.972802000000009,16.75297363492064,13.18804,0.0,0.6224489795918368,0.08653846153846154,71,49,64,0.6748768472906403,0.29064039408866993,0.3054187192118227,2.082075,3.994118,4.048323,0.010416666666666666,0.8535031847133758,0.7716049382716049,137,59,62
585,0.8072916666666666,0.21354166666666666,0.234375,71.78071233333334,58.16583399999999,82.224103,0.5238095238095238,0.9615384615384616,0.985239852398524,155,41,45,0.6857142857142857,0.5333333333333333,0.6095238095238096,7.649142000000008,16.226412634920635,13.105428,0.0,0.5882352941176471,0.08823529411764706,72,56,64,0.6748768472906403,0.28078817733990147,0.30049261083743845,2.091676,3.996143,4.046116,0.005208333333333333,0.8407643312101911,0.7832817337461301,137,57,61
586,0.8333333333333334,0.21354166666666666,0.24479166666666666,68.43063133333335,58.97184299999999,79.703732,0.44642857142857145,0.985663082437276,0.967391304347826,160,41,47,0.6857142857142857,0.5047619047619047,0.6095238095238096,7.456044000000008,16.298790634920636,12.843257,0.0,0.6568627450980392,0.08823529411764706,72,53,64,0.6699507389162561,0.2561576354679803,0.3103448275862069,2.123278,3.987431,4.177525,0.010416666666666666,0.8238993710691824,0.7745098039215687,136,52,63
587,0.84375,0.21354166666666666,0.234375,67.38639466666667,56.72859799999999,81.544322,0.46153846153846156,0.9858156028368794,0.9852941176470589,162,41,45,0.6857142857142857,0.49523809523809526,0.6095238095238096,7.731409428571437,16.430767634920638,12.503907,0.0,0.5887850467289719,0.0594059405940594,72,52,64,0.6650246305418719,0.26108374384236455,0.29064039408866993,2.076983,3.949757,4.114862,0.010256410256410256,0.8157099697885196,0.771875,135,53,59
588,0.84375,0.21354166666666666,0.24479166666666666,69.40613000000002,57.03660599999999,81.504641,0.5102040816326531,0.9719298245614035,0.9711191335740073,162,41,47,0.6952380952380952,0.5333333333333333,0.6285714285714286,7.936047571428579,16.454152634920636,12.43041,0.0,0.6495726495726496,0.07692307692307693,73,56,66,0.6748768472906403,0.27586206896551724,0.3054187192118227,2.115223,3.950681,4.057933,0.01020408163265306,0.8375796178343949,0.7791798107255521,137,56,62
589,0.8489583333333334,0.21354166666666666,0.24479166666666666,65.65438900000001,57.74322399999999,84.616989,0.6046511627906976,0.9686411149825784,0.985239852398524,163,41,47,0.7333333333333333,0.4666666666666667,0.6095238095238096,7.529148000000008,16.232291523809526,12.923528,0.0,0.6320754716981132,0.07766990291262135,77,49,64,0.6748768472906403,0.2857142857142857,0.3054187192118227,2.073559,4.020814,4.074328,0.010309278350515464,0.8344155844155844,0.7955271565495208,137,58,62
590,0.84375,0.21354166666666666,0.24479166666666666,67.29242000000002,57.71104499999999,83.076881,0.5625,0.9786476868327402,0.9782608695652174,162,41,47,0.7047619047619048,0.5047619047619047,0.6190476190476191,7.445646000000008,16.414700174603176,13.010418,0.0,0.6,0.07766990291262135,74,53,65,0.6748768472906403,0.27586206896551724,0.3103448275862069,2.10298,3.919386,4.151205,0.0051813471502590676,0.8128834355828221,0.7993527508090615,137,56,63
591,0.8541666666666666,0.21354166666666666,0.24479166666666666,69.75917633333334,57.962621999999996,80.496198,0.5,0.9752650176678446,0.9926470588235294,164,41,47,0.7142857142857143,0.5333333333333333,0.6095238095238096,7.359884000000008,16.86071963492064,13.009198,0.0,0.6074766355140186,0.06930693069306931,75,56,64,0.6847290640394089,0.2857142857142857,0.3054187192118227,2.165004,3.941557,4.239755,0.0,0.8244514106583072,0.7987012987012987,139,58,62
592,0.84375,0.21354166666666666,0.24479166666666666,71.69837200000002,57.462112999999995,82.672096,0.5454545454545454,0.9753521126760564,0.9747292418772563,162,41,47,0.6761904761904762,0.5047619047619047,0.6095238095238096,7.680156000000008,16.500811412698415,13.027962,0.0,0.6176470588235294,0.07920792079207921,71,53,64,0.6847290640394089,0.28078817733990147,0.2955665024630542,2.133958,3.988032,4.21844,0.0,0.8519736842105263,0.7801857585139319,139,57,60
593,0.859375,0.20833333333333334,0.24479166666666666,65.333494,56.04423799999999,80.547376,0.45098039215686275,0.9716312056737588,0.9612676056338029,165,40,47,0.6761904761904762,0.5333333333333333,0.6095238095238096,7.3170720000000085,16.653064523809526,13.177245,0.0,0.591304347826087,0.06862745098039216,71,56,64,0.6798029556650246,0.28078817733990147,0.2857142857142857,2.18466,3.997653,4.241736,0.0,0.8508474576271187,0.7836990595611285,138,57,58
594,0.8541666666666666,0.21354166666666666,0.24479166666666666,64.63282500000001,58.37265599999999,82.387584,0.5208333333333334,0.9615384615384616,0.989010989010989,164,41,47,0.6666666666666666,0.5333333333333333,0.6190476190476191,7.190907000000008,16.17754752380953,13.325451,0.0,0.5833333333333334,0.06,70,56,65,0.6798029556650246,0.27586206896551724,0.29064039408866993,2.118494,3.965849,4.276366,0.0,0.828125,0.7827476038338658,138,56,59
595,0.8489583333333334,0.21354166666666666,0.24479166666666666,67.86491366666668,62.137846999999994,83.437956,0.5348837209302325,0.978494623655914,0.9781021897810219,163,41,47,0.6666666666666666,0.5142857142857142,0.6190476190476191,7.068336000000008,16.050950301587303,12.919662,0.0,0.65,0.050505050505050504,70,54,65,0.6748768472906403,0.27586206896551724,0.29064039408866993,2.128852,3.983915,4.251789,0.010309278350515464,0.8456591639871383,0.7819314641744548,137,56,59
596,0.8229166666666666,0.20833333333333334,0.234375,71.92847166666668,59.00832199999999,83.000588,0.47619047619047616,0.9820143884892086,0.978021978021978,158,40,45,0.6476190476190476,0.5238095238095238,0.6190476190476191,7.794429000000008,16.005548841269846,12.702053,0.0,0.6173913043478261,0.020618556701030927,68,55,65,0.6206896551724138,0.2413793103448276,0.30049261083743845,2.072398,3.975525,4.267491,0.010526315789473684,0.8441558441558441,0.7588424437299035,126,49,61
597,0.796875,0.203125,0.23958333333333334,69.35101733333335,58.86331599999999,83.843685,0.35555555555555557,0.9696969696969697,0.9838709677419355,153,39,46,0.638095238095238,0.5047619047619047,0.6095238095238096,7.122965000000009,16.34214263492064,13.337976,0.0,0.6481481481481481,0.010309278350515464,67,53,64,0.6059113300492611,0.23645320197044334,0.30049261083743845,2.062217,3.985743,4.29373,0.011111111111111112,0.8372881355932204,0.7678571428571429,123,48,61
598,0.8072916666666666,0.20833333333333334,0.23958333333333334,70.25274366666667,59.39634699999999,79.896627,0.35294117647058826,0.9773584905660377,0.9760956175298805,155,40,46,0.638095238095238,0.49523809523809526,0.6190476190476191,7.312384000000009,16.327251523809526,13.766327,0.0,0.6140350877192983,0.010416666666666666,67,52,65,0.6059113300492611,0.23645320197044334,0.30049261083743845,2.08773,3.968025,4.327998,0.02247191011235955,0.8305084745762712,0.7624113475177305,123,48,61
599,0.7864583333333334,0.20833333333333334,0.23958333333333334,70.428853,59.83722699999999,80.296953,0.38636363636363635,0.9560439560439561,0.9642857142857143,151,40,46,0.6476190476190476,0.5142857142857142,0.6190476190476191,7.576414000000009,16.134402968253973,13.225639,0.0,0.6448598130841121,0.010526315789473684,68,54,65,0.6108374384236454,0.23645320197044334,0.3103448275862069,2.093058,3.968073,4.320282,0.011235955056179775,0.8333333333333334,0.7597173144876325,124,48,63
600,0.8125,0.20833333333333334,0.23958333333333334,69.81884833333336,59.62779799999999,83.464641,0.35555555555555557,0.9776119402985075,0.9755102040816327,156,40,46,0.6476190476190476,0.5238095238095238,0.6095238095238096,7.6949060000000085,16.434432523809527,13.111736,0.0,0.5904761904761905,0.010416666666666666,68,55,64,0.6009852216748769,0.2315270935960591,0.3103448275862069,2.108961,3.965536,4.345601,0.011235955056179775,0.8327645051194539,0.7829181494661922,122,47,63
601,0.8385416666666666,0.20833333333333334,0.23958333333333334,68.31760233333334,58.788971999999994,83.964594,0.4222222222222222,0.973384030418251,0.9878048780487805,161,40,46,0.6476190476190476,0.5142857142857142,0.6,7.250439000000008,16.447517412698417,13.601783,0.0,0.6186440677966102,0.010526315789473684,68,54,63,0.6108374384236454,0.2315270935960591,0.3054187192118227,2.062515,3.973028,4.312723,0.0,0.8299319727891157,0.7725631768953068,124,47,62
602,0.8177083333333334,0.20833333333333334,0.234375,69.23244400000002,58.99558199999999,83.90797433333333,0.32558139534883723,0.9555555555555556,0.9727626459143969,157,40,45,0.6571428571428571,0.5238095238095238,0.580952380952381,7.364639000000008,16.322768523809525,13.496857,0.0,0.6017699115044248,0.010638297872340425,69,55,61,0.6009852216748769,0.23645320197044334,0.3054187192118227,2.056156,3.94604,4.278806,0.0,0.82,0.76,122,48,62
603,0.8385416666666666,0.20833333333333334,0.23958333333333334,67.38865700000001,61.38646899999999,83.303638,0.32432432432432434,0.9732824427480916,0.9920634920634921,161,40,46,0.6476190476190476,0.5238095238095238,0.580952380952381,7.197821000000008,16.46788363492064,13.706615,0.0,0.6161616161616161,0.010638297872340425,68,55,61,0.6059113300492611,0.2413793103448276,0.3054187192118227,2.111178,3.969901,4.279632,0.01098901098901099,0.8231292517006803,0.7753623188405797,123,49,62
604,0.8125,0.20833333333333334,0.23958333333333334,67.65329166666669,59.486881999999994,83.787551,0.38461538461538464,0.9774436090225563,0.98046875,156,40,46,0.6571428571428571,0.5142857142857142,0.580952380952381,7.416366000000008,16.33451785714286,13.827454,0.0,0.580952380952381,0.021052631578947368,69,54,61,0.6108374384236454,0.2413793103448276,0.3054187192118227,2.112975,3.997987,4.37389,0.022222222222222223,0.8221476510067114,0.7773584905660378,124,49,62
605,0.8229166666666666,0.20833333333333334,0.234375,70.38624933333334,61.086333999999994,80.37358033333332,0.3404255319148936,0.9568345323741008,0.9730769230769231,158,40,45,0.6476190476190476,0.5047619047619047,0.5714285714285714,7.627389000000008,16.88778274603175,13.856628,0.0,0.5794392523364486,0.010526315789473684,68,53,60,0.6009852216748769,0.2413793103448276,0.3054187192118227,2.168238,3.990076,4.304813,0.011299435028248588,0.8193979933110368,0.76,122,49,62
606,0.8020833333333334,0.203125,0.234375,67.32136266666667,58.108884999999994,79.334641,0.4090909090909091,0.977859778597786,0.98046875,154,39,45,0.6476190476190476,0.5333333333333333,0.580952380952381,7.4788630000000085,17.114895190476194,13.572527,0.0,0.5818181818181818,0.010526315789473684,68,56,61,0.6059113300492611,0.2413793103448276,0.3054187192118227,2.16772,3.995999,4.266986,0.0111731843575419,0.8305647840531561,0.7697841726618705,123,49,62
607,0.7864583333333334,0.20833333333333334,0.23958333333333334,68.21961500000002,57.696541999999994,80.805916,0.36363636363636365,0.96,0.9838709677419355,151,40,46,0.638095238095238,0.5428571428571428,0.580952380952381,7.033404142857152,17.21509474603175,13.49492,0.0,0.56,0.021052631578947368,67,57,61,0.5960591133004927,0.22660098522167488,0.30049261083743845,2.127097,4.054234,4.331203,0.0223463687150838,0.8225255972696246,0.7794117647058824,121,46,61
608,0.828125,0.20833333333333334,0.23958333333333334,71.77430566666668,57.75233299999999,82.366559,0.3191489361702128,0.977859778597786,0.984,159,40,46,0.638095238095238,0.5428571428571428,0.5904761904761905,7.109904000000008,17.223228412698415,13.983068,0.0,0.5714285714285714,0.010526315789473684,67,57,62,0.5960591133004927,0.22167487684729065,0.3103448275862069,2.116021,4.07036,4.305326,0.016574585635359115,0.8193979933110368,0.7886792452830189,121,45,63
609,0.8125,0.20833333333333334,0.23958333333333334,69.95881633333335,60.631522999999994,82.198086,0.4634146341463415,0.9625468164794008,0.9802371541501976,156,40,46,0.638095238095238,0.5619047619047619,0.580952380952381,6.945467000000009,16.92230652380953,13.901618,0.0,0.5391304347826087,0.010638297872340425,67,59,61,0.6009852216748769,0.22167487684729065,0.3103448275862069,2.059193,4.058802,4.305609,0.0111731843575419,0.8249158249158249,0.7862595419847328,122,45,63
610,0.8072916666666666,0.20833333333333334,0.234375,71.63512900000002,60.85991799999999,79.916417,0.3695652173913043,0.955719557195572,0.9841897233201581,155,40,45,0.638095238095238,0.5428571428571428,0.5714285714285714,6.902629000000008,17.00266174603175,13.664746,0.0,0.6213592233009708,0.010638297872340425,67,57,60,0.5960591133004927,0.2315270935960591,0.3103448275862069,2.069182,4.000467,4.30701,0.005649717514124294,0.8225255972696246,0.7954545454545454,121,47,63
611,0.765625,0.20833333333333334,0.23958333333333334,68.94786800000001,61.146984999999994,80.772817,0.32075471698113206,0.9563636363636364,0.9689922480620154,147,40,46,0.6095238095238096,0.5142857142857142,0.5714285714285714,6.962346000000008,16.40739252380953,13.110671,0.0,0.6020408163265306,0.0,64,54,60,0.6059113300492611,0.2413793103448276,0.3054187192118227,2.065229,4.056655,4.304756,0.0,0.8372881355932204,0.8108108108108109,123,49,62
612,0.8072916666666666,0.20833333333333334,0.234375,69.19371666666667,60.20940099999999,78.569797,0.3968253968253968,0.9708029197080292,0.9730769230769231,155,40,45,0.6095238095238096,0.5428571428571428,0.5714285714285714,7.054693000000008,16.708104841269844,13.254837,0.0,0.5526315789473685,0.010638297872340425,64,57,60,0.6009852216748769,0.23645320197044334,0.3054187192118227,2.079911,4.087838,4.279626,0.005555555555555556,0.8200692041522492,0.7811320754716982,122,48,62
613,0.8229166666666666,0.20833333333333334,0.23958333333333334,68.68155166666668,59.31137299999999,80.441521,0.4807692307692308,0.974169741697417,0.9845559845559846,158,40,46,0.6190476190476191,0.5333333333333333,0.580952380952381,7.458062000000008,15.847773063492067,13.284664,0.0,0.6442307692307693,0.031578947368421054,65,56,61,0.6059113300492611,0.2315270935960591,0.3054187192118227,2.089091,4.03575,4.287354,0.016304347826086956,0.831081081081081,0.7955390334572491,123,47,62
614,0.8177083333333334,0.203125,0.23958333333333334,69.71304600000002,58.44299199999999,81.918741,0.4883720930232558,0.9633699633699634,0.984375,157,39,46,0.6095238095238096,0.5238095238095238,0.580952380952381,7.010139000000009,16.084494412698415,13.164316,0.0,0.5757575757575758,0.010526315789473684,64,55,61,0.5960591133004927,0.2413793103448276,0.2955665024630542,2.117324,4.011388,4.298042,0.0111731843575419,0.8316498316498316,0.8045977011494253,121,49,60
615,0.8177083333333334,0.20833333333333334,0.23958333333333334,67.48530233333334,60.37555299999999,82.313406,0.41509433962264153,0.9702602230483272,0.9725490196078431,157,40,46,0.6095238095238096,0.5714285714285714,0.5904761904761905,6.857753000000009,15.940743634920638,13.165651,0.0,0.5370370370370371,0.010752688172043012,64,60,62,0.6009852216748769,0.24630541871921183,0.30049261083743845,2.107497,4.009175,4.290795,0.01092896174863388,0.8493150684931506,0.8037735849056604,122,50,61
616,0.8333333333333334,0.20833333333333334,0.23958333333333334,70.31685766666668,58.641966999999994,84.069597,0.36363636363636365,0.9638989169675091,0.9883268482490273,160,40,46,0.6095238095238096,0.5523809523809524,0.6095238095238096,6.781758000000008,16.151205063492068,13.474745,0.0,0.6,0.0,64,58,64,0.5862068965517241,0.24630541871921183,0.3054187192118227,2.054946,4.049348,4.278097,0.011111111111111112,0.8413793103448276,0.7739463601532567,119,50,62
617,0.8333333333333334,0.20833333333333334,0.23958333333333334,69.78050266666668,57.747136999999995,83.184641,0.4634146341463415,0.9776119402985075,0.9881422924901185,160,40,46,0.6,0.5238095238095238,0.6095238095238096,7.0586150000000085,16.232034952380957,13.049689,0.0,0.5833333333333334,0.010752688172043012,63,55,64,0.5714285714285714,0.2413793103448276,0.3054187192118227,2.058829,3.982484,4.284956,0.0,0.8322147651006712,0.8014705882352942,116,49,62
618,0.8125,0.20833333333333334,0.23958333333333334,71.77633200000001,58.72406699999999,84.545836,0.38596491228070173,0.9589552238805971,0.9723320158102767,156,40,46,0.6095238095238096,0.5238095238095238,0.6095238095238096,7.334943000000008,15.829766174603177,12.888937,0.0,0.5959595959595959,0.010526315789473684,64,55,64,0.5812807881773399,0.23645320197044334,0.30049261083743845,2.096823,4.014555,4.260493,0.0,0.8385964912280702,0.7859922178988327,118,48,61
619,0.8333333333333334,0.20833333333333334,0.234375,70.56242600000002,59.89220499999999,81.876681,0.4090909090909091,0.9704797047970479,0.9689922480620154,160,40,45,0.6285714285714286,0.49523809523809526,0.6,6.752306000000009,16.266599301587306,13.033651,0.0,0.5494505494505495,0.0,66,52,63,0.5862068965517241,0.2315270935960591,0.30049261083743845,2.084452,4.006319,4.27243,0.0,0.8469387755102041,0.8015267175572519,119,47,61
620,0.828125,0.20833333333333334,0.22916666666666666,71.49447266666668,59.79348699999999,84.453182,0.4444444444444444,0.9705882352941176,0.9803921568627451,159,40,44,0.6190476190476191,0.5428571428571428,0.6,6.697458000000008,16.152922746031745,13.200583,0.0,0.54,0.010752688172043012,65,57,63,0.6009852216748769,0.23645320197044334,0.3054187192118227,2.083976,3.976913,4.251409,0.0,0.8344827586206897,0.7704280155642024,122,48,62
621,0.8489583333333334,0.20833333333333334,0.23958333333333334,71.11257900000001,60.88405999999999,82.652082,0.3684210526315789,0.9888059701492538,0.980544747081712,163,40,46,0.6095238095238096,0.5428571428571428,0.6,6.956593000000009,16.20043096825397,13.108372,0.0,0.5670103092783505,0.0,64,57,63,0.6009852216748769,0.2413793103448276,0.3054187192118227,2.075965,3.988799,4.244546,0.0,0.8435374149659864,0.7835820895522388,122,49,62
622,0.828125,0.20833333333333334,0.23958333333333334,70.04587866666667,62.662865999999994,81.380033,0.5128205128205128,0.9566787003610109,0.980544747081712,159,40,46,0.6095238095238096,0.5523809523809524,0.6190476190476191,7.204370000000009,15.943171634920636,13.356973,0.0,0.5,0.0,64,58,65,0.6009852216748769,0.2413793103448276,0.3103448275862069,2.090678,4.009213,4.21776,0.0,0.852233676975945,0.789272030651341,122,49,63
623,0.8072916666666666,0.20833333333333334,0.23958333333333334,70.67570100000002,62.76442599999999,82.050979,0.3409090909090909,0.9568345323741008,0.9610894941634242,155,40,46,0.6,0.5333333333333333,0.6095238095238096,6.645937000000008,15.841414746031749,13.064372,0.0,0.6041666666666666,0.0,63,56,64,0.6009852216748769,0.23645320197044334,0.3054187192118227,2.102007,4.005773,4.218881,0.0,0.8406779661016949,0.7765567765567766,122,48,62
624,0.8333333333333334,0.20833333333333334,0.23958333333333334,71.77543033333335,60.867915999999994,82.13163,0.37735849056603776,0.9887218045112782,0.9841269841269841,160,40,46,0.6,0.4857142857142857,0.6095238095238096,7.246578000000008,16.601528523809527,13.629142,0.0,0.5494505494505495,0.0,63,51,64,0.5960591133004927,0.24630541871921183,0.3103448275862069,2.067361,3.986685,4.212953,0.0,0.8383838383838383,0.7822878228782287,121,50,63
625,0.8385416666666666,0.203125,0.23958333333333334,70.10079633333335,60.04581099999999,81.839277,0.3111111111111111,0.9810606060606061,0.98046875,161,39,46,0.6095238095238096,0.5523809523809524,0.6095238095238096,7.218923000000008,15.944811301587304,13.337016,0.0,0.5135135135135135,0.0,64,58,64,0.6009852216748769,0.24630541871921183,0.3054187192118227,2.056832,4.024108,4.146399,0.0,0.8501742160278746,0.7908745247148289,122,50,62
626,0.828125,0.20833333333333334,0.234375,69.94835633333336,58.521820999999996,79.450948,0.36,0.9735849056603774,0.9768339768339769,159,40,45,0.6095238095238096,0.5238095238095238,0.6190476190476191,7.260749000000009,16.495128523809527,13.351033,0.0,0.5353535353535354,0.010638297872340425,64,55,65,0.5960591133004927,0.2413793103448276,0.3103448275862069,2.021713,4.014334,4.122745,0.005649717514124294,0.8409893992932862,0.792156862745098,121,49,63
627,0.8333333333333334,0.20833333333333334,0.23958333333333334,70.87996633333334,57.864022999999996,81.332045,0.4090909090909091,0.9702602230483272,0.9692307692307692,160,40,46,0.6285714285714286,0.5238095238095238,0.6095238095238096,6.938517000000008,16.158075968253968,13.330222,0.0,0.5648148148148148,0.010752688172043012,66,55,64,0.5911330049261084,0.23645320197044334,0.3054187192118227,2.002575,4.054968,4.139023,0.0,0.8482758620689655,0.7803921568627451,120,48,62
628,0.8177083333333334,0.20833333333333334,0.234375,68.04158966666668,58.35435999999999,81.344122,0.34782608695652173,0.9700374531835206,0.9801587301587301,157,40,45,0.6285714285714286,0.5428571428571428,0.638095238095238,6.903892000000009,16.07387941269842,13.189947,0.0,0.5277777777777778,0.01020408163265306,66,57,67,0.5911330049261084,0.2413793103448276,0.30049261083743845,2.051235,4.088069,4.148279,0.0,0.8461538461538461,0.7755905511811023,120,49,61
629,0.8385416666666666,0.20833333333333334,0.23958333333333334,67.68104100000002,58.53344499999999,84.597254,0.43859649122807015,0.9661654135338346,0.96875,161,40,46,0.638095238095238,0.5428571428571428,0.6190476190476191,7.0129850000000085,16.224621857142857,13.469229,0.0,0.5894736842105263,0.020618556701030927,67,57,65,0.5911330049261084,0.23645320197044334,0.2955665024630542,1.969712,4.066906,4.138354,0.0,0.856655290102389,0.7984496124031008,120,48,60
630,0.8385416666666666,0.20833333333333334,0.234375,68.9217,61.413619999999995,85.205736,0.46153846153846156,0.9730769230769231,0.984313725490196,161,40,45,0.6476190476190476,0.45714285714285713,0.6095238095238096,7.300307000000008,16.439100412698416,12.842131,0.0,0.5591397849462365,0.010416666666666666,68,48,64,0.5911330049261084,0.24630541871921183,0.30049261083743845,2.042083,4.034227,4.140153,0.0,0.8498293515358362,0.788235294117647,120,50,61
631,0.8333333333333334,0.20833333333333334,0.23958333333333334,68.85589333333336,59.62254099999999,84.500858,0.36666666666666664,0.9773584905660377,0.9803149606299213,160,40,46,0.6476190476190476,0.5428571428571428,0.6,7.342399000000008,16.348774301587305,13.140449,0.0,0.5428571428571428,0.0,68,57,63,0.5763546798029556,0.2413793103448276,0.30049261083743845,2.025243,4.078451,4.155353,0.0,0.8456140350877193,0.7874015748031497,117,49,61
632,0.8333333333333334,0.20833333333333334,0.23958333333333334,67.87253266666667,57.91197199999999,82.219609,0.42857142857142855,0.9695817490494296,0.97265625,160,40,46,0.6571428571428571,0.5523809523809524,0.6,7.015974000000009,16.71421585714286,13.019974,0.0,0.56,0.0,69,58,63,0.5812807881773399,0.23645320197044334,0.3103448275862069,1.984259,4.116138,4.183561,0.0,0.8368055555555556,0.8032128514056225,118,48,63
633,0.8177083333333334,0.20833333333333334,0.23958333333333334,68.88464600000002,58.17396999999999,83.807188,0.3958333333333333,0.9732824427480916,0.9725490196078431,157,40,46,0.6666666666666666,0.47619047619047616,0.6190476190476191,6.819267000000008,16.972355412698413,13.006335,0.0,0.6067415730337079,0.010416666666666666,70,50,65,0.5862068965517241,0.2413793103448276,0.30049261083743845,1.993328,4.059334,4.163694,0.0,0.8266666666666667,0.8127490039840638,119,49,61
634,0.8385416666666666,0.20833333333333334,0.234375,68.04198366666668,59.01720499999999,84.731245,0.28,0.9660377358490566,0.9960159362549801,161,40,45,0.6761904761904762,0.5142857142857142,0.6095238095238096,6.961913000000008,17.513982523809528,13.001361,0.0,0.6057692307692307,0.010416666666666666,71,54,64,0.5812807881773399,0.2413793103448276,0.3103448275862069,1.973964,4.085161,4.131751,0.005813953488372093,0.84375,0.80859375,118,49,63
635,0.8072916666666666,0.20833333333333334,0.23958333333333334,67.10019133333334,59.22005099999999,83.43768,0.4594594594594595,0.9885057471264368,0.9696969696969697,155,40,46,0.7047619047619048,0.5428571428571428,0.6285714285714286,7.091603000000008,17.40673063492064,13.199032,0.0,0.5277777777777778,0.010309278350515464,74,57,66,0.5911330049261084,0.2413793103448276,0.3054187192118227,2.048365,4.141225,4.13787,0.0,0.8482758620689655,0.8104838709677419,120,49,62
636,0.828125,0.20833333333333334,0.23958333333333334,67.92349533333336,60.75197599999999,80.584975,0.3584905660377358,0.969811320754717,0.9730769230769231,159,40,46,0.6952380952380952,0.5142857142857142,0.6285714285714286,6.696391888888899,17.561281412698413,12.920833,0.0,0.5789473684210527,0.010526315789473684,73,54,66,0.5812807881773399,0.24630541871921183,0.30049261083743845,2.038565,4.079115,4.165478,0.0,0.8271186440677966,0.8023255813953488,118,50,61
637,0.84375,0.20833333333333334,0.234375,68.98597200000003,59.32441899999999,80.652549,0.3958333333333333,0.9664179104477612,0.9921568627450981,162,40,45,0.7047619047619048,0.5142857142857142,0.638095238095238,7.272037777777786,17.436210746031747,13.030629,0.0,0.5412844036697247,0.010416666666666666,74,54,67,0.5862068965517241,0.2413793103448276,0.30049261083743845,2.038794,4.10411,4.133935,0.0,0.8518518518518519,0.7886792452830189,119,49,61
638,0.8072916666666666,0.203125,0.23958333333333334,69.01636166666668,59.25191799999999,82.478136,0.39473684210526316,0.9809885931558935,0.9732824427480916,155,39,46,0.7047619047619048,0.5238095238095238,0.6476190476190476,7.142916333333343,17.21947674603175,13.093424,0.0,0.5555555555555556,0.010309278350515464,74,55,68,0.5763546798029556,0.23645320197044334,0.2955665024630542,2.01969,4.130967,4.122128,0.0,0.847972972972973,0.7781818181818182,117,48,60
639,0.84375,0.20833333333333334,0.234375,67.47934133333334,56.324147999999994,84.750071,0.2916666666666667,0.9704797047970479,0.9730769230769231,162,40,45,0.6857142857142857,0.5333333333333333,0.6476190476190476,7.365508000000008,17.281540841269845,13.542344,0.0,0.5510204081632653,0.010526315789473684,72,56,68,0.5812807881773399,0.2413793103448276,0.30049261083743845,2.001936,4.071216,4.187201,0.005847953216374269,0.8294314381270903,0.7819548872180451,118,49,61
640,0.8385416666666666,0.20833333333333334,0.23958333333333334,68.86955300000001,57.21132599999999,85.417798,0.32608695652173914,0.959409594095941,0.9809885931558935,161,40,46,0.6857142857142857,0.5238095238095238,0.638095238095238,7.363429000000008,17.255431857142863,13.096315,0.0,0.5208333333333334,0.010309278350515464,72,55,67,0.5714285714285714,0.24630541871921183,0.30049261083743845,1.982453,4.107082,4.123473,0.0058823529411764705,0.8523489932885906,0.7454545454545455,116,50,61
641,0.8177083333333334,0.20833333333333334,0.234375,67.82164633333335,58.92335899999999,80.632045,0.3333333333333333,0.969811320754717,0.9626865671641791,157,40,45,0.6857142857142857,0.5142857142857142,0.6476190476190476,6.951840888888898,17.47735674603175,13.545024,0.010526315789473684,0.5555555555555556,0.010526315789473684,72,54,68,0.5812807881773399,0.2413793103448276,0.3054187192118227,2.027281,4.106676,4.082119,0.0,0.8523489932885906,0.7582417582417582,118,49,62
642,0.8385416666666666,0.20833333333333334,0.23958333333333334,66.78292466666667,60.34247599999999,81.192045,0.23728813559322035,0.9847908745247148,0.9885931558935361,161,40,46,0.6952380952380952,0.4857142857142857,0.6285714285714286,7.55430211111112,17.263669063492067,13.594291,0.010416666666666666,0.55,0.010752688172043012,73,51,66,0.6009852216748769,0.23645320197044334,0.2955665024630542,2.014939,4.087019,4.173491,0.0,0.8494983277591973,0.7722007722007722,122,48,60
643,0.8177083333333334,0.20833333333333334,0.234375,67.37705233333334,57.760521999999995,82.151985,0.3157894736842105,0.9555555555555556,0.9807692307692307,157,40,45,0.6857142857142857,0.5142857142857142,0.6190476190476191,7.242238000000008,17.601852634920633,13.508335,0.010869565217391304,0.53125,0.02127659574468085,72,54,65,0.5960591133004927,0.2413793103448276,0.30049261083743845,2.075175,4.067497,4.173221,0.0,0.8494983277591973,0.7333333333333333,121,49,61
644,0.8333333333333334,0.20833333333333334,0.23958333333333334,69.53492533333335,57.841789999999996,84.382314,0.29545454545454547,0.9775280898876404,0.9737827715355806,160,40,46,0.6666666666666666,0.5428571428571428,0.6,7.453720000000009,17.011172746031754,13.974923,0.0,0.44660194174757284,0.010869565217391304,70,57,63,0.5911330049261084,0.23645320197044334,0.3054187192118227,2.064586,4.064907,4.123372,0.0,0.8648648648648649,0.7236363636363636,120,48,62
645,0.8125,0.20833333333333334,0.23958333333333334,69.46589000000002,56.33446699999999,83.083728,0.4594594594594595,0.9740740740740741,0.9775280898876404,156,40,46,0.6571428571428571,0.5047619047619047,0.6095238095238096,6.919619000000008,17.522817190476196,13.69333,0.02127659574468085,0.5411764705882353,0.010752688172043012,69,53,64,0.5911330049261084,0.23645320197044334,0.3103448275862069,2.064692,4.094319,4.123517,0.0,0.8666666666666667,0.7555555555555555,120,48,63
646,0.8072916666666666,0.20833333333333334,0.23958333333333334,66.20334533333335,58.11166899999999,82.032045,0.3148148148148148,0.9742647058823529,0.9923954372623575,155,40,46,0.6857142857142857,0.5238095238095238,0.6190476190476191,7.143738000000009,17.385335412698414,13.412016,0.02127659574468085,0.4803921568627451,0.0,72,55,65,0.5862068965517241,0.24630541871921183,0.2955665024630542,2.093366,4.068549,4.089413,0.0,0.8484848484848485,0.7547169811320755,119,50,60
647,0.84375,0.203125,0.23958333333333334,67.89167033333334,56.39422799999999,81.584036,0.3673469387755102,0.9671532846715328,0.9923954372623575,162,39,46,0.6857142857142857,0.5523809523809524,0.5904761904761905,7.282042000000009,17.303327746031748,13.420494,0.02127659574468085,0.51,0.0,72,58,62,0.6059113300492611,0.24630541871921183,0.2955665024630542,2.080322,4.120884,4.097414,0.0,0.8737201365187713,0.7169117647058824,123,50,60
648,0.84375,0.20833333333333334,0.23958333333333334,68.154069,57.54791899999999,82.815648,0.5116279069767442,0.9740740740740741,0.9704797047970479,162,40,46,0.6857142857142857,0.5428571428571428,0.5904761904761905,7.173748428571438,16.897467634920638,12.817622,0.020833333333333332,0.5057471264367817,0.0,72,57,62,0.5911330049261084,0.24630541871921183,0.3054187192118227,2.048219,4.143024,3.992417,0.0,0.863481228668942,0.7428571428571429,120,50,62
649,0.8385416666666666,0.20833333333333334,0.23958333333333334,66.29209533333334,58.778425999999996,81.656831,0.40816326530612246,0.9851301115241635,0.9885931558935361,161,40,46,0.6761904761904762,0.5523809523809524,0.5714285714285714,7.146952000000009,17.1025543015873,13.23754,0.010752688172043012,0.46534653465346537,0.010752688172043012,71,58,60,0.5812807881773399,0.23645320197044334,0.30049261083743845,2.095932,4.173892,4.077127,0.011560693641618497,0.8657718120805369,0.7615384615384615,118,48,61
650,0.828125,0.20833333333333334,0.234375,66.944142,59.104257999999994,80.912045,0.38461538461538464,0.9702602230483272,0.9771863117870723,159,40,45,0.6571428571428571,0.5714285714285714,0.580952380952381,7.228958111111121,16.93398485714286,12.98806,0.022988505747126436,0.5471698113207547,0.0,69,60,61,0.5812807881773399,0.2413793103448276,0.2955665024630542,2.101552,4.184975,4.146834,0.005681818181818182,0.8441558441558441,0.7310606060606061,118,49,60
651,0.8125,0.20833333333333334,0.23958333333333334,67.58768966666668,58.081880999999996,80.571097,0.5,0.9743589743589743,0.9771863117870723,156,40,46,0.6666666666666666,0.5428571428571428,0.6,6.815282777777786,17.724021968253975,13.443583,0.010309278350515464,0.5376344086021505,0.0,70,57,63,0.5812807881773399,0.2413793103448276,0.3103448275862069,2.100282,4.228114,3.969656,0.0,0.8691275167785235,0.7359154929577465,118,49,63
652,0.8333333333333334,0.20833333333333334,0.23958333333333334,67.866669,58.91384299999999,82.551143,0.3,0.9704797047970479,0.9736842105263158,160,40,46,0.6666666666666666,0.5619047619047619,0.5904761904761905,6.83254422222223,17.712333523809527,13.671329,0.0,0.5283018867924528,0.0,70,59,62,0.5812807881773399,0.2413793103448276,0.3054187192118227,2.070976,4.218828,4.055245,0.0,0.856655290102389,0.7602996254681648,118,49,62
653,0.8541666666666666,0.20833333333333334,0.23958333333333334,66.52300533333333,59.681017999999995,82.156159,0.48,0.974169741697417,0.9771863117870723,164,40,46,0.6666666666666666,0.5428571428571428,0.6,7.130123000000008,17.741486412698414,13.19331,0.02127659574468085,0.5263157894736842,0.02040816326530612,70,57,63,0.5911330049261084,0.2413793103448276,0.27586206896551724,2.096101,4.211492,4.103258,0.0,0.8471760797342193,0.732824427480916,120,49,56
654,0.8125,0.20833333333333334,0.23958333333333334,66.08602233333333,59.233490999999994,83.172177,0.4222222222222222,0.9703703703703703,0.9847328244274809,156,40,46,0.6952380952380952,0.5047619047619047,0.580952380952381,7.077722888888898,17.387663634920635,13.34546,0.0,0.5555555555555556,0.0425531914893617,73,53,61,0.5911330049261084,0.23645320197044334,0.30049261083743845,2.045767,4.192939,3.931416,0.0,0.8464052287581699,0.6936619718309859,120,48,61
655,0.859375,0.203125,0.23958333333333334,71.077074,60.833707999999994,80.729872,0.46938775510204084,0.9851301115241635,0.9737827715355806,165,39,46,0.6571428571428571,0.5238095238095238,0.6,6.911073571428579,17.800005523809528,14.173268,0.010869565217391304,0.5252525252525253,0.031578947368421054,69,55,63,0.5960591133004927,0.2413793103448276,0.3103448275862069,2.06771,4.260915,3.974459,0.0056179775280898875,0.8677966101694915,0.7737226277372263,121,49,63
656,0.84375,0.20833333333333334,0.23958333333333334,71.28554566666668,61.152947999999995,83.926889,0.43243243243243246,0.9705882352941176,0.9848484848484849,162,40,46,0.6571428571428571,0.5142857142857142,0.6285714285714286,7.138263000000008,18.373623523809528,13.465578,0.010638297872340425,0.5514018691588785,0.04,69,54,66,0.6108374384236454,0.24630541871921183,0.2857142857142857,2.061447,4.28351,4.141713,0.0055248618784530384,0.8433333333333334,0.751937984496124,124,50,58
657,0.8333333333333334,0.20833333333333334,0.22916666666666666,66.68374466666666,58.74250399999999,82.285924,0.3333333333333333,0.9672727272727273,0.9702602230483272,160,40,44,0.6571428571428571,0.5333333333333333,0.6095238095238096,6.972032111111121,17.943944190476195,13.766007,0.0,0.5377358490566038,0.021739130434782608,69,56,64,0.6108374384236454,0.2413793103448276,0.2857142857142857,2.066354,4.201127,3.985242,0.00558659217877095,0.8381877022653722,0.7022058823529411,124,49,58
658,0.8489583333333334,0.20833333333333334,0.23958333333333334,66.830062,58.56006399999999,82.610103,0.32786885245901637,0.967741935483871,0.966789667896679,163,40,46,0.6761904761904762,0.5238095238095238,0.6,7.1175120000000085,17.820307301587302,13.908132,0.0,0.5294117647058824,0.02127659574468085,71,55,63,0.6206896551724138,0.24630541871921183,0.3103448275862069,2.102186,4.291587,3.930683,0.00558659217877095,0.8571428571428571,0.7314487632508834,126,50,63
659,0.8333333333333334,0.20833333333333334,0.234375,70.55756033333334,60.213215999999996,83.408632,0.3953488372093023,0.9676258992805755,0.9776119402985075,160,40,45,0.7047619047619048,0.5523809523809524,0.5904761904761905,7.138973571428579,17.95108785714286,13.417326,0.020202020202020204,0.5504587155963303,0.03125,74,58,62,0.625615763546798,0.23645320197044334,0.30049261083743845,2.131677,4.271833,4.007505,0.010869565217391304,0.8653198653198653,0.749034749034749,127,48,61
660,0.8385416666666666,0.20833333333333334,0.234375,72.19725333333332,60.298562999999994,81.221765,0.48717948717948717,0.967032967032967,0.9887218045112782,161,40,45,0.6952380952380952,0.5238095238095238,0.6,7.124160000000009,17.987464079365083,13.675239,0.01020408163265306,0.53125,0.03125,73,55,63,0.625615763546798,0.23645320197044334,0.270935960591133,2.049829,4.23591,4.101966,0.0056179775280898875,0.8389261744966443,0.7386363636363636,127,48,55
661,0.8385416666666666,0.20833333333333334,0.23958333333333334,69.63081,56.890446999999995,80.608632,0.4166666666666667,0.9706959706959707,0.9636363636363636,161,40,46,0.6952380952380952,0.5142857142857142,0.6095238095238096,7.594728000000009,18.204802523809523,13.511306,0.010526315789473684,0.5315315315315315,0.021052631578947368,73,54,64,0.6206896551724138,0.23645320197044334,0.2857142857142857,2.08074,4.229085,3.94538,0.0,0.8504983388704319,0.6950354609929078,126,48,58
662,0.8541666666666666,0.234375,0.265625,69.91943966666668,60.10229199999999,83.365256,0.36,0.9597069597069597,0.9630996309963099,164,45,51,0.7047619047619048,0.5142857142857142,0.6095238095238096,7.637226000000008,18.114543857142856,13.762898,0.02,0.5567010309278351,0.021052631578947368,74,54,64,0.6305418719211823,0.2955665024630542,0.3448275862068966,2.097485,4.335209,3.905521,0.0,0.8389261744966443,0.7328767123287672,128,60,70
663,0.8385416666666666,0.22395833333333334,0.265625,73.14230066666666,62.777877999999994,85.924348,0.391304347826087,0.9699248120300752,0.9846743295019157,161,43,51,0.6857142857142857,0.5333333333333333,0.6285714285714286,7.613165000000008,18.275039746031748,13.663698,0.01020408163265306,0.4909090909090909,0.0297029702970297,72,56,66,0.645320197044335,0.2857142857142857,0.35467980295566504,2.093867,4.320756,4.09727,0.005263157894736842,0.819672131147541,0.7142857142857143,131,58,72
664,0.8229166666666666,0.234375,0.2604166666666667,71.80744933333332,63.57078399999999,85.873931,0.5,0.966789667896679,0.9807692307692307,158,45,50,0.6761904761904762,0.5523809523809524,0.6476190476190476,7.216718000000008,18.08731485714286,13.98927,0.0,0.49019607843137253,0.039603960396039604,71,58,68,0.645320197044335,0.28078817733990147,0.33497536945812806,2.062025,4.259173,4.008077,0.0,0.8112582781456954,0.7084870848708487,131,57,68
665,0.84375,0.234375,0.265625,72.50658633333333,60.715734999999995,85.503847,0.3018867924528302,0.9774436090225563,0.9695817490494296,162,45,51,0.6761904761904762,0.580952380952381,0.6761904761904762,7.613097000000009,18.50468896825397,13.722692,0.0,0.5178571428571429,0.020202020202020204,71,61,71,0.6551724137931034,0.28078817733990147,0.3497536945812808,2.09802,4.255275,3.954712,0.0,0.8110749185667753,0.6875,133,57,71
666,0.8489583333333334,0.234375,0.265625,71.93510966666668,60.16559899999999,83.058632,0.36,0.9424460431654677,0.9628252788104089,163,45,51,0.6857142857142857,0.5333333333333333,0.6857142857142857,7.73785557142858,18.381096190476192,13.656877,0.01020408163265306,0.5145631067961165,0.02040816326530612,72,56,72,0.645320197044335,0.28078817733990147,0.35467980295566504,2.104577,4.346364,3.974648,0.0,0.8032786885245902,0.6996466431095406,131,57,72
667,0.8333333333333334,0.234375,0.265625,67.75254066666668,63.446071999999994,84.918173,0.3541666666666667,0.966542750929368,0.9883720930232558,160,45,51,0.6857142857142857,0.5523809523809524,0.6571428571428571,7.683077000000009,18.464112301587306,13.429087,0.0,0.543859649122807,0.03,72,58,69,0.6403940886699507,0.2660098522167488,0.3497536945812808,2.098468,4.362875,4.120129,0.005291005291005291,0.7943037974683544,0.6865671641791045,130,54,71
668,0.8333333333333334,0.234375,0.265625,71.10376333333333,61.57896199999999,79.158264,0.32075471698113206,0.9702602230483272,0.9774436090225563,160,45,51,0.6952380952380952,0.5619047619047619,0.6190476190476191,7.169690888888899,18.609584523809527,13.609114,0.0,0.5181818181818182,0.020618556701030927,73,59,65,0.6354679802955665,0.27586206896551724,0.33004926108374383,2.097998,4.312911,3.961142,0.0,0.7841269841269841,0.6666666666666666,129,56,67
669,0.84375,0.234375,0.265625,68.05246833333332,60.924958999999994,81.509964,0.37735849056603776,0.9591078066914498,0.9923371647509579,162,45,51,0.6761904761904762,0.6,0.6666666666666666,6.984701793650801,18.33411020634921,13.653352,0.010309278350515464,0.45045045045045046,0.019801980198019802,71,63,70,0.645320197044335,0.2857142857142857,0.3251231527093596,2.088798,4.294261,3.911258,0.0,0.7852760736196319,0.6982456140350877,131,58,66
670,0.8489583333333334,0.234375,0.2604166666666667,69.706629,60.32096099999999,81.865135,0.425531914893617,0.9739776951672863,0.973384030418251,163,45,50,0.6857142857142857,0.5714285714285714,0.6761904761904762,7.033667000000008,18.862472412698416,13.589767,0.010101010101010102,0.509090909090909,0.02,72,60,71,0.6650246305418719,0.2955665024630542,0.3399014778325123,2.086501,4.241821,3.947489,0.005235602094240838,0.7757575757575758,0.6892857142857143,135,60,69
671,0.84375,0.22916666666666666,0.265625,72.78470933333332,63.08461299999999,85.068774,0.5,0.9669117647058824,0.9735849056603774,162,44,51,0.7142857142857143,0.6095238095238096,0.6761904761904762,7.314528000000008,19.227848523809527,13.678729,0.00980392156862745,0.47058823529411764,0.02040816326530612,75,64,71,0.6699507389162561,0.2857142857142857,0.3448275862068966,2.098243,4.218894,4.012724,0.0051813471502590676,0.7863777089783281,0.6853146853146853,136,58,70
672,0.8333333333333334,0.234375,0.265625,70.39689333333332,62.970585666666665,87.059476,0.4339622641509434,0.9629629629629629,0.9776951672862454,160,45,51,0.7428571428571429,0.6095238095238096,0.6761904761904762,7.152261000000008,19.106567412698418,13.695574,0.0,0.4144144144144144,0.04807692307692308,78,64,71,0.6354679802955665,0.27586206896551724,0.3448275862068966,2.118372,4.274122,3.974707,0.020942408376963352,0.7881619937694704,0.684931506849315,129,56,70
673,0.828125,0.234375,0.265625,68.71260133333332,66.05385199999999,86.754451,0.36666666666666664,0.9630996309963099,0.9738805970149254,159,45,51,0.7428571428571429,0.580952380952381,0.6571428571428571,6.316263000000008,18.849934857142863,13.531568,0.0,0.5104166666666666,0.057692307692307696,78,61,69,0.6403940886699507,0.270935960591133,0.33004926108374383,2.101195,4.240657,3.943339,0.026041666666666668,0.7611464968152867,0.706959706959707,130,55,67
674,0.8385416666666666,0.234375,0.265625,70.345717,64.25229599999999,84.627418,0.4166666666666667,0.9703703703703703,0.9813432835820896,161,45,51,0.7523809523809524,0.6095238095238096,0.6476190476190476,6.780914746031755,18.9850721904762,13.418223,0.0,0.4666666666666667,0.06796116504854369,79,64,68,0.6305418719211823,0.2857142857142857,0.33497536945812806,2.111102,4.189299,4.102778,0.04591836734693878,0.7619047619047619,0.6925925925925925,128,58,68
675,0.84375,0.22916666666666666,0.2552083333333333,67.64282833333333,59.95479366666667,83.348969,0.35294117647058826,0.9565217391304348,0.9849624060150376,162,44,49,0.7428571428571429,0.5904761904761905,0.6666666666666666,7.091975000000009,19.620535746031745,13.652882,0.0,0.4803921568627451,0.0761904761904762,78,62,70,0.6305418719211823,0.29064039408866993,0.3054187192118227,2.113465,4.148512,4.156559,0.030456852791878174,0.7707006369426752,0.6956521739130435,128,59,62
676,0.84375,0.22916666666666666,0.265625,68.66971833333332,60.896297999999994,83.634507,0.3584905660377358,0.9560439560439561,0.9660377358490566,162,44,51,0.7333333333333333,0.638095238095238,0.6476190476190476,6.9737201111111204,19.43603563492064,13.376482,0.0,0.43434343434343436,0.10091743119266056,77,67,68,0.645320197044335,0.2857142857142857,0.32019704433497537,2.119793,4.228061,4.062105,0.04081632653061224,0.7628205128205128,0.6785714285714286,131,58,65
677,0.859375,0.234375,0.265625,69.028487,62.93629699999999,82.152349,0.5365853658536586,0.967032967032967,0.9775280898876404,165,45,51,0.7238095238095238,0.6285714285714286,0.6761904761904762,6.8209040000000085,19.71648163492064,13.715103,0.0,0.4803921568627451,0.05825242718446602,76,66,71,0.6502463054187192,0.28078817733990147,0.3251231527093596,2.092222,4.240051,4.07458,0.045,0.758957654723127,0.7263157894736842,132,57,66
678,0.859375,0.22916666666666666,0.2604166666666667,71.193624,64.061038,82.321145,0.48,0.981203007518797,0.9775280898876404,165,44,50,0.7142857142857143,0.6190476190476191,0.6952380952380952,6.804690571428579,19.546043079365084,13.367795,0.0,0.4594594594594595,0.07407407407407407,75,65,73,0.645320197044335,0.2955665024630542,0.33497536945812806,2.111161,4.20788,4.116004,0.03553299492385787,0.7515923566878981,0.6992753623188406,131,60,68
679,0.828125,0.234375,0.265625,71.34571366666667,63.38820899999999,81.609244,0.423728813559322,0.9704797047970479,0.9812734082397003,159,45,51,0.7142857142857143,0.6190476190476191,0.6666666666666666,6.6107960000000086,19.781480746031754,13.355547,0.0,0.5398230088495575,0.06796116504854369,75,65,70,0.6600985221674877,0.2955665024630542,0.33004926108374383,2.066517,4.222314,4.041701,0.029850746268656716,0.7652733118971061,0.6928571428571428,134,60,67
680,0.84375,0.22916666666666666,0.265625,70.31863533333335,60.42976699999999,83.779244,0.4142857142857143,0.9637681159420289,0.9885496183206107,162,44,51,0.7238095238095238,0.6285714285714286,0.6761904761904762,6.966756428571437,19.23207152380953,13.250551,0.0,0.5092592592592593,0.06666666666666667,76,66,71,0.6650246305418719,0.2857142857142857,0.3497536945812808,2.053273,4.238955,4.037733,0.015228426395939087,0.7873754152823921,0.7103448275862069,135,58,71
681,0.8489583333333334,0.234375,0.265625,70.44448200000001,60.493427999999994,85.260629,0.4098360655737705,0.9530685920577617,0.973384030418251,163,45,51,0.7142857142857143,0.6190476190476191,0.6761904761904762,6.681223571428579,19.572130968253973,12.888137,0.0,0.5357142857142857,0.06422018348623854,75,65,71,0.6748768472906403,0.2857142857142857,0.3497536945812808,2.060289,4.288335,4.119834,0.025252525252525252,0.760655737704918,0.7285714285714285,137,58,71
682,0.84375,0.234375,0.2604166666666667,67.18478366666668,62.52418199999999,82.939244,0.3684210526315789,0.9743589743589743,0.9628252788104089,162,45,50,0.6952380952380952,0.6,0.6952380952380952,6.922757888888898,19.34219074603175,13.075359,0.0,0.5,0.06422018348623854,73,63,73,0.6896551724137931,0.28078817733990147,0.3399014778325123,2.093065,4.154329,4.10952,0.03940886699507389,0.7436708860759493,0.712280701754386,140,57,69
683,0.8541666666666666,0.234375,0.265625,68.81720400000002,62.86728999999999,82.476167,0.5434782608695652,0.978021978021978,0.9735849056603774,164,45,51,0.7142857142857143,0.6095238095238096,0.7047619047619048,7.136052428571437,19.37336274603175,13.324699,0.0,0.5192307692307693,0.07339449541284404,75,64,74,0.7142857142857143,0.2955665024630542,0.3399014778325123,2.117337,4.223091,4.058899,0.04433497536945813,0.7836990595611285,0.7054794520547946,145,60,69
684,0.84375,0.22916666666666666,0.265625,72.27970866666668,64.75477799999999,82.924797,0.4339622641509434,0.9532374100719424,0.9885496183206107,162,44,51,0.7142857142857143,0.5619047619047619,0.6952380952380952,6.947128571428579,19.755406634920643,12.899656,0.0,0.5161290322580645,0.06666666666666667,75,59,73,0.7093596059113301,0.2857142857142857,0.33004926108374383,2.107255,4.35203,4.097959,0.04477611940298507,0.7847682119205298,0.7335640138408305,144,58,67
685,0.84375,0.234375,0.2552083333333333,71.84318000000002,64.837345,82.71888966666666,0.525,0.9638989169675091,0.9771863117870723,162,45,49,0.6952380952380952,0.6190476190476191,0.6952380952380952,7.133037000000009,19.28431663492064,12.907668,0.0,0.5178571428571429,0.07476635514018691,73,65,73,0.6995073891625616,0.27586206896551724,0.32019704433497537,2.151198,4.336663,4.163423,0.030612244897959183,0.767515923566879,0.7192982456140351,142,56,65
686,0.84375,0.2604166666666667,0.2916666666666667,67.84212666666667,64.679735,85.748443,0.323943661971831,0.9466192170818505,0.9523809523809523,162,50,56,0.7047619047619048,0.6095238095238096,0.6952380952380952,7.136796000000008,19.561637857142863,13.628683,0.0,0.47959183673469385,0.057692307692307696,74,64,73,0.7044334975369458,0.3054187192118227,0.3645320197044335,2.245267,4.23088,4.032532,0.025252525252525252,0.7552870090634441,0.6950819672131148,143,62,74
687,0.859375,0.2604166666666667,0.2916666666666667,70.65246833333333,67.391891,90.153714,0.37735849056603776,0.9666666666666667,0.9846153846153847,165,50,56,0.6952380952380952,0.6285714285714286,0.6952380952380952,6.942848000000009,20.255494634920638,13.826145,0.0,0.4842105263157895,0.0660377358490566,73,66,73,0.6995073891625616,0.3103448275862069,0.3842364532019704,2.253211,4.308769,4.082108,0.015151515151515152,0.7795527156549521,0.7043189368770764,142,63,78
688,0.890625,0.2604166666666667,0.2916666666666667,72.23185766666667,66.56736299999999,84.67901,0.38596491228070173,0.969811320754717,0.980544747081712,171,50,56,0.6952380952380952,0.638095238095238,0.7142857142857143,7.627189317460325,20.70705996825397,13.757904,0.0,0.48,0.05660377358490566,73,67,75,0.7142857142857143,0.3251231527093596,0.39901477832512317,2.190651,4.445025,4.164926,0.0,0.743421052631579,0.7013888888888888,145,66,81
689,0.859375,0.15104166666666666,0.203125,70.88090766666667,40.795864333333334,51.095519,0.4583333333333333,0.9787234042553191,0.96,165,29,39,0.6857142857142857,0.38095238095238093,0.5333333333333333,7.240391682539691,12.332368984126985,6.042199,0.0,0.4479166666666667,0.05825242718446602,72,40,56,0.7192118226600985,0.22660098522167488,0.32019704433497537,2.198623,2.685296,2.339336,0.0,0.7272727272727273,0.6872586872586872,146,46,65
690,0.8645833333333334,0.14583333333333334,0.21875,72.55130033333334,39.10611033333333,54.082478,0.44,0.9802631578947368,0.9682539682539683,166,28,42,0.6857142857142857,0.4,0.5428571428571428,7.3578128888888985,12.577139222222224,6.44125,0.0,0.4788732394366197,0.04395604395604396,72,42,57,0.7192118226600985,0.22660098522167488,0.32019704433497537,2.201566,2.688411,2.251057,0.015306122448979591,0.7093425605536332,0.6239067055393586,146,46,65
691,0.8541666666666666,0.13541666666666666,0.21354166666666666,71.11694233333333,38.16990833333334,49.037857,0.3673469387755102,0.9551282051282052,0.9725274725274725,164,26,41,0.6857142857142857,0.38095238095238093,0.5523809523809524,7.246467000000008,12.129150777777777,6.336657,0.0,0.44594594594594594,0.047619047619047616,72,40,58,0.7192118226600985,0.22167487684729065,0.3251231527093596,2.133531,2.794593,2.356694,0.020100502512562814,0.7189189189189189,0.6354679802955665,146,45,66
692,0.8385416666666666,0.13020833333333334,0.21875,72.774847,39.12280833333334,51.618072,0.3103448275862069,0.9551282051282052,0.9627659574468085,161,25,42,0.6857142857142857,0.3238095238095238,0.5619047619047619,7.069697682539691,11.74430211111111,6.491373,0.0,0.4935064935064935,0.09090909090909091,72,34,59,0.7044334975369458,0.18226600985221675,0.2955665024630542,2.146889,2.722148,2.283369,0.025380710659898477,0.7142857142857143,0.6711711711711712,143,37,60
693,0.875,0.13020833333333334,0.21354166666666666,72.05486333333334,39.20997533333333,51.830651,0.2698412698412698,0.9565217391304348,0.9840425531914894,168,25,41,0.6952380952380952,0.3047619047619048,0.5238095238095238,7.006545428571438,12.020664777777778,6.477322,0.0,0.6190476190476191,0.13953488372093023,73,32,55,0.6847290640394089,0.1921182266009852,0.29064039408866993,2.193624,2.695123,2.272051,0.02577319587628866,0.7635467980295566,0.6681818181818182,139,39,59
694,0.8645833333333334,0.13020833333333334,0.21354166666666666,72.46353233333335,41.114471333333334,50.850651,0.4146341463414634,0.9806451612903225,0.9895287958115183,166,25,41,0.6952380952380952,0.3047619047619048,0.5238095238095238,7.112991000000008,11.971167428571428,6.591828,0.0,0.6704545454545454,0.14893617021276595,73,32,55,0.6748768472906403,0.18719211822660098,0.29064039408866993,2.20874,2.771631,2.307103,0.010256410256410256,0.8,0.6981981981981982,137,38,59
695,0.875,0.125,0.21354166666666666,72.30890933333333,40.54985633333334,49.730651,0.42,0.9872611464968153,0.984375,168,24,41,0.7142857142857143,0.2761904761904762,0.5428571428571428,7.020241111111121,11.694108111111111,6.441805,0.0,0.6551724137931034,0.18181818181818182,75,29,57,0.6699507389162561,0.16748768472906403,0.27586206896551724,2.155794,2.765206,2.212479,0.010309278350515464,0.7867298578199052,0.6905829596412556,136,34,56
696,0.8489583333333334,0.11979166666666667,0.20833333333333334,70.89181100000002,39.267526333333336,51.981851,0.4807692307692308,0.9696969696969697,0.9792746113989638,163,23,40,0.6952380952380952,0.29523809523809524,0.5619047619047619,6.866556142857152,11.74743077777778,6.452042,0.0,0.7333333333333333,0.20202020202020202,73,31,59,0.6699507389162561,0.15270935960591134,0.2561576354679803,2.179353,2.75027,2.249961,0.0,0.7909090909090909,0.7219730941704036,136,31,52
697,0.8645833333333334,0.11979166666666667,0.203125,72.24963700000002,64.94054899999999,88.321787,0.4117647058823529,0.9709302325581395,0.9900497512437811,166,23,39,0.7047619047619048,0.3142857142857143,0.6190476190476191,7.276994317460326,20.356200968253972,14.707287,0.0,0.6822429906542056,0.20175438596491227,74,33,65,0.6798029556650246,0.15763546798029557,0.26108374384236455,2.191772,4.441501,4.076935,0.00510204081632653,0.8411214953271028,0.7434782608695653,138,32,53
698,0.875,0.11979166666666667,0.20833333333333334,69.90626266666668,64.90026099999999,86.313769,0.4,0.9775784753363229,0.9736842105263158,168,23,40,0.7047619047619048,0.2857142857142857,0.6476190476190476,7.093011333333342,20.37112596825397,15.696468,0.0,0.7927927927927928,0.2905982905982906,74,30,68,0.6847290640394089,0.15763546798029557,0.2561576354679803,2.128856,4.459139,4.056346,0.00510204081632653,0.8623481781376519,0.7764705882352941,139,32,52
699,0.875,0.11979166666666667,0.20833333333333334,70.35997766666667,63.65514799999999,86.033769,0.43636363636363634,0.984313725490196,0.9958847736625515,168,23,40,0.7142857142857143,0.3142857142857143,0.638095238095238,6.881727000000009,19.88061196825397,15.349486,0.0,0.795774647887324,0.275,75,33,67,0.6945812807881774,0.15270935960591134,0.2561576354679803,2.187626,4.427532,4.076808,0.005076142131979695,0.863481228668942,0.7841726618705036,141,31,52
700,0.8541666666666666,0.13020833333333334,0.21875,72.55908666666667,63.16966899999999,87.153769,0.41304347826086957,0.9835526315789473,0.9854014598540146,164,25,42,0.7333333333333333,0.37142857142857144,0.6476190476190476,7.275135000000009,20.156761079365083,16.224977,0.0,0.8125,0.3007518796992481,77,39,68,0.6995073891625616,0.20689655172413793,0.28078817733990147,2.145732,4.384709,4.13113,0.0,0.8608695652173913,0.7838709677419354,142,42,57
701,0.8854166666666666,0.13020833333333334,0.21354166666666666,72.86954166666668,64.344533,89.44092171428572,0.36538461538461536,0.9903846153846154,0.9929824561403509,170,25,41,0.7142857142857143,0.3619047619047619,0.6571428571428571,7.852811000000008,20.464172412698417,16.508279,0.0,0.7697368421052632,0.2537313432835821,75,38,69,0.6945812807881774,0.21182266009852216,0.27586206896551724,2.19723,4.43545,4.073654,0.005050505050505051,0.8704225352112676,0.7699680511182109,141,43,56
702,0.8958333333333334,0.13020833333333334,0.20833333333333334,72.862399,63.355048999999994,89.58954457142856,0.32653061224489793,0.9904153354632588,0.9930555555555556,172,25,40,0.7333333333333333,0.3619047619047619,0.6476190476190476,7.585362000000009,20.21467496825397,16.117678,0.0,0.7806451612903226,0.2556390977443609,77,38,68,0.6847290640394089,0.20689655172413793,0.28078817733990147,2.172148,4.420683,3.995289,0.00510204081632653,0.8611111111111112,0.7632398753894081,139,42,57
703,0.9010416666666666,0.13020833333333334,0.20833333333333334,71.51030733333334,63.91015099999999,89.743769,0.34,0.9840255591054313,0.972972972972973,173,25,40,0.7238095238095238,0.4,0.6666666666666666,7.677421000000009,20.870431079365083,16.378655,0.0,0.7643312101910829,0.16393442622950818,76,42,70,0.6896551724137931,0.21182266009852216,0.2955665024630542,2.178259,4.421219,4.133679,0.0,0.8806818181818182,0.7611464968152867,140,43,60
704,0.90625,0.13020833333333334,0.20833333333333334,68.829467,62.763059999999996,86.383769,0.26,0.9968152866242038,0.9826388888888888,174,25,40,0.7333333333333333,0.4095238095238095,0.6952380952380952,8.044879428571438,20.22295296825397,16.482417,0.0,0.7631578947368421,0.10434782608695652,77,43,73,0.6945812807881774,0.21182266009852216,0.30049261083743845,2.269583,4.534709,4.098168,0.0,0.881159420289855,0.7523219814241486,141,43,61
705,0.890625,0.13020833333333334,0.203125,71.744728,63.29999899999999,87.783769,0.325,0.9936507936507937,0.9895470383275261,171,25,39,0.7333333333333333,0.4095238095238095,0.7238095238095238,7.50535457142858,20.99724196825397,16.762549,0.0,0.7671232876712328,0.057692307692307696,77,43,76,0.6896551724137931,0.20689655172413793,0.3103448275862069,2.177655,4.510348,4.092739,0.005128205128205128,0.8707865168539326,0.7597597597597597,140,42,63
706,0.9166666666666666,0.13020833333333334,0.20833333333333334,69.03346066666667,61.819148999999996,88.841251,0.30612244897959184,0.990506329113924,0.9860627177700348,176,25,40,0.7428571428571429,0.4095238095238095,0.7047619047619048,7.208833000000008,20.658194634920637,16.591247,0.0,0.7741935483870968,0.05102040816326531,78,43,74,0.6847290640394089,0.21182266009852216,0.32019704433497537,2.177027,4.501257,4.072238,0.0,0.8623595505617978,0.7621951219512195,139,43,65
707,0.8697916666666666,0.13020833333333334,0.203125,69.18865033333334,63.20049499999999,89.73013285714286,0.2926829268292683,0.9873417721518988,0.9895104895104895,167,25,39,0.7523809523809524,0.4,0.7142857142857143,7.1060300000000085,20.996091079365087,16.45882,0.0,0.78,0.030612244897959183,79,42,75,0.6896551724137931,0.20689655172413793,0.33004926108374383,2.19807,4.4202,4.14946,0.0,0.872093023255814,0.7687687687687688,140,42,67
708,0.8802083333333334,0.13020833333333334,0.20833333333333334,70.08946533333334,62.07318299999999,89.49098914285713,0.32608695652173914,0.9904761904761905,0.9827586206896551,169,25,40,0.7428571428571429,0.3904761904761905,0.7142857142857143,7.327736000000009,20.51719296825397,16.531781,0.0,0.7612903225806451,0.02,78,41,75,0.6798029556650246,0.21182266009852216,0.33004926108374383,2.199305,4.44204,4.100645,0.005050505050505051,0.8600583090379009,0.7638036809815951,138,43,67
709,0.890625,0.13020833333333334,0.20833333333333334,72.86054933333334,63.27551299999999,89.99578,0.3333333333333333,0.9936908517350158,0.9827586206896551,171,25,40,0.7428571428571429,0.3904761904761905,0.7428571428571429,7.370082000000008,21.00124385714286,16.63394,0.0,0.7597402597402597,0.0,78,41,78,0.6896551724137931,0.2019704433497537,0.33004926108374383,2.233888,4.407077,4.073391,0.009900990099009901,0.851123595505618,0.764525993883792,140,41,67
710,0.8854166666666666,0.13020833333333334,0.20833333333333334,72.85686933333335,64.068095,88.263119,0.2982456140350877,0.9873417721518988,0.9828767123287672,170,25,40,0.7523809523809524,0.3523809523809524,0.7619047619047619,7.602771428571438,20.98246696825397,16.879369,0.0,0.7777777777777778,0.010416666666666666,79,37,80,0.6847290640394089,0.21182266009852216,0.33497536945812806,2.250906,4.405873,4.167881,0.01951219512195122,0.8636363636363636,0.76875,139,43,68
711,0.8958333333333334,0.13020833333333334,0.203125,69.352478,65.62457599999999,86.774174,0.325,0.9904761904761905,0.986013986013986,172,25,39,0.7428571428571429,0.37142857142857144,0.7428571428571429,7.239173571428579,21.42712685714286,16.884366,0.0,0.7677419354838709,0.01020408163265306,78,39,78,0.6748768472906403,0.20689655172413793,0.32019704433497537,2.155806,4.408064,4.243925,0.014925373134328358,0.8628571428571429,0.7616099071207431,137,42,65
712,0.8802083333333334,0.13020833333333334,0.20833333333333334,71.09140133333334,64.23762699999999,87.867317,0.29545454545454547,0.9936102236421726,0.9895833333333334,169,25,40,0.7238095238095238,0.4,0.7333333333333333,7.714539000000008,21.432624428571433,16.554811,0.0,0.7452229299363057,0.010309278350515464,76,42,77,0.6551724137931034,0.20689655172413793,0.33004926108374383,2.215583,4.387473,4.186844,0.00510204081632653,0.8538681948424068,0.7620481927710844,133,42,67
713,0.8854166666666666,0.125,0.20833333333333334,71.75843566666667,63.27920785714285,88.961358,0.3137254901960784,0.9936305732484076,0.9788732394366197,170,24,40,0.7142857142857143,0.3904761904761905,0.7333333333333333,7.539483000000009,21.309343968253973,16.71705,0.0,0.8082191780821918,0.010309278350515464,75,41,77,0.6600985221674877,0.20689655172413793,0.33497536945812806,2.245629,4.397107,4.262829,0.0,0.8547008547008547,0.7808641975308642,134,42,68
714,0.8958333333333334,0.125,0.20833333333333334,70.33079766666667,62.92794885714285,88.730855,0.2926829268292683,0.9904761904761905,0.9823321554770318,172,24,40,0.7333333333333333,0.4,0.7428571428571429,7.2365770000000085,20.89860007936508,16.391555,0.0,0.7345679012345679,0.010526315789473684,77,42,78,0.6699507389162561,0.2019704433497537,0.33497536945812806,2.228695,4.417818,4.241772,0.0,0.8596491228070176,0.7630769230769231,136,41,68
715,0.890625,0.125,0.203125,69.90911266666666,63.30950385714285,90.896139,0.3170731707317073,0.9874213836477987,0.9857142857142858,171,24,39,0.7523809523809524,0.4,0.7333333333333333,7.593727000000008,21.41675896825397,16.646132,0.0,0.7876712328767124,0.010869565217391304,79,42,77,0.6600985221674877,0.21182266009852216,0.31527093596059114,2.212611,4.517648,4.281174,0.0,0.8571428571428571,0.7689969604863222,134,43,64
716,0.9114583333333334,0.11979166666666667,0.20833333333333334,72.17638333333335,63.80460185714285,91.053901,0.35294117647058826,0.9872611464968153,0.9859154929577465,175,23,40,0.7619047619047619,0.3904761904761905,0.7333333333333333,7.601429000000008,21.58360396825397,16.65312,0.0,0.7880794701986755,0.010638297872340425,80,41,77,0.6502463054187192,0.20689655172413793,0.3103448275862069,2.160193,4.397894,4.275846,0.0,0.8285714285714286,0.7717717717717718,132,42,63
717,0.890625,0.11979166666666667,0.203125,72.285497,65.34336485714284,89.480517,0.32727272727272727,0.9905956112852664,0.9964285714285714,171,23,39,0.7523809523809524,0.4,0.7333333333333333,7.444532000000009,21.50405796825397,16.948849,0.0,0.8095238095238095,0.010638297872340425,79,42,77,0.6403940886699507,0.20689655172413793,0.3054187192118227,2.222243,4.404376,4.341003,0.0,0.86,0.7546583850931677,130,42,62
718,0.875,0.11979166666666667,0.203125,75.91521399999999,63.32410042857142,93.168825,0.36585365853658536,0.99375,0.9719298245614035,168,23,39,0.7428571428571429,0.4095238095238095,0.7333333333333333,7.529141428571437,21.38684985714286,16.554658,0.0,0.7919463087248322,0.021052631578947368,78,43,77,0.6354679802955665,0.21182266009852216,0.3103448275862069,2.184158,4.482139,4.319618,0.005076142131979695,0.8558558558558559,0.7401812688821753,129,43,63
719,0.875,0.11458333333333333,0.20833333333333334,74.01863833333333,62.00230299999999,91.053901,0.27906976744186046,0.9906542056074766,0.9823943661971831,168,22,40,0.780952380952381,0.3904761904761905,0.7333333333333333,7.426342571428579,21.37415185714286,16.337324,0.0,0.7828947368421053,0.04081632653061224,82,41,77,0.6354679802955665,0.19704433497536947,0.32019704433497537,2.182715,4.499468,4.295644,0.010256410256410256,0.847953216374269,0.7507692307692307,129,40,65
720,0.8854166666666666,0.11458333333333333,0.20833333333333334,71.61500466666665,63.20988899999999,91.532811,0.2916666666666667,0.9937694704049844,0.992831541218638,170,22,40,0.780952380952381,0.3904761904761905,0.7142857142857143,7.542578000000009,21.602531857142857,16.422943,0.0,0.8051948051948052,0.042105263157894736,82,41,75,0.645320197044335,0.21182266009852216,0.3251231527093596,2.223629,4.434222,4.333617,0.01,0.8357771260997068,0.7454545454545455,131,43,66
721,0.8802083333333334,0.11458333333333333,0.203125,72.36914533333332,64.71140999999999,93.113018,0.22641509433962265,0.9876543209876543,0.9893992932862191,169,22,39,0.8,0.3904761904761905,0.7047619047619048,7.542439428571438,21.398169857142857,16.570138,0.0,0.782051282051282,0.02247191011235955,84,41,74,0.6551724137931034,0.2019704433497537,0.32019704433497537,2.152345,4.476619,4.32911,0.010050251256281407,0.8468468468468469,0.7455089820359282,133,41,65
722,0.8802083333333334,0.11458333333333333,0.20833333333333334,72.129338,64.133889,91.07583,0.3,0.9936908517350158,0.9893617021276596,169,22,40,0.7904761904761904,0.4095238095238095,0.7142857142857143,7.453130571428579,21.82360685714286,16.652489,0.0,0.8,0.031914893617021274,83,43,75,0.6551724137931034,0.2019704433497537,0.3251231527093596,2.213313,4.574337,4.351202,0.00510204081632653,0.8473053892215568,0.7388724035608308,133,41,66
723,0.8958333333333334,0.11458333333333333,0.203125,74.518794,63.09960499999999,90.243808,0.23255813953488372,0.9937106918238994,0.975609756097561,172,22,39,0.780952380952381,0.4,0.7238095238095238,7.838436000000009,21.52885385714286,16.62097,0.0,0.7814569536423841,0.03125,82,42,76,0.6551724137931034,0.21182266009852216,0.32019704433497537,2.150574,4.456374,4.379378,0.005128205128205128,0.8305084745762712,0.7589285714285714,133,43,65
724,0.890625,0.11458333333333333,0.20833333333333334,72.041871,63.09960499999999,92.280616,0.2653061224489796,0.987460815047022,0.9859649122807017,171,22,40,0.7904761904761904,0.4,0.7333333333333333,7.500108000000008,21.810742857142863,16.572218,0.0,0.8092105263157895,0.021052631578947368,83,42,77,0.6551724137931034,0.20689655172413793,0.31527093596059114,2.149521,4.479209,4.453655,0.015306122448979591,0.8507462686567164,0.750733137829912,133,42,64
725,0.875,0.11458333333333333,0.203125,75.59378333333333,63.09960499999999,91.053901,0.17391304347826086,0.9968354430379747,0.9892857142857143,168,22,39,0.7904761904761904,0.4,0.7333333333333333,7.590982000000008,21.94149874603175,16.653612,0.0,0.7972972972972973,0.03125,83,42,77,0.6798029556650246,0.19704433497536947,0.3103448275862069,2.177479,4.559432,4.297849,0.019801980198019802,0.8492307692307692,0.74,138,40,63
726,0.890625,0.15104166666666666,0.234375,76.50094099999998,62.82605199999999,91.64994733333333,0.2558139534883721,0.9693251533742331,0.956989247311828,171,29,45,0.780952380952381,0.4095238095238095,0.7428571428571429,7.282565000000008,21.93068174603175,16.873768,0.0,0.8013245033112583,0.04081632653061224,82,43,78,0.6699507389162561,0.2019704433497537,0.3251231527093596,2.189341,4.473332,4.322424,0.03980099502487562,0.8309037900874635,0.7529411764705882,136,41,66
727,0.890625,0.14583333333333334,0.234375,70.70556633333332,66.79209599999999,90.919501,0.2903225806451613,0.9837662337662337,0.9813432835820896,171,28,45,0.780952380952381,0.4095238095238095,0.7333333333333333,7.312538000000008,22.10155985714286,17.118766,0.0,0.7808219178082192,0.05102040816326531,82,43,77,0.6748768472906403,0.20689655172413793,0.3251231527093596,2.250055,4.55678,4.327712,0.03980099502487562,0.847953216374269,0.7402985074626866,137,42,66
728,0.8645833333333334,0.15104166666666666,0.234375,72.40069666666668,67.908605,91.479501,0.1568627450980392,0.9805194805194806,0.9812734082397003,166,29,45,0.7904761904761904,0.38095238095238093,0.7333333333333333,7.229121571428579,21.838500857142858,16.905423,0.0,0.8278145695364238,0.04081632653061224,83,40,77,0.6699507389162561,0.2019704433497537,0.3251231527093596,2.222245,4.602945,4.281051,0.03482587064676617,0.8398791540785498,0.7374631268436578,136,41,66
729,0.890625,0.15104166666666666,0.22916666666666666,74.81873999999999,69.925186,92.596885,0.14893617021276595,0.9966777408637874,0.9776951672862454,171,29,44,0.7904761904761904,0.4,0.7238095238095238,7.169012000000008,21.775806746031748,17.167591,0.0,0.785234899328859,0.031578947368421054,83,42,76,0.6650246305418719,0.20689655172413793,0.33004926108374383,2.194899,4.592646,4.421133,0.024875621890547265,0.8313253012048193,0.7685459940652819,135,42,67
730,0.875,0.15104166666666666,0.23958333333333334,75.37054933333333,68.435335,90.216596,0.15555555555555556,0.9741935483870968,0.9851301115241635,168,29,46,0.7714285714285715,0.3904761904761905,0.7142857142857143,7.015763000000009,21.97788096825397,17.185889,0.0,0.8040540540540541,0.02127659574468085,81,41,75,0.6650246305418719,0.20689655172413793,0.3399014778325123,2.223162,4.583438,4.459102,0.025252525252525252,0.8466076696165191,0.7426900584795322,135,42,69
731,0.8697916666666666,0.15104166666666666,0.234375,73.118304,68.27917,90.965793,0.14814814814814814,0.9835526315789473,0.9886792452830189,167,29,45,0.7904761904761904,0.4,0.7047619047619048,7.134208000000008,21.728051968253975,16.964254,0.0,0.7972027972027972,0.03225806451612903,83,42,74,0.6551724137931034,0.20689655172413793,0.33004926108374383,2.210326,4.660618,4.425274,0.02040816326530612,0.851963746223565,0.7449856733524355,133,42,67
732,0.875,0.15104166666666666,0.23958333333333334,77.66352666666666,67.949117,91.864697,0.027777777777777776,0.9805194805194806,0.9775280898876404,168,29,46,0.7714285714285715,0.4,0.7047619047619048,7.102146000000008,21.413716857142862,16.876155,0.0,0.8108108108108109,0.041666666666666664,81,42,74,0.6551724137931034,0.20689655172413793,0.3399014778325123,2.225562,4.583279,4.439138,0.02040816326530612,0.857566765578635,0.7470238095238095,133,42,69
733,0.8697916666666666,0.15104166666666666,0.23958333333333334,74.95675833333334,68.435335,90.639501,0.0,0.9801324503311258,0.9962121212121212,167,29,46,0.780952380952381,0.4,0.6952380952380952,7.457673000000009,21.49367185714286,16.944198,0.0,0.8040540540540541,0.041666666666666664,82,42,73,0.6502463054187192,0.21182266009852216,0.32019704433497537,2.226426,4.655014,4.421238,0.015384615384615385,0.8588588588588588,0.7611940298507462,132,43,65
734,0.8541666666666666,0.15104166666666666,0.23958333333333334,74.48899399999999,68.271547,92.474105,0.0,0.9834983498349835,0.9923076923076923,164,29,46,0.7714285714285715,0.37142857142857144,0.6952380952380952,7.196580000000008,21.884023634920638,17.08664,0.0,0.8129496402877698,0.021505376344086023,81,39,73,0.6502463054187192,0.20689655172413793,0.32019704433497537,2.213053,4.62537,4.509168,0.025380710659898477,0.858433734939759,0.7388724035608308,132,42,65
735,0.84375,0.15104166666666666,0.23958333333333334,72.91007533333334,68.317461,91.181688,0.02631578947368421,0.976897689768977,0.9592592592592593,162,29,46,0.7619047619047619,0.4,0.6761904761904762,7.456829000000009,21.70431474603175,16.467796,0.0,0.8,0.010638297872340425,80,42,71,0.6403940886699507,0.20689655172413793,0.32019704433497537,2.236174,4.533812,4.469393,0.035175879396984924,0.8525073746312685,0.7441860465116279,130,42,65
736,0.875,0.15104166666666666,0.23958333333333334,74.32440733333331,68.122454,90.974368,0.043478260869565216,0.9863013698630136,0.9886792452830189,168,29,46,0.7523809523809524,0.3904761904761905,0.6952380952380952,7.082145000000009,21.884703857142863,16.944197,0.0,0.8473282442748091,0.010638297872340425,79,41,73,0.6305418719211823,0.20689655172413793,0.33004926108374383,2.27304,4.450841,4.573419,0.030303030303030304,0.8520710059171598,0.7627627627627628,128,42,67
737,0.8854166666666666,0.15104166666666666,0.23958333333333334,77.70572766666666,69.2571,92.079501,0.06060606060606061,0.9864406779661017,0.9885931558935361,170,29,46,0.7523809523809524,0.4,0.7142857142857143,6.752517000000008,21.900326857142858,16.951644,0.0,0.8231292517006803,0.02127659574468085,79,42,75,0.6354679802955665,0.21182266009852216,0.31527093596059114,2.200853,4.402595,4.628644,0.02040816326530612,0.8470588235294118,0.7492354740061162,129,43,64
738,0.8854166666666666,0.15104166666666666,0.234375,76.46833133333332,69.178628,93.213246,0.075,0.9795221843003413,0.9809160305343512,170,29,45,0.7428571428571429,0.3904761904761905,0.7238095238095238,7.697638000000008,22.139242634920638,17.167621,0.0,0.7971014492753623,0.02127659574468085,78,41,76,0.645320197044335,0.20689655172413793,0.3054187192118227,2.249419,4.424478,4.483412,0.015463917525773196,0.8588957055214724,0.7514450867052023,131,42,62
739,0.8802083333333334,0.15104166666666666,0.23958333333333334,74.43567833333331,68.180852,93.730791,0.02631578947368421,0.9898648648648649,0.9846743295019157,169,29,46,0.7333333333333333,0.4,0.7238095238095238,7.481795000000008,22.255062634920638,17.017319,0.0,0.7945205479452054,0.030927835051546393,77,42,76,0.6502463054187192,0.20689655172413793,0.32019704433497537,2.237793,4.374696,4.521838,0.010309278350515464,0.8398791540785498,0.7537091988130564,132,42,65
740,0.8697916666666666,0.15104166666666666,0.234375,74.68603133333335,67.504912,92.919501,0.0,0.9864406779661017,0.98828125,167,29,45,0.7333333333333333,0.3904761904761905,0.7142857142857143,7.210002000000008,22.23383474603175,17.127028,0.0,0.8206896551724138,0.021052631578947368,77,41,75,0.6502463054187192,0.20689655172413793,0.31527093596059114,2.23123,4.346763,4.565945,0.010309278350515464,0.8463855421686747,0.7617554858934169,132,42,64
741,0.8802083333333334,0.15104166666666666,0.23958333333333334,75.59097033333333,69.953873,90.399501,0.034482758620689655,0.9800664451827242,0.9883268482490273,169,29,46,0.7142857142857143,0.3904761904761905,0.7333333333333333,7.378425571428579,21.94332474603175,16.838057,0.0,0.8111888111888111,0.010416666666666666,75,41,77,0.6502463054187192,0.20689655172413793,0.3054187192118227,2.180857,4.432037,4.603643,0.00510204081632653,0.8593272171253823,0.7507507507507507,132,42,62
742,0.859375,0.15104166666666666,0.23958333333333334,73.61238633333335,72.146573,92.093925,0.058823529411764705,0.9833333333333333,0.9883268482490273,165,29,46,0.7142857142857143,0.3904761904761905,0.7333333333333333,7.342407000000009,22.30844285714286,16.262889,0.0,0.8357142857142857,0.010416666666666666,75,41,77,0.645320197044335,0.20689655172413793,0.32019704433497537,2.143617,4.42368,4.573514,0.005235602094240838,0.8490566037735849,0.7366863905325444,131,42,65
743,0.8697916666666666,0.15104166666666666,0.234375,76.23260399999998,70.158317,91.327826,0.05,0.98989898989899,0.9881889763779528,167,29,45,0.7238095238095238,0.4,0.7238095238095238,7.892504000000009,22.51348574603175,16.726318,0.0,0.8188405797101449,0.010869565217391304,76,42,76,0.645320197044335,0.19704433497536947,0.3251231527093596,2.172063,4.385147,4.555921,0.005235602094240838,0.8475609756097561,0.7888198757763976,131,40,66
744,0.890625,0.15104166666666666,0.234375,77.898558,68.38517,91.890469,0.02564102564102564,0.9733333333333334,0.9689922480620154,171,29,45,0.7333333333333333,0.4,0.7333333333333333,7.389540000000008,22.29179774603175,16.183899,0.0,0.8285714285714286,0.02127659574468085,77,42,77,0.625615763546798,0.18719211822660098,0.3103448275862069,2.126895,4.405689,4.703792,0.005263157894736842,0.8470948012232415,0.7669902912621359,127,38,63
745,0.8645833333333334,0.15104166666666666,0.23958333333333334,76.576498,67.013036,92.499501,0.0,0.9800664451827242,0.980544747081712,166,29,46,0.7333333333333333,0.38095238095238093,0.7142857142857143,7.522805000000008,22.44549285714286,16.892514,0.0,0.821917808219178,0.03333333333333333,77,40,75,0.6206896551724138,0.19704433497536947,0.32019704433497537,2.193988,4.343052,4.57425,0.005263157894736842,0.8429003021148036,0.7544910179640718,126,40,65
746,0.8385416666666666,0.15104166666666666,0.234375,73.535622,67.540624,92.849501,0.0,0.9865771812080537,0.9960629921259843,161,29,45,0.7428571428571429,0.4,0.6952380952380952,7.726410000000008,22.52906096825397,16.950884,0.0,0.8345323741007195,0.03225806451612903,78,42,73,0.6108374384236454,0.19704433497536947,0.33004926108374383,2.195957,4.286243,4.587394,0.0106951871657754,0.8364197530864198,0.7717717717717718,124,40,67
747,0.8697916666666666,0.15104166666666666,0.23958333333333334,77.77813699999999,66.28936399999999,91.379501,0.0,0.9835526315789473,0.9806949806949807,167,29,46,0.7523809523809524,0.38095238095238093,0.6952380952380952,7.356145000000009,22.423402857142857,16.692734,0.0,0.8478260869565217,0.03225806451612903,79,40,73,0.625615763546798,0.2019704433497537,0.33004926108374383,2.208478,4.29327,4.644875,0.0051813471502590676,0.8518518518518519,0.7925696594427245,127,41,67
748,0.8697916666666666,0.15104166666666666,0.23958333333333334,78.18055166666666,66.99327199999999,91.379501,0.0,0.979933110367893,0.9806201550387597,167,29,46,0.7428571428571429,0.4095238095238095,0.7047619047619048,7.963787000000008,22.55235652380953,16.550076,0.0,0.8226950354609929,0.031914893617021274,78,43,74,0.6502463054187192,0.20689655172413793,0.3103448275862069,2.20271,4.300253,4.664067,0.005128205128205128,0.8603174603174604,0.7763578274760383,132,42,63
749,0.8802083333333334,0.15104166666666666,0.23958333333333334,69.65708966666665,69.704836,92.036329,0.0,0.9733333333333334,0.99609375,169,29,46,0.7333333333333333,0.38095238095238093,0.7047619047619048,7.444852000000008,22.071587857142863,17.037813,0.0,0.8863636363636364,0.03225806451612903,77,40,74,0.6403940886699507,0.2019704433497537,0.31527093596059114,2.191823,4.268871,4.536927,0.005319148936170213,0.8571428571428571,0.7507507507507507,130,41,64
750,0.8645833333333334,0.15104166666666666,0.23958333333333334,72.69735733333331,68.653939,91.659501,0.02702702702702703,0.98989898989899,0.9732824427480916,166,29,46,0.7333333333333333,0.4,0.7047619047619048,7.704890000000009,22.423859857142862,17.073743,0.0,0.8308823529411765,0.03260869565217391,77,42,74,0.6403940886699507,0.20689655172413793,0.3251231527093596,2.222396,4.28132,4.609035,0.005291005291005291,0.8575851393188855,0.7777777777777778,130,42,66
751,0.8489583333333334,0.15104166666666666,0.234375,75.201489,66.627957,91.929432,0.06666666666666667,0.9797979797979798,0.9841897233201581,163,29,45,0.7333333333333333,0.4,0.7142857142857143,7.7762780000000085,22.56096285714286,17.066742,0.0,0.8778625954198473,0.0425531914893617,77,42,75,0.6600985221674877,0.19704433497536947,0.3103448275862069,2.207114,4.321536,4.605778,0.010256410256410256,0.8476190476190476,0.7507692307692307,134,40,63
752,0.8489583333333334,0.15104166666666666,0.234375,76.57884099999998,67.00455199999999,91.796772,0.058823529411764705,0.9798657718120806,0.9880952380952381,163,29,45,0.7333333333333333,0.3904761904761905,0.7238095238095238,7.840639000000008,22.469781857142863,17.353096,0.0,0.8682170542635659,0.030927835051546393,77,41,76,0.6600985221674877,0.1921182266009852,0.3103448275862069,2.176899,4.220632,4.620221,0.0,0.8466257668711656,0.7454545454545455,134,39,63
753,0.84375,0.15104166666666666,0.23958333333333334,73.44166866666666,67.267728,93.179416,0.023255813953488372,0.9831081081081081,0.9881422924901185,162,29,46,0.7142857142857143,0.37142857142857144,0.6857142857142857,7.9344220000000085,22.29629085714286,16.843275,0.0,0.8507462686567164,0.011235955056179775,75,39,72,0.6600985221674877,0.2019704433497537,0.3251231527093596,2.249078,4.122634,4.58436,0.0,0.838006230529595,0.75625,134,41,66
754,0.84375,0.15104166666666666,0.234375,74.66133066666666,66.36604399999999,93.456733,0.0,0.9828767123287672,0.98046875,162,29,45,0.7238095238095238,0.3904761904761905,0.6761904761904762,7.673774000000009,22.379878857142863,16.588784,0.0,0.8396946564885496,0.0,76,41,71,0.6650246305418719,0.21182266009852216,0.33004926108374383,2.23637,4.141048,4.601914,0.0,0.853125,0.765625,135,43,67
755,0.8697916666666666,0.15104166666666666,0.23958333333333334,77.15144666666666,63.90802899999999,92.513493,0.0,0.9828767123287672,0.9694656488549618,167,29,46,0.7238095238095238,0.3904761904761905,0.6761904761904762,7.522153000000008,22.29801885714286,17.102195,0.0,0.8837209302325582,0.02127659574468085,76,41,71,0.6354679802955665,0.20689655172413793,0.32019704433497537,2.262636,4.172421,4.661417,0.0,0.8594771241830066,0.7626582278481012,129,42,65
756,0.8802083333333334,0.15104166666666666,0.23958333333333334,73.792972,65.45453699999999,92.984394,0.0,0.9861111111111112,0.9803149606299213,169,29,46,0.7238095238095238,0.4,0.6761904761904762,8.000834000000008,22.59914185714286,16.831079,0.0,0.8484848484848485,0.0,76,42,71,0.6354679802955665,0.2019704433497537,0.3054187192118227,2.245254,4.214163,4.634424,0.0,0.8451612903225807,0.768025078369906,129,41,62
757,0.8541666666666666,0.15104166666666666,0.23958333333333334,74.77465766666666,64.69787799999999,91.521539,0.0,0.9756944444444444,0.988,164,29,46,0.7238095238095238,0.4095238095238095,0.6857142857142857,7.6568190000000085,22.469215857142864,16.993652,0.0,0.9083969465648855,0.0,76,43,72,0.6403940886699507,0.2019704433497537,0.31527093596059114,2.188328,4.123328,4.545948,0.0,0.8517350157728707,0.7675840978593272,130,41,64
758,0.8697916666666666,0.15104166666666666,0.23958333333333334,75.335373,65.50004899999999,91.582041,0.0,0.9788732394366197,0.9919678714859438,167,29,46,0.7238095238095238,0.38095238095238093,0.7238095238095238,8.048204000000009,22.587712968253975,16.888872,0.0,0.9069767441860465,0.0,76,40,76,0.625615763546798,0.2019704433497537,0.31527093596059114,2.235109,4.126735,4.604457,0.0,0.8516129032258064,0.7677419354838709,127,41,64
759,0.8541666666666666,0.15104166666666666,0.23958333333333334,77.34411799999998,66.70365899999999,92.031441,0.0,0.9825174825174825,0.968,164,29,46,0.6761904761904762,0.4,0.7333333333333333,7.968917000000008,22.345359857142864,16.845314,0.0,0.8740740740740741,0.021739130434782608,71,42,77,0.6354679802955665,0.20689655172413793,0.3103448275862069,2.209128,4.117009,4.579384,0.0,0.8439490445859873,0.7454545454545455,129,42,63
760,0.8645833333333334,0.15104166666666666,0.23958333333333334,74.12783833333332,67.059569,90.071441,0.023255813953488372,0.975609756097561,0.976,166,29,46,0.6666666666666666,0.4,0.7333333333333333,7.882518857142866,22.14211885714286,16.559495,0.0,0.8939393939393939,0.010869565217391304,70,42,77,0.6157635467980296,0.20689655172413793,0.3251231527093596,2.195304,4.134935,4.557039,0.0,0.865814696485623,0.7485029940119761,125,42,66
761,0.859375,0.15104166666666666,0.23958333333333334,75.31714666666666,66.867925,91.611441,0.0,0.9791666666666666,0.9919028340080972,165,29,46,0.7047619047619048,0.38095238095238093,0.7142857142857143,7.875312142857152,22.504723968253973,16.572945,0.0,0.889763779527559,0.011235955056179775,74,40,75,0.6157635467980296,0.21182266009852216,0.33004926108374383,2.147008,4.135536,4.615708,0.0,0.8520900321543409,0.7647058823529411,125,43,67
762,0.8333333333333334,0.17708333333333334,0.265625,76.88238199999996,68.293474,96.755421,0.0,0.9587628865979382,0.9645669291338582,160,34,51,0.7142857142857143,0.4095238095238095,0.7714285714285715,7.913551000000008,22.653826968253973,17.075383,0.0,0.8560606060606061,0.0,75,43,81,0.6403940886699507,0.2315270935960591,0.3497536945812808,2.272629,4.128956,4.663695,0.0,0.85,0.7492260061919505,130,47,71
763,0.8697916666666666,0.17708333333333334,0.265625,74.12253499999998,69.09456,94.279605,0.0,0.9894366197183099,0.9919354838709677,167,34,51,0.7142857142857143,0.42857142857142855,0.7714285714285715,7.7192300000000085,22.570246079365084,16.65673,0.0,0.8267716535433071,0.021052631578947368,75,45,81,0.6403940886699507,0.24630541871921183,0.3497536945812808,2.240071,4.130776,4.709439,0.005291005291005291,0.809375,0.7320872274143302,130,50,71
764,0.84375,0.17708333333333334,0.2604166666666667,75.82062533333331,70.193136,95.371439,0.0,0.9790940766550522,0.9686274509803922,162,34,50,0.7142857142857143,0.4380952380952381,0.7714285714285715,8.057060000000009,22.654244968253973,16.709216,0.0,0.8015267175572519,0.010638297872340425,75,46,81,0.6403940886699507,0.2561576354679803,0.3694581280788177,2.236053,4.168808,4.699108,0.0,0.8328267477203647,0.715625,130,52,75
765,0.8854166666666666,0.17708333333333334,0.265625,81.28149866666665,68.408923,96.898607,0.0,0.9787234042553191,0.9795918367346939,170,34,51,0.7333333333333333,0.44761904761904764,0.7428571428571429,8.01674500000001,22.774348968253975,16.942051,0.0,0.7906976744186046,0.02127659574468085,77,47,78,0.6403940886699507,0.2561576354679803,0.3793103448275862,2.186603,4.225227,4.714594,0.0,0.8441558441558441,0.7507987220447284,130,52,77
766,0.8958333333333334,0.17708333333333334,0.265625,74.16185366666666,67.670766,93.687933,0.0,0.9817518248175182,0.9678714859437751,172,34,51,0.7238095238095238,0.47619047619047616,0.7523809523809524,7.855905000000009,22.77010385714286,17.232933,0.0,0.7906976744186046,0.02,76,50,79,0.6502463054187192,0.2315270935960591,0.3793103448275862,2.199355,4.24668,4.926559,0.0,0.8263665594855305,0.7331081081081081,132,47,77
767,0.8645833333333334,0.171875,0.265625,75.47232233333332,65.68559699999999,92.731441,0.0,0.9714285714285714,0.9754098360655737,166,33,51,0.7238095238095238,0.4380952380952381,0.7238095238095238,7.571081000000008,22.75747985714286,16.926521,0.0,0.752,0.010638297872340425,76,46,76,0.6748768472906403,0.22167487684729065,0.3694581280788177,2.178767,4.199141,4.871109,0.0,0.808955223880597,0.7009345794392523,137,45,75
768,0.875,0.17708333333333334,0.2604166666666667,75.49096433333331,67.42708,93.052492,0.0,0.9784172661870504,0.9957983193277311,168,34,50,0.7238095238095238,0.44761904761904764,0.7047619047619048,7.921821000000008,22.56324242857143,17.068551,0.0,0.7480916030534351,0.010309278350515464,76,47,74,0.6650246305418719,0.2413793103448276,0.3793103448275862,2.223856,4.207272,4.720804,0.0,0.81875,0.7024539877300614,135,49,77
769,0.890625,0.17708333333333334,0.265625,75.59161566666667,68.736855,95.468872,0.0,0.9712230215827338,0.9793388429752066,171,34,51,0.7333333333333333,0.4857142857142857,0.6952380952380952,8.323642000000008,22.739809746031753,16.800805,0.0,0.768,0.010416666666666666,77,51,73,0.6748768472906403,0.2512315270935961,0.3842364532019704,2.217004,4.233084,4.769035,0.0,0.8270440251572327,0.7441077441077442,137,51,78
770,0.8385416666666666,0.17708333333333334,0.265625,74.72997866666667,70.25829,92.768754,0.0,0.974910394265233,0.9795081967213115,161,34,51,0.7333333333333333,0.4857142857142857,0.6761904761904762,7.793870000000008,23.129968857142867,17.09038,0.0,0.7661290322580645,0.01020408163265306,77,51,71,0.6699507389162561,0.24630541871921183,0.37438423645320196,2.253328,4.206969,4.909894,0.0,0.8167701863354038,0.7348993288590604,136,50,76
771,0.859375,0.17708333333333334,0.2552083333333333,74.77668633333333,70.472371,95.693396,0.0,0.982078853046595,0.9628099173553719,165,34,49,0.7333333333333333,0.4857142857142857,0.6761904761904762,7.786310000000008,22.68221552380953,17.301098,0.0,0.7886178861788617,0.01020408163265306,77,51,71,0.6650246305418719,0.24630541871921183,0.35960591133004927,2.249639,4.230261,4.789108,0.0,0.8195718654434251,0.7039473684210527,135,50,73
772,0.8645833333333334,0.17708333333333334,0.265625,76.062038,68.848552,97.382254,0.0,0.9821428571428571,0.9752066115702479,166,34,51,0.7333333333333333,0.4857142857142857,0.7047619047619048,7.929680000000008,23.076059746031753,16.852793,0.0,0.7398373983739838,0.0380952380952381,77,51,74,0.6699507389162561,0.24630541871921183,0.3842364532019704,2.193404,4.265855,4.878021,0.0,0.8259493670886076,0.7408637873754153,136,50,78
773,0.8489583333333334,0.17708333333333334,0.265625,73.08362233333331,68.348275,96.542254,0.0,0.975177304964539,0.9874476987447699,163,34,51,0.7333333333333333,0.4857142857142857,0.6952380952380952,8.251709000000009,22.865876634920642,17.075572,0.0,0.7857142857142857,0.04950495049504951,77,51,73,0.6551724137931034,0.26108374384236455,0.3793103448275862,2.232313,4.275424,4.901445,0.0,0.8253968253968254,0.7517241379310344,133,53,77
774,0.8489583333333334,0.17708333333333334,0.265625,72.40221733333333,68.061903,97.537803,0.0,0.9821428571428571,0.9832635983263598,163,34,51,0.7333333333333333,0.4857142857142857,0.6761904761904762,8.282523000000008,22.872344746031754,17.232292,0.0,0.7583333333333333,0.041237113402061855,77,51,71,0.6551724137931034,0.24630541871921183,0.35960591133004927,2.203951,4.275535,4.894522,0.005208333333333333,0.8212121212121212,0.7414965986394558,133,50,73
775,0.8645833333333334,0.203125,0.2916666666666667,74.57827733333333,67.477068,95.334587,0.023809523809523808,0.9611307420494699,0.9598393574297188,166,39,56,0.7142857142857143,0.4666666666666667,0.6666666666666666,8.318694000000008,22.951483634920642,17.275315,0.0,0.7796610169491526,0.04040404040404041,75,49,70,0.6650246305418719,0.270935960591133,0.3891625615763547,2.190984,4.324796,4.892438,0.0051813471502590676,0.8032258064516129,0.7021276595744681,135,55,79
776,0.8802083333333334,0.203125,0.2916666666666667,74.08462599999997,71.456159,97.631441,0.20833333333333334,0.9797297297297297,0.98828125,169,39,56,0.7142857142857143,0.5142857142857142,0.6761904761904762,7.99884457142858,22.736784857142865,16.882715,0.0,0.7421875,0.038461538461538464,75,54,71,0.6748768472906403,0.2955665024630542,0.4236453201970443,2.163013,4.347481,4.82709,0.00510204081632653,0.77491961414791,0.6889632107023411,137,60,86
777,0.9010416666666666,0.203125,0.2916666666666667,78.94682166666665,71.307736,97.779075,0.1,0.9830508474576272,0.9881422924901185,173,39,56,0.7142857142857143,0.5142857142857142,0.6666666666666666,8.166191000000008,23.763114857142867,17.241551,0.0,0.7545454545454545,0.03,75,54,70,0.6945812807881774,0.2955665024630542,0.41379310344827586,2.192388,4.332373,4.889105,0.01,0.7889908256880734,0.7163120567375887,141,60,84
778,0.9010416666666666,0.203125,0.2916666666666667,75.20273733333335,70.710785,96.249536,0.14705882352941177,0.9795221843003413,0.9653846153846154,173,39,56,0.7142857142857143,0.5333333333333333,0.6761904761904762,8.360572000000008,22.850941857142864,16.859789,0.0,0.6746031746031746,0.028846153846153848,75,56,71,0.6798029556650246,0.2955665024630542,0.39901477832512317,2.188056,4.410187,4.81699,0.005235602094240838,0.779874213836478,0.7046263345195729,138,60,81
779,0.9010416666666666,0.203125,0.2916666666666667,73.62901799999999,71.702816,94.919544,0.12195121951219512,0.9697986577181208,0.9882352941176471,173,39,56,0.7238095238095238,0.5238095238095238,0.6857142857142857,7.931338000000008,23.528999968253977,16.747428,0.0,0.7217391304347827,0.03,76,55,72,0.6945812807881774,0.2955665024630542,0.4039408866995074,2.229031,4.407549,4.967113,0.0,0.7694704049844237,0.7018181818181818,141,60,82
780,0.890625,0.203125,0.2864583333333333,77.10967299999997,68.120912,98.191441,0.11363636363636363,0.97,0.9730769230769231,171,39,55,0.7238095238095238,0.5428571428571428,0.6761904761904762,8.105017000000009,23.43303685714286,16.865607,0.0,0.7155172413793104,0.050505050505050504,76,57,71,0.6945812807881774,0.3054187192118227,0.3891625615763547,2.222997,4.459452,4.986852,0.0,0.7846153846153846,0.7226277372262774,141,62,79
781,0.9270833333333334,0.203125,0.2864583333333333,75.13971266666665,68.781332,96.636059,0.15217391304347827,0.9730639730639731,0.972972972972973,178,39,55,0.7238095238095238,0.5523809523809524,0.7047619047619048,8.050843000000008,23.64636131746032,16.911113,0.0,0.6551724137931034,0.04081632653061224,76,58,74,0.6798029556650246,0.3103448275862069,0.39901477832512317,2.222443,4.453129,4.949159,0.0,0.7894736842105263,0.6925795053003534,138,63,81
782,0.9114583333333334,0.203125,0.2916666666666667,74.23918566666666,71.237489,99.751534,0.25,0.9697986577181208,0.9766536964980544,175,39,56,0.7142857142857143,0.5904761904761905,0.7142857142857143,8.254562000000009,24.079551301587305,17.376113,0.0,0.6698113207547169,0.04,75,62,75,0.6699507389162561,0.30049261083743845,0.42857142857142855,2.201394,4.426839,4.917208,0.0,0.7870370370370371,0.7162162162162162,136,61,87
783,0.9166666666666666,0.203125,0.2916666666666667,74.96403299999999,70.593649,97.299455,0.125,0.9696969696969697,0.9764705882352941,176,39,56,0.7047619047619048,0.5619047619047619,0.7047619047619048,8.077775000000008,23.912821634920643,17.347232,0.0,0.7127659574468085,0.049019607843137254,74,59,74,0.6699507389162561,0.30049261083743845,0.43349753694581283,2.25239,4.528941,4.978348,0.0,0.8037383177570093,0.7428571428571429,136,61,88
784,0.875,0.203125,0.2916666666666667,74.197086,68.96372,95.527179,0.15217391304347827,0.973421926910299,0.9846743295019157,168,39,56,0.7047619047619048,0.5714285714285714,0.6952380952380952,8.506164000000007,24.060470857142857,17.141172,0.0,0.6504854368932039,0.041237113402061855,74,60,73,0.6798029556650246,0.27586206896551724,0.41379310344827586,2.262482,4.373093,5.107255,0.0,0.7875,0.7137254901960784,138,56,84
785,0.890625,0.203125,0.2864583333333333,77.08129333333332,69.06809,96.231441,0.1282051282051282,0.9759450171821306,0.9807692307692307,171,39,55,0.7238095238095238,0.5523809523809524,0.7142857142857143,8.14468100000001,24.025178746031745,17.199225,0.0,0.7058823529411765,0.0,76,58,75,0.6748768472906403,0.2955665024630542,0.3842364532019704,2.238776,4.406517,4.987272,0.01,0.7787878787878788,0.6762589928057554,137,60,78
786,0.90625,0.203125,0.2864583333333333,71.17017133333333,69.187966,97.441995,0.16666666666666666,0.9696969696969697,0.9846153846153847,174,39,55,0.7428571428571429,0.5238095238095238,0.7238095238095238,8.538525000000007,24.19551096825397,17.260383,0.0,0.6868686868686869,0.010638297872340425,78,55,76,0.6798029556650246,0.30049261083743845,0.4187192118226601,2.216124,4.443325,4.935735,0.004975124378109453,0.7993827160493827,0.6909722222222222,138,61,85
787,0.890625,0.19791666666666666,0.2916666666666667,75.209964,67.998654,100.831204,0.08888888888888889,0.9758620689655172,0.9655172413793104,171,38,56,0.7333333333333333,0.580952380952381,0.7428571428571429,8.220102000000008,24.033617523809525,17.053729,0.0,0.6964285714285714,0.010526315789473684,77,61,78,0.6798029556650246,0.30049261083743845,0.4236453201970443,2.200983,4.518901,5.037938,0.0,0.7943037974683544,0.73992673992674,138,61,86
788,0.9010416666666666,0.22916666666666666,0.3177083333333333,77.68811433333332,68.424568,100.413273,0.12195121951219512,0.9563758389261745,0.9618320610687023,173,44,61,0.7333333333333333,0.5714285714285714,0.7333333333333333,8.097566000000008,24.437163190476195,17.501981,0.0,0.7232142857142857,0.010309278350515464,77,60,77,0.6748768472906403,0.2857142857142857,0.43349753694581283,2.315368,4.535306,5.047395,0.0,0.794392523364486,0.7049808429118773,137,58,88
789,0.8802083333333334,0.22916666666666666,0.3177083333333333,77.3465523333333,68.896392,100.745976,0.14285714285714285,0.9786476868327402,0.972,169,44,61,0.7238095238095238,0.5428571428571428,0.7047619047619048,8.256702000000008,24.59436685714286,17.074247,0.0,0.6574074074074074,0.020833333333333332,76,57,74,0.6847290640394089,0.3054187192118227,0.4482758620689655,2.269089,4.554196,5.038161,0.005076142131979695,0.7675840978593272,0.673992673992674,139,62,91
790,0.90625,0.2552083333333333,0.3385416666666667,74.15977799999999,72.411303,100.468425,0.17777777777777778,0.9515570934256056,0.9391634980988594,174,49,65,0.7428571428571429,0.5904761904761905,0.7333333333333333,8.825751000000007,24.27598385714286,17.006917,0.0,0.6302521008403361,0.009708737864077669,78,62,77,0.7044334975369458,0.35467980295566504,0.4482758620689655,2.356982,4.532112,5.042922,0.0,0.7337461300309598,0.6616541353383458,143,72,91
791,0.9322916666666666,0.2552083333333333,0.34375,78.44863966666665,70.581795,100.16937866666666,0.1320754716981132,0.9695945945945946,0.9721115537848606,179,49,66,0.7523809523809524,0.5619047619047619,0.7428571428571429,8.699535000000008,24.360150746031746,17.278719,0.0,0.6732673267326733,0.009615384615384616,79,59,78,0.7044334975369458,0.3645320197044335,0.46798029556650245,2.292524,4.537898,5.079646,0.0,0.7134146341463414,0.6294964028776978,143,74,95
792,0.921875,0.2552083333333333,0.34375,78.20821566666666,69.50643933333333,102.323988,0.20930232558139536,0.9590443686006825,0.964,177,49,66,0.7523809523809524,0.6095238095238096,0.7428571428571429,8.346752000000007,24.50961774603175,17.288224,0.0,0.6086956521739131,0.02912621359223301,79,64,78,0.7192118226600985,0.39408866995073893,0.49261083743842365,2.32081,4.58655,4.985373,0.0,0.7294117647058823,0.625,146,80,100
793,0.9375,0.2552083333333333,0.34375,80.58836266666664,68.271036,100.854581,0.11627906976744186,0.9653979238754326,0.9798387096774194,180,49,66,0.7619047619047619,0.6095238095238096,0.7428571428571429,8.358728000000008,24.241890206349208,17.604679,0.0,0.5963302752293578,0.00980392156862745,80,64,78,0.7192118226600985,0.4039408866995074,0.5123152709359606,2.263624,4.658757,5.004097,0.009708737864077669,0.7392638036809815,0.6395759717314488,146,82,104
794,0.921875,0.2552083333333333,0.3333333333333333,78.67622699999998,70.716881,100.48958,0.08571428571428572,0.972318339100346,0.952755905511811,177,49,64,0.7619047619047619,0.5904761904761905,0.7142857142857143,8.499525000000007,24.32040496825397,17.674796,0.0,0.6074766355140186,0.01,80,62,75,0.7142857142857143,0.3793103448275862,0.5073891625615764,2.282582,4.73126,5.006841,0.0,0.739938080495356,0.6344086021505376,145,77,103
795,0.9427083333333334,0.2552083333333333,0.34375,76.797477,69.40331833333333,101.302397,0.10526315789473684,0.9688581314878892,0.9615384615384616,181,49,66,0.7523809523809524,0.6190476190476191,0.7142857142857143,8.497877000000008,24.054960634920644,17.21818,0.0,0.5892857142857143,0.00980392156862745,79,65,75,0.7241379310344828,0.3694581280788177,0.5123152709359606,2.300666,4.669453,4.987038,0.0049261083743842365,0.7098765432098766,0.6330935251798561,147,75,104
796,0.9479166666666666,0.2552083333333333,0.34375,78.70451766666665,70.03089,101.543786,0.023255813953488372,0.9653979238754326,0.9760956175298805,182,49,66,0.7428571428571429,0.6,0.7238095238095238,8.471105000000007,24.76877385714286,17.51783,0.0,0.6019417475728155,0.00980392156862745,78,63,76,0.729064039408867,0.3842364532019704,0.5073891625615764,2.323099,4.631565,5.001235,0.0048543689320388345,0.7155963302752294,0.6642066420664207,148,78,103
797,0.9322916666666666,0.25,0.328125,78.39187066666668,71.39255066666665,101.882463,0.04878048780487805,0.952054794520548,0.9762845849802372,179,48,63,0.7047619047619048,0.638095238095238,0.7238095238095238,8.799474000000007,24.43883596825397,17.796035,0.0,0.6126126126126126,0.019801980198019802,74,67,76,0.729064039408867,0.39901477832512317,0.5024630541871922,2.243994,4.748668,4.996433,0.0,0.744408945686901,0.6342412451361867,148,81,102
798,0.9270833333333334,0.2552083333333333,0.34375,78.26575866666666,73.91477333333333,102.31886966666667,0.08823529411764706,0.9618055555555556,0.9494163424124513,178,49,66,0.6761904761904762,0.6285714285714286,0.7238095238095238,8.22029000000001,24.350365857142858,17.573069,0.0,0.5849056603773585,0.00980392156862745,71,66,76,0.7438423645320197,0.3891625615763547,0.5024630541871922,2.253414,4.783674,5.004555,0.0,0.7389937106918238,0.6339622641509434,151,79,102
799,0.9114583333333334,0.2552083333333333,0.34375,75.70995899999998,72.776038,98.401441,0.02564102564102564,0.975,0.946360153256705,175,49,66,0.6476190476190476,0.6285714285714286,0.7238095238095238,8.332091000000009,24.24016185714286,17.596314,0.0,0.59375,0.010101010101010102,68,66,76,0.7339901477832512,0.3891625615763547,0.49261083743842365,2.226366,4.83734,4.935128,0.0,0.7184466019417476,0.631578947368421,149,79,100
800,0.9583333333333334,0.2552083333333333,0.34375,79.54392933333332,72.470755,100.291819,0.045454545454545456,0.978494623655914,0.975609756097561,184,49,66,0.6761904761904762,0.6476190476190476,0.7142857142857143,8.338002000000008,24.48270007936508,17.98268,0.0,0.5670103092783505,0.010101010101010102,71,68,75,0.7241379310344828,0.35960591133004927,0.4827586206896552,2.248408,4.686082,4.986323,0.0,0.7283950617283951,0.6615969581749049,147,73,98
801,0.9479166666666666,0.2552083333333333,0.3333333333333333,76.37348766666666,72.822929,103.141381,0.10810810810810811,0.9480968858131488,0.9683794466403162,182,49,64,0.6761904761904762,0.6571428571428571,0.7047619047619048,8.540671000000007,24.109118857142857,17.550615,0.0,0.5454545454545454,0.00980392156862745,71,69,74,0.7389162561576355,0.37438423645320196,0.4630541871921182,2.318338,4.680353,5.069515,0.004807692307692308,0.7301587301587301,0.6264591439688716,150,76,94
802,0.9583333333333334,0.2552083333333333,0.34375,74.90997233333334,73.266451,100.900747,0.09375,0.9928057553956835,0.9682539682539683,184,49,66,0.6571428571428571,0.6285714285714286,0.7238095238095238,8.712464000000008,24.484854857142857,17.262549,0.0,0.5392156862745098,0.019801980198019802,69,66,76,0.7487684729064039,0.4039408866995074,0.458128078817734,2.27528,4.721916,4.967504,0.0,0.7317073170731707,0.6272401433691757,152,82,93
803,0.9270833333333334,0.2552083333333333,0.34375,73.40460466666667,71.526711,101.071134,0.05128205128205128,0.9389830508474576,0.9676113360323887,178,49,66,0.6857142857142857,0.6571428571428571,0.7333333333333333,7.922112000000008,24.520018190476193,17.555387,0.0,0.5588235294117647,0.0297029702970297,72,69,77,0.7438423645320197,0.4039408866995074,0.47783251231527096,2.307903,4.688409,5.017606,0.0,0.7327044025157232,0.6363636363636364,151,82,97
804,0.9322916666666666,0.2552083333333333,0.3333333333333333,73.86956500000001,74.50657,105.274419,0.15384615384615385,0.9825174825174825,0.96,179,49,64,0.6857142857142857,0.6476190476190476,0.7238095238095238,7.981187000000008,24.74762161904762,17.179046,0.0,0.5773195876288659,0.020618556701030927,72,68,76,0.7586206896551724,0.39408866995073893,0.4975369458128079,2.321992,4.755111,5.031771,0.0,0.7460815047021944,0.6217228464419475,154,80,101
805,0.9375,0.2552083333333333,0.34375,78.62839699999998,74.569912,103.452771,0.10810810810810811,0.9755244755244755,0.9645669291338582,180,49,66,0.6666666666666666,0.6571428571428571,0.7142857142857143,7.792528000000009,24.224642301587302,17.34087,0.0,0.5555555555555556,0.030927835051546393,70,69,75,0.7487684729064039,0.3842364532019704,0.5123152709359606,2.330299,4.738073,5.097089,0.0,0.726984126984127,0.6363636363636364,152,78,104
806,0.9479166666666666,0.2552083333333333,0.3385416666666667,77.37375666666667,74.999025,100.634142,0.0975609756097561,0.9491525423728814,0.9682539682539683,182,49,65,0.6666666666666666,0.6190476190476191,0.7047619047619048,7.905616000000008,24.815506523809525,17.694238,0.0,0.5714285714285714,0.030303030303030304,70,65,74,0.7487684729064039,0.3842364532019704,0.49261083743842365,2.341778,4.760479,5.093766,0.0049261083743842365,0.7355623100303952,0.6272401433691757,152,78,100
807,0.9635416666666666,0.2552083333333333,0.3385416666666667,71.603346,73.652096,105.753023,0.10810810810810811,0.9688581314878892,0.976,185,49,65,0.6857142857142857,0.6761904761904762,0.7047619047619048,7.808650000000008,24.422422619047627,17.249123,0.0,0.5368421052631579,0.039603960396039604,72,71,74,0.7635467980295566,0.3793103448275862,0.4876847290640394,2.36703,4.809494,5.119119,0.0,0.7231270358306189,0.6306620209059234,155,77,99
808,0.9635416666666666,0.2552083333333333,0.34375,79.22459366666666,72.600829,103.728447,0.05405405405405406,0.96875,0.9429657794676806,185,49,66,0.6952380952380952,0.6571428571428571,0.7142857142857143,7.794965000000008,24.37477985714286,17.716719,0.0,0.5238095238095238,0.038834951456310676,73,69,75,0.7389162561576355,0.3891625615763547,0.4876847290640394,2.26257,4.79117,5.048505,0.0,0.7371601208459214,0.6354166666666666,150,79,99
809,0.9479166666666666,0.25,0.3385416666666667,75.81763166666666,75.60782,102.371864,0.046511627906976744,0.975177304964539,0.9802371541501976,182,48,65,0.6952380952380952,0.6857142857142857,0.7047619047619048,8.184856000000009,24.154868079365084,17.595792,0.0,0.5056179775280899,0.0392156862745098,73,72,74,0.729064039408867,0.39408866995073893,0.4827586206896552,2.280208,4.72549,5.118683,0.0,0.7435897435897436,0.6431095406360424,148,80,98
810,0.9166666666666666,0.2552083333333333,0.34375,76.92213800000002,77.683026,104.708447,0.046511627906976744,0.9653979238754326,0.9722222222222222,176,49,66,0.7047619047619048,0.6857142857142857,0.6952380952380952,7.814946000000008,24.91821485714286,17.476781,0.0,0.5368421052631579,0.03,74,72,73,0.729064039408867,0.3842364532019704,0.49261083743842365,2.273729,4.842456,5.195834,0.0,0.7476340694006309,0.6583629893238434,148,78,100
811,0.9375,0.2552083333333333,0.3385416666666667,74.29887,78.007403,100.93645,0.07692307692307693,0.952054794520548,0.9645669291338582,180,49,65,0.7333333333333333,0.6761904761904762,0.7047619047619048,7.992764000000008,24.49850085714286,17.524354,0.0,0.5164835164835165,0.038461538461538464,77,71,74,0.7241379310344828,0.3793103448275862,0.4876847290640394,2.292371,4.816682,5.182094,0.0,0.734375,0.6370106761565836,147,77,99
812,0.9635416666666666,0.2552083333333333,0.34375,78.04541933333333,78.011671,102.246531,0.07317073170731707,0.972027972027972,0.9425287356321839,185,49,66,0.7428571428571429,0.7142857142857143,0.6857142857142857,7.878286000000008,24.577968412698414,17.665001,0.0,0.4742268041237113,0.04,78,75,72,0.7192118226600985,0.39408866995073893,0.49261083743842365,2.311418,4.846476,5.112855,0.0,0.740625,0.6382978723404256,146,80,100
813,0.9479166666666666,0.2552083333333333,0.34375,74.18715266666668,75.209835,100.942482,0.025,0.9752650176678446,0.968503937007874,182,49,66,0.7428571428571429,0.6571428571428571,0.6952380952380952,7.676461000000009,24.937978190476194,17.55118,0.0,0.5333333333333333,0.047619047619047616,78,69,73,0.7142857142857143,0.37438423645320196,0.4876847290640394,2.309603,4.821895,5.106323,0.0,0.7554179566563467,0.6363636363636364,145,76,99
814,0.9427083333333334,0.2552083333333333,0.34375,75.88902666666667,73.170654,99.926926,0.1111111111111111,0.9620689655172414,0.9641434262948207,181,49,66,0.7047619047619048,0.6857142857142857,0.7238095238095238,7.7729230000000085,24.514052952380954,17.151184,0.0,0.47115384615384615,0.04672897196261682,74,72,76,0.6995073891625616,0.3891625615763547,0.47783251231527096,2.321433,4.909919,5.141589,0.0,0.7378640776699029,0.6327272727272727,142,79,97
815,0.9427083333333334,0.25,0.3385416666666667,78.67298933333333,70.411891,103.921452,0.09375,0.9659863945578231,0.9838056680161943,181,48,65,0.6952380952380952,0.6476190476190476,0.6857142857142857,7.706521000000008,24.396569841269844,17.220819,0.0,0.44329896907216493,0.03,73,68,72,0.7093596059113301,0.3842364532019704,0.47783251231527096,2.332856,4.849484,5.080083,0.0,0.7523809523809524,0.6254416961130742,144,78,97
816,0.9322916666666666,0.25,0.34375,76.208606,71.031198,102.125727,0.023809523809523808,0.958904109589041,0.9723320158102767,179,48,66,0.6952380952380952,0.6190476190476191,0.7238095238095238,8.384753000000009,24.23203307936508,17.434742,0.0,0.43617021276595747,0.0380952380952381,73,65,76,0.6945812807881774,0.39408866995073893,0.4827586206896552,2.360339,4.88037,5.093001,0.0,0.7564935064935064,0.6334519572953736,141,80,98
817,0.9270833333333334,0.2552083333333333,0.34375,73.73933033333334,73.99906,100.092316,0.044444444444444446,0.9559322033898305,0.9612403100775194,178,49,66,0.6952380952380952,0.6666666666666666,0.7428571428571429,8.046841000000008,24.92776163492064,17.626533,0.0,0.46236559139784944,0.04807692307692308,73,70,78,0.7142857142857143,0.3842364532019704,0.4630541871921182,2.361454,4.876125,5.058264,0.0,0.7333333333333333,0.6392857142857142,145,78,94
818,0.9270833333333334,0.25,0.34375,74.30112533333333,73.861193,100.622221,0.09090909090909091,0.9655172413793104,0.9649805447470817,178,48,66,0.7047619047619048,0.6952380952380952,0.7714285714285715,8.22342300000001,24.81997174603175,18.095498,0.0,0.4339622641509434,0.07476635514018691,74,73,81,0.7192118226600985,0.4039408866995074,0.47783251231527096,2.320912,4.923437,5.041779,0.0,0.7531645569620253,0.6183745583038869,146,82,97
819,0.9583333333333334,0.2552083333333333,0.3385416666666667,78.057487,76.426848,103.329552,0.04878048780487805,0.9652777777777778,0.96875,184,49,65,0.7238095238095238,0.6666666666666666,0.7523809523809524,8.25043057142858,24.64706885714286,18.425955,0.0,0.4444444444444444,0.020202020202020204,76,70,79,0.7093596059113301,0.39901477832512317,0.4876847290640394,2.354759,4.920918,5.074914,0.0,0.7483660130718954,0.64,144,81,99
820,0.9479166666666666,0.2552083333333333,0.34375,78.29706099999999,75.274642,103.59961,0.0,0.9758620689655172,0.9761904761904762,182,49,66,0.7238095238095238,0.6285714285714286,0.7714285714285715,8.075853000000007,24.67363517460318,18.197736,0.0,0.45652173913043476,0.0380952380952381,76,66,81,0.7044334975369458,0.3891625615763547,0.4876847290640394,2.403975,4.953793,5.041202,0.0,0.756578947368421,0.6436363636363637,143,79,99
821,0.953125,0.25,0.34375,78.13582966666665,76.238985,102.093333,0.0,0.9726027397260274,0.9755102040816327,183,48,66,0.7428571428571429,0.6857142857142857,0.7523809523809524,7.9085404285714365,24.72648352380953,18.176569,0.0,0.4,0.057692307692307696,78,72,79,0.7192118226600985,0.37438423645320196,0.4630541871921182,2.382058,4.922958,5.082077,0.0,0.7450980392156863,0.6494464944649446,146,76,94
822,0.9322916666666666,0.2552083333333333,0.3333333333333333,79.01106066666665,76.733154,102.038358,0.0,0.9593220338983051,0.9760956175298805,179,49,64,0.7238095238095238,0.7142857142857143,0.7523809523809524,7.434504000000008,24.77898253968254,17.836745,0.0,0.4175824175824176,0.04807692307692308,76,75,79,0.7241379310344828,0.3891625615763547,0.4729064039408867,2.392277,4.997232,5.000721,0.0048543689320388345,0.7378640776699029,0.6125461254612546,147,79,96
823,0.9427083333333334,0.25,0.34375,79.76707699999999,75.087495,102.769661,0.0,0.9826388888888888,0.953125,181,48,66,0.7428571428571429,0.6857142857142857,0.7428571428571429,7.899694000000008,24.395671968253975,17.621915,0.0,0.44329896907216493,0.04854368932038835,78,72,78,0.7192118226600985,0.3842364532019704,0.4876847290640394,2.380528,4.986695,4.912991,0.0049261083743842365,0.7570977917981072,0.6272401433691757,146,78,99
824,0.921875,0.2552083333333333,0.3385416666666667,77.84530400000001,75.176158,100.593648,0.0,0.9627118644067797,0.9644268774703557,177,49,65,0.7238095238095238,0.7238095238095238,0.7047619047619048,7.625184714285724,24.60835574603175,18.049804,0.0,0.41935483870967744,0.02,76,76,74,0.7241379310344828,0.3694581280788177,0.4975369458128079,2.406246,4.983237,5.003769,0.0048543689320388345,0.7403846153846154,0.6515151515151515,147,75,101
825,0.9427083333333334,0.2552083333333333,0.34375,76.89392333333335,76.208802,102.966055,0.0,0.9757785467128027,0.9721115537848606,181,49,66,0.7428571428571429,0.6857142857142857,0.7142857142857143,7.816535000000008,24.427190873015878,17.992356,0.0,0.43956043956043955,0.02,78,72,75,0.7241379310344828,0.3891625615763547,0.4729064039408867,2.391207,4.989212,5.061914,0.0,0.721875,0.6641221374045801,147,79,96
826,0.9375,0.2552083333333333,0.3385416666666667,76.93116966666666,77.207713,101.307491,0.0,0.9664429530201343,0.9722222222222222,180,49,65,0.7333333333333333,0.6857142857142857,0.7238095238095238,7.371054428571438,24.5812693968254,17.780728,0.0,0.4742268041237113,0.04807692307692308,77,72,76,0.7044334975369458,0.4039408866995074,0.46798029556650245,2.400864,5.061597,5.046265,0.0,0.738562091503268,0.6217228464419475,143,82,95
827,0.921875,0.25,0.34375,76.855974,76.196407,102.24919,0.02857142857142857,0.972318339100346,0.976,177,48,66,0.7238095238095238,0.7142857142857143,0.7047619047619048,7.727187571428579,24.504298539682544,17.653489,0.0,0.3978494623655914,0.01020408163265306,76,75,74,0.7192118226600985,0.3891625615763547,0.5073891625615764,2.400662,5.006183,4.94854,0.0,0.7425742574257426,0.6334519572953736,146,79,103
828,0.90625,0.2552083333333333,0.3385416666666667,79.84485266666665,77.09269,99.743544,0.0,0.9664429530201343,0.9565217391304348,174,49,65,0.7619047619047619,0.7142857142857143,0.7047619047619048,7.999094000000008,24.36877285714286,18.015806,0.0,0.4166666666666667,0.009900990099009901,80,75,74,0.7192118226600985,0.3842364532019704,0.5221674876847291,2.390305,5.021024,5.023646,0.0,0.7450980392156863,0.6425855513307985,146,78,106
829,0.9375,0.2552083333333333,0.34375,77.33469266666667,77.456082,102.016503,0.0,0.986013986013986,0.9796747967479674,180,49,66,0.7428571428571429,0.6952380952380952,0.7142857142857143,8.275690000000008,24.70012685714286,17.881427,0.0,0.4020618556701031,0.009900990099009901,78,73,75,0.729064039408867,0.39901477832512317,0.5024630541871922,2.412796,5.052148,5.154972,0.0,0.7361563517915309,0.6417322834645669,148,81,102
830,0.9114583333333334,0.2552083333333333,0.34375,79.59716633333332,75.141852,101.277483,0.058823529411764705,0.958904109589041,0.94140625,175,49,66,0.7333333333333333,0.6857142857142857,0.7142857142857143,7.930642000000009,24.37371296825397,17.439745,0.0,0.41836734693877553,0.01,77,72,75,0.7339901477832512,0.4039408866995074,0.4876847290640394,2.36419,5.021611,5.095628,0.0,0.7516556291390728,0.6226415094339622,149,82,99
831,0.9010416666666666,0.2552083333333333,0.34375,78.28251199999998,71.85127,103.023025,0.018867924528301886,0.9459459459459459,0.967479674796748,173,49,66,0.7428571428571429,0.7523809523809524,0.7047619047619048,8.458667000000007,24.207675523809527,18.049433,0.0,0.40625,0.0,78,79,74,0.729064039408867,0.3891625615763547,0.5221674876847291,2.341589,5.082754,4.994622,0.0,0.770764119601329,0.6264150943396226,148,79,106
832,0.953125,0.2552083333333333,0.3385416666666667,73.13666533333333,74.142152,103.128551,0.021739130434782608,0.9787985865724381,0.9714285714285714,183,49,65,0.7238095238095238,0.7238095238095238,0.6857142857142857,8.583218000000008,24.5830463968254,18.156653,0.0,0.45454545454545453,0.0,76,76,72,0.729064039408867,0.3793103448275862,0.5270935960591133,2.345867,5.114501,5.074081,0.0,0.7475728155339806,0.6528301886792452,148,77,107
833,0.9635416666666666,0.2552083333333333,0.34375,75.18673533333335,73.782028,102.326876,0.0,0.9721254355400697,0.9642857142857143,185,49,66,0.7333333333333333,0.7333333333333333,0.6952380952380952,8.291529000000008,24.49518496825397,17.99189,0.0,0.422680412371134,0.0,77,77,73,0.7192118226600985,0.4039408866995074,0.5073891625615764,2.334677,5.098809,5.145235,0.0,0.7435064935064936,0.6535433070866141,146,82,103
834,0.9114583333333334,0.2552083333333333,0.3385416666666667,75.037159,71.250374,100.372316,0.0,0.9659863945578231,0.975609756097561,175,49,65,0.7238095238095238,0.6666666666666666,0.6857142857142857,8.367252000000008,24.692399634920633,18.015094,0.0,0.4943820224719101,0.0,76,70,72,0.729064039408867,0.3891625615763547,0.4876847290640394,2.318154,5.095917,5.1233,0.0,0.7566666666666667,0.6307692307692307,148,79,99
835,0.9166666666666666,0.2552083333333333,0.3333333333333333,76.25930933333335,71.141954,101.975413,0.0,0.9689655172413794,0.9711934156378601,176,49,64,0.7142857142857143,0.6952380952380952,0.6857142857142857,8.538887000000008,24.667038174603178,18.105997,0.0,0.3894736842105263,0.0,75,73,72,0.7438423645320197,0.3694581280788177,0.4827586206896552,2.328506,5.166976,5.10344,0.0,0.7627118644067796,0.6496350364963503,151,75,98
836,0.9166666666666666,0.14583333333333334,0.2760416666666667,75.42175633333335,50.311059666666665,69.282684,0.022727272727272728,0.9571984435797666,0.9650655021834061,176,28,53,0.7142857142857143,0.38095238095238093,0.49523809523809526,8.249814000000008,14.746365952380952,7.227069,0.0,0.4074074074074074,0.020833333333333332,75,40,52,0.7389162561576355,0.18226600985221675,0.3054187192118227,2.380208,3.667783,3.322963,0.0,0.7536231884057971,0.6309523809523809,150,37,62
837,0.9479166666666666,0.140625,0.2760416666666667,80.33128333333335,51.08481466666667,66.581731,0.0,0.9636363636363636,0.9375,182,27,53,0.7428571428571429,0.4095238095238095,0.47619047619047616,8.686398000000008,14.66421861904762,7.34713,0.0,0.4897959183673469,0.0,78,43,50,0.7142857142857143,0.18226600985221675,0.33004926108374383,2.377942,3.581143,3.304386,0.0,0.7857142857142857,0.5947712418300654,145,37,67
838,0.9427083333333334,0.140625,0.2760416666666667,76.59510099999999,50.589343666666664,68.152508,0.0,0.9759036144578314,0.9675324675324676,181,27,53,0.7333333333333333,0.3619047619047619,0.49523809523809526,8.123572000000008,14.687783841269843,7.219452,0.0,0.5094339622641509,0.0,77,38,52,0.7241379310344828,0.18719211822660098,0.31527093596059114,2.419508,3.562719,3.332919,0.0,0.7868020304568528,0.6428571428571429,147,38,64
839,0.9583333333333334,0.13020833333333334,0.265625,80.04613666666665,48.96273866666667,65.195979,0.0,0.9705882352941176,0.9565217391304348,184,25,51,0.7238095238095238,0.3238095238095238,0.49523809523809526,8.13978200000001,14.573514841269843,7.119283,0.0,0.6612903225806451,0.03896103896103896,76,34,52,0.7241379310344828,0.16748768472906403,0.2955665024630542,2.365088,3.583676,3.351755,0.0,0.815,0.68125,147,34,60
840,0.90625,0.15104166666666666,0.265625,84.38680666666666,46.444648666666666,69.564536,0.044444444444444446,0.9378531073446328,0.9506172839506173,174,29,51,0.7428571428571429,0.3333333333333333,0.4666666666666667,8.224695000000008,14.761494841269844,7.258445,0.0,0.7543859649122807,0.0641025641025641,78,35,49,0.7389162561576355,0.1625615763546798,0.27586206896551724,2.447375,3.570501,3.382243,0.0,0.8454106280193237,0.6832298136645962,150,33,56
841,0.921875,0.14583333333333334,0.28125,77.94061366666665,48.611666666666665,72.072508,0.04878048780487805,0.9640718562874252,0.9011627906976745,177,28,54,0.7619047619047619,0.34285714285714286,0.44761904761904764,8.127261000000008,14.856188952380952,7.453313,0.0,0.6417910447761194,0.10666666666666667,80,36,47,0.729064039408867,0.1625615763546798,0.27586206896551724,2.372557,3.61547,3.333496,0.0,0.8325358851674641,0.6303030303030303,148,33,56
842,0.921875,0.140625,0.28125,79.43174966666666,46.51141466666667,68.380132,0.02564102564102564,0.9695121951219512,0.9620253164556962,177,27,54,0.7523809523809524,0.34285714285714286,0.44761904761904764,8.601534000000008,14.648639952380952,7.173182,0.0,0.6521739130434783,0.10666666666666667,79,36,47,0.729064039408867,0.16748768472906403,0.27586206896551724,2.404974,3.627339,3.346623,0.0,0.8388625592417062,0.6687116564417178,148,34,56
843,0.9375,0.140625,0.2864583333333333,80.59592333333332,47.086115666666664,70.976451,0.0,0.9707602339181286,0.949685534591195,180,27,55,0.7428571428571429,0.34285714285714286,0.4666666666666667,8.418433000000007,14.84822261904762,7.481729,0.0,0.6376811594202898,0.1839080459770115,78,36,49,0.7389162561576355,0.14285714285714285,0.270935960591133,2.393905,3.598124,3.364299,0.0,0.8493150684931506,0.6790123456790124,150,29,55
844,0.921875,0.13541666666666666,0.2864583333333333,80.99342799999998,76.903443,104.321215,0.0,0.978021978021978,0.9761904761904762,177,26,55,0.7333333333333333,0.4,0.5238095238095238,8.706829000000008,24.418625857142857,18.543228,0.0,0.6666666666666666,0.20909090909090908,77,42,55,0.7389162561576355,0.1477832512315271,0.270935960591133,2.48602,5.204861,5.054952,0.0,0.8899082568807339,0.6826347305389222,150,30,55
845,0.9427083333333334,0.140625,0.28125,78.05168433333333,76.569782,104.146043,0.075,0.9786324786324786,0.9473684210526315,181,27,54,0.7238095238095238,0.37142857142857144,0.5333333333333333,8.232498000000009,24.46524685714286,19.331629,0.0,0.7590361445783133,0.32407407407407407,76,39,56,0.7339901477832512,0.14285714285714285,0.2660098522167488,2.481431,5.247217,5.039632,0.0,0.8957528957528957,0.748792270531401,149,29,54
846,0.921875,0.140625,0.2864583333333333,82.09415433333335,76.669888,102.55455866666665,0.034482758620689655,0.9712230215827338,0.9739130434782609,177,27,55,0.7142857142857143,0.4095238095238095,0.5428571428571428,7.869015000000008,24.549695634920635,19.745947,0.0,0.7982456140350878,0.41732283464566927,75,43,57,0.7438423645320197,0.1477832512315271,0.2857142857142857,2.417067,5.206566,5.062096,0.0,0.9111111111111111,0.7857142857142857,151,30,58
847,0.953125,0.140625,0.2760416666666667,79.22456666666665,76.255943,102.370383,0.0,0.9815384615384616,0.9806201550387597,183,27,53,0.7047619047619048,0.3904761904761905,0.5619047619047619,8.616137000000007,24.198139746031746,19.526587,0.0,0.8321167883211679,0.4338235294117647,74,41,59,0.7438423645320197,0.1477832512315271,0.3054187192118227,2.378804,5.219668,5.101777,0.0,0.9342857142857143,0.8291139240506329,151,30,62
848,0.9479166666666666,0.140625,0.2864583333333333,78.93161266666665,76.170736,102.273462,0.02857142857142857,0.9908256880733946,0.9601449275362319,182,27,55,0.7047619047619048,0.3904761904761905,0.5428571428571428,8.603198000000008,24.278712746031747,18.80657,0.0,0.8231292517006803,0.3798449612403101,74,41,57,0.7487684729064039,0.13793103448275862,0.3054187192118227,2.366268,5.182822,5.110785,0.0,0.9392265193370166,0.8429003021148036,152,28,62
849,0.9427083333333334,0.13541666666666666,0.28125,80.550449,74.193777,102.146613,0.05714285714285714,0.9678362573099415,0.9779411764705882,181,26,54,0.7238095238095238,0.37142857142857144,0.6,8.569500000000007,24.152993746031747,19.013792,0.0,0.8740740740740741,0.34558823529411764,76,39,63,0.7389162561576355,0.1477832512315271,0.3054187192118227,2.418148,5.204312,5.167195,0.0,0.9323943661971831,0.8501529051987767,150,30,62
850,0.921875,0.140625,0.2864583333333333,80.34127899999999,75.580482,104.301053,0.125,0.9818731117824774,0.9532374100719424,177,27,55,0.7428571428571429,0.37142857142857144,0.5904761904761905,8.723473000000007,24.11651985714286,19.098722,0.0,0.8768115942028986,0.3560606060606061,78,39,62,0.7339901477832512,0.1477832512315271,0.29064039408866993,2.377462,5.170656,5.192949,0.0,0.945054945054945,0.8411214953271028,149,30,59
851,0.9270833333333334,0.140625,0.28125,81.23049099999999,75.777545,106.925738,0.09090909090909091,0.982089552238806,0.9784172661870504,178,27,54,0.7047619047619048,0.3904761904761905,0.6285714285714286,8.680408000000007,24.975509857142857,18.927095,0.0,0.841726618705036,0.2608695652173913,74,41,66,0.7438423645320197,0.1477832512315271,0.29064039408866993,2.352102,5.239031,5.1744,0.0,0.9475138121546961,0.8348623853211009,151,30,59
852,0.953125,0.140625,0.2864583333333333,79.20046066666667,74.159474,104.78953,0.022222222222222223,0.9879518072289156,0.9609929078014184,183,27,55,0.7142857142857143,0.37142857142857144,0.6095238095238096,8.46597757142858,24.346210634920634,19.25862,0.0,0.8714285714285714,0.25688073394495414,75,39,64,0.7142857142857143,0.1477832512315271,0.2857142857142857,2.37581,5.209964,5.07233,0.0,0.9405099150141643,0.8333333333333334,145,30,58
853,0.8958333333333334,0.140625,0.28125,77.56428866666666,73.141426,107.027155,0.08,0.9759036144578314,0.9746376811594203,172,27,54,0.6666666666666666,0.34285714285714286,0.6095238095238096,8.45519257142858,24.020501634920635,19.90356,0.0,0.8592592592592593,0.18867924528301888,70,36,64,0.6995073891625616,0.1477832512315271,0.27586206896551724,2.333664,5.20769,5.124023,0.0,0.9421965317919075,0.8571428571428571,142,30,56
854,0.859375,0.11979166666666667,0.2760416666666667,77.18193433333336,72.679511,105.54059500000001,0.0,0.9778481012658228,0.9692307692307692,165,23,53,0.6761904761904762,0.34285714285714286,0.580952380952381,8.22925357142858,24.606274746031747,19.239217,0.0,0.8432835820895522,0.17346938775510204,71,36,61,0.6748768472906403,0.14285714285714285,0.2561576354679803,2.331559,5.230245,5.117599,0.0,0.9382352941176471,0.842948717948718,137,29,52
855,0.8958333333333334,0.11979166666666667,0.28125,79.83714633333332,74.185752,105.85201800000002,0.0,0.9776357827476039,0.9578544061302682,172,23,54,0.6952380952380952,0.3523809523809524,0.580952380952381,9.02112157142858,24.203817634920636,19.246778,0.0,0.8787878787878788,0.17647058823529413,73,37,61,0.6748768472906403,0.1477832512315271,0.2561576354679803,2.33476,5.270983,5.127033,0.0,0.9429429429429429,0.8338658146964856,137,30,52
856,0.8541666666666666,0.11979166666666667,0.2760416666666667,76.06033566666667,74.176709,101.745518,0.034482758620689655,0.9839743589743589,0.9696969696969697,164,23,53,0.6857142857142857,0.3238095238095238,0.580952380952381,9.262430000000007,24.287284857142858,19.414513,0.0,0.905511811023622,0.16666666666666666,72,34,61,0.6748768472906403,0.1477832512315271,0.2561576354679803,2.341378,5.180248,5.092388,0.0,0.9264705882352942,0.8253968253968254,137,30,52
857,0.875,0.11979166666666667,0.2864583333333333,76.970407,74.509333,102.798873,0.0,0.9903225806451613,0.9768339768339769,168,23,55,0.6857142857142857,0.3523809523809524,0.580952380952381,8.845438000000007,24.325551079365077,19.815873,0.0,0.8382352941176471,0.16161616161616163,72,37,61,0.6650246305418719,0.1477832512315271,0.27586206896551724,2.335779,5.233325,5.116709,0.0,0.9522388059701492,0.8386075949367089,135,30,56
858,0.8958333333333334,0.11979166666666667,0.28125,75.15113233333332,74.054054,101.8658,0.0,0.9903225806451613,0.9769230769230769,172,23,54,0.6857142857142857,0.3523809523809524,0.6095238095238096,8.760428000000008,24.631263634920636,19.536158,0.0,0.8682170542635659,0.13,72,37,64,0.6748768472906403,0.1477832512315271,0.270935960591133,2.353059,5.257194,5.15619,0.0,0.9518072289156626,0.8506493506493507,137,30,55
859,0.890625,0.11979166666666667,0.2864583333333333,77.77882199999999,71.711282,101.24791,0.0,0.9838709677419355,0.9580152671755725,171,23,55,0.6857142857142857,0.34285714285714286,0.6190476190476191,9.138617000000007,24.596805746031745,19.401086,0.0,0.8455882352941176,0.15151515151515152,72,36,65,0.6798029556650246,0.1477832512315271,0.270935960591133,2.33649,5.229776,5.172004,0.0,0.9432835820895522,0.8388157894736842,138,30,55
860,0.8854166666666666,0.14583333333333334,0.2708333333333333,77.80156733333331,73.308856,106.74604300000001,0.0,0.9595015576323987,0.9763779527559056,170,28,52,0.6857142857142857,0.38095238095238093,0.6095238095238096,9.423772000000008,24.851913746031745,19.375248,0.0,0.8449612403100775,0.11458333333333333,72,40,64,0.6798029556650246,0.18719211822660098,0.2660098522167488,2.328422,5.236759,5.104028,0.0,0.9325513196480938,0.8344155844155844,138,38,54
861,0.90625,0.14583333333333334,0.2916666666666667,78.51612633333333,75.431189,105.060455,0.0,0.9933774834437086,0.9649805447470817,174,28,56,0.6761904761904762,0.37142857142857144,0.6,9.465257857142866,24.447426857142858,19.350015,0.0,0.7984496124031008,0.1,71,39,63,0.6847290640394089,0.19704433497536947,0.30049261083743845,2.323127,5.288788,5.219754,0.0,0.8884462151394422,0.746268656716418,139,40,61
862,0.875,0.14583333333333334,0.296875,78.16960866666665,75.387506,104.443489,0.0,0.9866666666666667,0.9642857142857143,168,28,57,0.6761904761904762,0.4,0.6476190476190476,9.07725214285715,25.296235746031748,19.766349,0.0,0.7933884297520661,0.09574468085106383,71,42,68,0.6798029556650246,0.19704433497536947,0.2857142857142857,2.378122,5.286302,5.223999,0.0,0.9126506024096386,0.7748344370860927,138,40,58
863,0.875,0.14583333333333334,0.3020833333333333,77.10471566666664,74.294946,105.81736900000001,0.023809523809523808,0.9770491803278688,0.968503937007874,168,28,58,0.6761904761904762,0.4095238095238095,0.6571428571428571,9.13376500000001,25.08893785714286,19.743827,0.0,0.8015873015873016,0.11458333333333333,71,43,69,0.6748768472906403,0.19704433497536947,0.2857142857142857,2.403258,5.280283,5.225004,0.0,0.9063444108761329,0.788961038961039,137,40,58
864,0.8802083333333334,0.14583333333333334,0.3072916666666667,79.88982266666667,74.731189,103.887772,0.058823529411764705,0.9803921568627451,0.9568627450980393,169,28,59,0.6476190476190476,0.4095238095238095,0.6571428571428571,8.934830000000007,25.69244852380952,19.55083,0.0,0.784,0.11458333333333333,68,43,69,0.6650246305418719,0.1921182266009852,0.2955665024630542,2.321994,5.28736,5.28226,0.005263157894736842,0.9104477611940298,0.7959183673469388,135,39,60
865,0.890625,0.171875,0.328125,81.86068466666666,74.05203,106.20539200000002,0.06451612903225806,0.9706840390879479,0.964,171,33,63,0.6571428571428571,0.42857142857142855,0.638095238095238,9.146383888888897,25.757244634920635,19.578339,0.0,0.776,0.11702127659574468,69,45,67,0.6551724137931034,0.2315270935960591,0.2955665024630542,2.34696,5.274293,5.260931,0.0,0.8914956011730205,0.7986577181208053,133,47,60
866,0.9010416666666666,0.171875,0.328125,79.67573899999998,76.332115,103.704096,0.06666666666666667,0.9732441471571907,0.946058091286307,173,33,63,0.6285714285714286,0.3904761904761905,0.6761904761904762,9.240767000000007,25.88112396825397,19.336815,0.0,0.7933884297520661,0.10416666666666667,66,41,71,0.6600985221674877,0.24630541871921183,0.3103448275862069,2.43064,5.298075,5.313246,0.0,0.8850931677018633,0.7859649122807018,134,50,63
867,0.875,0.171875,0.3229166666666667,80.69726933333331,77.484826,106.93363500000001,0.05714285714285714,0.9828767123287672,0.9703389830508474,168,33,62,0.6190476190476191,0.3904761904761905,0.6666666666666666,9.120144000000007,25.39941463492064,19.74261,0.0,0.7916666666666666,0.12371134020618557,65,41,70,0.6650246305418719,0.24630541871921183,0.3103448275862069,2.400719,5.399541,5.325516,0.0,0.8810289389067524,0.7727272727272727,135,50,63
868,0.8541666666666666,0.171875,0.3333333333333333,81.57815066666664,76.8375,105.07081,0.0,0.976027397260274,0.9537815126050421,164,33,64,0.6285714285714286,0.4095238095238095,0.6571428571428571,9.050787142857152,25.858339523809523,19.335586,0.0,0.7304347826086957,0.1326530612244898,66,43,69,0.6748768472906403,0.23645320197044334,0.32019704433497537,2.380924,5.374744,5.340703,0.0,0.8672839506172839,0.7676056338028169,137,48,65
869,0.8645833333333334,0.18229166666666666,0.3541666666666667,80.21961633333335,78.786234,105.44619833333334,0.0,0.9668874172185431,0.9456066945606695,166,35,68,0.638095238095238,0.41904761904761906,0.6285714285714286,9.296701000000008,26.06193474603175,19.960523,0.0,0.7295081967213115,0.10752688172043011,67,44,66,0.6748768472906403,0.27586206896551724,0.33497536945812806,2.378236,5.385159,5.326288,0.0,0.8558558558558559,0.7535211267605634,137,56,68
870,0.859375,0.19791666666666666,0.359375,82.78567533333332,78.477868,108.53597133333335,0.0,0.975609756097561,0.9727272727272728,165,38,69,0.6285714285714286,0.44761904761904764,0.638095238095238,9.060883000000008,26.173707190476193,19.844495,0.0,0.675,0.10416666666666667,66,47,67,0.6699507389162561,0.28078817733990147,0.3497536945812808,2.350808,5.385546,5.398994,0.0,0.8562300319488818,0.7605633802816901,136,57,71
871,0.875,0.19791666666666666,0.34375,82.625639,78.204556,112.69881033333334,0.0,0.975177304964539,0.9642857142857143,168,38,66,0.6285714285714286,0.4095238095238095,0.6476190476190476,9.275489000000007,25.998573634920636,19.26359,0.0,0.7105263157894737,0.12371134020618557,66,43,68,0.6650246305418719,0.2857142857142857,0.3497536945812808,2.375594,5.492281,5.43542,0.0,0.8626198083067093,0.7563636363636363,135,58,71
872,0.8854166666666666,0.1875,0.359375,80.74058566666666,76.780072,111.40892833333335,0.0,0.96875,0.9511111111111111,170,36,69,0.638095238095238,0.42857142857142855,0.638095238095238,8.819694000000007,25.836006634920633,19.507454,0.0,0.6403508771929824,0.12631578947368421,67,45,67,0.6551724137931034,0.28078817733990147,0.3448275862068966,2.425868,5.536148,5.4129,0.0,0.8493589743589743,0.7446808510638298,133,57,70
873,0.875,0.19270833333333334,0.359375,82.183159,79.206331,108.99935033333334,0.0,0.952054794520548,0.9638009049773756,168,37,69,0.638095238095238,0.45714285714285713,0.6476190476190476,9.205930682539693,26.083901063492068,19.362158,0.0,0.6513761467889908,0.11224489795918367,67,48,68,0.6502463054187192,0.29064039408866993,0.35960591133004927,2.345324,5.509143,5.449677,0.0,0.8264984227129337,0.7292418772563177,132,59,73
874,0.8645833333333334,0.19791666666666666,0.3489583333333333,78.4496063333333,79.958834,112.32367333333335,0.0,0.9754385964912281,0.9861751152073732,166,38,67,0.638095238095238,0.49523809523809526,0.6476190476190476,9.683691777777787,26.07652874603175,19.191545,0.0,0.6181818181818182,0.0989010989010989,67,52,68,0.645320197044335,0.2857142857142857,0.35960591133004927,2.42077,5.534202,5.506397,0.0,0.8370607028753994,0.7389705882352942,131,58,73
875,0.859375,0.19791666666666666,0.359375,84.10098233333335,79.720836,111.43817233333334,0.0,0.9755244755244755,0.9551569506726457,165,38,69,0.6476190476190476,0.5238095238095238,0.6476190476190476,9.206054000000009,26.665307412698418,19.369402,0.0,0.6138613861386139,0.047058823529411764,68,55,68,0.645320197044335,0.28078817733990147,0.3448275862068966,2.398439,5.649826,5.535678,0.0,0.8184818481848185,0.7089552238805971,131,57,70
876,0.890625,0.19270833333333334,0.359375,79.32849766666668,76.478451,109.23535833333334,0.0,0.9656357388316151,0.9727272727272728,171,37,69,0.638095238095238,0.5142857142857142,0.638095238095238,9.444760857142866,26.087247523809527,19.583086,0.0,0.5887850467289719,0.047058823529411764,67,54,67,0.645320197044335,0.28078817733990147,0.33497536945812806,2.409246,5.64674,5.444128,0.0,0.8135048231511254,0.703971119133574,131,57,68
877,0.890625,0.19791666666666666,0.359375,78.67929433333335,75.918073,105.81177433333335,0.0,0.9651567944250871,0.9683257918552036,171,38,69,0.6476190476190476,0.4857142857142857,0.6476190476190476,9.266392777777787,25.537003634920637,19.734254,0.0,0.6363636363636364,0.03571428571428571,68,51,68,0.6551724137931034,0.2857142857142857,0.3399014778325123,2.407231,5.588689,5.445824,0.0,0.8142414860681114,0.696969696969697,133,58,69
878,0.859375,0.19791666666666666,0.3489583333333333,82.77813633333332,78.405988,107.35329233333334,0.0,0.965034965034965,0.9636363636363636,165,38,67,0.6285714285714286,0.5047619047619047,0.6761904761904762,9.172545571428582,25.671450634920642,19.223164,0.0,0.5754716981132075,0.023255813953488372,66,53,71,0.6600985221674877,0.29064039408866993,0.3448275862068966,2.404597,5.661068,5.526062,0.0,0.8354430379746836,0.7106227106227107,134,59,70
879,0.8489583333333334,0.19270833333333334,0.359375,81.678824,79.354967,111.03258733333334,0.03333333333333333,0.9826388888888888,0.9330357142857143,163,37,69,0.6476190476190476,0.5333333333333333,0.6761904761904762,8.949153571428578,25.73198341269842,19.018335,0.0,0.5714285714285714,0.024390243902439025,68,56,71,0.6502463054187192,0.29064039408866993,0.3448275862068966,2.388257,5.738884,5.519973,0.0,0.8360128617363344,0.7121212121212122,132,59,70
880,0.8489583333333334,0.19791666666666666,0.359375,80.64793666666667,80.861833,112.17394033333335,0.02857142857142857,0.9686411149825784,0.9815668202764977,163,38,69,0.6476190476190476,0.4857142857142857,0.6761904761904762,9.191126888888897,25.550399968253974,19.212652,0.0,0.6413043478260869,0.024390243902439025,68,51,71,0.6403940886699507,0.27586206896551724,0.3448275862068966,2.433287,5.787712,5.532311,0.0,0.8446601941747572,0.696969696969697,130,56,70
881,0.8697916666666666,0.19791666666666666,0.3541666666666667,84.17085333333333,80.601408,111.22636233333334,0.0,0.9618055555555556,0.9473684210526315,167,38,68,0.638095238095238,0.5142857142857142,0.6666666666666666,9.174036111111121,26.258182857142863,19.198261,0.0,0.5754716981132075,0.04819277108433735,67,54,70,0.6403940886699507,0.2857142857142857,0.35960591133004927,2.472305,5.764601,5.586886,0.0,0.834920634920635,0.7106227106227107,130,58,73
882,0.8854166666666666,0.1875,0.3489583333333333,80.22186733333335,79.405775,110.44746333333335,0.0,0.9790209790209791,0.973568281938326,170,36,67,0.6190476190476191,0.49523809523809526,0.6761904761904762,8.830705111111119,25.92954263492064,19.06145,0.0,0.5686274509803921,0.056818181818181816,65,52,71,0.645320197044335,0.2857142857142857,0.3448275862068966,2.421922,5.774051,5.577938,0.0,0.8442367601246106,0.725925925925926,131,58,70
883,0.8645833333333334,0.19270833333333334,0.3541666666666667,79.507749,76.982444,105.94425533333334,0.0,0.962457337883959,0.9557522123893806,166,37,68,0.6190476190476191,0.5238095238095238,0.6857142857142857,9.347443000000007,25.94214674603175,18.955769,0.010638297872340425,0.6074766355140186,0.06896551724137931,65,55,72,0.6502463054187192,0.28078817733990147,0.33004926108374383,2.461009,5.840204,5.649334,0.0053475935828877,0.8538961038961039,0.7238805970149254,132,57,67
884,0.875,0.1875,0.359375,81.795066,76.745751,106.62612533333335,0.0,0.9790940766550522,0.9605263157894737,168,36,69,0.5904761904761905,0.5238095238095238,0.6571428571428571,9.374486888888898,26.293423412698417,18.303856,0.010752688172043012,0.5904761904761905,0.0898876404494382,62,55,69,0.6600985221674877,0.28078817733990147,0.3399014778325123,2.424551,5.821323,5.666378,0.0,0.8438538205980066,0.706959706959707,134,57,69
885,0.8802083333333334,0.19270833333333334,0.359375,82.77066,77.222533,106.07377933333335,0.09090909090909091,0.9754385964912281,0.9863013698630136,169,37,69,0.6190476190476191,0.5523809523809524,0.6476190476190476,9.52143900000001,26.03914574603175,18.794202,0.0,0.6146788990825688,0.11363636363636363,65,58,68,0.6699507389162561,0.2857142857142857,0.35960591133004927,2.413043,5.829677,5.664244,0.0,0.8360128617363344,0.7282608695652174,136,58,73
886,0.8697916666666666,0.19270833333333334,0.359375,84.24410833333333,76.044169,106.06612533333335,0.05263157894736842,0.9691780821917808,0.9641255605381166,167,37,69,0.638095238095238,0.5142857142857142,0.6571428571428571,8.892557000000009,26.888030063492067,18.876918,0.0,0.5887850467289719,0.06976744186046512,67,54,69,0.6551724137931034,0.2857142857142857,0.3793103448275862,2.41283,5.856949,5.661551,0.0,0.8520900321543409,0.7213740458015268,133,58,77
887,0.8854166666666666,0.19270833333333334,0.359375,81.69454166666667,76.271015,106.34612533333335,0.0,0.9895104895104895,0.9908256880733946,170,37,69,0.6285714285714286,0.49523809523809526,0.6857142857142857,9.236780000000008,26.159480746031747,18.853209,0.0,0.5752212389380531,0.11827956989247312,66,52,72,0.6650246305418719,0.2857142857142857,0.3793103448275862,2.418697,5.842971,5.649308,0.0,0.8566775244299675,0.7159533073929961,135,58,77
888,0.84375,0.1875,0.359375,81.41328466666666,78.93130357142859,106.34612533333335,0.0,0.9655172413793104,0.9726027397260274,162,36,69,0.6285714285714286,0.5142857142857142,0.6476190476190476,8.770735000000009,26.361349285714287,18.863624,0.0,0.5625,0.14130434782608695,66,54,68,0.6600985221674877,0.2857142857142857,0.3645320197044335,2.492534,5.880801,5.625376,0.0,0.8686868686868687,0.7315175097276264,134,58,74
889,0.8802083333333334,0.18229166666666666,0.359375,80.58472933333333,78.95556642857142,105.76347433333335,0.0,0.9895833333333334,0.9818181818181818,169,35,69,0.6190476190476191,0.5142857142857142,0.6761904761904762,9.168659000000009,26.539546412698414,18.944702,0.0,0.5454545454545454,0.10638297872340426,65,54,71,0.6551724137931034,0.2857142857142857,0.35960591133004927,2.442876,5.864975,5.646742,0.0,0.863481228668942,0.7114624505928854,133,58,73
890,0.875,0.18229166666666666,0.3541666666666667,84.62247200000002,77.957858,107.10440933333334,0.0,0.976027397260274,0.9818181818181818,168,35,68,0.5904761904761905,0.49523809523809526,0.6571428571428571,9.005072000000009,25.969198523809528,18.757333,0.0,0.5391304347826087,0.0898876404494382,62,52,69,0.6551724137931034,0.2857142857142857,0.3694581280788177,2.41828,5.867416,5.612807,0.0,0.8590604026845637,0.7126436781609196,133,58,75
891,0.859375,0.18229166666666666,0.3541666666666667,79.801731,76.355615,105.99682133333334,0.0,0.9794520547945206,0.9864864864864865,165,35,68,0.580952380952381,0.5142857142857142,0.6666666666666666,8.98027500000001,25.87067296825397,18.905714,0.0,0.6086956521739131,0.0898876404494382,61,54,70,0.645320197044335,0.2857142857142857,0.37438423645320196,2.473358,5.95252,5.674054,0.0,0.8732876712328768,0.7283018867924528,131,58,76
892,0.8697916666666666,0.18229166666666666,0.3541666666666667,79.54214800000001,78.16609657142858,106.02092933333334,0.0,0.9964912280701754,0.9641255605381166,167,35,68,0.5523809523809524,0.5238095238095238,0.6571428571428571,9.355625000000007,26.01766541269842,18.644419,0.0,0.5416666666666666,0.056179775280898875,58,55,69,0.625615763546798,0.2857142857142857,0.35960591133004927,2.469436,5.947357,5.671275,0.0,0.8494983277591973,0.7258687258687259,127,58,73
893,0.8854166666666666,0.17708333333333334,0.359375,80.98442266666667,75.07455457142858,105.52852533333335,0.03333333333333333,0.9758620689655172,0.960352422907489,170,34,69,0.5428571428571428,0.5238095238095238,0.6285714285714286,9.13564000000001,25.254317746031752,18.49262,0.0,0.5363636363636364,0.05952380952380952,57,55,66,0.6157635467980296,0.2857142857142857,0.3399014778325123,2.457827,5.9286,5.576013,0.0,0.8662207357859532,0.7131782945736435,125,58,69
894,0.875,0.17708333333333334,0.359375,80.25039866666667,74.496844,106.08852533333334,0.0,0.9793103448275862,0.9906103286384976,168,34,69,0.5333333333333333,0.5238095238095238,0.6285714285714286,9.262613000000009,25.487391634920638,18.701303,0.0,0.5978260869565217,0.1,56,55,66,0.6206896551724138,0.2857142857142857,0.35960591133004927,2.488226,5.956558,5.62576,0.0,0.8720538720538721,0.7132075471698113,126,58,73
895,0.875,0.18229166666666666,0.359375,82.43648299999998,74.707314,108.49997233333335,0.0,0.9893992932862191,0.9723502304147466,168,35,69,0.5428571428571428,0.5142857142857142,0.6190476190476191,9.180705428571436,25.896447301587305,18.452202,0.0,0.5436893203883495,0.06976744186046512,57,54,65,0.6108374384236454,0.2857142857142857,0.3694581280788177,2.479867,5.94384,5.706327,0.0055248618784530384,0.8767123287671232,0.7416974169741697,124,58,75
896,0.8645833333333334,0.18229166666666666,0.359375,84.80128633333332,73.113223,108.03658533333335,0.0,0.9823943661971831,0.9819004524886877,166,35,69,0.5428571428571428,0.5238095238095238,0.6285714285714286,8.969481000000007,25.582683634920638,18.693733,0.0,0.5566037735849056,0.03488372093023256,57,55,66,0.6157635467980296,0.2857142857142857,0.37438423645320196,2.452652,5.974036,5.702931,0.0,0.8854166666666666,0.751004016064257,125,58,76
897,0.8541666666666666,0.18229166666666666,0.359375,78.20592033333332,73.871731,108.01393633333335,0.043478260869565216,0.9824561403508771,0.9814814814814815,164,35,69,0.5619047619047619,0.5142857142857142,0.6095238095238096,8.956085000000009,25.74264007936508,18.607479,0.0,0.5858585858585859,0.023809523809523808,59,54,64,0.6206896551724138,0.2857142857142857,0.35960591133004927,2.386857,5.971846,5.658021,0.0,0.8802816901408451,0.7413127413127413,126,58,73
898,0.8802083333333334,0.18229166666666666,0.359375,81.58312566666667,74.489431,107.46355233333334,0.18181818181818182,0.9754385964912281,0.9519650655021834,169,35,69,0.5714285714285714,0.4666666666666667,0.6190476190476191,9.20152700000001,25.991571857142862,18.227565,0.0,0.5904761904761905,0.022727272727272728,60,49,65,0.6206896551724138,0.2857142857142857,0.3645320197044335,2.390419,5.932854,5.641129,0.0,0.8807017543859649,0.7265625,126,58,74
899,0.8854166666666666,0.171875,0.359375,82.48293766666666,75.051666,108.49652533333334,0.08333333333333333,0.9892857142857143,0.9723502304147466,170,33,69,0.5714285714285714,0.49523809523809526,0.6190476190476191,8.747135000000009,25.304471285714293,18.123743,0.0,0.5454545454545454,0.023255813953488372,60,52,65,0.6157635467980296,0.28078817733990147,0.35467980295566504,2.412695,5.950053,5.711872,0.0,0.8924731182795699,0.7566539923954373,125,57,72
900,0.8541666666666666,0.171875,0.3541666666666667,80.28352433333333,77.046126,106.73305533333334,0.15,0.9892086330935251,0.9715639810426541,164,33,68,0.5714285714285714,0.49523809523809526,0.6190476190476191,8.972066000000009,26.23462774603175,18.174708,0.0,0.5684210526315789,0.012048192771084338,60,52,65,0.5862068965517241,0.27586206896551724,0.3497536945812808,2.42188,5.948189,5.631809,0.0,0.8772563176895307,0.7387755102040816,119,56,71
901,0.8177083333333334,0.16666666666666666,0.3541666666666667,76.140609,77.443083,108.74621033333334,0.06896551724137931,0.9817518248175182,0.9847715736040609,157,32,68,0.5619047619047619,0.5238095238095238,0.6095238095238096,8.787042000000008,25.698447968253973,18.354131,0.0,0.5252525252525253,0.0,59,55,64,0.5862068965517241,0.270935960591133,0.3448275862068966,2.414183,5.97753,5.638976,0.0,0.8619402985074627,0.7579908675799086,119,55,70
902,0.8489583333333334,0.16145833333333334,0.3489583333333333,82.28175766666665,75.533279,106.50274133333335,0.0625,0.9814126394052045,0.9615384615384616,163,31,67,0.5714285714285714,0.47619047619047616,0.6190476190476191,8.814513000000009,25.934013079365084,18.126223,0.0,0.5568181818181818,0.0,60,50,65,0.5812807881773399,0.2660098522167488,0.3399014778325123,2.411831,5.917312,5.642722,0.0,0.8603773584905661,0.7592592592592593,118,54,69
903,0.84375,0.16145833333333334,0.3541666666666667,77.92950766666667,76.483585,104.86420933333335,0.1111111111111111,0.988929889298893,0.9754901960784313,162,31,68,0.5714285714285714,0.4857142857142857,0.6285714285714286,8.96979500000001,25.993198523809525,18.336296,0.0,0.5656565656565656,0.0,60,51,66,0.5714285714285714,0.2660098522167488,0.3448275862068966,2.38812,5.939324,5.609042,0.0,0.8821292775665399,0.7342342342342343,116,54,70
904,0.8229166666666666,0.15625,0.3541666666666667,80.10176333333332,75.064041,106.29261233333334,0.0967741935483871,0.9818840579710145,0.9658536585365853,158,30,68,0.580952380952381,0.42857142857142855,0.6285714285714286,9.017963428571436,25.757481634920637,18.303809,0.0,0.625,0.0,61,45,66,0.5517241379310345,0.2660098522167488,0.3497536945812808,2.377658,5.893253,5.594592,0.0,0.8847583643122676,0.7577092511013216,112,54,71
905,0.8541666666666666,0.15625,0.34375,82.89127566666666,74.970164,106.47499733333335,0.23333333333333334,0.9856115107913669,0.9796954314720813,164,30,66,0.5714285714285714,0.5047619047619047,0.6285714285714286,8.660449000000009,25.548881412698414,18.166048,0.0,0.5436893203883495,0.0,60,53,66,0.5566502463054187,0.270935960591133,0.3497536945812808,2.440205,5.920076,5.593023,0.0,0.8796992481203008,0.7688888888888888,113,55,71
906,0.8385416666666666,0.15625,0.34375,82.3077993333333,74.863748,106.99292533333335,0.1724137931034483,0.985663082437276,0.9751243781094527,161,30,66,0.5619047619047619,0.5047619047619047,0.6190476190476191,8.59885700000001,25.90118507936508,18.089171,0.0,0.5510204081632653,0.0,59,53,65,0.5566502463054187,0.270935960591133,0.3448275862068966,2.423896,5.882695,5.628919,0.0,0.864963503649635,0.7647058823529411,113,55,70
907,0.8385416666666666,0.15625,0.3333333333333333,80.623547,74.136073,110.28925733333334,0.25,0.978494623655914,0.9753694581280788,161,30,64,0.580952380952381,0.5047619047619047,0.6285714285714286,8.785779000000009,25.695636857142862,18.3981,0.0,0.5934065934065934,0.011494252873563218,61,53,66,0.5566502463054187,0.270935960591133,0.3399014778325123,2.391189,5.902906,5.647167,0.0,0.8731343283582089,0.7565217391304347,113,55,69
908,0.8645833333333334,0.15625,0.3333333333333333,80.57411266666665,74.244218,109.40784819047622,0.23529411764705882,0.982078853046595,0.9569377990430622,166,30,64,0.580952380952381,0.44761904761904764,0.6476190476190476,8.53725400000001,25.62943552380953,17.887454,0.0,0.5681818181818182,0.021739130434782608,61,47,68,0.5566502463054187,0.270935960591133,0.3448275862068966,2.466295,5.972365,5.616711,0.0,0.8801498127340824,0.7565217391304347,113,55,70
909,0.8489583333333334,0.15625,0.3333333333333333,80.29694833333335,75.254806,108.22843633333335,0.2,0.9890909090909091,0.966183574879227,163,30,64,0.6,0.5047619047619047,0.6476190476190476,8.739535000000009,25.758271412698416,18.000755,0.0,0.5052631578947369,0.011627906976744186,63,53,68,0.5714285714285714,0.270935960591133,0.3399014778325123,2.439189,5.93612,5.607745,0.0,0.8745387453874539,0.7586206896551724,116,55,69
910,0.84375,0.15104166666666666,0.3229166666666667,82.27836966666668,75.263027,107.85712433333335,0.21428571428571427,0.9928057553956835,0.966183574879227,162,29,62,0.5904761904761905,0.5428571428571428,0.638095238095238,8.74648900000001,26.118399523809526,18.303607,0.0,0.5463917525773195,0.011363636363636364,62,57,67,0.5763546798029556,0.270935960591133,0.3497536945812808,2.375165,5.955833,5.599862,0.0,0.8689138576779026,0.7542372881355932,117,55,71
911,0.8229166666666666,0.15625,0.3333333333333333,79.88585799999998,76.690191,109.62492533333334,0.12121212121212122,0.9789473684210527,0.9711538461538461,158,30,64,0.6095238095238096,0.49523809523809526,0.638095238095238,8.63962700000001,26.182917841269845,18.25655,0.0,0.611764705882353,0.011627906976744186,64,52,67,0.5763546798029556,0.270935960591133,0.35960591133004927,2.348285,5.93147,5.607277,0.0,0.8716981132075472,0.7619047619047619,117,55,73
912,0.8541666666666666,0.15625,0.328125,83.17794033333334,77.173982,109.74404033333334,0.15789473684210525,0.9893617021276596,0.9851485148514851,164,30,63,0.6285714285714286,0.5047619047619047,0.638095238095238,8.82470900000001,26.487643968253973,18.481124,0.0,0.5376344086021505,0.011627906976744186,66,53,67,0.5911330049261084,0.270935960591133,0.35467980295566504,2.387133,5.940238,5.507551,0.005917159763313609,0.8712121212121212,0.7573221757322176,120,55,72
913,0.8489583333333334,0.15625,0.3333333333333333,84.10799733333333,76.812636,108.88112133333334,0.2857142857142857,0.9824561403508771,0.9758454106280193,163,30,64,0.6190476190476191,0.5238095238095238,0.638095238095238,8.956389000000009,26.23134352380953,18.217262,0.0,0.5483870967741935,0.05555555555555555,65,55,67,0.6059113300492611,0.270935960591133,0.3399014778325123,2.387028,5.895179,5.510622,0.0,0.8679245283018868,0.7708333333333334,123,55,69
914,0.8385416666666666,0.1875,0.3541666666666667,80.10693566666666,76.904747,110.00164533333334,0.41935483870967744,0.9583333333333334,0.9439252336448598,161,36,68,0.6285714285714286,0.5333333333333333,0.638095238095238,8.90308300000001,26.044240079365085,18.559508,0.0,0.5368421052631579,0.03409090909090909,66,56,67,0.5960591133004927,0.270935960591133,0.3497536945812808,2.379241,5.925177,5.566769,0.0,0.8838951310861424,0.7615062761506276,121,55,71
915,0.84375,0.1875,0.3541666666666667,85.07473299999998,78.627689,110.73070133333334,0.3333333333333333,0.9925373134328358,0.9466019417475728,162,36,68,0.6285714285714286,0.5142857142857142,0.6190476190476191,8.776432000000009,26.36019752380953,18.569458,0.0,0.5576923076923077,0.022727272727272728,66,54,65,0.6009852216748769,0.270935960591133,0.35960591133004927,2.345896,5.923226,5.537696,0.0,0.875,0.7542372881355932,122,55,73
916,0.859375,0.1875,0.359375,82.11147466666667,76.828556,110.94218733333334,0.2682926829268293,0.978021978021978,0.9609756097560975,165,36,69,0.6285714285714286,0.5047619047619047,0.6285714285714286,8.95854500000001,26.19563195238096,18.91156,0.0,0.5425531914893617,0.011235955056179775,66,53,66,0.6108374384236454,0.270935960591133,0.3645320197044335,2.330491,5.928781,5.564315,0.0,0.8801498127340824,0.7669491525423728,124,55,74
917,0.8697916666666666,0.1875,0.3541666666666667,81.76777899999999,77.264143,110.45652333333334,0.22580645161290322,0.9633699633699634,0.9593908629441624,167,36,68,0.6190476190476191,0.49523809523809526,0.6285714285714286,9.061269000000008,26.361222412698417,18.960241,0.0,0.6,0.011494252873563218,65,52,66,0.6108374384236454,0.270935960591133,0.35960591133004927,2.399117,5.950756,5.5874,0.0,0.8931297709923665,0.7743362831858407,124,55,73
918,0.8645833333333334,0.1875,0.359375,83.10873233333332,79.891288,112.88815633333334,0.3076923076923077,0.9775280898876404,0.9405940594059405,166,36,69,0.6190476190476191,0.5047619047619047,0.638095238095238,8.516724000000009,26.14517952380953,18.971631,0.0,0.5157894736842106,0.011494252873563218,65,53,67,0.6059113300492611,0.270935960591133,0.3497536945812808,2.380167,5.948575,5.589616,0.0,0.8914728682170543,0.7608695652173914,123,55,71
919,0.8697916666666666,0.1875,0.359375,80.23116766666668,78.669382,115.58032433333334,0.20512820512820512,0.9743589743589743,0.9698492462311558,167,36,69,0.6190476190476191,0.47619047619047616,0.6285714285714286,9.054596000000007,26.43726252380953,19.140514,0.0,0.5913978494623656,0.011494252873563218,65,50,66,0.6009852216748769,0.2660098522167488,0.3497536945812808,2.443048,5.89547,5.63185,0.005917159763313609,0.8712121212121212,0.7391304347826086,122,54,71
920,0.84375,0.18229166666666666,0.34375,84.11937266666666,77.581943,111.58116133333334,0.32142857142857145,0.9777777777777777,0.965,162,35,66,0.6095238095238096,0.5238095238095238,0.6190476190476191,9.10870157142858,26.47705841269842,18.964551,0.0,0.54,0.011494252873563218,64,55,65,0.5960591133004927,0.270935960591133,0.3399014778325123,2.375872,5.896383,5.650097,0.0,0.875,0.7654867256637168,121,55,69
921,0.875,0.1875,0.359375,83.84527166666666,77.675635,110.68735333333335,0.24324324324324326,0.9775280898876404,0.9408866995073891,168,36,69,0.6095238095238096,0.5428571428571428,0.6190476190476191,9.178987714285721,26.578424412698418,18.915162,0.0,0.5,0.011111111111111112,64,57,65,0.6305418719211823,0.2660098522167488,0.3251231527093596,2.369789,5.844259,5.651445,0.0,0.8694029850746269,0.7510917030567685,128,54,66
922,0.8541666666666666,0.1875,0.3489583333333333,83.55042,77.675761,111.20886733333334,0.19047619047619047,0.9633699633699634,0.9690721649484536,164,36,67,0.6476190476190476,0.49523809523809526,0.6190476190476191,8.98375500000001,25.94346841269842,19.632726,0.0,0.5157894736842106,0.0,68,52,65,0.6206896551724138,0.2660098522167488,0.33004926108374383,2.396599,5.841771,5.633563,0.0058823529411764705,0.8544776119402985,0.7435897435897436,126,54,67
923,0.8697916666666666,0.1875,0.359375,82.80050533333333,77.607772,110.01550533333334,0.07894736842105263,0.9777777777777777,0.95,167,36,69,0.6190476190476191,0.47619047619047616,0.580952380952381,8.836996000000008,26.57089274603175,19.364798,0.0,0.5913978494623656,0.011111111111111112,65,50,61,0.625615763546798,0.270935960591133,0.3448275862068966,2.393634,5.821616,5.617102,0.0,0.8576642335766423,0.7565217391304347,127,55,70
924,0.859375,0.1875,0.3541666666666667,82.55507099999998,78.785058,110.43317133333335,0.13513513513513514,0.9743589743589743,0.9512195121951219,165,36,68,0.6095238095238096,0.5333333333333333,0.5619047619047619,8.716093571428578,26.327136634920638,19.347129,0.0,0.5272727272727272,0.02197802197802198,64,56,59,0.6206896551724138,0.270935960591133,0.35467980295566504,2.405775,5.908453,5.663063,0.0,0.8539325842696629,0.7466666666666667,126,55,72
925,0.875,0.18229166666666666,0.359375,84.839041,78.922661,109.92064233333335,0.09090909090909091,0.9704797047970479,0.95,168,35,69,0.6190476190476191,0.49523809523809526,0.5904761904761905,9.626078000000009,26.477571412698413,19.630913,0.0,0.5619047619047619,0.030612244897959183,65,52,62,0.6305418719211823,0.270935960591133,0.3645320197044335,2.42617,5.845305,5.618133,0.0,0.8381294964028777,0.7350427350427351,128,55,74
926,0.859375,0.1875,0.3541666666666667,83.66677566666665,79.978808,110.70753933333334,0.07142857142857142,0.9810606060606061,0.9533678756476683,165,36,68,0.6190476190476191,0.4666666666666667,0.5904761904761905,8.805840000000007,26.27232763492064,19.741222,0.0,0.5368421052631579,0.041666666666666664,65,49,62,0.625615763546798,0.270935960591133,0.3645320197044335,2.449913,5.739021,5.674268,0.0,0.8333333333333334,0.7489177489177489,127,55,74
927,0.8541666666666666,0.1875,0.3541666666666667,80.60747833333335,80.738296,113.50753933333334,0.14285714285714285,0.9776119402985075,0.9641025641025641,164,36,68,0.6095238095238096,0.5238095238095238,0.5904761904761905,8.47099600000001,26.685043412698413,19.210364,0.0,0.5048543689320388,0.052083333333333336,64,55,62,0.625615763546798,0.270935960591133,0.3645320197044335,2.419121,5.781622,5.674202,0.0,0.8545454545454545,0.7377777777777778,127,55,74
928,0.8489583333333334,0.1875,0.3541666666666667,83.09722966666664,80.932472,112.49032533333335,0.11538461538461539,0.9888059701492538,0.9690721649484536,163,36,68,0.6,0.49523809523809526,0.6095238095238096,8.56237100000001,26.65419774603175,20.09201,0.0,0.5051546391752577,0.06060606060606061,63,52,64,0.6108374384236454,0.270935960591133,0.3497536945812808,2.446268,5.780909,5.643245,0.0,0.8481481481481481,0.7457627118644068,124,55,71
929,0.8385416666666666,0.1875,0.359375,85.41129133333332,78.908305,111.89985833333334,0.18518518518518517,0.9607142857142857,0.9504950495049505,161,36,69,0.580952380952381,0.4857142857142857,0.6,8.63437500000001,26.922893523809527,19.340186,0.0,0.5510204081632653,0.042105263157894736,61,51,63,0.6157635467980296,0.2660098522167488,0.3497536945812808,2.360756,5.726474,5.614486,0.0,0.8411552346570397,0.7457627118644068,125,54,71
930,0.8541666666666666,0.1875,0.3541666666666667,85.90360299999999,79.271927,110.10599233333335,0.025,0.9711191335740073,0.9543147208121827,164,36,68,0.5714285714285714,0.4857142857142857,0.6,8.467245000000009,26.47753241269842,19.186599,0.0,0.5471698113207547,0.042105263157894736,60,51,63,0.6108374384236454,0.270935960591133,0.3448275862068966,2.38963,5.710942,5.592052,0.0058823529411764705,0.8409893992932862,0.7446808510638298,124,55,70
931,0.875,0.1875,0.3541666666666667,83.05534833333333,78.717669,112.72082233333335,0.027777777777777776,0.9814126394052045,0.9502487562189055,168,36,68,0.5714285714285714,0.47619047619047616,0.6,8.20218957142858,26.732392190476194,19.144108,0.0,0.5533980582524272,0.05319148936170213,60,50,63,0.6206896551724138,0.2660098522167488,0.3448275862068966,2.322518,5.702225,5.577087,0.0,0.8514492753623188,0.7436974789915967,126,54,70
932,0.8541666666666666,0.18229166666666666,0.359375,83.94717899999999,81.746467,111.33374333333335,0.058823529411764705,0.9742647058823529,0.9516908212560387,164,35,69,0.5714285714285714,0.5142857142857142,0.5714285714285714,8.53692900000001,26.46265574603175,19.719199,0.0,0.514018691588785,0.05434782608695652,60,54,60,0.6059113300492611,0.2660098522167488,0.3448275862068966,2.348188,5.7206,5.583115,0.0,0.8438661710037175,0.7445887445887446,123,54,70
933,0.8489583333333334,0.1875,0.359375,86.25469633333331,81.124215,112.92182133333334,0.05128205128205128,0.978021978021978,0.9595959595959596,163,36,69,0.580952380952381,0.5238095238095238,0.6,9.08717700000001,27.45380952380953,19.182523,0.0,0.5980392156862745,0.05263157894736842,61,55,63,0.5812807881773399,0.270935960591133,0.3448275862068966,2.346672,5.636485,5.622865,0.0,0.8344827586206897,0.7456140350877193,118,55,70
934,0.8541666666666666,0.17708333333333334,0.359375,81.67322466666666,80.18025,112.10753933333335,0.06666666666666667,0.9708029197080292,0.9558823529411765,164,34,69,0.6,0.4666666666666667,0.6190476190476191,8.56987300000001,26.838623952380956,19.147345,0.0,0.5670103092783505,0.07,63,49,65,0.5960591133004927,0.26108374384236455,0.3399014778325123,2.346137,5.641239,5.606184,0.0,0.8480565371024735,0.7404255319148936,121,53,69
935,0.8229166666666666,0.1875,0.359375,82.773482,80.594569,114.06204533333334,0.10256410256410256,0.981203007518797,0.9607843137254902,158,36,69,0.6095238095238096,0.49523809523809526,0.6095238095238096,8.784526000000007,27.177807746031753,18.918606,0.0,0.5490196078431373,0.08163265306122448,64,52,64,0.5960591133004927,0.2660098522167488,0.35960591133004927,2.314731,5.609792,5.618762,0.011904761904761904,0.8245614035087719,0.7272727272727273,121,54,73
936,0.8541666666666666,0.1875,0.3541666666666667,85.70826333333335,80.455935,114.63684333333335,0.06976744186046512,0.9565217391304348,0.9660194174757282,164,36,68,0.6285714285714286,0.49523809523809526,0.5904761904761905,8.760114000000007,27.214159523809528,19.290314,0.0,0.5660377358490566,0.09090909090909091,66,52,62,0.6009852216748769,0.2660098522167488,0.3694581280788177,2.389067,5.554185,5.563179,0.0,0.8263888888888888,0.7634854771784232,122,54,75
937,0.875,0.1875,0.359375,78.44646866666668,79.641507,112.72849433333334,0.13333333333333333,0.9773584905660377,0.9292452830188679,168,36,69,0.6285714285714286,0.44761904761904764,0.6285714285714286,9.103568428571439,27.248391412698414,18.781781,0.0,0.580952380952381,0.06930693069306931,66,47,66,0.6009852216748769,0.270935960591133,0.35467980295566504,2.345056,5.508419,5.644713,0.0,0.8298611111111112,0.7723214285714286,122,55,72
938,0.8645833333333334,0.1875,0.3541666666666667,84.8153,79.243339,113.52363033333334,0.2,0.9773584905660377,0.975609756097561,166,36,68,0.6285714285714286,0.4666666666666667,0.6190476190476191,8.43519600000001,26.64520763492064,19.203279,0.0,0.54,0.06666666666666667,66,49,65,0.5960591133004927,0.270935960591133,0.3399014778325123,2.333053,5.497582,5.672068,0.0,0.8409893992932862,0.762114537444934,121,55,69
939,0.8541666666666666,0.18229166666666666,0.359375,79.601788,79.247722,113.42729633333335,0.12903225806451613,0.9740740740740741,0.970873786407767,164,35,69,0.6095238095238096,0.4857142857142857,0.6190476190476191,9.00711200000001,27.20145652380953,19.891758,0.0,0.6153846153846154,0.06741573033707865,64,51,65,0.6059113300492611,0.26108374384236455,0.33497536945812806,2.361352,5.532506,5.615488,0.0,0.8315412186379928,0.7456896551724138,123,53,68
940,0.8541666666666666,0.1875,0.3489583333333333,81.754831,79.771399,111.90619533333334,0.1,0.9743589743589743,0.9607843137254902,164,36,67,0.6095238095238096,0.4857142857142857,0.6095238095238096,8.77419711111112,26.88126963492064,19.742087,0.0,0.5471698113207547,0.056179775280898875,64,51,64,0.5960591133004927,0.2660098522167488,0.3448275862068966,2.329861,5.427885,5.565961,0.0,0.8129251700680272,0.7584745762711864,121,54,70
941,0.859375,0.18229166666666666,0.359375,82.65222866666669,80.767811,111.86507233333334,0.14285714285714285,0.9738805970149254,0.943127962085308,165,35,69,0.6095238095238096,0.4666666666666667,0.6095238095238096,8.836997571428578,26.841157634920638,19.349489,0.0,0.5959595959595959,0.056179775280898875,64,49,64,0.6009852216748769,0.26108374384236455,0.3645320197044335,2.379026,5.444012,5.559888,0.011695906432748537,0.8368055555555556,0.7577092511013216,122,53,74
942,0.8385416666666666,0.1875,0.359375,82.69532800000002,80.333059,111.30809433333334,0.15,0.9709090909090909,0.9560975609756097,161,36,69,0.6285714285714286,0.47619047619047616,0.6095238095238096,8.43752457142858,27.082676634920638,18.908441,0.0,0.6122448979591837,0.06593406593406594,66,50,64,0.6009852216748769,0.26108374384236455,0.35960591133004927,2.381732,5.4922,5.593385,0.0,0.8456140350877193,0.7532467532467533,122,53,73
943,0.875,0.18229166666666666,0.359375,78.72865266666666,82.62703,110.38889233333335,0.1794871794871795,0.9814126394052045,0.9609756097560975,168,35,69,0.6666666666666666,0.5333333333333333,0.6095238095238096,8.913074000000009,26.95230674603175,18.973738,0.0,0.5963302752293578,0.056179775280898875,70,56,64,0.5812807881773399,0.24630541871921183,0.35960591133004927,2.385227,5.391482,5.549148,0.0,0.8229166666666666,0.7381974248927039,118,50,73
944,0.8645833333333334,0.1875,0.359375,78.27499233333333,82.852249,110.67779633333335,0.11538461538461539,0.9852941176470589,0.9471153846153846,166,36,69,0.6761904761904762,0.5047619047619047,0.6190476190476191,9.219035555555566,26.811575634920636,18.972635,0.0,0.5773195876288659,0.056179775280898875,71,53,65,0.5763546798029556,0.270935960591133,0.3448275862068966,2.391403,5.426039,5.550406,0.0,0.8225255972696246,0.7564102564102564,117,55,70
945,0.8333333333333334,0.18229166666666666,0.359375,76.66084533333334,82.7281,110.56545733333334,0.15151515151515152,0.9745454545454545,0.9605911330049262,160,35,69,0.6476190476190476,0.4857142857142857,0.638095238095238,8.980743333333342,26.362868412698415,18.996245,0.010869565217391304,0.6017699115044248,0.05555555555555555,68,51,67,0.5812807881773399,0.2660098522167488,0.3399014778325123,2.370248,5.411034,5.593137,0.0,0.8480565371024735,0.7339055793991416,118,54,69
946,0.8697916666666666,0.1875,0.359375,79.89285666666667,79.860605,110.08266833333334,0.11428571428571428,0.9647887323943662,0.9705882352941176,167,36,69,0.6476190476190476,0.45714285714285713,0.6476190476190476,8.8624238888889,27.105470174603177,18.669566,0.0,0.5943396226415094,0.07526881720430108,68,48,68,0.5911330049261084,0.2660098522167488,0.3448275862068966,2.355815,5.465647,5.605724,0.0,0.8494623655913979,0.7203389830508474,120,54,70
947,0.8645833333333334,0.1875,0.3541666666666667,80.753012,79.21586,113.84010333333335,0.17857142857142858,0.9713261648745519,0.9563106796116505,166,36,68,0.6571428571428571,0.5142857142857142,0.6476190476190476,9.08649800000001,26.969739857142862,18.912834,0.0,0.5779816513761468,0.07608695652173914,69,54,68,0.6108374384236454,0.2660098522167488,0.3448275862068966,2.341034,5.41892,5.563637,0.0,0.8327526132404182,0.7366255144032922,124,54,70
948,0.8802083333333334,0.1875,0.359375,79.85680533333333,77.74332,112.95198333333335,0.10256410256410256,0.9679715302491103,0.9575471698113207,169,36,69,0.6666666666666666,0.5238095238095238,0.6571428571428571,9.443860888888898,27.193214301587304,18.95714,0.0,0.6052631578947368,0.07608695652173914,70,55,69,0.6157635467980296,0.2660098522167488,0.3497536945812808,2.343642,5.3093,5.653722,0.005847953216374269,0.8384879725085911,0.7510373443983402,125,54,71
949,0.8541666666666666,0.1875,0.3541666666666667,80.95705599999998,78.807019,109.62170533333334,0.0967741935483871,0.9745454545454545,0.9671361502347418,164,36,68,0.6666666666666666,0.49523809523809526,0.638095238095238,9.461000777777786,26.801867634920637,19.298009,0.0,0.5625,0.08791208791208792,70,52,67,0.6108374384236454,0.2660098522167488,0.3399014778325123,2.344115,5.325469,5.625393,0.0,0.8536585365853658,0.7404255319148936,124,54,69
950,0.859375,0.18229166666666666,0.359375,80.48705533333334,78.996532,113.40234333333335,0.16666666666666666,0.96415770609319,0.9534883720930233,165,35,69,0.6857142857142857,0.5047619047619047,0.638095238095238,9.475048777777786,26.73126685714286,19.315212,0.0,0.6036036036036037,0.08695652173913043,72,53,67,0.625615763546798,0.270935960591133,0.3497536945812808,2.344598,5.348859,5.530268,0.0,0.8496503496503497,0.6963562753036437,127,55,71
951,0.875,0.1875,0.3541666666666667,81.85395333333334,79.403774,112.46803333333334,0.13793103448275862,0.9816176470588235,0.9809523809523809,168,36,68,0.6857142857142857,0.5047619047619047,0.6190476190476191,9.155230317460326,26.705473968253973,19.487719,0.010416666666666666,0.6218487394957983,0.08602150537634409,72,53,65,0.6206896551724138,0.270935960591133,0.3497536945812808,2.393054,5.310316,5.568827,0.0,0.8355704697986577,0.7540322580645161,126,55,71
952,0.84375,0.1875,0.3541666666666667,80.26671433333334,79.14948,113.16533633333334,0.1935483870967742,0.9742647058823529,0.9327354260089686,162,36,68,0.6857142857142857,0.4857142857142857,0.6095238095238096,8.976164571428582,26.820726523809526,18.865381,0.010101010101010102,0.6186440677966102,0.07692307692307693,72,51,64,0.6157635467980296,0.2660098522167488,0.3448275862068966,2.348969,5.276989,5.628138,0.005813953488372093,0.8601398601398601,0.7196652719665272,125,54,70
953,0.859375,0.1875,0.3541666666666667,81.83511166666668,77.721915,114.40572733333335,0.10256410256410256,0.9709090909090909,0.985781990521327,165,36,68,0.6952380952380952,0.4666666666666667,0.6,8.809344333333343,26.238646285714296,18.879259,0.0,0.6513761467889908,0.07692307692307693,73,49,63,0.6157635467980296,0.270935960591133,0.3251231527093596,2.374758,5.311714,5.561656,0.0,0.8505338078291815,0.6951219512195121,125,55,66
954,0.859375,0.1875,0.359375,78.51020566666668,79.35005,111.98107633333335,0.2,0.9817518248175182,0.9587155963302753,165,36,69,0.7238095238095238,0.49523809523809526,0.6095238095238096,9.403811095238103,26.434038174603174,18.638873,0.010526315789473684,0.5826771653543307,0.0851063829787234,76,52,64,0.6206896551724138,0.2660098522167488,0.3399014778325123,2.428804,5.308348,5.464261,0.005714285714285714,0.845360824742268,0.684,126,54,69
955,0.8541666666666666,0.1875,0.359375,83.67318733333333,78.740031,112.38551333333335,0.1282051282051282,0.9649122807017544,0.9466666666666667,164,36,69,0.7047619047619048,0.47619047619047616,0.6095238095238096,9.131865571428579,26.49812520634921,18.637467,0.0,0.6347826086956522,0.09574468085106383,74,50,64,0.625615763546798,0.2561576354679803,0.35960591133004927,2.376196,5.328331,5.526622,0.005681818181818182,0.8282828282828283,0.7330677290836654,127,52,73
956,0.8541666666666666,0.1875,0.359375,78.14276633333334,79.650278,111.78087266666667,0.20689655172413793,0.9747292418772563,0.9587155963302753,164,36,69,0.6476190476190476,0.45714285714285713,0.6095238095238096,8.939079222222231,25.573868301587304,18.567568,0.0,0.6086956521739131,0.10638297872340426,68,48,64,0.625615763546798,0.26108374384236455,0.3448275862068966,2.371334,5.313408,5.637514,0.0,0.8378378378378378,0.7160493827160493,127,53,70
957,0.8645833333333334,0.1875,0.359375,77.257009,78.896523,111.40801233333335,0.13636363636363635,0.9611307420494699,0.9771689497716894,166,36,69,0.6476190476190476,0.5238095238095238,0.6095238095238096,8.803110000000009,25.882751412698422,18.901405,0.0,0.5892857142857143,0.10416666666666667,68,55,64,0.6206896551724138,0.2660098522167488,0.3399014778325123,2.396459,5.39633,5.472072,0.0,0.8419243986254296,0.6732283464566929,126,54,69
958,0.859375,0.203125,0.3854166666666667,82.57348066666665,80.378664,111.89730633333335,0.24242424242424243,0.9640287769784173,0.9333333333333333,165,39,74,0.6761904761904762,0.49523809523809526,0.6190476190476191,9.095495539682549,25.84816374603175,19.096921,0.0,0.6120689655172413,0.08333333333333333,71,52,65,0.6354679802955665,0.3103448275862069,0.3793103448275862,2.399842,5.372995,5.480964,0.0,0.7987012987012987,0.703125,129,63,77
959,0.8489583333333334,0.21354166666666666,0.3854166666666667,79.77123566666667,83.067414,115.62668733333334,0.21621621621621623,0.9671532846715328,0.9619047619047619,163,41,74,0.7047619047619048,0.47619047619047616,0.6285714285714286,9.117749000000007,26.118798634920644,18.623014,0.0,0.6491228070175439,0.07368421052631578,74,50,66,0.6354679802955665,0.32019704433497537,0.37438423645320196,2.40715,5.370383,5.579981,0.0,0.8092105263157895,0.6887966804979253,129,65,76
960,0.84375,0.203125,0.3854166666666667,80.50782833333332,82.789558,115.57215033333334,0.10416666666666667,0.9777777777777777,0.9669811320754716,162,39,74,0.6666666666666666,0.5047619047619047,0.6285714285714286,9.04512511111112,26.060322412698422,19.116976,0.010638297872340425,0.5666666666666667,0.07446808510638298,70,53,66,0.6551724137931034,0.32019704433497537,0.35467980295566504,2.435555,5.429678,5.639569,0.005434782608695652,0.8200692041522492,0.6527196652719666,133,65,72
961,0.8958333333333334,0.21354166666666666,0.3854166666666667,79.651028,80.324565,115.19036233333334,0.21739130434782608,0.9535714285714286,0.944954128440367,172,41,74,0.7142857142857143,0.5333333333333333,0.6476190476190476,9.541914666666676,26.449797412698413,18.973078,0.0,0.5371900826446281,0.07216494845360824,75,56,68,0.6551724137931034,0.31527093596059114,0.3793103448275862,2.502758,5.487338,5.498814,0.005434782608695652,0.8153310104529616,0.6150793650793651,133,64,77
962,0.8697916666666666,0.21354166666666666,0.3854166666666667,83.64769266666666,81.703428,117.85501433333334,0.08333333333333333,0.9711191335740073,0.9807692307692307,167,41,74,0.7142857142857143,0.5333333333333333,0.638095238095238,9.466473222222229,25.672706523809534,18.857576,0.0,0.6290322580645161,0.0851063829787234,75,56,67,0.6600985221674877,0.31527093596059114,0.39408866995073893,2.484814,5.453596,5.532114,0.0,0.7940199335548173,0.688,134,64,80
963,0.8489583333333334,0.21354166666666666,0.3802083333333333,80.54484366666665,82.727823,116.09559733333334,0.13953488372093023,0.9711191335740073,0.9457013574660633,163,41,73,0.6761904761904762,0.4666666666666667,0.638095238095238,9.047213111111121,25.91894241269842,19.540532,0.0,0.6071428571428571,0.08333333333333333,71,49,67,0.6502463054187192,0.31527093596059114,0.4039408866995074,2.425078,5.37901,5.659687,0.0,0.802675585284281,0.673728813559322,132,64,82
964,0.875,0.21354166666666666,0.3802083333333333,75.61234533333332,79.831962,116.16081133333334,0.15555555555555556,0.9572953736654805,0.9587155963302753,168,41,73,0.6857142857142857,0.5333333333333333,0.6190476190476191,8.981146111111123,25.52275930158731,18.927809,0.0,0.6,0.09375,72,56,65,0.6551724137931034,0.31527093596059114,0.3842364532019704,2.446843,5.411891,5.707862,0.0,0.8200692041522492,0.6680327868852459,133,64,78
965,0.890625,0.20833333333333334,0.3802083333333333,81.620924,80.242359,116.72753933333334,0.13636363636363635,0.9748201438848921,0.9723502304147466,171,40,73,0.6761904761904762,0.5238095238095238,0.6190476190476191,9.10784753968255,26.097645190476193,18.869992,0.01020408163265306,0.6260869565217392,0.09278350515463918,71,55,65,0.6551724137931034,0.32019704433497537,0.39408866995073893,2.469337,5.499981,5.6545,0.0,0.8118466898954704,0.6501901140684411,133,65,80
966,0.8802083333333334,0.20833333333333334,0.3854166666666667,83.34840666666666,79.986053,114.35398633333334,0.21621621621621623,0.9719298245614035,0.9859154929577465,169,40,74,0.6952380952380952,0.47619047619047616,0.6285714285714286,9.286999857142867,26.497172746031747,18.140054,0.010101010101010102,0.6068376068376068,0.09,73,50,66,0.6502463054187192,0.32019704433497537,0.4039408866995074,2.476684,5.374678,5.63989,0.0,0.7913907284768212,0.6911196911196911,132,65,82
967,0.8854166666666666,0.21354166666666666,0.3854166666666667,82.98101766666665,79.205489,113.92753933333334,0.17073170731707318,0.9686411149825784,0.9419642857142857,170,41,74,0.7238095238095238,0.5333333333333333,0.6571428571428571,9.31971000000001,25.569538523809523,18.38255,0.0,0.5555555555555556,0.09090909090909091,76,56,69,0.6748768472906403,0.32019704433497537,0.4088669950738916,2.488448,5.360823,5.702471,0.0,0.826530612244898,0.7283950617283951,137,65,83
968,0.890625,0.21354166666666666,0.3854166666666667,81.982855,79.542945,117.03973133333335,0.21951219512195122,0.975177304964539,0.9765258215962441,171,41,74,0.6952380952380952,0.4857142857142857,0.6571428571428571,9.38928600000001,25.507554746031747,18.317179,0.0,0.6140350877192983,0.11224489795918367,73,51,69,0.6600985221674877,0.3054187192118227,0.39901477832512317,2.473889,5.430559,5.67639,0.005319148936170213,0.8456140350877193,0.7130434782608696,134,62,81
969,0.8697916666666666,0.21354166666666666,0.3854166666666667,78.81307,81.27323,115.93843166666667,0.1951219512195122,0.975177304964539,0.9541284403669725,167,41,74,0.6952380952380952,0.4857142857142857,0.6476190476190476,8.978566000000011,26.004732666666673,18.375879,0.0,0.6293103448275862,0.09375,73,51,68,0.6600985221674877,0.30049261083743845,0.39408866995073893,2.437758,5.459762,5.647573,0.010810810810810811,0.8181818181818182,0.6939655172413793,134,61,80
970,0.8802083333333334,0.234375,0.40625,84.34557266666665,80.655913,111.73000033333334,0.21428571428571427,0.9578947368421052,0.926605504587156,169,45,78,0.7333333333333333,0.5714285714285714,0.6857142857142857,9.020299111111123,26.020940063492066,18.77191,0.010309278350515464,0.5354330708661418,0.08247422680412371,77,60,72,0.6748768472906403,0.31527093596059114,0.4433497536945813,2.529646,5.429252,5.70292,0.005494505494505495,0.8095238095238095,0.6929460580912863,137,64,90
971,0.84375,0.234375,0.40625,87.08774333333331,80.905039,113.83706833333335,0.14705882352941177,0.9640287769784173,0.9601990049751243,162,45,78,0.7333333333333333,0.6,0.6666666666666666,9.534331317460328,26.285431095238096,19.189211,0.01,0.48672566371681414,0.05434782608695652,77,63,70,0.6748768472906403,0.32019704433497537,0.43349753694581283,2.564197,5.43453,5.713212,0.015625,0.8068965517241379,0.7030567685589519,137,65,88
972,0.8697916666666666,0.23958333333333334,0.4010416666666667,86.32314733333331,80.584749,115.82339233333335,0.10526315789473684,0.9706959706959707,0.961352657004831,167,46,77,0.7238095238095238,0.5714285714285714,0.6857142857142857,8.849746000000007,26.78512763492064,19.094791,0.0,0.4824561403508772,0.021739130434782608,76,60,72,0.6798029556650246,0.3251231527093596,0.4236453201970443,2.476009,5.460966,5.722605,0.02072538860103627,0.7862068965517242,0.7017543859649122,138,66,86
973,0.8802083333333334,0.23958333333333334,0.40625,83.41070633333331,81.365757,117.97901433333334,0.03333333333333333,0.9711191335740073,0.9514563106796117,169,46,78,0.6952380952380952,0.5619047619047619,0.6952380952380952,9.290307111111122,26.78543863492064,19.635002,0.0,0.49038461538461536,0.021739130434782608,73,59,73,0.6699507389162561,0.33497536945812806,0.41379310344827586,2.481702,5.462893,5.701338,0.026041666666666668,0.7627118644067796,0.6851063829787234,136,68,84
974,0.8697916666666666,0.234375,0.4114583333333333,82.77576099999997,81.144006,119.93833466666668,0.034482758620689655,0.9742647058823529,0.9560975609756097,167,45,79,0.7142857142857143,0.6285714285714286,0.6761904761904762,9.027351000000007,27.141351301587306,19.592317,0.0,0.4485981308411215,0.02197802197802198,75,66,71,0.6847290640394089,0.3497536945812808,0.43842364532019706,2.499317,5.380981,5.739387,0.015306122448979591,0.7671232876712328,0.7021276595744681,139,71,89
975,0.8802083333333334,0.23958333333333334,0.40625,81.44831766666665,78.67708,117.27139333333335,0.0,0.9403508771929825,0.9523809523809523,169,46,78,0.7142857142857143,0.6285714285714286,0.6857142857142857,9.36521542857144,26.897362746031753,19.65886,0.0,0.4732142857142857,0.0,75,66,72,0.6798029556650246,0.3497536945812808,0.4482758620689655,2.4834,5.381265,5.739608,0.025906735751295335,0.7928571428571428,0.7191489361702128,138,71,91
976,0.8958333333333334,0.23958333333333334,0.4114583333333333,83.07644466666666,81.404663,114.97492233333334,0.09090909090909091,0.9750889679715302,0.9523809523809523,172,46,79,0.6761904761904762,0.5904761904761905,0.6857142857142857,9.072347111111121,27.12291396825397,19.634865,0.0,0.45714285714285713,0.0,71,62,72,0.6798029556650246,0.3497536945812808,0.45320197044334976,2.487482,5.499919,5.752532,0.015306122448979591,0.7638888888888888,0.721030042918455,138,71,92
977,0.8697916666666666,0.23958333333333334,0.4114583333333333,82.99093866666665,82.715421,115.18224633333334,0.07692307692307693,0.978494623655914,0.9605911330049262,167,46,79,0.7047619047619048,0.6666666666666666,0.6857142857142857,9.34353453968255,27.058613634920633,19.887962,0.0,0.46788990825688076,0.0,74,70,72,0.6798029556650246,0.3448275862068966,0.4630541871921182,2.479535,5.484643,5.761069,0.015151515151515152,0.7609427609427609,0.7017543859649122,138,70,94
978,0.8697916666666666,0.22916666666666666,0.4114583333333333,84.04249099999998,84.335472,113.06934433333335,0.07692307692307693,0.9890909090909091,0.9330143540669856,167,44,79,0.6666666666666666,0.6666666666666666,0.6857142857142857,9.358714000000012,27.52292896825398,20.052651,0.0,0.42452830188679247,0.0,70,70,72,0.6798029556650246,0.35467980295566504,0.4630541871921182,2.478678,5.405059,5.707344,0.015151515151515152,0.7574750830564784,0.70995670995671,138,72,94
979,0.90625,0.234375,0.4114583333333333,83.52995133333333,83.218048,115.67155333333335,0.05555555555555555,0.9719298245614035,0.9282296650717703,174,45,79,0.6857142857142857,0.638095238095238,0.6857142857142857,9.418827000000011,27.420566746031753,20.066178,0.0,0.4537037037037037,0.0,72,67,72,0.6847290640394089,0.3497536945812808,0.4630541871921182,2.540176,5.383409,5.756913,0.015384615384615385,0.7713310580204779,0.7198275862068966,139,71,94
980,0.8854166666666666,0.23958333333333334,0.4114583333333333,81.73668266666665,83.57417,115.87086733333334,0.125,0.956081081081081,0.9408866995073891,170,46,79,0.6857142857142857,0.6476190476190476,0.6857142857142857,9.397877000000012,27.110750412698426,19.719971,0.0,0.42718446601941745,0.0,72,68,72,0.6699507389162561,0.3497536945812808,0.4482758620689655,2.54746,5.440099,5.758734,0.005263157894736842,0.76,0.728448275862069,136,71,91
981,0.84375,0.234375,0.4114583333333333,86.37402033333332,80.956867,118.68127733333334,0.0967741935483871,0.968421052631579,0.9512195121951219,162,45,79,0.6857142857142857,0.638095238095238,0.6761904761904762,9.276513428571441,27.233559285714293,19.39149,0.0,0.46534653465346537,0.0,72,67,71,0.6699507389162561,0.33497536945812806,0.4433497536945813,2.525875,5.406509,5.737844,0.005263157894736842,0.7649006622516556,0.7012987012987013,136,68,90
982,0.890625,0.23958333333333334,0.40625,83.41453666666666,81.09404,115.32753933333335,0.1,0.9651567944250871,0.9330143540669856,171,46,78,0.6857142857142857,0.638095238095238,0.6666666666666666,9.936905333333343,26.718712634920635,19.806183,0.0,0.48598130841121495,0.0,72,67,70,0.6650246305418719,0.3251231527093596,0.43349753694581283,2.53187,5.365813,5.71614,0.005208333333333333,0.740484429065744,0.7106382978723405,135,66,88
983,0.859375,0.23958333333333334,0.40625,84.63061566666664,81.266028,114.54264233333335,0.09375,0.975,0.9660194174757282,165,46,78,0.6571428571428571,0.6,0.6666666666666666,9.81609400000001,26.792508603174603,19.330326,0.0,0.47572815533980584,0.0,69,63,70,0.6600985221674877,0.3399014778325123,0.43349753694581283,2.506749,5.312244,5.722061,0.005263157894736842,0.7378640776699029,0.7136563876651982,134,69,88
984,0.875,0.25,0.4322916666666667,87.73423166666664,81.623864,119.76968633333334,0.11904761904761904,0.9679715302491103,0.937799043062201,168,48,83,0.6857142857142857,0.6761904761904762,0.6666666666666666,9.122939000000011,27.186086555555555,20.074156,0.0,0.3761467889908257,0.010752688172043012,72,71,70,0.6995073891625616,0.37438423645320196,0.4630541871921182,2.559377,5.36608,5.806871,0.005050505050505051,0.7427652733118971,0.6864406779661016,142,76,94
985,0.9270833333333334,0.2552083333333333,0.4375,82.69833566666664,82.224946,121.04223533333334,0.08108108108108109,0.9413793103448276,0.9425837320574163,178,49,84,0.6952380952380952,0.6857142857142857,0.6571428571428571,9.77733842857144,27.413196857142857,19.741853,0.0,0.3854166666666667,0.010638297872340425,73,72,69,0.7044334975369458,0.3891625615763547,0.4827586206896552,2.486492,5.307869,5.693012,0.005,0.707395498392283,0.6544715447154471,143,79,98
986,0.90625,0.265625,0.4322916666666667,84.04319399999997,82.238059,121.07555833333335,0.09090909090909091,0.9711191335740073,0.9558823529411765,174,51,83,0.7047619047619048,0.7047619047619048,0.6666666666666666,9.703025571428583,27.83632207936509,19.740047,0.0,0.37254901960784315,0.020618556701030927,74,74,70,0.7093596059113301,0.39901477832512317,0.49261083743842365,2.498763,5.290273,5.709955,0.005025125628140704,0.7072368421052632,0.6788617886178862,144,81,100
987,0.9270833333333334,0.265625,0.4322916666666667,84.54284599999997,84.321279,121.27826233333334,0.05555555555555555,0.9776951672862454,0.9425837320574163,178,51,83,0.6952380952380952,0.6666666666666666,0.6571428571428571,9.5038348888889,28.13519974603176,19.91584,0.0,0.3229166666666667,0.010638297872340425,73,70,69,0.6995073891625616,0.3793103448275862,0.4975369458128079,2.51053,5.291214,5.729621,0.00510204081632653,0.7039473684210527,0.6680497925311203,142,77,101
988,0.90625,0.265625,0.4322916666666667,79.69561,84.511749,118.74167033333335,0.05263157894736842,0.978021978021978,0.9386792452830188,174,51,83,0.7047619047619048,0.6476190476190476,0.6476190476190476,9.049063000000011,28.187610523809532,19.417519,0.0,0.3473684210526316,0.010101010101010102,74,68,68,0.6995073891625616,0.3891625615763547,0.4975369458128079,2.519776,5.343316,5.811616,0.005025125628140704,0.7064516129032258,0.6693548387096774,142,79,101
989,0.921875,0.16666666666666666,0.3229166666666667,84.76389666666667,58.717905,82.675765,0.07142857142857142,0.9641434262948207,0.9417989417989417,177,32,62,0.7047619047619048,0.4666666666666667,0.47619047619047616,9.45225953968255,16.677500793650797,12.046526,0.0,0.3103448275862069,0.0,74,49,50,0.7044334975369458,0.2955665024630542,0.2561576354679803,2.526909,3.783891,3.780481,0.004975124378109453,0.6944444444444444,0.6652173913043479,143,60,52
990,0.9114583333333334,0.16666666666666666,0.3229166666666667,81.93641266666666,58.280117,80.773791,0.06896551724137931,0.9567567567567568,0.9210526315789473,175,32,62,0.6952380952380952,0.42857142857142855,0.45714285714285713,9.790772000000011,16.54496388888889,12.006109,0.0,0.2714285714285714,0.011904761904761904,73,45,48,0.7142857142857143,0.29064039408866993,0.2660098522167488,2.479775,3.782226,3.77948,0.0049261083743842365,0.6533333333333333,0.6878306878306878,145,59,54
991,0.890625,0.16145833333333334,0.3125,84.49973999999996,58.873026,81.646628,0.16129032258064516,0.9621621621621622,0.9285714285714286,171,31,60,0.6857142857142857,0.41904761904761906,0.45714285714285713,9.808073000000011,16.14216412698413,12.07999,0.0,0.3058823529411765,0.0125,72,44,48,0.6995073891625616,0.2660098522167488,0.24630541871921183,2.507435,3.792532,3.803407,0.005,0.6696035242290749,0.7043010752688172,142,54,50
992,0.9166666666666666,0.15625,0.3125,83.3450313333333,57.718141,82.154222,0.16666666666666666,0.978494623655914,0.8947368421052632,176,30,60,0.6857142857142857,0.4095238095238095,0.41904761904761906,9.965612428571436,16.19703290476191,12.092727,0.0,0.3978494623655914,0.07142857142857142,72,43,44,0.7093596059113301,0.24630541871921183,0.23645320197044334,2.522602,3.763412,3.841227,0.005,0.7004405286343612,0.7228260869565217,144,50,48
993,0.9166666666666666,0.15625,0.3072916666666667,82.07880199999998,58.030632,82.916501,0.15,0.9585492227979274,0.9152542372881356,176,30,59,0.7142857142857143,0.37142857142857144,0.4380952380952381,9.742845000000012,16.48071446031746,11.699583,0.0,0.5595238095238095,0.08536585365853659,75,39,46,0.7142857142857143,0.21674876847290642,0.2413793103448276,2.52761,3.812944,3.896202,0.004975124378109453,0.7341772151898734,0.7165775401069518,145,44,49
994,0.90625,0.15625,0.3020833333333333,78.60843933333331,58.653666,80.096069,0.2,0.9783783783783784,0.9459459459459459,174,30,58,0.7238095238095238,0.3523809523809524,0.44761904761904764,9.901312539682548,16.34184512698413,11.717833,0.0,0.5168539325842697,0.13253012048192772,76,37,47,0.7192118226600985,0.2019704433497537,0.26108374384236455,2.519194,3.859059,3.932091,0.005,0.759493670886076,0.7228260869565217,146,41,53
995,0.9322916666666666,0.15104166666666666,0.3020833333333333,83.47191866666667,58.309075,80.969232,0.16666666666666666,0.9682539682539683,0.896551724137931,179,29,58,0.7142857142857143,0.3619047619047619,0.45714285714285713,9.844544253968264,16.342451682539682,12.001395,0.0,0.5393258426966292,0.13793103448275862,75,38,48,0.7339901477832512,0.18226600985221675,0.2561576354679803,2.521516,3.890201,3.908439,0.0049504950495049506,0.7848101265822784,0.7391304347826086,149,37,52
996,0.8697916666666666,0.15104166666666666,0.296875,87.74374666666662,58.379603,80.740027,0.1875,0.9837837837837838,0.926605504587156,167,29,57,0.7619047619047619,0.37142857142857144,0.4380952380952381,10.64040796825398,15.886537015873019,11.810595,0.0,0.55,0.16049382716049382,80,39,46,0.7241379310344828,0.1724137931034483,0.24630541871921183,2.554761,3.837022,3.969956,0.004975124378109453,0.7851239669421488,0.7527472527472527,147,35,50
997,0.9270833333333334,0.15104166666666666,0.296875,84.20349199999998,85.343469,115.95469233333334,0.19607843137254902,0.9753694581280788,0.8976377952755905,178,29,57,0.7333333333333333,0.3523809523809524,0.5047619047619047,10.30891657142858,27.3402823015873,19.691488,0.0,0.6761904761904762,0.17272727272727273,77,37,53,0.729064039408867,0.1724137931034483,0.23645320197044334,2.517631,5.444311,5.939412,0.004975124378109453,0.8192771084337349,0.7616580310880829,148,35,48
998,0.921875,0.15104166666666666,0.296875,82.59417433333331,83.127583,120.08066233333334,0.16129032258064516,0.9743589743589743,0.9477124183006536,177,29,57,0.7428571428571429,0.3904761904761905,0.5142857142857142,9.92393803174604,27.461634746031745,20.583978,0.0,0.664179104477612,0.2777777777777778,78,41,54,0.729064039408867,0.1724137931034483,0.24630541871921183,2.521101,5.477864,5.868648,0.005,0.852233676975945,0.78099173553719,148,35,50
999,0.921875,0.15104166666666666,0.2916666666666667,86.65160266666665,82.71883,121.48066233333334,0.07142857142857142,0.981549815498155,0.9846938775510204,177,29,56,0.7333333333333333,0.37142857142857144,0.5142857142857142,10.510363888888898,27.197961746031748,20.460542,0.0,0.7142857142857143,0.34710743801652894,77,39,54,0.729064039408867,0.17733990147783252,0.2512315270935961,2.522715,5.460794,5.872231,0.005,0.8558558558558559,0.8367346938775511,148,36,51
1000,0.9375,0.14583333333333334,0.3020833333333333,81.17076999999999,83.211498,121.26895733333335,0.08108108108108109,0.9869706840390879,0.9713114754098361,180,28,58,0.7333333333333333,0.38095238095238093,0.49523809523809526,9.935154682539693,26.655764634920633,21.104189,0.0,0.7452229299363057,0.3787878787878788,77,40,52,0.7192118226600985,0.16748768472906403,0.2512315270935961,2.507327,5.480024,5.915313,0.005050505050505051,0.8778409090909091,0.86875,146,34,51
1001,0.90625,0.15104166666666666,0.3020833333333333,79.93573733333335,84.359269,121.48066233333334,0.06896551724137931,0.9813084112149533,0.9723320158102767,174,29,58,0.7333333333333333,0.37142857142857144,0.5238095238095238,9.56818500000001,27.06557385714286,20.885708,0.0,0.7654320987654321,0.3383458646616541,77,39,55,0.7142857142857143,0.16748768472906403,0.2512315270935961,2.524919,5.582772,5.91063,0.005025125628140704,0.8815426997245179,0.8640483383685801,145,34,51
1002,0.8854166666666666,0.15104166666666666,0.3020833333333333,83.70785533333331,84.319851,120.03213233333334,0.07692307692307693,0.9873417721518988,0.97265625,170,29,58,0.7333333333333333,0.34285714285714286,0.5142857142857142,9.867890000000012,27.196853746031746,20.779757,0.0,0.785234899328859,0.3384615384615385,77,36,54,0.7093596059113301,0.1625615763546798,0.24630541871921183,2.518872,5.487087,5.854854,0.005,0.8668478260869565,0.8622754491017964,144,33,50
1003,0.9010416666666666,0.15104166666666666,0.3020833333333333,83.10067766666664,84.216394,116.82499733333334,0.10810810810810811,0.9936102236421726,0.9550561797752809,173,29,58,0.7238095238095238,0.37142857142857144,0.5333333333333333,10.15222657142858,27.648028857142858,21.080516,0.0,0.774390243902439,0.3283582089552239,76,39,56,0.7044334975369458,0.1724137931034483,0.2561576354679803,2.549149,5.557535,5.832975,0.0049504950495049506,0.8850267379679144,0.8694362017804155,143,35,52
1004,0.921875,0.15104166666666666,0.3020833333333333,80.8743313333333,86.131606,120.77535633333335,0.07142857142857142,0.9810126582278481,0.9845559845559846,177,29,58,0.7333333333333333,0.3523809523809524,0.5523809523809524,10.07769753968255,27.607183857142857,21.027852,0.0,0.7792207792207793,0.2755905511811024,77,37,58,0.7142857142857143,0.1724137931034483,0.2413793103448276,2.582478,5.566088,5.921192,0.004975124378109453,0.8801089918256131,0.8861538461538462,145,35,49
1005,0.921875,0.14583333333333334,0.3020833333333333,82.35001899999997,87.473617,121.68613333333334,0.06666666666666667,0.9904761904761905,0.9473684210526315,177,28,58,0.7142857142857143,0.3523809523809524,0.5904761904761905,9.9930688888889,27.414359634920643,21.106688,0.0,0.782312925170068,0.2727272727272727,75,37,62,0.729064039408867,0.1724137931034483,0.22660098522167488,2.562476,5.539872,5.948433,0.004975124378109453,0.8732782369146006,0.8773006134969326,148,35,46
1006,0.8958333333333334,0.15104166666666666,0.3020833333333333,81.19694533333333,86.000944,117.18955133333334,0.06451612903225806,0.987460815047022,0.9694656488549618,172,29,58,0.7047619047619048,0.37142857142857144,0.580952380952381,10.1507208888889,27.957521857142858,20.979111,0.0,0.8169014084507042,0.25,74,39,61,0.729064039408867,0.17733990147783252,0.22167487684729065,2.598317,5.532783,5.873343,0.004975124378109453,0.8729729729729729,0.8670694864048338,148,36,45
1007,0.90625,0.15104166666666666,0.3020833333333333,84.56970399999997,86.117224,116.45330633333334,0.175,0.990506329113924,0.9803149606299213,174,29,58,0.7333333333333333,0.37142857142857144,0.6190476190476191,9.94029314285715,28.087185746031746,21.337705,0.0,0.7922077922077922,0.2248062015503876,77,39,65,0.729064039408867,0.1724137931034483,0.20689655172413793,2.569365,5.587608,5.879246,0.004901960784313725,0.8743169398907104,0.8844984802431611,148,35,42
1008,0.8854166666666666,0.15104166666666666,0.2916666666666667,80.33245633333333,86.463568,118.05066233333335,0.18421052631578946,0.9843260188087775,0.9763779527559056,170,29,56,0.7238095238095238,0.3904761904761905,0.6,10.166924206349217,28.233292746031747,21.387978,0.0,0.7777777777777778,0.208,76,41,63,0.7192118226600985,0.17733990147783252,0.21182266009852216,2.612514,5.579474,5.897623,0.004975124378109453,0.8807588075880759,0.8700906344410876,146,36,43
1009,0.9010416666666666,0.15104166666666666,0.3020833333333333,79.12279666666664,85.344437,121.1209,0.125,0.9842767295597484,0.9695817490494296,173,29,58,0.7238095238095238,0.37142857142857144,0.6476190476190476,10.15632511111112,28.358569746031748,21.306612,0.0,0.8055555555555556,0.1968503937007874,76,39,68,0.7192118226600985,0.17733990147783252,0.22167487684729065,2.585926,5.63204,5.882087,0.004975124378109453,0.8983050847457628,0.8674698795180723,146,36,45
1010,0.8854166666666666,0.15104166666666666,0.3020833333333333,83.85338499999999,84.386584,122.82477133333335,0.09375,0.9904761904761905,0.9735849056603774,170,29,58,0.6952380952380952,0.3904761904761905,0.6476190476190476,9.889041000000011,28.205742746031746,20.479002,0.0,0.8211920529801324,0.15702479338842976,73,41,68,0.7142857142857143,0.1724137931034483,0.23645320197044334,2.557816,5.594096,5.876692,0.005050505050505051,0.8767123287671232,0.8666666666666667,145,35,48
1011,0.9010416666666666,0.14583333333333334,0.3020833333333333,79.67230599999996,84.344055,117.09784333333334,0.10526315789473684,0.9872611464968153,0.9555555555555556,173,28,58,0.7047619047619048,0.3619047619047619,0.6571428571428571,10.495611539682548,28.791902634920636,20.8652,0.0,0.7973856209150327,0.1565217391304348,74,38,69,0.7192118226600985,0.17733990147783252,0.2561576354679803,2.532565,5.591648,5.875821,0.0049261083743842365,0.8876712328767123,0.8658536585365854,146,36,52
1012,0.8697916666666666,0.15104166666666666,0.3020833333333333,78.56794833333332,85.489173,118.75366433333335,0.0,0.9873817034700315,0.9806201550387597,167,29,58,0.6952380952380952,0.3904761904761905,0.6666666666666666,10.035188857142865,28.538167746031746,20.908797,0.0,0.802547770700637,0.13392857142857142,73,41,70,0.7142857142857143,0.1724137931034483,0.2413793103448276,2.598523,5.560449,5.887046,0.005025125628140704,0.8911174785100286,0.878419452887538,145,35,49
1013,0.9114583333333334,0.15104166666666666,0.296875,81.20537099999997,86.857914,118.88166333333335,0.0,0.9841772151898734,0.984313725490196,175,29,57,0.6857142857142857,0.38095238095238093,0.6952380952380952,9.745572539682549,28.630222857142858,20.948054,0.0,0.8513513513513513,0.11818181818181818,72,40,73,0.7339901477832512,0.17733990147783252,0.24630541871921183,2.578415,5.557403,5.865822,0.009852216748768473,0.8898305084745762,0.8597014925373134,149,36,50
1014,0.8802083333333334,0.14583333333333334,0.2916666666666667,82.11122499999998,87.234983,119.43309133333334,0.0625,0.9873417721518988,0.9584905660377359,169,28,56,0.6952380952380952,0.4,0.7333333333333333,10.080940682539694,28.472706857142857,20.826633,0.0,0.82,0.13157894736842105,73,42,77,0.7339901477832512,0.1724137931034483,0.2413793103448276,2.56423,5.565304,5.888961,0.0049504950495049506,0.9046242774566474,0.8734939759036144,149,35,49
1015,0.8645833333333334,0.15104166666666666,0.3020833333333333,82.67807999999998,87.76468,122.97459533333334,0.08571428571428572,0.9842271293375394,0.966542750929368,166,29,58,0.6952380952380952,0.3619047619047619,0.7047619047619048,9.733714111111123,28.693309746031748,20.720705,0.0,0.8321678321678322,0.1,73,38,74,0.7339901477832512,0.1724137931034483,0.23645320197044334,2.553651,5.558599,5.908357,0.005,0.9088319088319088,0.875,149,35,48
1016,0.890625,0.15104166666666666,0.2916666666666667,79.28634699999999,85.763729,119.04135733333334,0.023255813953488372,0.9840764331210191,0.9884615384615385,171,29,56,0.6952380952380952,0.37142857142857144,0.7428571428571429,9.90748900000001,28.903540746031748,21.018091,0.0,0.8435374149659864,0.08333333333333333,73,39,78,0.729064039408867,0.17733990147783252,0.22167487684729065,2.531161,5.550766,5.889523,0.005,0.9017341040462428,0.8734939759036144,148,36,45
1017,0.890625,0.15104166666666666,0.296875,81.36025166666666,87.238725,123.09066233333334,0.08823529411764706,0.9810126582278481,0.9731800766283525,171,29,57,0.6952380952380952,0.3619047619047619,0.7238095238095238,10.078364000000011,28.19337574603175,20.73168,0.0,0.7947019867549668,0.06796116504854369,73,38,76,0.7438423645320197,0.17733990147783252,0.22660098522167488,2.576365,5.525487,5.911077,0.0049261083743842365,0.9043478260869565,0.8618618618618619,151,36,46
1018,0.8958333333333334,0.15104166666666666,0.3020833333333333,85.59469766666665,85.372899,122.37334533333335,0.09375,0.9777777777777777,0.9649805447470817,172,29,58,0.6952380952380952,0.3904761904761905,0.7142857142857143,9.797016349206357,28.99078196825397,20.381614,0.0,0.8068965517241379,0.0673076923076923,73,41,75,0.7339901477832512,0.1724137931034483,0.22660098522167488,2.521043,5.504471,5.941735,0.00510204081632653,0.9156976744186046,0.8711656441717791,149,35,46
1019,0.90625,0.15104166666666666,0.296875,83.16345899999999,86.941235,118.65081333333335,0.05128205128205128,0.9935691318327974,0.9730769230769231,174,29,57,0.6857142857142857,0.38095238095238093,0.7047619047619048,9.802788000000012,28.916541857142857,20.257313,0.0,0.8193548387096774,0.057692307692307696,72,40,74,0.7339901477832512,0.17733990147783252,0.21182266009852216,2.547297,5.481012,5.894891,0.004975124378109453,0.9111747851002865,0.871875,149,36,43
1020,0.9010416666666666,0.15104166666666666,0.3020833333333333,82.19008999999998,86.726354,120.76779233333335,0.1891891891891892,0.9903536977491961,0.9691119691119691,173,29,58,0.6857142857142857,0.3619047619047619,0.7238095238095238,9.53041342857144,28.82304685714286,20.779672,0.0,0.8345323741007195,0.06796116504854369,72,38,76,0.7142857142857143,0.1724137931034483,0.22660098522167488,2.5908,5.492337,5.878484,0.005128205128205128,0.9212827988338192,0.8652037617554859,145,35,46
1021,0.8541666666666666,0.14583333333333334,0.3020833333333333,80.77732199999997,87.083662,119.96145233333334,0.1282051282051282,0.9934640522875817,0.950381679389313,164,28,58,0.6761904761904762,0.37142857142857144,0.7047619047619048,9.734383000000012,29.019703857142858,21.004975,0.0,0.815068493150685,0.0891089108910891,71,39,74,0.7192118226600985,0.17733990147783252,0.24630541871921183,2.566618,5.512201,5.892997,0.005076142131979695,0.88671875,0.8353658536585366,146,36,50
1022,0.8958333333333334,0.15104166666666666,0.3020833333333333,82.05253466666666,85.34669,121.22936133333334,0.12195121951219512,0.9779874213836478,0.9803921568627451,172,29,58,0.6761904761904762,0.4,0.7333333333333333,9.48527500000001,29.08854785714286,20.921362,0.0,0.7972972972972973,0.05825242718446602,71,42,77,0.7142857142857143,0.1724137931034483,0.2413793103448276,2.569424,5.50173,5.910575,0.0,0.9281437125748503,0.8730650154798761,145,35,49
1023,0.9114583333333334,0.15104166666666666,0.3020833333333333,82.43770899999997,84.237273,122.59633733333334,0.1282051282051282,0.9841772151898734,0.9725490196078431,175,29,58,0.6761904761904762,0.3619047619047619,0.6857142857142857,9.461077571428582,29.015847746031746,21.138649,0.0,0.8333333333333334,0.0594059405940594,71,38,72,0.7093596059113301,0.17733990147783252,0.2413793103448276,2.626444,5.531546,5.884006,0.005128205128205128,0.9281437125748503,0.8652694610778443,144,36,49
1024,0.890625,0.15104166666666666,0.3020833333333333,84.58461033333332,83.273385,121.90407433333334,0.07407407407407407,0.9809523809523809,0.9762845849802372,171,29,58,0.6857142857142857,0.38095238095238093,0.6952380952380952,9.70399042857144,28.674540634920636,21.892712,0.0,0.802547770700637,0.05,72,40,73,0.7142857142857143,0.1724137931034483,0.2561576354679803,2.615145,5.507681,5.891418,0.00510204081632653,0.9226190476190477,0.8523076923076923,145,35,52
1025,0.8854166666666666,0.15104166666666666,0.3020833333333333,82.77414766666664,84.250715,120.14997533333334,0.03125,0.9967741935483871,0.9725490196078431,170,29,58,0.6857142857142857,0.37142857142857144,0.6857142857142857,9.478023571428581,28.90299196825397,21.738857,0.0,0.8181818181818182,0.0673076923076923,72,39,72,0.7044334975369458,0.1724137931034483,0.23645320197044334,2.65419,5.488325,5.935929,0.0,0.9219219219219219,0.8452380952380952,143,35,48
1026,0.890625,0.15104166666666666,0.296875,84.25463999999997,86.149601,118.43971933333334,0.024390243902439025,0.9871794871794872,0.9691119691119691,171,29,57,0.6952380952380952,0.3904761904761905,0.6952380952380952,9.695292222222234,28.68348585714286,21.357062,0.0,0.8,0.0380952380952381,73,41,73,0.7241379310344828,0.1724137931034483,0.2315270935960591,2.587258,5.496016,5.91012,0.0,0.9221556886227545,0.8403614457831325,147,35,47
1027,0.90625,0.15104166666666666,0.2916666666666667,84.3598633333333,86.193906,121.40826533333335,0.03333333333333333,0.9777777777777777,0.9801587301587301,174,29,56,0.6857142857142857,0.3904761904761905,0.7047619047619048,9.63116642857144,28.84881885714286,21.419076,0.0,0.8248175182481752,0.046296296296296294,72,41,74,0.7142857142857143,0.17733990147783252,0.22167487684729065,2.526287,5.521543,5.910637,0.0,0.9096385542168675,0.8417910447761194,145,36,45
1028,0.8697916666666666,0.15104166666666666,0.3020833333333333,79.99958933333333,86.073385,120.59941933333334,0.0,0.9839228295819936,0.9659090909090909,167,29,58,0.7047619047619048,0.3904761904761905,0.6857142857142857,9.528093888888899,29.368231857142863,20.781797,0.0,0.815068493150685,0.039603960396039604,74,41,72,0.7192118226600985,0.17733990147783252,0.2315270935960591,2.606949,5.518035,5.897097,0.0,0.9226190476190477,0.8298507462686567,146,36,47
1029,0.9114583333333334,0.15104166666666666,0.3020833333333333,83.71923399999999,86.773385,119.59066233333334,0.0,0.9934426229508196,0.984313725490196,175,29,58,0.6952380952380952,0.38095238095238093,0.7047619047619048,9.465532000000012,28.696601634920643,21.663515,0.0,0.8243243243243243,0.04807692307692308,73,40,74,0.7142857142857143,0.17733990147783252,0.24630541871921183,2.5941,5.506425,5.951743,0.005076142131979695,0.9300911854103343,0.8277945619335347,145,36,50
1030,0.859375,0.15104166666666666,0.3020833333333333,86.36875366666665,84.768359,118.37321533333335,0.17647058823529413,0.987012987012987,0.9880952380952381,165,29,58,0.7047619047619048,0.3619047619047619,0.6952380952380952,9.21014911111112,28.84009774603175,21.149631,0.0,0.8285714285714286,0.0392156862745098,74,38,73,0.729064039408867,0.1724137931034483,0.2413793103448276,2.606079,5.505405,5.946631,0.0,0.939209726443769,0.8558282208588958,148,35,49
1031,0.8802083333333334,0.15104166666666666,0.296875,81.022577,85.121851,117.23816633333334,0.05263157894736842,0.9807073954983923,0.950381679389313,169,29,57,0.6952380952380952,0.3904761904761905,0.7047619047619048,9.638917000000012,28.87924463492064,21.056828,0.0,0.8125,0.03773584905660377,73,41,74,0.7142857142857143,0.17733990147783252,0.2512315270935961,2.593334,5.50724,5.994308,0.0,0.9446153846153846,0.8593272171253823,145,36,51
1032,0.9114583333333334,0.15104166666666666,0.3020833333333333,82.37103166666667,83.384359,120.43066233333334,0.08108108108108109,0.9837662337662337,0.9688715953307393,175,29,58,0.6571428571428571,0.37142857142857144,0.6952380952380952,9.8998578888889,28.644107857142863,21.807226,0.0,0.8357142857142857,0.02912621359223301,69,39,73,0.7044334975369458,0.17733990147783252,0.2413793103448276,2.615258,5.459944,6.06861,0.0,0.944954128440367,0.85,143,36,49
1033,0.8697916666666666,0.15104166666666666,0.3020833333333333,85.56206766666665,84.007298,119.66667933333335,0.12121212121212122,0.9836601307189542,0.9763779527559056,167,29,58,0.6285714285714286,0.3619047619047619,0.6857142857142857,9.249607571428582,28.41030696825397,21.900159,0.0,0.8273381294964028,0.039603960396039604,66,38,72,0.7044334975369458,0.17733990147783252,0.2413793103448276,2.643857,5.449042,5.991902,0.0,0.946875,0.8445121951219512,143,36,49
1034,0.8854166666666666,0.15104166666666666,0.3020833333333333,87.01594933333331,84.624751,121.27066233333335,0.05,0.9773462783171522,0.97265625,170,29,58,0.6761904761904762,0.3619047619047619,0.6857142857142857,9.354439111111121,28.59495896825397,22.109102,0.0,0.8503401360544217,0.02912621359223301,71,38,72,0.7192118226600985,0.1724137931034483,0.23645320197044334,2.582229,5.512367,5.982716,0.005,0.944954128440367,0.8509316770186336,146,35,48
1035,0.8802083333333334,0.14583333333333334,0.296875,82.36899299999999,86.276891,120.30730433333335,0.09090909090909091,0.9966555183946488,0.9881422924901185,169,28,57,0.6761904761904762,0.38095238095238093,0.6952380952380952,9.364683000000012,28.560208857142857,21.935288,0.0,0.8175675675675675,0.047619047619047616,71,40,73,0.7142857142857143,0.17733990147783252,0.23645320197044334,2.615012,5.494568,5.985765,0.015228426395939087,0.941717791411043,0.8571428571428571,145,36,48
1036,0.9114583333333334,0.15104166666666666,0.3020833333333333,82.23028266666665,83.579982,119.03066233333334,0.07142857142857142,0.9802631578947368,0.9618320610687023,175,29,58,0.638095238095238,0.4,0.6952380952380952,9.11508742857144,28.71779596825397,21.679068,0.0,0.8053691275167785,0.038461538461538464,67,42,73,0.7044334975369458,0.17733990147783252,0.2413793103448276,2.617362,5.49956,5.923479,0.020202020202020204,0.9439252336448598,0.8468468468468469,143,36,49
1037,0.8802083333333334,0.15104166666666666,0.3020833333333333,86.32902699999997,86.859026,116.83561033333335,0.0625,0.9832775919732442,0.980544747081712,169,29,58,0.6571428571428571,0.3904761904761905,0.7142857142857143,9.316944682539692,28.513912634920636,21.848667,0.0,0.815068493150685,0.03773584905660377,69,41,75,0.6945812807881774,0.1724137931034483,0.2413793103448276,2.577717,5.508017,5.935039,0.01015228426395939,0.9472049689440993,0.8636363636363636,141,35,49
1038,0.8645833333333334,0.15104166666666666,0.296875,80.33864333333331,85.886121,120.90590133333335,0.08823529411764706,0.9741100323624595,0.9689922480620154,166,29,57,0.6761904761904762,0.37142857142857144,0.7142857142857143,9.417097571428581,28.291625079365083,21.356242,0.0,0.8389261744966443,0.03773584905660377,71,39,75,0.6748768472906403,0.17733990147783252,0.24630541871921183,2.553712,5.523681,5.984333,0.005128205128205128,0.940625,0.8452012383900929,137,36,50
1039,0.9114583333333334,0.15104166666666666,0.296875,82.81988299999999,87.591171,119.92961833333334,0.05263157894736842,0.9900990099009901,0.96484375,175,29,57,0.6952380952380952,0.3904761904761905,0.7238095238095238,9.17649457142858,28.51494196825397,21.075284,0.0,0.8623188405797102,0.02857142857142857,73,41,76,0.6798029556650246,0.17733990147783252,0.2561576354679803,2.573332,5.501267,5.938199,0.005128205128205128,0.9476923076923077,0.8433734939759037,138,36,52
1040,0.9010416666666666,0.15104166666666666,0.296875,82.40809,85.848032,120.46831933333334,0.0625,0.987012987012987,0.96875,173,29,57,0.7047619047619048,0.38095238095238093,0.7142857142857143,9.40203942857144,28.530616857142856,21.070879,0.0,0.8472222222222222,0.02857142857142857,74,40,75,0.6945812807881774,0.17733990147783252,0.2561576354679803,2.574669,5.511074,5.937643,0.005050505050505051,0.9503105590062112,0.8699690402476781,141,36,52
1041,0.890625,0.15104166666666666,0.3020833333333333,85.85008766666668,84.598294,119.54994333333335,0.07142857142857142,0.9836601307189542,0.9725490196078431,171,29,58,0.7238095238095238,0.3904761904761905,0.7333333333333333,9.449991142857153,28.89963985714286,20.848483,0.0,0.8676470588235294,0.05714285714285714,76,41,77,0.6995073891625616,0.17733990147783252,0.2512315270935961,2.589149,5.49454,5.94999,0.005076142131979695,0.9442724458204335,0.8571428571428571,142,36,51
1042,0.875,0.15104166666666666,0.296875,82.45252666666667,82.218587,120.78785233333335,0.046511627906976744,0.9901315789473685,0.9879032258064516,168,29,57,0.7428571428571429,0.38095238095238093,0.7238095238095238,9.96889046031747,28.743443746031748,21.164469,0.0,0.8439716312056738,0.029411764705882353,78,40,76,0.7044334975369458,0.17733990147783252,0.2512315270935961,2.540906,5.485497,5.903916,0.005128205128205128,0.9532710280373832,0.8664596273291926,143,36,51
1043,0.8854166666666666,0.15104166666666666,0.296875,80.66127966666666,83.193593,119.52120133333334,0.0625,0.9834983498349835,0.968,170,29,57,0.7428571428571429,0.3904761904761905,0.7047619047619048,9.313017206349217,28.731365746031745,21.280966,0.0,0.8435374149659864,0.0392156862745098,78,41,74,0.7093596059113301,0.17733990147783252,0.2561576354679803,2.576256,5.466206,5.944772,0.00510204081632653,0.9525316455696202,0.8849840255591054,144,36,52
1044,0.9010416666666666,0.14583333333333334,0.3020833333333333,82.548142,83.489329,118.71329833333334,0.12121212121212122,0.9900990099009901,0.9715447154471545,173,28,58,0.7142857142857143,0.3904761904761905,0.7142857142857143,9.22234742857144,28.77249085714286,21.038014,0.0,0.8529411764705882,0.04807692307692308,75,41,75,0.6945812807881774,0.17733990147783252,0.2512315270935961,2.527944,5.499913,5.947576,0.005263157894736842,0.9548387096774194,0.8758620689655172,141,36,51
1045,0.890625,0.15104166666666666,0.3020833333333333,86.23381499999996,82.445854,120.87974033333334,0.15151515151515152,0.9900332225913622,0.9634146341463414,171,29,58,0.6761904761904762,0.3904761904761905,0.7047619047619048,9.050592111111122,28.86675285714286,21.232251,0.0,0.8592592592592593,0.04854368932038835,71,41,74,0.6847290640394089,0.17733990147783252,0.2512315270935961,2.549421,5.500279,5.930052,0.005235602094240838,0.9335443037974683,0.8844884488448845,139,36,51
1046,0.8802083333333334,0.15104166666666666,0.3020833333333333,81.61054766666666,84.066294,119.58506233333334,0.0,0.9866220735785953,0.9673469387755103,169,29,58,0.7047619047619048,0.37142857142857144,0.7047619047619048,9.286886571428582,28.536056857142857,21.05668,0.0,0.8507462686567164,0.039603960396039604,74,39,74,0.7093596059113301,0.17733990147783252,0.2512315270935961,2.522872,5.479579,5.931546,0.005128205128205128,0.9487179487179487,0.8892508143322475,144,36,51
1047,0.8697916666666666,0.15104166666666666,0.2916666666666667,81.07157333333332,84.686335,123.13904733333334,0.0,0.9966216216216216,0.9957983193277311,167,29,56,0.7047619047619048,0.3904761904761905,0.6952380952380952,9.591427000000012,28.660859857142864,21.080674,0.0,0.8382352941176471,0.039603960396039604,74,41,73,0.7093596059113301,0.17733990147783252,0.2561576354679803,2.513562,5.49358,5.97473,0.005235602094240838,0.9512987012987013,0.8910891089108911,144,36,52
1048,0.875,0.15104166666666666,0.296875,81.64521833333333,83.81537,121.63691033333335,0.0,0.9763513513513513,0.9752066115702479,168,29,57,0.6952380952380952,0.4,0.6857142857142857,9.54175700000001,28.58058085714286,21.389694,0.0,0.8680555555555556,0.049019607843137254,73,42,72,0.6995073891625616,0.17733990147783252,0.2561576354679803,2.530185,5.503619,5.941606,0.0,0.9455128205128205,0.8976109215017065,142,36,52
1049,0.8697916666666666,0.15104166666666666,0.3020833333333333,84.56668333333334,85.494761,119.44506233333334,0.0,0.9897610921501706,0.9590163934426229,167,29,58,0.7238095238095238,0.3904761904761905,0.6952380952380952,9.242186000000011,28.852614857142857,21.019246,0.0,0.8880597014925373,0.0392156862745098,76,41,73,0.6896551724137931,0.17733990147783252,0.24630541871921183,2.490443,5.499662,5.927065,0.0,0.9352750809061489,0.9195804195804196,140,36,50
1050,0.859375,0.15104166666666666,0.296875,86.65068966666664,84.411067,120.78393333333334,0.03571428571428571,0.9865319865319865,0.9746835443037974,165,29,57,0.7047619047619048,0.3904761904761905,0.6857142857142857,9.264964571428582,28.68036496825397,21.108962,0.0,0.875968992248062,0.02040816326530612,74,41,72,0.6896551724137931,0.17733990147783252,0.2561576354679803,2.490981,5.508135,6.001207,0.0,0.9463722397476341,0.9175257731958762,140,36,52
1051,0.8697916666666666,0.15104166666666666,0.296875,86.02432099999999,83.059971,123.80184833333334,0.023809523809523808,0.9931740614334471,0.9629629629629629,167,29,57,0.7047619047619048,0.3904761904761905,0.6952380952380952,9.69560542857144,28.33275696825397,21.152912,0.0,0.8939393939393939,0.02,74,41,73,0.6748768472906403,0.17733990147783252,0.2561576354679803,2.487513,5.533165,5.968335,0.0,0.9548387096774194,0.9087837837837838,137,36,52
1052,0.8958333333333334,0.15104166666666666,0.3020833333333333,85.60677666666666,83.059971,122.99938433333334,0.034482758620689655,0.993127147766323,0.979253112033195,172,29,58,0.6952380952380952,0.4,0.6952380952380952,8.783552000000007,28.18576796825397,21.232923,0.0,0.8805970149253731,0.020202020202020204,73,42,73,0.6699507389162561,0.17733990147783252,0.2561576354679803,2.558542,5.54967,5.90551,0.0,0.9424920127795527,0.9133333333333333,136,36,52
1053,0.8854166666666666,0.15104166666666666,0.2916666666666667,82.30913833333331,84.47128,119.57409433333335,0.0,0.9897260273972602,0.9631147540983607,170,29,56,0.6952380952380952,0.4,0.6857142857142857,9.519642142857153,28.152940857142863,21.318737,0.0,0.8913043478260869,0.02040816326530612,73,42,72,0.6748768472906403,0.17733990147783252,0.2512315270935961,2.5252,5.525381,5.906319,0.0,0.9517684887459807,0.9191919191919192,137,36,51
1054,0.8645833333333334,0.14583333333333334,0.296875,82.78823066666664,84.764329,120.00364533333334,0.0,0.976027397260274,0.979253112033195,166,28,57,0.7047619047619048,0.38095238095238093,0.6761904761904762,9.307567000000011,28.27884974603175,21.286721,0.0,0.8880597014925373,0.020618556701030927,74,40,71,0.6748768472906403,0.17733990147783252,0.2561576354679803,2.550817,5.568144,5.917891,0.0,0.9546925566343042,0.9084745762711864,137,36,52
1055,0.8541666666666666,0.15104166666666666,0.296875,85.76170966666663,85.43019,120.02386833333334,0.0,0.9896193771626297,0.9915966386554622,164,29,57,0.7142857142857143,0.4,0.6761904761904762,9.36788853968255,27.90153985714286,21.259652,0.0,0.8740740740740741,0.02040816326530612,75,42,71,0.6699507389162561,0.17733990147783252,0.2512315270935961,2.578145,5.609185,5.882504,0.0,0.9511400651465798,0.9087837837837838,136,36,51
1056,0.875,0.15104166666666666,0.2916666666666667,86.72412399999997,84.73019,118.99630633333334,0.0,0.9930313588850174,0.9588477366255144,168,29,56,0.6952380952380952,0.3904761904761905,0.6666666666666666,9.715924000000012,27.92789185714286,21.239723,0.0,0.8656716417910447,0.03,73,41,70,0.6748768472906403,0.17733990147783252,0.2512315270935961,2.535364,5.583759,5.90294,0.0,0.9423076923076923,0.9241379310344827,137,36,51
1057,0.84375,0.15104166666666666,0.2864583333333333,89.3157663333333,83.901524,119.33317861904763,0.0,1.0,0.979253112033195,162,29,55,0.7238095238095238,0.4,0.6666666666666666,9.74340342857144,27.96121885714286,21.644281,0.0,0.8308823529411765,0.04,76,42,70,0.6798029556650246,0.1724137931034483,0.2512315270935961,2.580224,5.574518,5.9496,0.0,0.9487179487179487,0.9201388888888888,138,35,51
1058,0.8333333333333334,0.15104166666666666,0.2916666666666667,84.24632466666664,84.03019,118.52575961904763,0.0,0.9825174825174825,0.9714285714285714,160,29,56,0.7142857142857143,0.3904761904761905,0.6571428571428571,9.361083000000011,28.039460857142863,21.302416,0.0,0.8602941176470589,0.04081632653061224,75,41,69,0.6798029556650246,0.17733990147783252,0.2561576354679803,2.545706,5.568377,5.903572,0.0,0.9473684210526315,0.8922558922558923,138,36,52
1059,0.8489583333333334,0.16666666666666666,0.3020833333333333,84.01283299999999,88.132748,123.32899661904763,0.022727272727272728,0.9754385964912281,0.9551020408163265,163,32,58,0.7333333333333333,0.4,0.6666666666666666,9.174126111111121,28.34548474603175,20.925069,0.0,0.8540145985401459,0.038834951456310676,77,42,70,0.7093596059113301,0.19704433497536947,0.30049261083743845,2.582374,5.546783,5.910713,0.0,0.9230769230769231,0.8648648648648649,144,40,61
1060,0.8802083333333334,0.171875,0.3125,85.59138766666665,88.814286,125.35711033333334,0.02857142857142857,0.9756944444444444,0.967741935483871,169,33,60,0.7142857142857143,0.3904761904761905,0.6761904761904762,9.078753571428578,28.72699985714286,21.551492,0.0,0.8129496402877698,0.0380952380952381,75,41,71,0.7044334975369458,0.22167487684729065,0.30049261083743845,2.593706,5.526009,5.932983,0.0,0.8993506493506493,0.8671328671328671,143,45,61
1061,0.8333333333333334,0.17708333333333334,0.3125,91.93421199999996,88.317506,123.63367233333334,0.0,0.9859649122807017,0.97165991902834,160,34,60,0.7047619047619048,0.4,0.638095238095238,9.336891777777787,28.20487774603175,21.31441,0.0,0.7777777777777778,0.0297029702970297,74,42,67,0.6995073891625616,0.22660098522167488,0.2955665024630542,2.635803,5.533347,5.948452,0.005154639175257732,0.9153094462540716,0.8683274021352313,142,46,60
1062,0.8385416666666666,0.17708333333333334,0.3072916666666667,87.73106166666665,89.066768,120.88918933333335,0.0,0.9823943661971831,0.979757085020243,161,34,59,0.7238095238095238,0.38095238095238093,0.6285714285714286,9.308347571428582,28.191305857142858,21.050457,0.0,0.8260869565217391,0.038834951456310676,76,40,66,0.6995073891625616,0.22660098522167488,0.30049261083743845,2.607719,5.617701,5.989472,0.0,0.9161073825503355,0.8494623655913979,142,46,61
1063,0.8541666666666666,0.17708333333333334,0.3125,81.92285266666664,88.491979,119.81233033333335,0.0,0.9964664310954063,0.9676113360323887,164,34,60,0.7333333333333333,0.3904761904761905,0.6857142857142857,9.39386500000001,28.583114634920637,20.999915,0.0,0.8014184397163121,0.037037037037037035,77,41,72,0.6995073891625616,0.22167487684729065,0.29064039408866993,2.59408,5.665588,5.932041,0.0,0.8986928104575164,0.8615916955017301,142,45,59
1064,0.8072916666666666,0.17708333333333334,0.3125,90.61707033333329,85.611874,121.89573633333335,0.0,0.9826388888888888,0.9753086419753086,155,34,60,0.7428571428571429,0.3904761904761905,0.6666666666666666,9.50916900000001,28.25950974603175,20.670604,0.0,0.7902097902097902,0.02912621359223301,78,41,70,0.6995073891625616,0.21674876847290642,0.30049261083743845,2.628443,5.605406,5.955868,0.0,0.8996763754045307,0.867595818815331,142,44,61
1065,0.8385416666666666,0.17708333333333334,0.3072916666666667,85.98764333333328,84.179037,123.88545733333335,0.0,0.9859154929577465,0.9757085020242915,161,34,59,0.7523809523809524,0.4,0.6285714285714286,9.555555317460328,28.81333296825397,20.731032,0.0,0.7931034482758621,0.009900990099009901,79,42,66,0.6995073891625616,0.22660098522167488,0.2955665024630542,2.580102,5.561888,5.868619,0.0,0.9052287581699346,0.8552188552188552,142,46,60
1066,0.8333333333333334,0.17708333333333334,0.3125,88.18911633333329,85.405398,123.47007633333334,0.0,0.9757785467128027,0.967479674796748,160,34,60,0.7523809523809524,0.4095238095238095,0.6476190476190476,8.88148711111112,28.35293474603175,20.912465,0.0,0.7647058823529411,0.00980392156862745,79,43,68,0.6945812807881774,0.22167487684729065,0.30049261083743845,2.603595,5.537918,5.901077,0.0,0.8980891719745223,0.8641114982578397,141,45,61
1067,0.8333333333333334,0.17708333333333334,0.3125,92.74803166666663,85.779983,122.64318533333335,0.0,0.9858657243816255,0.9678714859437751,160,34,60,0.7619047619047619,0.42857142857142855,0.638095238095238,9.00648857142858,28.017635857142864,21.317592,0.0,0.743421052631579,0.009900990099009901,80,45,67,0.7044334975369458,0.22660098522167488,0.30049261083743845,2.625255,5.643509,5.909507,0.010362694300518135,0.8945686900958466,0.8586572438162544,143,46,61
1068,0.828125,0.17708333333333334,0.3125,91.78304566666664,85.443186,124.57499933333334,0.0,0.99644128113879,0.9793388429752066,159,34,60,0.7714285714285715,0.37142857142857144,0.638095238095238,9.06771003174604,28.351320857142863,21.107602,0.0,0.7894736842105263,0.00980392156862745,81,39,67,0.7044334975369458,0.22167487684729065,0.2955665024630542,2.591877,5.587964,5.922324,0.0051813471502590676,0.886435331230284,0.8825622775800712,143,45,60
1069,0.8333333333333334,0.171875,0.3125,86.38778733333329,87.595026,125.35346833333334,0.0,0.9790940766550522,0.9707112970711297,160,33,60,0.7523809523809524,0.41904761904761906,0.6476190476190476,9.247766888888899,28.26103074603175,21.600937,0.0,0.7448275862068966,0.00980392156862745,79,44,68,0.7044334975369458,0.22660098522167488,0.2955665024630542,2.633776,5.535329,5.902295,0.0,0.8842443729903537,0.8745644599303136,143,46,60
1070,0.8489583333333334,0.16666666666666666,0.3125,85.56831899999996,88.11011185714285,121.88315033333335,0.0,0.9754385964912281,0.9666666666666667,163,32,60,0.7428571428571429,0.4380952380952381,0.6571428571428571,9.343677222222231,28.74436985714286,21.736124,0.0,0.7372262773722628,0.01,78,46,69,0.7093596059113301,0.22167487684729065,0.29064039408866993,2.619354,5.558677,6.008296,0.0,0.9006410256410257,0.8790035587188612,144,45,59
1071,0.8541666666666666,0.16666666666666666,0.3125,90.29729033333328,89.16921485714285,121.27074533333334,0.0,0.9929577464788732,0.9696969696969697,164,32,60,0.7238095238095238,0.45714285714285713,0.6571428571428571,9.451184000000012,29.06860474603175,21.746642,0.0,0.7112676056338029,0.010101010101010102,76,48,69,0.7142857142857143,0.22167487684729065,0.2955665024630542,2.63535,5.634909,5.883429,0.0,0.9069767441860465,0.8404255319148937,145,45,60
1072,0.8541666666666666,0.16666666666666666,0.3125,86.79401699999998,87.85566385714284,120.25564533333335,0.0,0.9894366197183099,0.9741379310344828,164,32,60,0.7428571428571429,0.47619047619047616,0.6761904761904762,9.56289753968255,28.724803523809527,21.32409,0.0,0.7246376811594203,0.00980392156862745,78,50,71,0.6995073891625616,0.21674876847290642,0.2955665024630542,2.666655,5.684859,5.922775,0.0,0.9072847682119205,0.8654545454545455,142,44,60
1073,0.84375,0.16666666666666666,0.3072916666666667,87.93095899999997,87.53867985714285,120.52785433333334,0.0,0.9824561403508771,0.9744680851063829,162,32,59,0.7333333333333333,0.4380952380952381,0.6761904761904762,9.413294571428581,28.830728857142862,21.645636,0.0,0.7265625,0.0196078431372549,77,46,71,0.6896551724137931,0.22660098522167488,0.29064039408866993,2.598784,5.555574,5.982063,0.0,0.879746835443038,0.864963503649635,140,46,59
1074,0.84375,0.16666666666666666,0.3020833333333333,88.85111566666663,88.03784185714285,122.49564533333334,0.038461538461538464,0.9893238434163701,0.9663865546218487,162,32,58,0.7047619047619048,0.45714285714285713,0.7047619047619048,9.79511900000001,28.17553185714286,21.961929,0.0,0.6866666666666666,0.019230769230769232,74,48,74,0.6995073891625616,0.22660098522167488,0.2660098522167488,2.618693,5.602553,5.946711,0.0,0.9096774193548387,0.8251748251748252,142,46,54
1075,0.859375,0.17708333333333334,0.328125,85.24378199999998,89.032285,122.91564533333334,0.10714285714285714,0.9755244755244755,0.9700854700854701,165,34,63,0.7333333333333333,0.44761904761904764,0.6857142857142857,9.542256682539692,28.49469574603175,21.394491,0.0,0.7461538461538462,0.009900990099009901,77,47,72,0.6945812807881774,0.22660098522167488,0.2857142857142857,2.687359,5.617625,5.94156,0.0,0.9117647058823529,0.8356164383561644,141,46,58
1076,0.859375,0.17708333333333334,0.3229166666666667,86.84966566666662,88.366299,122.88769133333334,0.02857142857142857,0.9787985865724381,0.9691629955947136,165,34,62,0.7523809523809524,0.44761904761904764,0.6857142857142857,9.958187888888899,28.949384079365082,21.122939,0.0,0.7022900763358778,0.0,79,47,72,0.6945812807881774,0.21674876847290642,0.2955665024630542,2.646,5.644077,5.962268,0.005263157894736842,0.9036544850498339,0.8384879725085911,141,44,60
1077,0.8645833333333334,0.17708333333333334,0.3229166666666667,90.33981966666663,87.95654057142856,123.50313333333334,0.041666666666666664,0.975,0.9733333333333334,166,34,62,0.7428571428571429,0.4666666666666667,0.6761904761904762,9.65430577777779,28.575832301587305,21.44704,0.0,0.7028985507246377,0.0,78,49,71,0.6847290640394089,0.22660098522167488,0.2955665024630542,2.668869,5.57347,6.064001,0.005319148936170213,0.8964401294498382,0.8434163701067615,139,46,60
1078,0.8697916666666666,0.17708333333333334,0.328125,86.35480266666663,86.93823657142856,120.50121033333335,0.13793103448275862,0.9821428571428571,0.9778761061946902,167,34,63,0.7142857142857143,0.4380952380952381,0.6761904761904762,9.663496000000011,28.960996857142863,21.282201,0.0,0.7121212121212122,0.0,75,46,71,0.6748768472906403,0.22660098522167488,0.30049261083743845,2.711021,5.610691,6.053813,0.005291005291005291,0.9238410596026491,0.8333333333333334,137,46,61
1079,0.8541666666666666,0.17708333333333334,0.328125,88.43486799999995,85.70457157142857,122.33091333333334,0.03333333333333333,0.9927007299270073,0.9555555555555556,164,34,63,0.7238095238095238,0.45714285714285713,0.6761904761904762,9.797694111111124,28.67966296825397,21.284141,0.0,0.7131782945736435,0.0,76,48,71,0.6798029556650246,0.22167487684729065,0.29064039408866993,2.668505,5.680639,6.011768,0.005235602094240838,0.9139072847682119,0.823728813559322,138,45,59
1080,0.8645833333333334,0.17708333333333334,0.328125,88.4570113333333,84.69998742857142,125.78564533333335,0.08333333333333333,0.9678571428571429,0.9649122807017544,166,34,63,0.7428571428571429,0.45714285714285713,0.6761904761904762,10.0692688888889,28.96515296825397,21.607891,0.0,0.7238805970149254,0.0,78,48,71,0.6847290640394089,0.22660098522167488,0.2955665024630542,2.669615,5.641864,6.003699,0.005208333333333333,0.9025974025974026,0.8153310104529616,139,46,60
1081,0.8802083333333334,0.203125,0.3385416666666667,87.24741433333328,86.64422642857141,126.57312133333335,0.15151515151515152,0.9717314487632509,0.9772727272727273,169,39,65,0.7523809523809524,0.49523809523809526,0.7047619047619048,9.927599428571437,28.887479634920634,21.924172,0.0,0.7153284671532847,0.0,79,52,74,0.6995073891625616,0.2512315270935961,0.3399014778325123,2.686478,5.610032,6.005308,0.00510204081632653,0.9029126213592233,0.7901639344262295,142,51,69
1082,0.890625,0.203125,0.3541666666666667,89.51026733333329,90.10403542857142,124.06460533333335,0.4222222222222222,0.9797979797979798,0.9539748953974896,171,39,68,0.7333333333333333,0.49523809523809526,0.6952380952380952,9.796927888888899,28.476685746031745,21.658761,0.0,0.6888888888888889,0.009615384615384616,77,52,73,0.6945812807881774,0.2561576354679803,0.33004926108374383,2.667648,5.7442,6.023098,0.005076142131979695,0.8786885245901639,0.7920792079207921,141,52,67
1083,0.8854166666666666,0.203125,0.3541666666666667,92.24991233333328,91.170928,123.61280233333335,0.4222222222222222,0.9830508474576272,0.9661016949152542,170,39,68,0.7333333333333333,0.5142857142857142,0.6857142857142857,10.06786900000001,28.73729085714286,21.86268,0.0,0.6691176470588235,0.0,77,54,72,0.6995073891625616,0.24630541871921183,0.3251231527093596,2.636874,5.739106,6.025396,0.00510204081632653,0.8526645768025078,0.7870967741935484,142,50,66
1084,0.8802083333333334,0.203125,0.34375,91.45879999999994,90.428375,125.62444433333334,0.4375,0.9764309764309764,0.9871244635193133,169,39,66,0.7428571428571429,0.47619047619047616,0.6857142857142857,9.836873571428582,28.929526857142857,21.937014,0.0,0.7058823529411765,0.018691588785046728,78,50,72,0.7093596059113301,0.2660098522167488,0.3448275862068966,2.684691,5.723506,6.009028,0.005025125628140704,0.8363636363636363,0.7813504823151125,144,54,70
1085,0.890625,0.203125,0.3385416666666667,90.98105199999995,86.554203,124.38959233333334,0.39215686274509803,0.9797297297297297,0.9626556016597511,171,39,65,0.7619047619047619,0.41904761904761906,0.6571428571428571,9.426188111111124,28.758999857142857,22.182972,0.0,0.7109375,0.019230769230769232,80,44,69,0.6945812807881774,0.270935960591133,0.3448275862068966,2.685188,5.798757,6.080043,0.005076142131979695,0.8454545454545455,0.8033333333333333,141,55,70
1086,0.90625,0.19791666666666666,0.34375,90.54636699999996,87.230145,124.96481433333334,0.3953488372093023,0.9829931972789115,0.9471544715447154,174,38,66,0.7142857142857143,0.47619047619047616,0.6571428571428571,10.1619478888889,28.939794857142857,22.024902,0.0,0.6616541353383458,0.01904761904761905,75,50,69,0.6945812807881774,0.270935960591133,0.3399014778325123,2.614548,5.829743,6.044291,0.005025125628140704,0.8306709265175719,0.7684887459807074,141,55,69
1087,0.9010416666666666,0.203125,0.3541666666666667,94.50643699999998,87.219095,128.18357033333334,0.37777777777777777,0.9764309764309764,0.957983193277311,173,39,68,0.7047619047619048,0.4857142857142857,0.6476190476190476,10.182286571428582,29.266878746031754,21.915634,0.0,0.676923076923077,0.018867924528301886,74,51,68,0.6847290640394089,0.2660098522167488,0.3399014778325123,2.574227,5.84655,6.017618,0.0,0.828125,0.8,139,54,69
1088,0.9010416666666666,0.22916666666666666,0.375,96.28651566666662,88.999103,126.18201733333335,0.38235294117647056,0.9662162162162162,0.9469387755102041,173,44,72,0.7142857142857143,0.45714285714285713,0.6571428571428571,10.070773428571437,29.249972857142858,21.912532,0.0,0.7209302325581395,0.01904761904761905,75,48,69,0.6896551724137931,0.2660098522167488,0.3694581280788177,2.699705,5.883012,6.062204,0.0,0.8488745980707395,0.7796052631578947,140,54,75
1089,0.9166666666666666,0.22916666666666666,0.3802083333333333,92.43416699999993,90.006106,126.09069533333334,0.20408163265306123,0.9790940766550522,0.941908713692946,176,44,73,0.7142857142857143,0.4857142857142857,0.6476190476190476,9.584686000000012,29.439930746031745,22.350227,0.0,0.6434108527131783,0.028846153846153848,75,51,68,0.6798029556650246,0.26108374384236455,0.3645320197044335,2.64891,5.92716,6.064467,0.0,0.8434504792332268,0.7704918032786885,138,53,74
1090,0.90625,0.22916666666666666,0.375,94.37426099999996,91.650343,124.85977533333335,0.225,0.972027972027972,0.9661016949152542,174,44,72,0.6857142857142857,0.49523809523809526,0.6476190476190476,9.63436100000001,29.143912079365084,21.825617,0.0,0.6818181818181818,0.02857142857142857,72,52,68,0.6748768472906403,0.2561576354679803,0.3645320197044335,2.63879,5.927061,6.11776,0.0,0.8275862068965517,0.762214983713355,137,52,74
1091,0.9166666666666666,0.22916666666666666,0.3697916666666667,93.68285599999994,90.071282,124.55920233333335,0.21428571428571427,0.972027972027972,0.9531914893617022,176,44,71,0.6952380952380952,0.5142857142857142,0.6285714285714286,10.21535600000001,29.38249085714286,22.023976,0.0,0.632,0.02912621359223301,73,54,66,0.6847290640394089,0.26108374384236455,0.3694581280788177,2.690073,5.86421,6.10909,0.0,0.8167202572347267,0.7516339869281046,139,53,75
1092,0.9166666666666666,0.22395833333333334,0.3802083333333333,92.99762366666661,89.144625,126.39901533333334,0.23333333333333334,0.9619377162629758,0.9612068965517241,176,43,73,0.6952380952380952,0.4857142857142857,0.6476190476190476,10.12679042857144,29.26819617460318,21.890712,0.0,0.6434108527131783,0.0,73,51,68,0.6896551724137931,0.28078817733990147,0.37438423645320196,2.656038,5.933281,6.112321,0.0,0.8025889967637541,0.7451612903225806,140,57,76
1093,0.9114583333333334,0.22395833333333334,0.375,90.4788543333333,90.080144,125.64080833333334,0.21212121212121213,0.9725085910652921,0.9783549783549783,175,43,72,0.6857142857142857,0.5428571428571428,0.6476190476190476,9.645722000000012,29.66647498412699,22.422934,0.0,0.6166666666666667,0.009523809523809525,72,57,68,0.7044334975369458,0.2857142857142857,0.37438423645320196,2.728528,5.916585,6.12002,0.0,0.8132911392405063,0.7476038338658147,143,58,76
1094,0.8802083333333334,0.22916666666666666,0.3645833333333333,91.75295766666663,90.822115,126.70488333333334,0.21052631578947367,0.9750889679715302,0.9695652173913043,169,44,70,0.6666666666666666,0.5142857142857142,0.6666666666666666,9.77531400000001,29.47170796825397,22.498998,0.0,0.6097560975609756,0.0,70,54,70,0.6945812807881774,0.2955665024630542,0.3793103448275862,2.686147,5.920843,6.158248,0.0,0.7967741935483871,0.7452229299363057,141,60,77
1095,0.9166666666666666,0.22395833333333334,0.3802083333333333,89.88604699999996,90.775672,127.33825333333334,0.047619047619047616,0.9754385964912281,0.9390243902439024,176,43,73,0.6952380952380952,0.5142857142857142,0.6571428571428571,9.748195000000011,29.640505523809523,22.128269,0.0,0.5853658536585366,0.0,73,54,69,0.6945812807881774,0.30049261083743845,0.3793103448275862,2.673609,5.956454,6.285733,0.0,0.7942122186495176,0.7384105960264901,141,61,77
1096,0.9270833333333334,0.22395833333333334,0.375,97.3069433333333,92.168749,128.24422333333334,0.0625,0.9787234042553191,0.9785407725321889,178,43,72,0.6857142857142857,0.5428571428571428,0.6761904761904762,10.02591400000001,29.443042634920634,22.200899,0.0,0.5882352941176471,0.0,72,57,71,0.6896551724137931,0.3054187192118227,0.3694581280788177,2.675293,5.895954,6.283548,0.0051813471502590676,0.7928802588996764,0.7156549520766773,140,62,75
1097,0.9270833333333334,0.22395833333333334,0.375,94.40394533333328,91.738385,126.86173533333334,0.03225806451612903,0.9823321554770318,0.9703389830508474,178,43,72,0.7047619047619048,0.5619047619047619,0.6761904761904762,9.799912000000012,29.34380696825397,21.868826,0.0,0.5725806451612904,0.0,74,59,71,0.6847290640394089,0.2955665024630542,0.3842364532019704,2.660506,5.981588,6.264682,0.0,0.8118811881188119,0.711038961038961,139,60,78
1098,0.9322916666666666,0.22916666666666666,0.3697916666666667,95.42191099999995,88.325581,124.70775333333334,0.024390243902439025,0.9621993127147767,0.9456066945606695,179,44,71,0.7142857142857143,0.5714285714285714,0.6761904761904762,10.25972700000001,29.545114857142867,22.341452,0.0,0.5948275862068966,0.0,75,60,71,0.6748768472906403,0.30049261083743845,0.3793103448275862,2.696254,5.922857,6.232848,0.0,0.7993527508090615,0.722397476340694,137,61,77
1099,0.9166666666666666,0.22916666666666666,0.3697916666666667,92.94947599999996,87.268252,128.48476533333334,0.0,0.9657534246575342,0.9626556016597511,176,44,71,0.6857142857142857,0.5619047619047619,0.6761904761904762,10.546203000000007,29.766388190476196,22.281207,0.0,0.6160714285714286,0.009615384615384616,72,59,71,0.6699507389162561,0.31527093596059114,0.35467980295566504,2.712415,5.943709,6.277163,0.0,0.7981072555205048,0.7166123778501629,136,64,72
1100,0.9270833333333334,0.22916666666666666,0.3802083333333333,94.86694699999995,87.554958,129.34158833333333,0.0,0.9822695035460993,0.9665271966527197,178,44,73,0.7142857142857143,0.5428571428571428,0.6857142857142857,10.490245428571436,29.912331857142863,22.363736,0.0,0.5603448275862069,0.009615384615384616,75,57,72,0.6847290640394089,0.31527093596059114,0.3694581280788177,2.666508,5.972,6.181502,0.0,0.8141025641025641,0.7047619047619048,139,64,75
1101,0.9427083333333334,0.22916666666666666,0.3697916666666667,94.41324033333328,89.388871,132.21174866666667,0.0,0.9750889679715302,0.9829787234042553,181,44,71,0.7142857142857143,0.5238095238095238,0.6666666666666666,10.010348571428581,29.90247285714286,22.432328,0.0,0.5862068965517241,0.009523809523809525,75,55,70,0.6896551724137931,0.3103448275862069,0.3891625615763547,2.697859,6.010334,6.188782,0.0,0.8169934640522876,0.7272727272727273,140,63,79
1102,0.9166666666666666,0.22916666666666666,0.375,92.55038633333328,89.907027,128.07492433333334,0.0,0.9752650176678446,0.9344262295081968,176,44,72,0.7142857142857143,0.5333333333333333,0.6857142857142857,10.298728571428578,29.913965285714287,22.612882,0.0,0.5378151260504201,0.009345794392523364,75,56,72,0.7044334975369458,0.2857142857142857,0.3891625615763547,2.68947,5.958867,6.296333,0.0,0.7973421926910299,0.7392739273927392,143,58,79
1103,0.9270833333333334,0.2552083333333333,0.3958333333333333,95.02777699999994,89.71591,127.40277333333334,0.022727272727272728,0.958904109589041,0.9578059071729957,178,49,76,0.7142857142857143,0.5904761904761905,0.6857142857142857,10.656501000000011,29.605674301587307,22.435055,0.0,0.5294117647058824,0.0,75,62,72,0.7192118226600985,0.3251231527093596,0.4187192118226601,2.711741,5.893495,6.214146,0.0,0.7993527508090615,0.7052980132450332,146,66,85
1104,0.9479166666666666,0.24479166666666666,0.4010416666666667,92.80385499999996,91.912609,129.12859933333334,0.0425531914893617,0.9726962457337884,0.9613733905579399,182,47,77,0.7142857142857143,0.6,0.6857142857142857,10.405706000000011,29.41853685714286,22.791045,0.0,0.5289256198347108,0.009523809523809525,75,63,72,0.7192118226600985,0.3448275862068966,0.42857142857142855,2.755054,5.903374,6.211071,0.0,0.7942122186495176,0.7026143790849673,146,70,87
1105,0.9114583333333334,0.2552083333333333,0.40625,93.29313766666662,93.063809,128.55002733333333,0.05555555555555555,0.9790940766550522,0.9495798319327731,175,49,78,0.7333333333333333,0.5428571428571428,0.6857142857142857,10.56287300000001,29.822863857142856,22.536168,0.0,0.6206896551724138,0.0,77,57,72,0.7339901477832512,0.3399014778325123,0.4187192118226601,2.692046,5.915109,6.242365,0.0,0.7928802588996764,0.688135593220339,149,69,85
1106,0.9583333333333334,0.2552083333333333,0.40625,95.8754903333333,92.06401,126.24476533333335,0.05714285714285714,0.9791666666666666,0.9572649572649573,184,49,78,0.6952380952380952,0.5238095238095238,0.6952380952380952,10.466979000000011,29.84557965079365,22.592301,0.0,0.5726495726495726,0.009433962264150943,73,55,73,0.7339901477832512,0.3399014778325123,0.43349753694581283,2.751368,5.906901,6.211136,0.0,0.7777777777777778,0.6891025641025641,149,69,88
1107,0.9375,0.2552083333333333,0.4010416666666667,96.80374333333329,88.965638,128.48839433333333,0.07692307692307693,0.9790940766550522,0.9605263157894737,180,49,77,0.6952380952380952,0.5523809523809524,0.6857142857142857,10.97835842857144,30.012413301587305,22.708233,0.0,0.5196850393700787,0.009433962264150943,73,58,72,0.7192118226600985,0.35960591133004927,0.42857142857142855,2.72142,5.902092,6.256378,0.0,0.771875,0.7070707070707071,146,73,87
1108,0.9479166666666666,0.2552083333333333,0.4010416666666667,95.05956066666661,89.211229,127.08476533333334,0.022222222222222223,0.9553264604810997,0.9484978540772532,182,49,77,0.6761904761904762,0.5619047619047619,0.6952380952380952,10.54356600000001,30.667462412698413,22.93698,0.0,0.4732824427480916,0.0,71,59,73,0.7142857142857143,0.3694581280788177,0.43349753694581283,2.70562,5.938299,6.282584,0.0,0.7947882736156352,0.6711409395973155,145,75,88
1109,0.9322916666666666,0.25,0.3958333333333333,93.39373666666661,92.902636,126.77409033333335,0.0,0.975609756097561,0.9650655021834061,179,48,76,0.6761904761904762,0.580952380952381,0.7047619047619048,10.65630000000001,29.79940174603175,22.942208,0.0,0.5078125,0.0,71,61,74,0.7142857142857143,0.3645320197044335,0.4088669950738916,2.694381,5.957649,6.226051,0.0,0.7873754152823921,0.696078431372549,145,74,83
1110,0.9427083333333334,0.2552083333333333,0.40625,95.57009133333328,93.160922,126.98313733333335,0.0,0.9587628865979382,0.9574468085106383,181,49,78,0.6857142857142857,0.580952380952381,0.6952380952380952,10.954377000000012,30.073607746031747,22.180009,0.0,0.5503875968992248,0.0,72,61,73,0.7241379310344828,0.35467980295566504,0.39901477832512317,2.745937,5.967597,6.271488,0.0,0.7864406779661017,0.685064935064935,147,72,81
1111,0.9583333333333334,0.25,0.4010416666666667,97.87943533333329,91.308828,128.48476533333334,0.02857142857142857,0.9929824561403509,0.961038961038961,184,48,77,0.6857142857142857,0.638095238095238,0.6857142857142857,10.89201100000001,30.330330079365083,22.382637,0.0,0.515625,0.0,72,67,72,0.7438423645320197,0.35467980295566504,0.4187192118226601,2.721773,6.013041,6.206306,0.0,0.79,0.6774193548387096,151,72,85
1112,0.9583333333333334,0.2552083333333333,0.390625,94.94272099999996,93.360482,128.18944966666666,0.06896551724137931,0.9758620689655172,0.9529914529914529,184,49,75,0.6857142857142857,0.6,0.6761904761904762,11.110169000000012,30.489675746031747,22.099954,0.0,0.512,0.0,72,63,71,0.7536945812807881,0.3448275862068966,0.42857142857142855,2.71465,6.044256,6.144317,0.0,0.7814569536423841,0.684887459807074,153,70,87
1113,0.953125,0.24479166666666666,0.4010416666666667,100.33878299999994,92.256193,127.84222366666667,0.06896551724137931,0.9593220338983051,0.9567099567099567,183,47,77,0.7238095238095238,0.5904761904761905,0.6761904761904762,11.198878000000011,30.227210301587306,22.760889,0.0,0.5307692307692308,0.0,76,62,71,0.7438423645320197,0.3399014778325123,0.41379310344827586,2.761283,6.068672,6.167255,0.0,0.7880794701986755,0.69,151,69,84
1114,0.9427083333333334,0.2552083333333333,0.4010416666666667,96.72985466666661,90.562394,129.89525133333333,0.030303030303030304,0.9663299663299664,0.9608695652173913,181,49,77,0.7428571428571429,0.6190476190476191,0.6857142857142857,11.069314000000011,30.733595746031746,22.321302,0.0,0.5299145299145299,0.009523809523809525,78,65,72,0.7487684729064039,0.3399014778325123,0.4039408866995074,2.695641,6.130837,6.184898,0.0,0.7807308970099668,0.6710097719869706,152,69,82
1115,0.9375,0.25,0.40625,94.95195233333327,91.377464,129.15014233333335,0.05714285714285714,0.9625850340136054,0.9612068965517241,180,48,78,0.7142857142857143,0.6095238095238096,0.6952380952380952,11.551842000000008,30.63793085714286,22.098531,0.0,0.5076923076923077,0.009433962264150943,75,64,73,0.7487684729064039,0.3399014778325123,0.4088669950738916,2.686932,6.090068,6.133329,0.0,0.7770491803278688,0.6838709677419355,152,69,83
1116,0.9583333333333334,0.2552083333333333,0.4010416666666667,95.94076599999994,93.293567,128.77892733333334,0.045454545454545456,0.9661016949152542,0.9778761061946902,184,49,77,0.7142857142857143,0.6,0.7047619047619048,11.267437000000012,30.820385746031747,21.878619,0.0,0.5409836065573771,0.009523809523809525,75,63,74,0.7536945812807881,0.3448275862068966,0.4187192118226601,2.670777,6.106843,6.123662,0.0,0.7861842105263158,0.6764705882352942,153,70,85
1117,0.9583333333333334,0.2552083333333333,0.40625,96.52967533333327,95.037442,129.24255433333335,0.09375,0.972318339100346,0.9656652360515021,184,49,78,0.7047619047619048,0.580952380952381,0.7047619047619048,11.098359000000011,31.010700523809525,22.471732,0.0,0.5,0.018518518518518517,74,61,74,0.7487684729064039,0.3497536945812808,0.4187192118226601,2.71033,6.10663,6.120528,0.004901960784313725,0.79,0.6740506329113924,152,71,85
1118,0.9322916666666666,0.2552083333333333,0.40625,94.57242833333328,94.896177,130.99172633333333,0.07142857142857142,0.9825783972125436,0.9574468085106383,179,49,78,0.7238095238095238,0.5904761904761905,0.7333333333333333,10.691515000000011,30.30742761904762,22.402158,0.0,0.5193798449612403,0.009433962264150943,76,62,77,0.7635467980295566,0.35467980295566504,0.4236453201970443,2.693361,6.153966,5.973985,0.0048543689320388345,0.7800687285223368,0.6719242902208202,155,72,86
1119,0.9479166666666666,0.2552083333333333,0.4010416666666667,96.81171099999995,95.50576,128.41075833333335,0.023809523809523808,0.9563758389261745,0.9525862068965517,182,49,77,0.7333333333333333,0.580952380952381,0.7333333333333333,10.942120000000012,30.898254428571434,22.685379,0.0,0.5172413793103449,0.009433962264150943,77,61,77,0.7586206896551724,0.3497536945812808,0.42857142857142855,2.718811,6.202538,6.111723,0.004901960784313725,0.782608695652174,0.6987179487179487,154,71,87
1120,0.9479166666666666,0.2552083333333333,0.4010416666666667,95.65996899999992,93.611621,130.67168433333333,0.0,0.9791666666666666,0.9568965517241379,182,49,77,0.7428571428571429,0.580952380952381,0.7238095238095238,11.32236200000001,30.45641385714286,22.211248,0.0,0.4838709677419355,0.0,78,61,76,0.7536945812807881,0.3448275862068966,0.42857142857142855,2.738407,6.175489,6.052401,0.009900990099009901,0.7876712328767124,0.686084142394822,153,70,87
1121,0.96875,0.2552083333333333,0.40625,93.97084466666662,93.427363,131.38517533333334,0.0,0.9858156028368794,0.9788135593220338,186,49,78,0.7333333333333333,0.6,0.7238095238095238,11.028546000000011,30.744009,22.532947,0.0,0.5042735042735043,0.0,77,63,76,0.7339901477832512,0.35960591133004927,0.41379310344827586,2.684236,6.151126,5.988371,0.004901960784313725,0.7993197278911565,0.6900958466453674,149,73,84
1122,0.9479166666666666,0.2552083333333333,0.4010416666666667,95.08774199999995,92.087285,126.85809733333335,0.0,0.9690721649484536,0.9572649572649573,182,49,77,0.7428571428571429,0.6571428571428571,0.7142857142857143,11.755313000000008,30.278997746031745,22.464215,0.0,0.4827586206896552,0.0,78,69,75,0.7389162561576355,0.35960591133004927,0.4433497536945813,2.713779,6.143507,6.106537,0.0049504950495049506,0.793918918918919,0.7019230769230769,150,73,90
1123,0.9479166666666666,0.2552083333333333,0.4010416666666667,98.10878033333327,93.085834,131.09753033333334,0.0,0.9754385964912281,0.9531914893617022,182,49,77,0.7428571428571429,0.5619047619047619,0.7047619047619048,11.400156000000012,30.651531857142857,22.41969,0.0,0.5,0.0,78,59,74,0.7487684729064039,0.3497536945812808,0.4236453201970443,2.825361,6.241737,6.065515,0.004878048780487805,0.8006756756756757,0.7083333333333334,152,71,86
1124,0.953125,0.25,0.4010416666666667,95.75824933333325,93.579188,132.15574633333335,0.0,0.9685314685314685,0.9661016949152542,183,48,77,0.7333333333333333,0.6095238095238096,0.7238095238095238,11.472642000000011,30.144619507936508,22.703371,0.0,0.5163934426229508,0.0,77,64,76,0.7241379310344828,0.3497536945812808,0.4187192118226601,2.739952,6.201146,6.031534,0.004878048780487805,0.7980132450331126,0.692063492063492,147,71,85
1125,0.9166666666666666,0.2552083333333333,0.40625,95.70175199999993,94.375202,130.73636633333334,0.0,0.975609756097561,0.982532751091703,176,49,78,0.7238095238095238,0.6,0.7333333333333333,11.451810000000007,30.257386746031745,22.740078,0.0,0.4732142857142857,0.0,76,63,77,0.729064039408867,0.35960591133004927,0.43349753694581283,2.688399,6.231706,5.99038,0.0048543689320388345,0.8133333333333334,0.6838709677419355,148,73,88
1126,0.9479166666666666,0.25,0.40625,96.97133199999992,94.16407,129.02389133333335,0.0,0.9787234042553191,0.9617021276595744,182,48,78,0.7428571428571429,0.6285714285714286,0.7238095238095238,11.150887000000012,30.496468857142858,22.420562,0.0,0.49572649572649574,0.0,78,66,76,0.7142857142857143,0.37438423645320196,0.43349753694581283,2.712814,6.264008,6.039688,0.0,0.7894736842105263,0.717687074829932,145,76,88
1127,0.921875,0.2552083333333333,0.3958333333333333,98.99050999999994,94.329999,127.56112233333334,0.0,0.9692832764505119,0.9699570815450643,177,49,76,0.7333333333333333,0.6190476190476191,0.7142857142857143,11.078221000000008,30.822259634920634,23.129194,0.0,0.4649122807017544,0.0,77,65,75,0.7093596059113301,0.35467980295566504,0.4236453201970443,2.735867,6.259386,6.089247,0.0,0.8290322580645161,0.7030716723549488,144,72,86
1128,0.9583333333333334,0.25,0.3958333333333333,97.13269633333327,95.332211,129.28060366666668,0.0,0.9755244755244755,0.9653679653679653,184,48,76,0.7142857142857143,0.638095238095238,0.7142857142857143,11.261489000000008,30.771897857142857,23.126868,0.0,0.4824561403508772,0.009433962264150943,75,67,75,0.7142857142857143,0.3645320197044335,0.41379310344827586,2.729221,6.265726,6.062992,0.0,0.7986348122866894,0.6910299003322259,145,74,84
1129,0.9427083333333334,0.2552083333333333,0.40625,96.23016499999993,96.18232,130.86476533333334,0.0,0.9791666666666666,0.9655172413793104,181,49,78,0.7238095238095238,0.6571428571428571,0.7047619047619048,10.786031000000007,31.12456607936508,23.014286,0.0,0.4782608695652174,0.027522935779816515,76,69,74,0.7093596059113301,0.35960591133004927,0.42857142857142855,2.752237,6.301793,5.949757,0.0,0.7866666666666666,0.6753246753246753,144,73,87
1130,0.9375,0.25,0.4010416666666667,98.37160099999994,96.364005,128.96083333333334,0.0,0.9826989619377162,0.9567099567099567,180,48,77,0.7428571428571429,0.5714285714285714,0.7047619047619048,10.616557000000011,30.621702317460315,22.841876,0.0,0.47706422018348627,0.009259259259259259,78,60,74,0.7241379310344828,0.3645320197044335,0.43349753694581283,2.763882,6.26631,6.036415,0.0,0.7669902912621359,0.6976744186046512,147,74,88
1131,0.9583333333333334,0.2552083333333333,0.40625,101.47861933333327,96.497947,127.59953033333335,0.0,0.9826388888888888,0.9612068965517241,184,49,78,0.7428571428571429,0.6095238095238096,0.6952380952380952,10.894443000000008,30.870036507936508,22.567058,0.0,0.49056603773584906,0.009259259259259259,78,64,73,0.7241379310344828,0.3645320197044335,0.42857142857142855,2.789284,6.261337,6.003101,0.004878048780487805,0.7941176470588235,0.6821192052980133,147,74,87
1132,0.9322916666666666,0.2552083333333333,0.3958333333333333,96.90902399999995,96.701882,132.08059733333334,0.0,0.9789473684210527,0.9652173913043478,179,49,76,0.7523809523809524,0.6476190476190476,0.6857142857142857,10.601029000000011,31.452401523809524,22.624578,0.0,0.4583333333333333,0.009433962264150943,79,68,72,0.7339901477832512,0.3497536945812808,0.42857142857142855,2.782628,6.407275,6.017129,0.004784688995215311,0.7927631578947368,0.6812080536912751,149,71,87
1133,0.953125,0.2552083333333333,0.4010416666666667,96.3316156666666,96.349652,130.10288333333332,0.0,0.9857651245551602,0.957983193277311,183,49,77,0.7523809523809524,0.6476190476190476,0.7238095238095238,10.713378000000011,31.378035857142866,22.522532,0.0,0.47706422018348627,0.00909090909090909,79,68,76,0.7142857142857143,0.3448275862068966,0.43842364532019706,2.743949,6.277957,6.015322,0.0,0.7515723270440252,0.680921052631579,145,70,89
1134,0.953125,0.25,0.3958333333333333,98.10595933333329,94.655369,131.59052233333333,0.0,0.9721254355400697,0.9567099567099567,183,48,76,0.7619047619047619,0.6857142857142857,0.7047619047619048,10.902196571428583,30.807276746031746,22.336211,0.0,0.45045045045045046,0.009345794392523364,80,72,74,0.7241379310344828,0.3497536945812808,0.43349753694581283,2.750121,6.293009,6.035717,0.0,0.7692307692307693,0.6912751677852349,147,71,88
1135,0.9375,0.2552083333333333,0.40625,97.9782696666666,94.945107,129.66953433333333,0.027777777777777776,0.9893992932862191,0.9698275862068966,180,49,78,0.7714285714285715,0.6666666666666666,0.6857142857142857,10.725632000000012,31.116237746031747,22.472354,0.0,0.5092592592592593,0.009433962264150943,81,70,72,0.7142857142857143,0.3497536945812808,0.4187192118226601,2.738268,6.356949,5.978457,0.0,0.7719869706840391,0.6833333333333333,145,71,85
1136,0.9114583333333334,0.2552083333333333,0.40625,97.73889933333325,94.106272,129.97166433333334,0.02702702702702703,0.975609756097561,0.9565217391304348,175,49,78,0.7523809523809524,0.6571428571428571,0.6857142857142857,10.822834000000011,30.902583523809522,22.216365,0.0,0.4608695652173913,0.009615384615384616,79,69,72,0.7093596059113301,0.3448275862068966,0.4039408866995074,2.781747,6.278852,5.982363,0.004975124378109453,0.7677419354838709,0.696551724137931,144,70,82
1137,0.9322916666666666,0.25,0.3958333333333333,98.70828699999993,92.985291,131.03874033333332,0.0,0.9859154929577465,0.9399141630901288,179,48,76,0.7428571428571429,0.6476190476190476,0.6857142857142857,10.945526000000012,30.56923296825397,22.24377,0.0,0.4166666666666667,0.009900990099009901,78,68,72,0.7093596059113301,0.33497536945812806,0.39901477832512317,2.770156,6.353974,6.029838,0.0,0.7588424437299035,0.696551724137931,144,68,81
1138,0.890625,0.25,0.3958333333333333,98.75388366666661,92.62731,130.81025333333332,0.0,0.9824561403508771,0.9739130434782609,171,48,76,0.7523809523809524,0.638095238095238,0.6761904761904762,11.352831000000007,30.519804428571426,22.871793,0.0,0.4519230769230769,0.009900990099009901,79,67,71,0.7142857142857143,0.3497536945812808,0.4039408866995074,2.796085,6.311264,6.039236,0.0,0.7719869706840391,0.6944444444444444,145,71,82
1139,0.96875,0.28125,0.4166666666666667,98.99223699999993,96.082723,133.40249333333333,0.0,0.9554794520547946,0.9653679653679653,186,54,80,0.7619047619047619,0.6285714285714286,0.6761904761904762,10.895272000000011,30.672700746031747,22.704983,0.0,0.4387755102040816,0.0,80,66,71,0.7142857142857143,0.3497536945812808,0.4236453201970443,2.856511,6.339257,6.111809,0.0049504950495049506,0.7818791946308725,0.6858108108108109,145,71,86
1140,0.9375,0.28125,0.4270833333333333,98.68895833333328,98.938842,130.82557033333333,0.0,0.9671532846715328,0.9478260869565217,180,54,82,0.7523809523809524,0.638095238095238,0.6666666666666666,10.82914300000001,31.181484507936506,22.722562,0.0,0.39215686274509803,0.0,79,67,70,0.7192118226600985,0.35467980295566504,0.458128078817734,2.832608,6.375014,6.064576,0.005025125628140704,0.7558528428093646,0.6632302405498282,146,72,93
1141,0.9270833333333334,0.28125,0.421875,95.10207899999996,97.444169,133.40025333333332,0.022727272727272728,0.9818181818181818,0.9545454545454546,178,54,81,0.7714285714285715,0.6285714285714286,0.6761904761904762,10.786632000000012,31.171655206349207,22.740599,0.0,0.38,0.0,81,66,71,0.7142857142857143,0.3694581280788177,0.4630541871921182,2.810877,6.372011,6.091873,0.004975124378109453,0.7352941176470589,0.6738351254480287,145,75,94
1142,0.90625,0.28125,0.4322916666666667,98.74047599999993,97.81329,132.96294133333333,0.022727272727272728,0.9818840579710145,0.9727272727272728,174,54,83,0.7428571428571429,0.6285714285714286,0.6666666666666666,11.19245100000001,31.308462857142857,22.568838,0.0,0.4077669902912621,0.0,78,66,70,0.7192118226600985,0.3793103448275862,0.45320197044334976,2.815576,6.340768,6.071572,0.0,0.740983606557377,0.6431226765799256,146,77,92
1143,0.953125,0.28125,0.4322916666666667,97.37257733333328,95.284273,130.87012733333333,0.0,0.975,0.9551569506726457,183,54,83,0.7428571428571429,0.638095238095238,0.6761904761904762,11.265443000000008,30.697261523809523,22.510052,0.0,0.38235294117647056,0.0,78,67,71,0.7093596059113301,0.39408866995073893,0.4482758620689655,2.801495,6.410253,6.104711,0.0,0.7322033898305085,0.6523297491039427,144,80,91
1144,0.9322916666666666,0.28125,0.4322916666666667,99.16969366666662,94.501973,131.26644633333333,0.0,0.967741935483871,0.9634703196347032,179,54,83,0.7238095238095238,0.6666666666666666,0.6666666666666666,11.084856000000011,30.653714095238094,22.941082,0.0,0.38738738738738737,0.0,76,70,70,0.7044334975369458,0.39408866995073893,0.4482758620689655,2.802881,6.43124,6.109135,0.0,0.7398648648648649,0.6581818181818182,143,80,91
1145,0.9479166666666666,0.2760416666666667,0.4270833333333333,100.47416799999995,95.029929,130.54572433333334,0.0,0.9540636042402827,0.9680365296803652,182,53,82,0.7238095238095238,0.6761904761904762,0.6761904761904762,10.556914000000011,30.711618746031746,22.34107,0.0,0.3883495145631068,0.0,76,71,71,0.7093596059113301,0.39901477832512317,0.4482758620689655,2.840652,6.335784,6.151816,0.0,0.7570422535211268,0.6333333333333333,144,81,91
1146,0.9114583333333334,0.28125,0.4270833333333333,97.61671666666662,96.707195,132.07025333333334,0.0,0.9747292418772563,0.9555555555555556,175,54,82,0.7428571428571429,0.6571428571428571,0.6666666666666666,11.129499000000012,30.721323968253966,22.81773,0.0,0.35714285714285715,0.0,78,69,70,0.6995073891625616,0.3891625615763547,0.4482758620689655,2.790049,6.372514,6.11058,0.0,0.7789855072463768,0.644927536231884,142,79,91
1147,0.9270833333333334,0.28125,0.421875,100.43985899999993,96.022165,134.81547433333333,0.0,0.9781021897810219,0.9815668202764977,178,54,81,0.7333333333333333,0.6761904761904762,0.6857142857142857,10.81062300000001,30.754091603174604,22.59359,0.0,0.3333333333333333,0.0,77,71,72,0.6995073891625616,0.39408866995073893,0.45320197044334976,2.802285,6.430003,6.040109,0.0,0.7793594306049823,0.6518518518518519,142,80,92
1148,0.9427083333333334,0.28125,0.4322916666666667,102.27670899999994,96.200716,130.53329233333332,0.0,0.9786476868327402,0.9511111111111111,181,54,83,0.7333333333333333,0.6476190476190476,0.6761904761904762,11.109001000000012,30.211070857142857,22.938735,0.0,0.3877551020408163,0.0,77,68,71,0.7044334975369458,0.39408866995073893,0.458128078817734,2.810137,6.384572,6.009229,0.0,0.7714285714285715,0.6741573033707865,143,80,93
1149,0.90625,0.28125,0.4270833333333333,102.07532466666663,97.473235,131.50558533333333,0.0,0.9712230215827338,0.9551569506726457,174,54,82,0.7333333333333333,0.6666666666666666,0.7047619047619048,10.641903000000012,31.046732,23.02376,0.0,0.41,0.0,77,70,74,0.7093596059113301,0.39408866995073893,0.458128078817734,2.801973,6.391291,6.044216,0.0,0.7675276752767528,0.6717557251908397,144,80,93
1150,0.953125,0.21354166666666666,0.2604166666666667,100.49599233333328,78.76451833333333,90.80336233333334,0.0,0.9919678714859438,0.9353233830845771,183,41,50,0.7142857142857143,0.44761904761904764,0.44761904761904764,10.764337000000012,23.1496370952381,13.83149,0.0,0.36082474226804123,0.010638297872340425,75,47,47,0.6945812807881774,0.26108374384236455,0.26108374384236455,2.813485,4.604199,4.375661,0.0,0.7706766917293233,0.6625514403292181,141,53,53
1151,0.9479166666666666,0.21354166666666666,0.2552083333333333,102.16554266666661,79.00831733333332,90.84584733333334,0.03125,0.9515151515151515,0.9477611940298507,182,41,49,0.7238095238095238,0.42857142857142855,0.4380952380952381,10.87821900000001,23.179714634920636,13.920061,0.0,0.203125,0.0,76,45,46,0.6945812807881774,0.2512315270935961,0.2512315270935961,2.754934,4.559565,4.410584,0.0,0.7806122448979592,0.711864406779661,141,51,51
1152,0.9375,0.21875,0.2552083333333333,99.16143133333328,79.93696633333333,90.48576333333334,0.0,0.9698795180722891,0.9562043795620438,180,42,49,0.7142857142857143,0.4666666666666667,0.44761904761904764,10.81176400000001,23.045953888888892,14.133,0.0,0.2318840579710145,0.0,75,49,47,0.6896551724137931,0.23645320197044334,0.24630541871921183,2.766748,4.604751,4.400823,0.0,0.7783505154639175,0.6918918918918919,140,48,50
1153,0.9635416666666666,0.21875,0.25,97.91190033333328,78.44865533333333,92.08316633333334,0.0,0.9408284023668639,0.9485294117647058,185,42,48,0.7238095238095238,0.4,0.47619047619047616,10.969738000000012,22.914235428571434,14.17445,0.0,0.3088235294117647,0.014925373134328358,76,42,50,0.6699507389162561,0.22167487684729065,0.2315270935960591,2.770256,4.607979,4.375338,0.0,0.796875,0.7105263157894737,136,45,47
1154,0.9427083333333334,0.21354166666666666,0.25,97.68518066666661,77.87171133333332,91.73974933333335,0.0,0.9760479041916168,0.9545454545454546,181,41,48,0.7333333333333333,0.38095238095238093,0.4666666666666667,10.92476100000001,23.126285095238096,13.435272,0.0,0.35135135135135137,0.015151515151515152,77,40,49,0.6650246305418719,0.21182266009852216,0.22660098522167488,2.825454,4.591752,4.417498,0.0,0.795,0.7258064516129032,135,43,46
1155,0.9166666666666666,0.21354166666666666,0.25,100.81156499999994,78.74671133333332,88.96224433333335,0.0,0.9705882352941176,0.9411764705882353,176,41,48,0.7333333333333333,0.37142857142857144,0.45714285714285713,11.053489000000011,22.64998842857143,13.287663,0.0,0.43243243243243246,0.015151515151515152,77,39,48,0.6551724137931034,0.22167487684729065,0.20689655172413793,2.82404,4.552494,4.394832,0.0,0.7788944723618091,0.7317073170731707,133,45,42
1156,0.9114583333333334,0.20833333333333334,0.24479166666666666,97.48842566666661,79.33264233333333,89.09712533333334,0.0,0.9764705882352941,0.9347826086956522,175,40,47,0.7428571428571429,0.37142857142857144,0.44761904761904764,11.193872000000011,22.87109953968254,13.186709,0.0,0.47435897435897434,0.015384615384615385,78,39,47,0.6847290640394089,0.21674876847290642,0.2019704433497537,2.806242,4.587966,4.381831,0.0,0.7942583732057417,0.765,139,44,41
1157,0.921875,0.234375,0.265625,101.77299433333326,79.27171133333333,91.03757133333335,0.0,0.9418604651162791,0.9402985074626866,177,45,51,0.7428571428571429,0.3523809523809524,0.45714285714285713,10.976099000000012,22.77509642857143,13.314815,0.0,0.5189873417721519,0.0,78,37,48,0.6847290640394089,0.2315270935960591,0.21182266009852216,2.81992,4.565999,4.340966,0.0,0.8088235294117647,0.7815533980582524,139,47,43
1158,0.9375,0.234375,0.28125,100.57662766666661,97.617728,134.03316033333334,0.0,0.9698795180722891,0.9440559440559441,180,45,54,0.7428571428571429,0.3523809523809524,0.5523809523809524,11.23930000000001,30.59067496825397,22.059063,0.0,0.4943820224719101,0.05,78,37,58,0.6847290640394089,0.2315270935960591,0.2315270935960591,2.767611,6.396833,6.09568,0.0,0.801980198019802,0.7391304347826086,139,47,47
1159,0.8697916666666666,0.22916666666666666,0.28125,102.84440633333327,96.874075,133.54025333333334,0.0,0.9554455445544554,0.936046511627907,167,44,54,0.7428571428571429,0.4,0.5714285714285714,11.245886000000011,30.95767785714286,24.372125,0.0,0.5631067961165048,0.2087912087912088,78,42,60,0.6945812807881774,0.23645320197044334,0.22167487684729065,2.751993,6.376422,6.105069,0.0,0.8289473684210527,0.7941176470588235,141,48,45
1160,0.8854166666666666,0.234375,0.28125,102.30630333333329,95.276502,132.63025333333331,0.0,0.9787234042553191,0.9620853080568721,170,45,54,0.7428571428571429,0.4095238095238095,0.5619047619047619,11.35735300000001,30.83217496825397,24.768981,0.0,0.6153846153846154,0.33613445378151263,78,43,59,0.6995073891625616,0.2512315270935961,0.2315270935960591,2.835664,6.353094,6.119774,0.0,0.8377358490566038,0.802158273381295,142,51,47
1161,0.9427083333333334,0.234375,0.2604166666666667,102.78697933333328,95.373251,131.74909633333334,0.0,0.9853479853479854,0.9807692307692307,181,45,50,0.7428571428571429,0.4,0.580952380952381,10.93147400000001,30.811819857142858,24.243621,0.0,0.6825396825396826,0.328125,78,42,61,0.6896551724137931,0.2512315270935961,0.22167487684729065,2.813954,6.378088,6.153575,0.0,0.8671328671328671,0.8466257668711656,140,51,45
1162,0.90625,0.22916666666666666,0.2604166666666667,102.6448499999999,98.199277,132.92206633333333,0.0,0.9727891156462585,0.9609929078014184,174,44,50,0.7047619047619048,0.4095238095238095,0.6,11.36465400000001,30.887292634920634,24.299782,0.0,0.6715328467153284,0.29838709677419356,74,43,63,0.6896551724137931,0.2413793103448276,0.21674876847290642,2.815951,6.425747,6.128408,0.0,0.8873720136518771,0.8480243161094225,140,49,44
1163,0.8854166666666666,0.234375,0.2760416666666667,100.63150399999994,95.953084,135.1930383333333,0.02702702702702703,0.9724137931034482,0.9558823529411765,170,45,53,0.6666666666666666,0.4380952380952381,0.5619047619047619,10.85263400000001,30.78065796825397,24.034151,0.0,0.6546762589928058,0.26229508196721313,70,46,59,0.6798029556650246,0.2315270935960591,0.2315270935960591,2.817378,6.405086,6.146757,0.0,0.8668941979522184,0.843558282208589,138,47,47
1164,0.859375,0.234375,0.2708333333333333,100.91083233333327,97.871364,130.00831233333332,0.07692307692307693,0.9740740740740741,0.9644268774703557,165,45,52,0.6095238095238096,0.38095238095238093,0.5523809523809524,11.12710300000001,30.79540996825397,24.277291,0.0,0.625,0.25663716814159293,64,40,58,0.6748768472906403,0.2561576354679803,0.22660098522167488,2.765124,6.331508,6.152922,0.005291005291005291,0.8424657534246576,0.8478964401294499,137,52,46
1165,0.8489583333333334,0.22916666666666666,0.2708333333333333,104.53695766666658,94.950322,131.77902233333333,0.04878048780487805,0.9774436090225563,0.9760956175298805,163,44,52,0.6285714285714286,0.4666666666666667,0.5714285714285714,10.850551000000012,30.581537079365074,24.065052,0.0,0.6363636363636364,0.23636363636363636,66,49,60,0.6748768472906403,0.26108374384236455,0.23645320197044334,2.820049,6.32652,6.143577,0.0,0.8745644599303136,0.8474025974025974,137,53,48
1166,0.8645833333333334,0.234375,0.2708333333333333,105.0062336666666,96.575032,135.7067733333333,0.04878048780487805,0.9776119402985075,0.9609375,166,45,52,0.638095238095238,0.4857142857142857,0.5714285714285714,10.34013500000001,31.00286085714286,24.187969,0.0,0.5950413223140496,0.25663716814159293,67,51,60,0.6798029556650246,0.2561576354679803,0.2315270935960591,2.775071,6.432419,6.137583,0.005376344086021506,0.8678571428571429,0.8464052287581699,138,52,47
1167,0.8854166666666666,0.234375,0.2708333333333333,102.59276033333329,95.983356,132.76922733333333,0.125,0.9701492537313433,0.9501915708812261,170,45,52,0.6476190476190476,0.4857142857142857,0.5714285714285714,11.016200000000012,30.490585968253964,24.335131,0.0,0.5867768595041323,0.24528301886792453,68,51,60,0.6699507389162561,0.2561576354679803,0.22167487684729065,2.815293,6.384228,6.151908,0.0,0.8477508650519031,0.8642384105960265,136,52,45
1168,0.8541666666666666,0.234375,0.265625,98.55043866666661,96.599455,134.2884443333333,0.0,0.969811320754717,0.9799196787148594,164,45,51,0.638095238095238,0.4380952380952381,0.5619047619047619,10.82050400000001,30.718235285714286,23.839642,0.0,0.5964912280701754,0.24107142857142858,67,46,59,0.6748768472906403,0.2660098522167488,0.21674876847290642,2.748134,6.313139,6.15097,0.005235602094240838,0.8487972508591065,0.8486842105263158,137,54,44
1169,0.8489583333333334,0.24479166666666666,0.2760416666666667,104.89497966666661,99.702401,132.46413533333333,0.0,0.9628252788104089,0.953307392996109,163,47,53,0.6285714285714286,0.4857142857142857,0.5619047619047619,10.592593000000011,30.71828096825397,23.383322,0.0,0.608,0.21153846153846154,66,51,59,0.6650246305418719,0.270935960591133,0.22167487684729065,2.782014,6.355947,6.10135,0.0,0.8798586572438163,0.842443729903537,135,55,45
1170,0.8541666666666666,0.25,0.296875,106.82946133333327,96.749541,134.41410033333332,0.0,0.9768339768339769,0.9591836734693877,164,48,57,0.6190476190476191,0.44761904761904764,0.5714285714285714,10.72036200000001,31.53871152380952,23.80246,0.0,0.5897435897435898,0.20202020202020202,65,47,60,0.6502463054187192,0.2857142857142857,0.26108374384236455,2.783303,6.440733,6.14224,0.0,0.8426573426573427,0.8322784810126582,132,58,53
1171,0.875,0.2552083333333333,0.3020833333333333,100.61765333333327,98.794609,137.4235543333333,0.02631578947368421,0.9689922480620154,0.9708333333333333,168,49,58,0.6190476190476191,0.4380952380952381,0.5619047619047619,11.350616000000011,30.74792885714286,24.379626,0.0,0.6,0.2,65,46,59,0.645320197044335,0.2857142857142857,0.27586206896551724,2.723624,6.474903,6.251944,0.0,0.8357142857142857,0.8241042345276873,131,58,56
1172,0.8697916666666666,0.2604166666666667,0.2916666666666667,104.84380433333327,98.867852,136.2160163333333,0.0,0.9612403100775194,0.9829059829059829,167,50,56,0.638095238095238,0.47619047619047616,0.5428571428571428,11.687089000000011,30.872225174603173,23.760885,0.0,0.576271186440678,0.18,67,50,57,0.6551724137931034,0.28078817733990147,0.28078817733990147,2.7508,6.490447,6.244022,0.0,0.8153310104529616,0.8249158249158249,133,57,57
1173,0.8385416666666666,0.2552083333333333,0.3020833333333333,100.7817236666666,96.874075,137.5136196666667,0.0,0.9621212121212122,0.9387755102040817,161,49,58,0.638095238095238,0.42857142857142855,0.5714285714285714,12.10354300000001,30.70469196825397,23.869788,0.0,0.5818181818181818,0.18269230769230768,67,45,60,0.6650246305418719,0.2857142857142857,0.270935960591133,2.758673,6.433302,6.26758,0.0,0.8042704626334519,0.8211920529801324,135,58,55
1174,0.8489583333333334,0.2604166666666667,0.296875,103.35221033333328,98.642224,138.64854533333332,0.0,0.9693486590038314,0.9625,163,50,57,0.6571428571428571,0.45714285714285713,0.6095238095238096,12.036421000000011,30.85508231746032,23.929465,0.0,0.5446428571428571,0.1553398058252427,69,48,64,0.6551724137931034,0.2857142857142857,0.26108374384236455,2.764334,6.377494,6.247005,0.00546448087431694,0.8113879003558719,0.8178807947019867,133,58,53
1175,0.828125,0.2552083333333333,0.3020833333333333,101.91338766666662,97.921113,137.5554523333333,0.05263157894736842,0.9728682170542635,0.9703389830508474,159,49,58,0.6952380952380952,0.4666666666666667,0.6476190476190476,11.383176000000011,30.750600746031747,24.281636,0.0,0.5533980582524272,0.1568627450980392,73,49,68,0.6650246305418719,0.2857142857142857,0.2561576354679803,2.76978,6.421199,6.263612,0.010638297872340425,0.8161764705882353,0.8233333333333334,135,58,52
1176,0.859375,0.2604166666666667,0.3020833333333333,101.96448333333328,98.796274,135.1706273333333,0.06451612903225806,0.97265625,0.950207468879668,165,50,58,0.6952380952380952,0.4857142857142857,0.6095238095238096,11.401061000000011,30.567695634920636,24.48316,0.0,0.543859649122807,0.15306122448979592,73,51,64,0.6650246305418719,0.2857142857142857,0.2561576354679803,2.77151,6.402167,6.293273,0.0,0.8142857142857143,0.8151815181518152,135,58,52
1177,0.84375,0.24479166666666666,0.296875,104.0391896666666,100.20365766666669,137.5277733333333,0.03571428571428571,0.97265625,0.9665271966527197,162,47,57,0.6952380952380952,0.4666666666666667,0.6095238095238096,11.252178000000011,30.413727079365078,24.378536,0.0,0.5727272727272728,0.12244897959183673,73,49,64,0.6650246305418719,0.2955665024630542,0.270935960591133,2.809247,6.402231,6.258514,0.005434782608695652,0.8014184397163121,0.8131147540983606,135,60,55
1178,0.859375,0.2552083333333333,0.3020833333333333,101.75039366666662,98.532034,136.4962503333333,0.025,0.9465648854961832,0.9467213114754098,165,49,58,0.6952380952380952,0.47619047619047616,0.638095238095238,11.090245000000012,30.87976196825397,24.270629,0.0,0.543859649122807,0.16822429906542055,73,50,67,0.6748768472906403,0.3103448275862069,0.28078817733990147,2.823086,6.400281,6.150654,0.0,0.8113879003558719,0.8300653594771242,137,63,57
1179,0.828125,0.2552083333333333,0.3020833333333333,100.32622133333328,98.535959,136.40777333333332,0.0,0.9653846153846154,0.9708333333333333,159,49,58,0.6857142857142857,0.47619047619047616,0.6285714285714286,11.314243000000012,31.087630634920636,23.965833,0.0,0.5045045045045045,0.17142857142857143,72,50,66,0.6748768472906403,0.2955665024630542,0.28078817733990147,2.770204,6.419069,6.177526,0.0,0.825,0.8417508417508418,137,60,57
1180,0.8489583333333334,0.25,0.2916666666666667,103.43228766666661,98.801932,138.1469953333333,0.0,0.984,0.975,163,48,56,0.6857142857142857,0.5333333333333333,0.6190476190476191,11.065751000000011,30.583088746031745,24.061939,0.0,0.5130434782608696,0.17475728155339806,72,56,65,0.6798029556650246,0.2955665024630542,0.2660098522167488,2.755369,6.434735,6.213888,0.0,0.7933579335793358,0.8309859154929577,138,60,54
1181,0.8489583333333334,0.2552083333333333,0.3020833333333333,101.59261933333329,98.440078,138.89778033333332,0.0,0.96484375,0.9543568464730291,163,49,58,0.6571428571428571,0.49523809523809526,0.638095238095238,11.145450000000011,30.671613396825396,24.117029,0.0,0.5445544554455446,0.13592233009708737,69,52,67,0.6699507389162561,0.29064039408866993,0.2512315270935961,2.82798,6.491692,6.207376,0.0,0.8,0.818815331010453,136,59,51
1182,0.84375,0.2604166666666667,0.3020833333333333,102.23954399999992,97.797866,135.8669853333333,0.05555555555555555,0.9686274509803922,0.9665271966527197,162,50,58,0.6571428571428571,0.49523809523809526,0.6285714285714286,10.98496100000001,30.779175634920634,24.463006,0.0,0.49572649572649574,0.17346938775510204,69,52,66,0.6748768472906403,0.30049261083743845,0.26108374384236455,2.846609,6.417055,6.178108,0.0,0.7900355871886121,0.8013698630136986,137,61,53
1183,0.8645833333333334,0.2552083333333333,0.296875,99.98953499999996,97.310281,136.01107333333331,0.0,0.9688715953307393,0.9708333333333333,166,49,57,0.638095238095238,0.42857142857142855,0.6190476190476191,11.51207200000001,30.719872857142857,24.490988,0.0,0.4946236559139785,0.17142857142857143,67,45,65,0.6699507389162561,0.3103448275862069,0.2857142857142857,2.772582,6.382864,6.129831,0.0053475935828877,0.8226950354609929,0.815068493150685,136,63,58
1184,0.84375,0.2604166666666667,0.2864583333333333,101.33050433333328,98.312382,135.30192966666667,0.0,0.9576923076923077,0.9631147540983607,162,50,55,0.6285714285714286,0.4380952380952381,0.6,11.374844000000012,31.15658574603174,24.085654,0.0,0.4803921568627451,0.12871287128712872,66,46,63,0.6650246305418719,0.3054187192118227,0.2857142857142857,2.769196,6.441965,6.187899,0.0,0.8204225352112676,0.8392857142857143,135,62,58
1185,0.8385416666666666,0.2604166666666667,0.3020833333333333,100.1448073333333,98.908253,136.3761713333333,0.0,0.9723320158102767,0.9547325102880658,161,50,58,0.6095238095238096,0.47619047619047616,0.6,10.538621000000012,31.063069857142857,24.171825,0.0,0.45098039215686275,0.10784313725490197,64,50,63,0.6650246305418719,0.3103448275862069,0.270935960591133,2.779069,6.408609,6.23061,0.0,0.8245614035087719,0.8413284132841329,135,63,55
1186,0.8489583333333334,0.2552083333333333,0.3020833333333333,101.3569163333333,100.979142,136.6013483333333,0.0,0.9764705882352941,0.9583333333333334,163,49,58,0.6095238095238096,0.5333333333333333,0.6190476190476191,11.04355900000001,30.93394507936508,24.062062,0.0,0.4854368932038835,0.0891089108910891,64,56,65,0.6650246305418719,0.3103448275862069,0.27586206896551724,2.707903,6.434322,6.271529,0.0,0.8125,0.7869415807560137,135,63,56
1187,0.84375,0.2604166666666667,0.296875,96.95227799999995,101.321595,137.7027513333333,0.03225806451612903,0.9803149606299213,0.9539748953974896,162,50,57,0.6095238095238096,0.5333333333333333,0.6190476190476191,10.977557000000012,30.80724574603175,23.189078,0.0,0.4528301886792453,0.06060606060606061,64,56,65,0.6650246305418719,0.31527093596059114,0.28078817733990147,2.780592,6.509961,6.205603,0.0,0.8278388278388278,0.8027681660899654,135,64,57
1188,0.859375,0.2552083333333333,0.296875,102.27944733333328,99.571037,135.86524233333333,0.045454545454545456,0.953307392996109,0.9658119658119658,165,49,57,0.6285714285714286,0.5238095238095238,0.6095238095238096,10.956483000000011,31.299036523809523,23.75699,0.0,0.4528301886792453,0.05319148936170213,66,55,64,0.6699507389162561,0.30049261083743845,0.28078817733990147,2.737378,6.499217,6.230164,0.0,0.8284671532846716,0.8413793103448276,136,61,57
1189,0.8229166666666666,0.2604166666666667,0.296875,101.95834733333328,99.533329,134.6932083333333,0.05,0.96484375,0.974025974025974,158,50,57,0.6285714285714286,0.5714285714285714,0.638095238095238,11.209613000000012,31.015306746031747,24.304575,0.0,0.4298245614035088,0.02127659574468085,66,60,67,0.6650246305418719,0.3103448275862069,0.270935960591133,2.795183,6.514777,6.282684,0.0,0.8115942028985508,0.8254545454545454,135,63,55
1190,0.859375,0.2604166666666667,0.3020833333333333,99.98493699999996,99.147844,137.5234723333333,0.05128205128205128,0.9880478087649402,0.9868995633187773,165,50,58,0.6190476190476191,0.5619047619047619,0.6476190476190476,11.295072000000012,31.4294793968254,24.103301,0.0,0.46226415094339623,0.0625,65,59,68,0.6699507389162561,0.31527093596059114,0.2561576354679803,2.76975,6.533957,6.214021,0.0,0.8109090909090909,0.8041237113402062,136,64,52
1191,0.828125,0.2552083333333333,0.296875,101.97493766666663,97.304521,134.47163833333332,0.08695652173913043,0.9764705882352941,0.9570815450643777,159,49,57,0.6285714285714286,0.5333333333333333,0.6476190476190476,11.178201000000012,31.72948696825397,24.206686,0.0,0.44660194174757284,0.0891089108910891,66,56,68,0.6551724137931034,0.3054187192118227,0.270935960591133,2.76827,6.532703,6.236481,0.00558659217877095,0.8168498168498168,0.7892976588628763,133,62,55
1192,0.8125,0.25,0.3020833333333333,105.96371433333329,100.351074,134.5589173333333,0.027777777777777776,0.9649805447470817,0.9531914893617022,156,48,58,0.6285714285714286,0.5619047619047619,0.6476190476190476,10.93681900000001,31.55071696825397,24.528512,0.0,0.46226415094339623,0.07446808510638298,66,59,68,0.6699507389162561,0.3054187192118227,0.28078817733990147,2.79267,6.528668,6.294406,0.0,0.8178571428571428,0.7993079584775087,136,62,57
1193,0.8333333333333334,0.2604166666666667,0.3020833333333333,102.69240799999997,97.533089,134.29437133333332,0.13513513513513514,0.9619771863117871,0.9823788546255506,160,50,58,0.6285714285714286,0.5333333333333333,0.638095238095238,10.76550400000001,32.04747863492063,24.17395,0.0,0.45794392523364486,0.06315789473684211,66,56,67,0.6945812807881774,0.3103448275862069,0.28078817733990147,2.819551,6.551772,6.276891,0.005319148936170213,0.8064516129032258,0.7762711864406779,141,63,57
1194,0.8385416666666666,0.2604166666666667,0.296875,98.76026233333329,98.255131,135.5589893333333,0.1111111111111111,0.9801587301587301,0.9777777777777777,161,50,57,0.6476190476190476,0.5333333333333333,0.638095238095238,11.24794500000001,31.199637746031748,24.625056,0.0,0.44642857142857145,0.05263157894736842,68,56,67,0.6847290640394089,0.3054187192118227,0.2660098522167488,2.853129,6.526047,6.243742,0.005434782608695652,0.8201438848920863,0.7718120805369127,139,62,54
1195,0.8489583333333334,0.2604166666666667,0.296875,104.72680733333328,96.930774,135.35622933333332,0.03571428571428571,0.9688715953307393,0.961038961038961,163,50,57,0.638095238095238,0.5333333333333333,0.6095238095238096,10.972677571428582,31.282622396825396,24.770894,0.0,0.4485981308411215,0.09278350515463918,67,56,64,0.6748768472906403,0.3103448275862069,0.2660098522167488,2.792862,6.530281,6.177707,0.0,0.8052434456928839,0.7551020408163265,137,63,54
1196,0.8645833333333334,0.2604166666666667,0.296875,100.17383099999995,99.112375,135.8267983333333,0.0,0.98046875,0.9478260869565217,166,50,57,0.6285714285714286,0.5047619047619047,0.6095238095238096,11.538724000000007,31.637279650793648,24.333901,0.0,0.4489795918367347,0.07,66,53,64,0.6600985221674877,0.3054187192118227,0.270935960591133,2.763867,6.584877,6.15836,0.0,0.8164794007490637,0.7602739726027398,134,62,55
1197,0.8385416666666666,0.2604166666666667,0.3020833333333333,100.91430099999997,99.51321,136.7401133333333,0.0,0.9610894941634242,0.9822222222222222,161,50,58,0.6476190476190476,0.580952380952381,0.6285714285714286,11.460060000000011,31.459032634920636,24.928756,0.0,0.41818181818181815,0.07,68,61,66,0.645320197044335,0.2955665024630542,0.27586206896551724,2.828174,6.557538,6.218128,0.0,0.8060836501901141,0.7711267605633803,131,60,56
1198,0.8541666666666666,0.2604166666666667,0.296875,99.03618999999996,99.276841,135.79262233333333,0.0,0.9692307692307692,0.9733333333333334,164,50,57,0.6571428571428571,0.5619047619047619,0.6,10.83693300000001,31.73083674603175,24.401148,0.0,0.4036697247706422,0.0625,69,59,63,0.6699507389162561,0.3103448275862069,0.2660098522167488,2.839119,6.556751,6.162704,0.0,0.7626728110599078,0.7431192660550459,136,63,54
1199,0.84375,0.2552083333333333,0.2916666666666667,103.55361199999997,97.91208,137.718688,0.0,0.9591078066914498,0.9608695652173913,162,49,56,0.6571428571428571,0.5142857142857142,0.6190476190476191,11.128213000000011,31.462184412698413,24.309323,0.0,0.49473684210526314,0.061224489795918366,69,54,65,0.6600985221674877,0.2955665024630542,0.2561576354679803,2.788483,6.615872,6.188313,0.0,0.8252788104089219,0.7647058823529411,134,60,52
1200,0.8333333333333334,0.2552083333333333,0.3020833333333333,102.84756099999996,99.613961,139.13622933333332,0.03333333333333333,0.9766536964980544,0.9730941704035875,160,49,58,0.6571428571428571,0.5238095238095238,0.6,10.91105900000001,32.4901401904762,24.17197,0.0,0.4117647058823529,0.01098901098901099,69,55,63,0.6748768472906403,0.3054187192118227,0.270935960591133,2.854359,6.605764,6.124135,0.0,0.8175182481751825,0.7552447552447552,137,62,55
1201,0.859375,0.2604166666666667,0.296875,104.23563333333328,100.028879,137.3289453333333,0.025,0.9696969696969697,0.9864253393665159,165,50,57,0.6571428571428571,0.5238095238095238,0.6,11.087193000000012,31.703196968253966,24.081487,0.0,0.42452830188679247,0.010752688172043012,69,55,63,0.6748768472906403,0.31527093596059114,0.28078817733990147,2.80885,6.593771,6.197314,0.005405405405405406,0.8375451263537906,0.7762237762237763,137,64,57
1202,0.8229166666666666,0.2604166666666667,0.296875,99.76628199999998,101.181826,138.91211933333332,0.0,0.9693486590038314,0.9692982456140351,158,50,57,0.6571428571428571,0.5428571428571428,0.6095238095238096,11.18233211111112,31.676501634920637,24.152087,0.0,0.42424242424242425,0.021505376344086023,69,57,64,0.6748768472906403,0.3054187192118227,0.27586206896551724,2.821453,6.600219,6.205478,0.0,0.8488372093023255,0.7769784172661871,137,62,56
1203,0.8229166666666666,0.2604166666666667,0.3020833333333333,101.98038266666663,103.470767,137.43457833333332,0.05714285714285714,0.9770114942528736,0.9638009049773756,158,50,58,0.6666666666666666,0.5714285714285714,0.5904761904761905,11.393966000000011,31.238906079365083,23.851118,0.0,0.42727272727272725,0.022222222222222223,70,60,62,0.6502463054187192,0.29064039408866993,0.26108374384236455,2.865456,6.587702,6.13126,0.0,0.8372093023255814,0.7446808510638298,132,59,53
1204,0.8229166666666666,0.2552083333333333,0.3020833333333333,101.44948766666663,102.642812,135.6044646666667,0.0,0.98,0.9655172413793104,158,49,58,0.6476190476190476,0.4857142857142857,0.6,11.38526100000001,31.599895079365083,24.337502,0.0,0.43010752688172044,0.03260869565217391,68,51,63,0.625615763546798,0.2857142857142857,0.2512315270935961,2.827329,6.569628,6.115838,0.0,0.8373015873015873,0.7584905660377359,127,58,51
1205,0.8229166666666666,0.2552083333333333,0.3020833333333333,98.43960399999996,100.698908,134.55472433333333,0.03571428571428571,0.975609756097561,0.9519230769230769,158,49,58,0.638095238095238,0.5428571428571428,0.5904761904761905,11.373959000000012,30.9368623015873,23.904704,0.0,0.45918367346938777,0.03333333333333333,67,57,62,0.6305418719211823,0.28078817733990147,0.2512315270935961,2.824003,6.556278,6.189253,0.0,0.8423076923076923,0.788,128,57,51
1206,0.84375,0.2552083333333333,0.3020833333333333,99.86779099999995,99.901019,134.10740933333332,0.1111111111111111,0.9536679536679536,0.9747474747474747,162,49,58,0.6285714285714286,0.5523809523809524,0.6,11.359285000000007,31.309880079365087,24.508632,0.0,0.4095238095238095,0.03296703296703297,66,58,63,0.6206896551724138,0.2660098522167488,0.22167487684729065,2.791769,6.609055,6.21873,0.0,0.84251968503937,0.7795918367346939,126,54,45
1207,0.828125,0.25,0.3020833333333333,99.66645166666663,102.061261,136.2296433333333,0.15625,0.9879032258064516,0.9748743718592965,159,48,58,0.6476190476190476,0.5238095238095238,0.5904761904761905,11.574969000000008,31.434288968253973,24.257487,0.0,0.47959183673469385,0.03296703296703297,68,55,62,0.625615763546798,0.2660098522167488,0.21182266009852216,2.821656,6.629926,6.112561,0.005952380952380952,0.8235294117647058,0.754863813229572,127,54,43
1208,0.8020833333333334,0.2552083333333333,0.3020833333333333,107.6026166666666,101.283033,136.58748633333332,0.0,0.9606299212598425,0.9601990049751243,154,49,58,0.6571428571428571,0.5238095238095238,0.5904761904761905,11.353641571428579,31.80168250793651,23.611653,0.0,0.42718446601941745,0.03296703296703297,69,55,62,0.6305418719211823,0.2857142857142857,0.2512315270935961,2.822229,6.511337,6.110262,0.0,0.8282442748091603,0.7669172932330827,128,58,51
1209,0.84375,0.25,0.3020833333333333,102.88270266666663,101.488185,138.3995153333333,0.0,0.9645669291338582,0.9605911330049262,162,48,58,0.6285714285714286,0.5619047619047619,0.5904761904761905,11.283713000000011,31.883587079365082,24.45971,0.0,0.47619047619047616,0.03296703296703297,66,59,62,0.6305418719211823,0.2857142857142857,0.2561576354679803,2.768367,6.548389,6.173425,0.0,0.841897233201581,0.807843137254902,128,58,52
1210,0.8072916666666666,0.25,0.3020833333333333,102.4997976666666,102.69153,138.87230533333332,0.0,0.9723320158102767,0.9795918367346939,155,48,58,0.6571428571428571,0.49523809523809526,0.5904761904761905,11.452827000000012,31.86258085714286,24.29902,0.0,0.47474747474747475,0.03296703296703297,69,52,62,0.6305418719211823,0.28078817733990147,0.24630541871921183,2.84903,6.567515,6.180275,0.0,0.8273092369477911,0.809322033898305,128,57,50
1211,0.8333333333333334,0.2552083333333333,0.2864583333333333,105.40866733333327,104.542293,138.38956266666665,0.0,0.96484375,0.9655172413793104,160,49,55,0.6571428571428571,0.580952380952381,0.5523809523809524,11.517728000000007,30.961012079365084,24.337589,0.0,0.45217391304347826,0.03333333333333333,69,61,58,0.625615763546798,0.27586206896551724,0.2315270935960591,2.777999,6.529559,6.10734,0.0,0.828,0.7768924302788844,127,56,47
1212,0.8229166666666666,0.2552083333333333,0.3020833333333333,101.11698733333327,103.91926,136.70987533333331,0.0,0.9545454545454546,0.9521531100478469,158,49,58,0.6571428571428571,0.5619047619047619,0.5523809523809524,11.215362000000008,31.48176796825397,23.901262,0.0,0.41414141414141414,0.031578947368421054,69,59,58,0.6108374384236454,0.27586206896551724,0.2512315270935961,2.833257,6.556068,6.072554,0.0,0.8326693227091634,0.7900763358778626,124,56,51
1213,0.8489583333333334,0.2552083333333333,0.3020833333333333,102.89382933333329,100.887022,135.0015403333333,0.03333333333333333,0.9695817490494296,0.975609756097561,163,49,58,0.6666666666666666,0.5238095238095238,0.5333333333333333,11.157368571428583,31.51363985714286,23.973164,0.0,0.4,0.03409090909090909,70,55,56,0.6059113300492611,0.2857142857142857,0.2561576354679803,2.837698,6.539202,6.125757,0.0,0.8274509803921568,0.8,123,58,52
1214,0.8125,0.25,0.296875,106.6410006666666,101.468377,135.0180113333333,0.0,0.9728682170542635,0.9715639810426541,156,48,57,0.6666666666666666,0.5619047619047619,0.5428571428571428,11.469773000000007,31.433501190476186,23.858981,0.0,0.411214953271028,0.043478260869565216,70,59,57,0.6009852216748769,0.29064039408866993,0.2315270935960591,2.826636,6.572627,6.130229,0.0,0.8523206751054853,0.7876447876447876,122,59,47
1215,0.8385416666666666,0.25,0.3020833333333333,97.99355666666662,99.977926,131.73347733333333,0.0,0.9615384615384616,0.9715639810426541,161,48,58,0.6666666666666666,0.5142857142857142,0.5619047619047619,11.289645000000007,31.69976353968254,23.714939,0.0,0.48,0.043478260869565216,70,54,59,0.6059113300492611,0.28078817733990147,0.2413793103448276,2.769577,6.559058,6.043483,0.0,0.8299595141700404,0.7647058823529411,123,57,49
1216,0.8333333333333334,0.25,0.3020833333333333,103.91879099999996,98.326311,131.58462933333334,0.043478260869565216,0.9691119691119691,0.9669811320754716,160,48,58,0.6761904761904762,0.5523809523809524,0.580952380952381,11.573184428571437,31.22193853968254,23.597859,0.01098901098901099,0.4528301886792453,0.05319148936170213,71,58,61,0.5960591133004927,0.270935960591133,0.2561576354679803,2.752226,6.54182,6.01646,0.0,0.8412698412698413,0.7985074626865671,121,55,52
1217,0.8333333333333334,0.25,0.3020833333333333,100.93285399999995,100.709572,132.4246293333333,0.038461538461538464,0.9694656488549618,0.9761904761904762,160,48,58,0.6952380952380952,0.5619047619047619,0.5714285714285714,11.689545000000008,31.551791857142856,23.834221,0.010869565217391304,0.4117647058823529,0.053763440860215055,73,59,60,0.5911330049261084,0.2857142857142857,0.24630541871921183,2.688277,6.55658,6.078473,0.0,0.8373983739837398,0.8206106870229007,120,58,50
1218,0.8541666666666666,0.25,0.2916666666666667,98.41540699999995,99.986165,136.3670293333333,0.022727272727272728,0.9724409448818898,0.9903381642512077,164,48,56,0.6476190476190476,0.5523809523809524,0.5714285714285714,11.538122571428582,31.69303419047619,23.273551,0.0,0.51,0.053763440860215055,68,58,60,0.5862068965517241,0.2955665024630542,0.2315270935960591,2.805242,6.567938,5.981548,0.0,0.8163265306122449,0.8045977011494253,119,60,47
1219,0.84375,0.25,0.296875,103.25295966666663,101.144123,136.97700733333332,0.18518518518518517,0.984313725490196,0.9626168224299065,162,48,57,0.6476190476190476,0.5142857142857142,0.5428571428571428,11.840588571428581,31.641629857142863,23.538727,0.0,0.4563106796116505,0.04395604395604396,68,54,57,0.5911330049261084,0.28078817733990147,0.24630541871921183,2.733378,6.586298,5.957713,0.0,0.82,0.7794117647058824,120,57,50
1220,0.8697916666666666,0.25,0.3020833333333333,99.30859166666663,101.175019,138.15924933333332,0.16666666666666666,0.980544747081712,0.9669811320754716,167,48,58,0.6476190476190476,0.580952380952381,0.5333333333333333,11.582705000000011,32.1287243968254,23.639753,0.0,0.42105263157894735,0.053763440860215055,68,61,56,0.5763546798029556,0.2857142857142857,0.26108374384236455,2.746944,6.471906,6.012919,0.006134969325153374,0.8244274809160306,0.7947761194029851,117,58,53
1221,0.8333333333333334,0.25,0.3020833333333333,100.0482953333333,101.26614,139.70722633333332,0.23684210526315788,0.9841897233201581,0.9813084112149533,160,48,58,0.6476190476190476,0.5619047619047619,0.5523809523809524,11.489688571428582,32.225413412698416,23.121787,0.011111111111111112,0.46788990825688076,0.043010752688172046,68,59,58,0.5862068965517241,0.28078817733990147,0.24630541871921183,2.744243,6.534872,5.962594,0.0,0.810077519379845,0.7954545454545454,119,57,50
1222,0.8489583333333334,0.24479166666666666,0.296875,98.39281199999995,100.89087985714285,138.62064733333332,0.25,0.9765625,0.9722222222222222,163,47,57,0.6476190476190476,0.5238095238095238,0.5523809523809524,11.43567611111112,31.624650968253974,23.552711,0.0,0.46601941747572817,0.04395604395604396,68,55,58,0.5812807881773399,0.2857142857142857,0.2413793103448276,2.798528,6.460369,5.990162,0.006024096385542169,0.7689530685920578,0.7902621722846442,118,58,49
1223,0.8541666666666666,0.24479166666666666,0.296875,102.2816353333333,99.00755585714285,134.47142333333332,0.13953488372093023,0.972972972972973,0.9727272727272728,164,47,57,0.6476190476190476,0.5523809523809524,0.5619047619047619,10.752128000000011,32.09367474603175,23.206734,0.0,0.45689655172413796,0.033707865168539325,68,58,59,0.5960591133004927,0.2955665024630542,0.23645320197044334,2.753657,6.487671,5.998792,0.0,0.7971014492753623,0.7777777777777778,121,60,48
1224,0.875,0.24479166666666666,0.2916666666666667,100.95150699999995,98.92326185714286,134.30497219047618,0.1724137931034483,0.9652509652509652,0.9815668202764977,168,47,56,0.638095238095238,0.5714285714285714,0.5619047619047619,11.02347200000001,31.663602301587307,23.398816,0.0,0.4036697247706422,0.03409090909090909,67,60,59,0.6108374384236454,0.27586206896551724,0.2561576354679803,2.76485,6.530044,6.048883,0.0,0.8037037037037037,0.7862595419847328,124,56,52
1225,0.859375,0.23958333333333334,0.2916666666666667,99.93966599999996,100.85758771428571,137.5118401904762,0.08823529411764706,0.98046875,0.9592760180995475,165,46,56,0.6476190476190476,0.5333333333333333,0.5523809523809524,10.57601511111112,31.790479079365078,23.320829,0.0,0.46875,0.02247191011235955,68,56,58,0.6157635467980296,0.270935960591133,0.23645320197044334,2.728765,6.469574,5.916251,0.0,0.7832699619771863,0.8102189781021898,125,55,48
1226,0.84375,0.23958333333333334,0.2864583333333333,104.31056566666663,102.138142,137.84004819047618,0.1111111111111111,0.9689922480620154,0.9908256880733946,162,46,55,0.6666666666666666,0.5714285714285714,0.5619047619047619,11.110558000000012,32.08618865079365,23.414139,0.01098901098901099,0.46226415094339623,0.02247191011235955,70,60,59,0.6108374384236454,0.270935960591133,0.2512315270935961,2.687118,6.490207,5.979945,0.0,0.7829181494661922,0.7963636363636364,124,55,51
1227,0.859375,0.234375,0.2864583333333333,100.67502766666661,99.864806,135.1315733333333,0.02564102564102564,0.9612403100775194,0.96875,165,45,55,0.6952380952380952,0.5904761904761905,0.5428571428571428,11.586833428571436,32.46546907936508,23.254987,0.010526315789473684,0.41346153846153844,0.022988505747126436,73,62,57,0.6108374384236454,0.28078817733990147,0.23645320197044334,2.721203,6.469213,5.949641,0.0,0.7977941176470589,0.8072727272727273,124,57,48
1228,0.859375,0.23958333333333334,0.28125,102.44616099999995,99.305575,134.6697693333333,0.0,0.9765625,0.9775784753363229,165,46,54,0.6571428571428571,0.5238095238095238,0.5523809523809524,11.29220011111112,32.32334219047619,23.862991,0.011111111111111112,0.46,0.043478260869565216,69,55,58,0.6157635467980296,0.28078817733990147,0.2413793103448276,2.735315,6.424616,5.950725,0.0,0.7822878228782287,0.7859778597785978,125,57,49
1229,0.859375,0.23958333333333334,0.2864583333333333,101.21182399999994,101.209938,136.9764913333333,0.0,0.9846153846153847,0.9730941704035875,165,46,55,0.6761904761904762,0.5523809523809524,0.5428571428571428,11.345980571428582,32.20351396825397,23.124298,0.0,0.4224137931034483,0.06315789473684211,71,58,57,0.6108374384236454,0.27586206896551724,0.2512315270935961,2.732466,6.47067,5.857674,0.005847953216374269,0.7607142857142857,0.7992831541218638,124,56,51
1230,0.8385416666666666,0.23958333333333334,0.2864583333333333,103.90718066666662,99.717519,135.8406293333333,0.04,0.9809885931558935,0.9727272727272728,161,46,55,0.6666666666666666,0.5714285714285714,0.5714285714285714,11.70482122222223,31.97032952380953,23.381275,0.0,0.4722222222222222,0.06315789473684211,70,60,60,0.6108374384236454,0.2857142857142857,0.2561576354679803,2.732934,6.413975,5.901019,0.0,0.776595744680851,0.8127340823970037,124,58,52
1231,0.8489583333333334,0.23958333333333334,0.2864583333333333,108.39866233333325,101.597941,138.50131033333332,0.025,0.9727626459143969,0.9730941704035875,163,46,55,0.6761904761904762,0.5714285714285714,0.6,11.847037777777787,32.31112607936509,23.333125,0.0,0.45544554455445546,0.0625,71,60,63,0.6157635467980296,0.2955665024630542,0.2413793103448276,2.742061,6.480782,5.873867,0.005714285714285714,0.7730496453900709,0.8028673835125448,125,60,49
1232,0.859375,0.234375,0.2864583333333333,103.00835866666662,101.166516,138.86152033333332,0.0,0.9807692307692307,0.9864864864864865,165,45,55,0.6666666666666666,0.6,0.6190476190476191,11.427626888888899,32.167114968253976,23.564893,0.0,0.47706422018348627,0.09183673469387756,70,63,65,0.6157635467980296,0.2857142857142857,0.2512315270935961,2.719582,6.447145,5.930909,0.011560693641618497,0.7773722627737226,0.7943262411347518,125,58,51
1233,0.8385416666666666,0.23958333333333334,0.2864583333333333,105.96527233333329,99.809929,135.18525233333332,0.0,0.9591078066914498,0.973568281938326,161,46,55,0.6666666666666666,0.5523809523809524,0.6476190476190476,11.166659000000012,32.07257176190476,23.834484,0.010638297872340425,0.45714285714285713,0.11,70,58,68,0.625615763546798,0.270935960591133,0.24630541871921183,2.743672,6.439117,5.868854,0.0,0.7977941176470589,0.8127208480565371,127,55,50
1234,0.8229166666666666,0.234375,0.2864583333333333,102.84829333333329,100.583269,137.77670833333332,0.0,0.9845559845559846,0.9655172413793104,158,45,55,0.6571428571428571,0.6,0.6571428571428571,11.237510111111119,32.23522730158731,24.251383,0.0,0.4807692307692308,0.1346153846153846,69,63,69,0.6305418719211823,0.2857142857142857,0.2561576354679803,2.736982,6.461697,5.864509,0.0,0.7859778597785978,0.8070175438596491,128,58,52
1235,0.859375,0.234375,0.28125,102.43061099999994,100.514318,138.4173493333333,0.0,0.9810606060606061,0.9739130434782609,165,45,54,0.6666666666666666,0.5714285714285714,0.6476190476190476,11.137743111111119,31.979672079365084,23.943153,0.02197802197802198,0.4716981132075472,0.14563106796116504,70,60,68,0.6403940886699507,0.27586206896551724,0.26108374384236455,2.746563,6.382588,5.870132,0.011299435028248588,0.7955390334572491,0.8082191780821918,130,56,53
1236,0.84375,0.22916666666666666,0.28125,102.63929499999996,99.240713,135.08152033333332,0.0,0.9738805970149254,0.9658119658119658,162,44,54,0.6666666666666666,0.5619047619047619,0.6285714285714286,11.1056908888889,32.25994885714286,24.506297,0.010638297872340425,0.4666666666666667,0.11224489795918367,70,59,66,0.6403940886699507,0.27586206896551724,0.26108374384236455,2.728302,6.371027,5.910861,0.0,0.7924528301886793,0.8197879858657244,130,56,53
1237,0.84375,0.22916666666666666,0.2864583333333333,99.55424266666661,98.206295,135.5015203333333,0.0,0.9885496183206107,0.9914529914529915,162,44,55,0.6761904761904762,0.5619047619047619,0.6,11.5087618888889,32.60267117460318,24.785167,0.010638297872340425,0.41237113402061853,0.11224489795918367,71,59,63,0.6354679802955665,0.27586206896551724,0.2561576354679803,2.765373,6.353412,5.974599,0.0,0.7835820895522388,0.8098591549295775,129,56,52
1238,0.8489583333333334,0.22916666666666666,0.2760416666666667,103.89675266666663,97.533379,135.7815203333333,0.034482758620689655,0.9743589743589743,0.9791666666666666,163,44,53,0.6571428571428571,0.580952380952381,0.6190476190476191,10.652979111111119,31.731576079365087,24.881919,0.010638297872340425,0.4485981308411215,0.11538461538461539,69,61,65,0.625615763546798,0.28078817733990147,0.2512315270935961,2.763402,6.374998,5.939215,0.005649717514124294,0.7802197802197802,0.7993079584775087,127,57,51
1239,0.8645833333333334,0.22916666666666666,0.2864583333333333,102.07092666666662,95.773905,138.7522053333333,0.0,0.9605734767025089,0.9708333333333333,166,44,55,0.6666666666666666,0.5523809523809524,0.5904761904761905,11.126653428571437,31.939647714285723,24.819136,0.0,0.4807692307692308,0.10784313725490197,70,58,62,0.6305418719211823,0.29064039408866993,0.2561576354679803,2.710009,6.386726,5.978759,0.0,0.7813620071684588,0.8194444444444444,128,59,52
1240,0.8385416666666666,0.22916666666666666,0.28125,103.6550696666666,95.830007,140.36380333333332,0.0,0.9813432835820896,0.9710743801652892,161,44,54,0.6952380952380952,0.5619047619047619,0.6,11.184747317460328,31.69140607936508,24.590788,0.0,0.43119266055045874,0.09900990099009901,73,59,63,0.6551724137931034,0.2857142857142857,0.26108374384236455,2.76864,6.385928,5.943838,0.0,0.7913669064748201,0.8021201413427562,133,58,53
1241,0.859375,0.22916666666666666,0.28125,102.38843233333328,98.902355,138.31611833333332,0.0,0.9744525547445255,0.9916317991631799,165,44,54,0.6761904761904762,0.6,0.6285714285714286,10.872085777777787,31.96857652380953,24.701912,0.0,0.48484848484848486,0.07920792079207921,71,63,66,0.6502463054187192,0.2857142857142857,0.2512315270935961,2.724548,6.363793,5.895861,0.0,0.7614035087719299,0.8035087719298246,132,58,51
1242,0.859375,0.22916666666666666,0.28125,99.75282666666662,98.379874,135.81565733333332,0.0,0.9925650557620818,0.9795081967213115,165,44,54,0.6952380952380952,0.6,0.6476190476190476,11.001939111111124,32.122269968253974,24.40054,0.021052631578947368,0.43243243243243246,0.09,73,63,68,0.6502463054187192,0.29064039408866993,0.2561576354679803,2.747295,6.464322,5.928856,0.0111731843575419,0.7841726618705036,0.8,132,59,52
1243,0.8541666666666666,0.22916666666666666,0.28125,103.97346399999994,97.548737,137.9875243333333,0.0,0.985239852398524,0.9711934156378601,164,44,54,0.7142857142857143,0.5904761904761905,0.6285714285714286,11.51449811111112,31.855788507936516,24.175539,0.010416666666666666,0.4918032786885246,0.08,75,62,66,0.6502463054187192,0.28078817733990147,0.2512315270935961,2.742693,6.400413,5.927791,0.00558659217877095,0.7859649122807018,0.8181818181818182,132,57,51
1244,0.8489583333333334,0.22916666666666666,0.28125,101.56955466666663,96.958253,134.9016213333333,0.0,0.9706959706959707,0.9629629629629629,163,44,54,0.6761904761904762,0.6095238095238096,0.638095238095238,11.528710539682548,31.8350171904762,24.128021,0.0,0.43119266055045874,0.07920792079207921,71,64,67,0.6403940886699507,0.27586206896551724,0.2561576354679803,2.697756,6.402156,5.92605,0.011049723756906077,0.7676056338028169,0.8049645390070922,130,56,52
1245,0.859375,0.22916666666666666,0.28125,98.87230733333328,95.190974,136.5885703333333,0.0,0.9743589743589743,0.9873417721518988,165,44,54,0.6952380952380952,0.5523809523809524,0.6476190476190476,11.614418111111119,31.5489181904762,24.675849,0.0,0.5137614678899083,0.09,73,58,68,0.6403940886699507,0.28078817733990147,0.2561576354679803,2.723192,6.42843,5.84748,0.0,0.7713310580204779,0.8063380281690141,130,57,52
1246,0.8229166666666666,0.2552083333333333,0.296875,102.13614499999996,99.219147,137.94312033333333,0.027777777777777776,0.9635036496350365,0.9504132231404959,158,49,57,0.7142857142857143,0.580952380952381,0.6476190476190476,11.099573000000012,31.807934301587306,24.640796,0.0,0.47619047619047616,0.052083333333333336,75,61,68,0.6305418719211823,0.29064039408866993,0.2561576354679803,2.740227,6.44951,5.914873,0.0,0.7638888888888888,0.8380281690140845,128,59,52
1247,0.859375,0.2552083333333333,0.3020833333333333,103.06763266666663,101.664969,139.40173933333332,0.030303030303030304,0.9624060150375939,0.9955947136563876,165,49,58,0.7047619047619048,0.5714285714285714,0.6571428571428571,11.539507571428581,31.77614328571429,24.530698,0.010638297872340425,0.4336283185840708,0.0707070707070707,74,60,69,0.6305418719211823,0.28078817733990147,0.2512315270935961,2.740653,6.377417,5.930168,0.0,0.7708333333333334,0.8191489361702128,128,57,51
1248,0.8333333333333334,0.2552083333333333,0.3020833333333333,102.13256699999994,101.508708,137.33484933333332,0.0,0.9807692307692307,0.9606986899563319,160,49,58,0.7047619047619048,0.5619047619047619,0.6666666666666666,11.203131111111123,31.579501301587307,24.548908,0.0,0.48,0.058823529411764705,74,59,70,0.6305418719211823,0.29064039408866993,0.2512315270935961,2.796191,6.390603,5.807972,0.00558659217877095,0.7708333333333334,0.8118466898954704,128,59,51
1249,0.8489583333333334,0.2552083333333333,0.296875,103.97953066666659,99.087571,137.53916933333332,0.0,0.9696969696969697,0.9823008849557522,163,49,57,0.7047619047619048,0.5428571428571428,0.6761904761904762,10.885074111111123,31.64934996825398,24.329288,0.010526315789473684,0.49107142857142855,0.06,74,57,71,0.6305418719211823,0.29064039408866993,0.2561576354679803,2.740014,6.409891,5.823878,0.0,0.7916666666666666,0.8226950354609929,128,59,52
1250,0.8489583333333334,0.2552083333333333,0.296875,99.65409666666662,97.974051,138.4892473333333,0.0,0.9846153846153847,0.9572649572649573,163,49,57,0.6857142857142857,0.6190476190476191,0.6761904761904762,11.56316585714287,31.554399857142858,24.325943,0.010309278350515464,0.4298245614035088,0.05102040816326531,72,65,71,0.6403940886699507,0.2955665024630542,0.24630541871921183,2.705881,6.375225,5.828839,0.005494505494505495,0.7839721254355401,0.8327402135231317,130,60,50
1251,0.8697916666666666,0.25,0.296875,103.95339333333328,95.790845,140.2846283333333,0.0,0.9509433962264151,0.974025974025974,167,48,57,0.6952380952380952,0.6,0.6666666666666666,11.184509777777787,31.49151784126985,24.386198,0.010416666666666666,0.4636363636363636,0.03125,73,63,70,0.625615763546798,0.28078817733990147,0.26108374384236455,2.744345,6.384143,5.828245,0.0,0.8035714285714286,0.8064516129032258,127,57,53
1252,0.8541666666666666,0.2552083333333333,0.3020833333333333,101.7560466666666,98.28442,137.14644833333332,0.0,0.9586466165413534,0.9659574468085106,164,49,58,0.6952380952380952,0.5714285714285714,0.6666666666666666,10.789848666666678,31.346430301587304,24.052545,0.010416666666666666,0.5145631067961165,0.04040404040404041,73,60,70,0.6206896551724138,0.2857142857142857,0.2561576354679803,2.783297,6.471736,5.786711,0.0,0.794425087108014,0.8006872852233677,126,58,52
1253,0.8645833333333334,0.2552083333333333,0.3020833333333333,102.43287933333329,100.632729,136.9631203333333,0.0,0.9730769230769231,0.9785407725321889,166,49,58,0.6857142857142857,0.5619047619047619,0.6666666666666666,11.103213333333343,31.47785741269842,24.751432,0.022222222222222223,0.48598130841121495,0.06,72,59,70,0.6108374384236454,0.28078817733990147,0.26108374384236455,2.73813,6.389552,5.911766,0.0,0.7916666666666666,0.8280701754385965,124,57,53
1254,0.8489583333333334,0.3020833333333333,0.34375,106.07916333333327,100.814059,139.41420133333332,0.0,0.9285714285714286,0.9578059071729957,163,58,66,0.7142857142857143,0.580952380952381,0.6761904761904762,11.078952000000012,31.50638807936508,25.01541,0.0,0.4954128440366973,0.04081632653061224,75,61,71,0.6551724137931034,0.30049261083743845,0.33497536945812806,2.754862,6.421803,5.923881,0.0053475935828877,0.7724137931034483,0.7610921501706485,133,61,68
1255,0.8645833333333334,0.3072916666666667,0.3541666666666667,100.25421366666662,106.59675599999998,142.97680233333332,0.0,0.9802371541501976,0.9606986899563319,166,59,68,0.7142857142857143,0.6476190476190476,0.6857142857142857,12.06063000000001,32.14268841269842,24.280218,0.0,0.33980582524271846,0.009708737864077669,75,68,72,0.6600985221674877,0.3103448275862069,0.3497536945812808,2.830847,6.555607,5.879286,0.0,0.7412587412587412,0.707641196013289,134,63,71
1256,0.9010416666666666,0.3072916666666667,0.3541666666666667,111.19552566666661,104.902698,145.43693033333332,0.0,0.9568627450980393,0.9626168224299065,173,59,68,0.7333333333333333,0.6571428571428571,0.6952380952380952,11.923057396825406,32.31061163492063,24.366062,0.0,0.3137254901960784,0.01020408163265306,77,69,73,0.6699507389162561,0.32019704433497537,0.35960591133004927,2.808366,6.53958,5.855901,0.0,0.7084745762711865,0.7491749174917491,136,65,73
1257,0.859375,0.3072916666666667,0.3541666666666667,106.4344446666666,103.974828,144.1720073333333,0.0,0.9724409448818898,0.9598214285714286,165,59,68,0.7142857142857143,0.6571428571428571,0.6857142857142857,11.80721142857144,32.49014217460318,24.407456,0.0,0.3644859813084112,0.01020408163265306,75,69,72,0.6699507389162561,0.33497536945812806,0.35467980295566504,2.871539,6.447121,5.956076,0.0,0.7090301003344481,0.759581881533101,136,68,72
1258,0.8541666666666666,0.3020833333333333,0.3541666666666667,106.61174133333328,100.772229,140.57863433333333,0.03571428571428571,0.9529411764705882,0.9680365296803652,164,58,68,0.7142857142857143,0.7142857142857143,0.6952380952380952,11.449123111111122,31.910193746031755,24.458293,0.0,0.36036036036036034,0.010101010101010102,75,75,73,0.6600985221674877,0.3497536945812808,0.3399014778325123,2.786077,6.502011,5.964788,0.0,0.7073170731707317,0.7097902097902098,134,71,69
1259,0.90625,0.3072916666666667,0.3541666666666667,105.65245199999993,99.314136,141.64057133333333,0.08333333333333333,0.9488188976377953,0.9557522123893806,174,59,68,0.7142857142857143,0.5904761904761905,0.6857142857142857,11.941319571428583,32.222154873015874,24.545396,0.0,0.3617021276595745,0.0,75,62,72,0.645320197044335,0.3645320197044335,0.35960591133004927,2.788499,6.542522,5.861799,0.0,0.7084745762711865,0.7133333333333334,131,74,73
1260,0.890625,0.3072916666666667,0.3541666666666667,107.51812333333325,101.04591,142.3666133333333,0.0,0.9641434262948207,0.981651376146789,171,59,68,0.7333333333333333,0.6190476190476191,0.6761904761904762,11.794177428571441,31.879696190476196,24.72725,0.0,0.34513274336283184,0.029411764705882353,77,65,71,0.6600985221674877,0.3645320197044335,0.3497536945812808,2.76277,6.522709,5.847171,0.0,0.6996587030716723,0.7651006711409396,134,74,71
1261,0.8802083333333334,0.3072916666666667,0.3489583333333333,107.97898666666661,100.200627,139.3533653333333,0.07407407407407407,0.9459459459459459,0.9815668202764977,169,59,67,0.7142857142857143,0.6476190476190476,0.6666666666666666,11.90282165079366,32.10727841269842,25.035754,0.0,0.4,0.01020408163265306,75,68,70,0.6551724137931034,0.35467980295566504,0.35467980295566504,2.859677,6.504973,6.031677,0.0,0.711864406779661,0.7453874538745388,133,72,72
1262,0.8854166666666666,0.3072916666666667,0.3489583333333333,109.95214066666658,99.990753,139.44657733333332,0.0,0.9601593625498008,0.9427312775330396,170,59,67,0.7142857142857143,0.7047619047619048,0.6571428571428571,12.12686842857144,32.471784746031744,25.26736,0.0,0.3333333333333333,0.020202020202020204,75,74,69,0.6502463054187192,0.3497536945812808,0.3497536945812808,2.781006,6.543641,5.92159,0.0,0.7092198581560284,0.7040816326530612,132,71,71
1263,0.8958333333333334,0.3072916666666667,0.3541666666666667,106.90601633333328,100.834443,140.8573133333333,0.0,0.9598393574297188,0.9771689497716894,172,59,68,0.6952380952380952,0.7047619047619048,0.6476190476190476,11.396000571428582,32.0238653968254,24.715116,0.0,0.3577981651376147,0.019801980198019802,73,74,68,0.6551724137931034,0.3497536945812808,0.35467980295566504,2.734193,6.575558,5.937732,0.0,0.6724137931034483,0.7425742574257426,133,71,72
1264,0.9114583333333334,0.3072916666666667,0.3541666666666667,106.12019633333327,97.85944,141.7388303333333,0.08,0.9448818897637795,0.944954128440367,175,59,68,0.6857142857142857,0.6857142857142857,0.6285714285714286,11.282875539682552,32.31730307936509,24.588131,0.0,0.36082474226804123,0.020202020202020204,72,72,66,0.6403940886699507,0.37438423645320196,0.35960591133004927,2.746876,6.520789,6.103187,0.0,0.69,0.7571428571428571,130,76,73
1265,0.8697916666666666,0.3072916666666667,0.3541666666666667,107.91755966666659,103.100482,143.8474333333333,0.03225806451612903,0.9561752988047809,0.9765258215962441,167,59,68,0.6761904761904762,0.7047619047619048,0.6285714285714286,11.248674000000012,32.01380385714286,24.33815,0.0,0.3761467889908257,0.03125,71,74,66,0.6206896551724138,0.3793103448275862,0.3448275862068966,2.79213,6.651062,6.078104,0.005376344086021506,0.7194244604316546,0.7210144927536232,126,77,70
1266,0.875,0.3072916666666667,0.34375,110.09329533333327,102.774128,143.04747733333332,0.06451612903225806,0.9634146341463414,0.9761904761904762,168,59,66,0.6857142857142857,0.5904761904761905,0.6285714285714286,11.512964571428583,32.01272285714287,24.747376,0.0,0.3870967741935484,0.031578947368421054,72,62,66,0.6206896551724138,0.3645320197044335,0.35960591133004927,2.772188,6.653177,6.054019,0.010810810810810811,0.6989247311827957,0.711864406779661,126,74,73
1267,0.8802083333333334,0.3072916666666667,0.3541666666666667,104.14353833333325,102.454133,143.45991833333332,0.07142857142857142,0.9486166007905138,0.9466666666666667,169,59,68,0.6761904761904762,0.6857142857142857,0.638095238095238,11.4725758888889,32.3423173015873,24.618186,0.0,0.35454545454545455,0.0,71,72,67,0.6354679802955665,0.3645320197044335,0.35960591133004927,2.757875,6.582542,6.056007,0.0,0.6819787985865724,0.7491289198606271,129,74,73
1268,0.8697916666666666,0.3020833333333333,0.3489583333333333,104.48943333333327,104.096527,143.09763733333332,0.034482758620689655,0.972,0.9513274336283186,167,58,67,0.6857142857142857,0.6571428571428571,0.6761904761904762,11.320112142857154,32.92331207936508,24.321859,0.0,0.3979591836734694,0.0297029702970297,72,69,71,0.6403940886699507,0.3694581280788177,0.3497536945812808,2.784951,6.662027,6.130113,0.0053475935828877,0.7086330935251799,0.75,130,75,71
1269,0.890625,0.3333333333333333,0.3645833333333333,111.12071666666658,102.70427,143.7709713333333,0.0,0.952755905511811,0.9684684684684685,171,64,70,0.7047619047619048,0.7047619047619048,0.6857142857142857,11.76581942857144,32.30660496825397,24.582531,0.0,0.29411764705882354,0.0594059405940594,74,74,72,0.6403940886699507,0.41379310344827586,0.37438423645320196,2.738909,6.735383,6.123686,0.0,0.6737588652482269,0.6989247311827957,130,84,76
1270,0.9166666666666666,0.3333333333333333,0.3802083333333333,109.9620329999999,101.232319,143.09014333333332,0.06666666666666667,0.9484126984126984,0.9424778761061947,176,64,73,0.7047619047619048,0.7523809523809524,0.6857142857142857,11.50202000000001,33.013436301587305,24.302586,0.0,0.29,0.02,74,79,72,0.6600985221674877,0.4088669950738916,0.39408866995073893,2.849687,6.705965,6.068397,0.0,0.6494845360824743,0.6989966555183946,134,83,80
1271,0.921875,0.3333333333333333,0.3802083333333333,108.93960733333326,102.277671,141.98626233333331,0.0,0.9561752988047809,0.9594594594594594,177,64,73,0.7047619047619048,0.6952380952380952,0.6952380952380952,11.765142000000012,32.89554996825397,24.455769,0.0,0.297029702970297,0.029411764705882353,74,73,73,0.6699507389162561,0.39901477832512317,0.4039408866995074,2.821527,6.744473,6.116191,0.0,0.6666666666666666,0.725752508361204,136,81,82
1272,0.8802083333333334,0.3333333333333333,0.3802083333333333,111.04543166666657,101.481925,139.6794413333333,0.07142857142857142,0.933852140077821,0.95,169,64,73,0.6761904761904762,0.6952380952380952,0.6952380952380952,11.5180688888889,33.06988807936508,24.57614,0.0,0.2755102040816326,0.0196078431372549,71,73,73,0.6847290640394089,0.4039408866995074,0.39408866995073893,2.799537,6.768845,6.414741,0.00510204081632653,0.6402877697841727,0.7304964539007093,139,82,80
1273,0.921875,0.3333333333333333,0.3802083333333333,107.85782466666659,102.190205,139.9835163333333,0.02702702702702703,0.9713114754098361,0.9424778761061947,177,64,73,0.6666666666666666,0.6761904761904762,0.6952380952380952,11.195431000000012,32.77382707936508,24.919443,0.0,0.28,0.019801980198019802,70,71,73,0.6847290640394089,0.3891625615763547,0.3842364532019704,2.853151,6.813709,6.186091,0.0,0.6493055555555556,0.6745762711864407,139,79,78
1274,0.90625,0.328125,0.375,110.50254733333327,99.762536,141.44312033333333,0.0,0.9382239382239382,0.9819004524886877,174,63,72,0.7047619047619048,0.7238095238095238,0.6761904761904762,11.869924111111123,33.24147228571429,25.098566,0.009900990099009901,0.29411764705882354,0.0,74,76,71,0.7093596059113301,0.41379310344827586,0.4088669950738916,2.835548,6.829762,6.108745,0.0,0.6452702702702703,0.6986754966887417,144,84,83
1275,0.9010416666666666,0.3333333333333333,0.375,110.06616799999992,101.448076,144.17921933333332,0.02631578947368421,0.952755905511811,0.9733333333333334,173,64,72,0.7047619047619048,0.7238095238095238,0.6857142857142857,11.705786777777787,32.95097115873016,24.965794,0.0,0.3137254901960784,0.0196078431372549,74,76,72,0.6945812807881774,0.4187192118226601,0.4088669950738916,2.838382,6.884464,6.268864,0.0,0.6678200692041523,0.7397260273972602,141,85,83
1276,0.9114583333333334,0.3333333333333333,0.3697916666666667,108.7502556666666,102.148879,142.0607466666667,0.06896551724137931,0.9724409448818898,0.9778761061946902,175,64,71,0.7047619047619048,0.6190476190476191,0.6761904761904762,11.627697428571441,33.42709507936508,24.645864,0.0,0.3218390804597701,0.010101010101010102,74,65,71,0.6995073891625616,0.42857142857142855,0.39901477832512317,2.815748,6.984405,6.459568,0.0,0.6737588652482269,0.7021276595744681,142,87,81
1277,0.9166666666666666,0.3333333333333333,0.3802083333333333,108.49263833333328,101.740059,141.263238,0.02702702702702703,0.9578544061302682,0.9695652173913043,176,64,73,0.6952380952380952,0.6857142857142857,0.6857142857142857,11.422947682539695,33.33147641269841,24.691674,0.0,0.29292929292929293,0.00980392156862745,73,72,72,0.7142857142857143,0.4039408866995074,0.3891625615763547,2.827996,6.888373,6.224948,0.0,0.662020905923345,0.6699346405228758,145,82,79
1278,0.921875,0.3333333333333333,0.3697916666666667,108.43334733333329,101.39699,143.74700133333332,0.0,0.9607843137254902,0.9642857142857143,177,64,71,0.6952380952380952,0.6666666666666666,0.6666666666666666,11.676263000000011,33.71289607936508,24.875487,0.0,0.3404255319148936,0.019801980198019802,73,70,70,0.7044334975369458,0.4088669950738916,0.39901477832512317,2.812173,6.956296,6.2112,0.005128205128205128,0.657439446366782,0.7156862745098039,143,83,81
1279,0.9114583333333334,0.3333333333333333,0.375,106.42230066666662,101.639458,137.91807333333333,0.0,0.9568627450980393,0.9487179487179487,175,64,72,0.6952380952380952,0.6666666666666666,0.6761904761904762,12.1696078888889,33.31305052380953,24.113881,0.0,0.3191489361702128,0.02857142857142857,73,70,71,0.7044334975369458,0.4187192118226601,0.39408866995073893,2.867956,6.962611,6.371135,0.0,0.6713286713286714,0.7098976109215017,143,85,80
1280,0.9010416666666666,0.328125,0.375,112.85636933333323,100.08235,139.76312033333332,0.0,0.9484126984126984,0.9559471365638766,173,63,72,0.7047619047619048,0.7238095238095238,0.7047619047619048,11.337934000000011,33.06756174603175,24.483102,0.0,0.32038834951456313,0.038461538461538464,74,76,74,0.7044334975369458,0.4187192118226601,0.39901477832512317,2.842413,6.922242,6.342071,0.0,0.6666666666666666,0.6822742474916388,143,85,81
1281,0.9114583333333334,0.328125,0.375,109.60070633333324,104.044693,142.1620803333333,0.0,0.9678714859437751,0.9863636363636363,175,63,72,0.7047619047619048,0.7238095238095238,0.7333333333333333,11.407173888888899,33.65321096825397,24.536519,0.0,0.29591836734693877,0.037383177570093455,74,76,77,0.7093596059113301,0.4088669950738916,0.4039408866995074,2.805211,6.88934,6.175615,0.0,0.6783216783216783,0.6778523489932886,144,83,82
1282,0.9427083333333334,0.3333333333333333,0.3697916666666667,109.51028999999993,102.099719,142.98344633333332,0.03225806451612903,0.9682539682539683,0.9487179487179487,181,64,71,0.7047619047619048,0.6571428571428571,0.7142857142857143,11.627819111111123,33.76854585714286,24.908324,0.0,0.2777777777777778,0.029411764705882353,74,69,75,0.7192118226600985,0.41379310344827586,0.4039408866995074,2.847722,6.953214,6.318501,0.00510204081632653,0.6791808873720137,0.7123745819397993,146,84,82
1283,0.9114583333333334,0.3333333333333333,0.3802083333333333,106.83872466666662,102.21393,139.54906633333331,0.03125,0.9438202247191011,0.9652173913043478,175,64,73,0.7333333333333333,0.6476190476190476,0.7047619047619048,11.918185333333343,33.38774250793651,24.519381,0.0,0.28865979381443296,0.02830188679245283,77,68,74,0.7192118226600985,0.39901477832512317,0.3842364532019704,2.885299,6.897509,6.325059,0.0,0.6754098360655738,0.7070707070707071,146,81,78
1284,0.90625,0.3333333333333333,0.3802083333333333,105.2574329999999,104.543409,139.9068883333333,0.0,0.9391634980988594,0.9737991266375546,174,64,73,0.7428571428571429,0.6666666666666666,0.7047619047619048,11.74246400000001,33.168239746031745,24.916875,0.0,0.26881720430107525,0.029411764705882353,78,70,74,0.729064039408867,0.4039408866995074,0.4039408866995074,2.856195,6.962483,6.31647,0.0,0.6511627906976745,0.6905537459283387,148,82,82
1285,0.9166666666666666,0.3333333333333333,0.3802083333333333,106.59472133333327,104.475357,138.4581893333333,0.058823529411764705,0.9615384615384616,0.9517543859649122,176,64,73,0.7428571428571429,0.7238095238095238,0.7238095238095238,11.5598838888889,33.54225930158731,25.166102,0.0,0.2631578947368421,0.028037383177570093,78,76,76,0.7241379310344828,0.41379310344827586,0.39901477832512317,2.804273,6.946579,6.264272,0.0,0.6527331189710611,0.6887417218543046,147,84,81
1286,0.9114583333333334,0.328125,0.3802083333333333,108.87017599999992,104.802997,142.6191103333333,0.05555555555555555,0.9651162790697675,0.9606986899563319,175,63,73,0.7047619047619048,0.7619047619047619,0.7238095238095238,11.458403000000011,33.83423161904762,24.713676,0.0,0.24719101123595505,0.03773584905660377,74,80,76,0.729064039408867,0.4187192118226601,0.39901477832512317,2.796338,6.933823,6.254787,0.010050251256281407,0.673469387755102,0.6891891891891891,148,85,81
1287,0.9270833333333334,0.3333333333333333,0.3697916666666667,107.30474233333327,105.584091,141.78928333333332,0.0,0.95703125,0.9649122807017544,178,64,71,0.7333333333333333,0.7523809523809524,0.7047619047619048,11.535772222222235,33.12377885714286,24.840711,0.0,0.25274725274725274,0.028846153846153848,77,79,74,0.7241379310344828,0.43349753694581283,0.4039408866995074,2.829984,6.920073,6.29095,0.0,0.6678082191780822,0.7009966777408638,147,88,82
1288,0.90625,0.328125,0.375,106.71383999999992,105.076395,144.88764433333333,0.0,0.9615384615384616,0.9521739130434783,174,63,72,0.7523809523809524,0.7238095238095238,0.7047619047619048,11.561495000000011,33.02017441269842,24.764991,0.0,0.19767441860465115,0.05714285714285714,79,76,74,0.7339901477832512,0.42857142857142855,0.39408866995073893,2.852753,6.903907,6.287281,0.0,0.6815068493150684,0.696969696969697,149,87,80
1289,0.9322916666666666,0.328125,0.375,105.40151166666658,103.127307,142.6397583333333,0.0,0.9356060606060606,0.9775784753363229,179,63,72,0.7238095238095238,0.7142857142857143,0.7047619047619048,11.843196650793665,33.016674730158734,24.132857,0.0,0.22093023255813954,0.038461538461538464,76,75,74,0.7389162561576355,0.43349753694581283,0.3891625615763547,2.849196,6.886859,6.210549,0.0,0.6917808219178082,0.7114754098360656,150,88,79
1290,0.9270833333333334,0.3333333333333333,0.375,106.41333466666659,101.515217,140.32477633333332,0.0,0.9440298507462687,0.960352422907489,178,64,72,0.7333333333333333,0.7047619047619048,0.7238095238095238,12.112829000000012,33.395045746031755,25.051029,0.0,0.22988505747126436,0.009900990099009901,77,74,76,0.7438423645320197,0.42857142857142855,0.4088669950738916,2.925227,7.003427,6.28636,0.0,0.6983050847457627,0.6925675675675675,151,87,83
1291,0.9270833333333334,0.3333333333333333,0.375,104.81210599999994,104.086391,142.20910533333333,0.027777777777777776,0.9606299212598425,0.9642857142857143,178,64,72,0.7142857142857143,0.7428571428571429,0.7238095238095238,11.854036000000011,33.89950385714287,24.898683,0.0,0.22988505747126436,0.010101010101010102,75,78,76,0.7438423645320197,0.4088669950738916,0.4088669950738916,2.827528,6.991998,6.308509,0.009900990099009901,0.6845637583892618,0.7147540983606557,151,83,83
1292,0.9375,0.3333333333333333,0.3802083333333333,108.62334199999992,105.310715,140.2494133333333,0.08571428571428572,0.9578544061302682,0.9776785714285714,180,64,73,0.7142857142857143,0.7142857142857143,0.7047619047619048,12.12356400000001,33.81384096825398,24.731998,0.009900990099009901,0.18604651162790697,0.05825242718446602,75,75,74,0.7438423645320197,0.4187192118226601,0.4039408866995074,2.864408,6.965217,6.324752,0.005,0.7013422818791947,0.714765100671141,151,85,82
1293,0.890625,0.328125,0.3802083333333333,109.23464699999992,104.960169,141.1936433333333,0.06060606060606061,0.9681274900398407,0.9517543859649122,171,63,73,0.7333333333333333,0.7428571428571429,0.6857142857142857,12.457428888888902,33.79242342857143,24.959211,0.0,0.23333333333333334,0.02912621359223301,77,78,72,0.7487684729064039,0.43349753694581283,0.39408866995073893,2.87649,6.886601,6.316634,0.0,0.7074829931972789,0.7080536912751678,152,88,80
1294,0.9166666666666666,0.3333333333333333,0.375,107.01733699999993,103.781113,141.7329133333333,0.11363636363636363,0.95703125,0.9732142857142857,176,64,72,0.7238095238095238,0.7428571428571429,0.6761904761904762,11.958992000000014,33.77894796825397,24.628992,0.0,0.19540229885057472,0.04807692307692308,76,78,71,0.7487684729064039,0.43349753694581283,0.4088669950738916,2.882043,6.936935,6.361363,0.0,0.7359154929577465,0.7100977198697068,152,88,83
1295,0.9322916666666666,0.328125,0.375,105.68462433333328,106.996815,140.8131203333333,0.061224489795918366,0.9453125,0.9728506787330317,179,63,72,0.7238095238095238,0.6952380952380952,0.6666666666666666,12.018978000000015,33.24030707936508,25.209979,0.0,0.20930232558139536,0.02857142857142857,76,73,70,0.7536945812807881,0.4236453201970443,0.4088669950738916,2.880703,7.084762,6.400593,0.0,0.734982332155477,0.7124183006535948,153,86,83
1296,0.9270833333333334,0.328125,0.3802083333333333,104.71594266666659,106.29869499999998,141.5369463333333,0.13513513513513514,0.9610894941634242,0.9819004524886877,178,63,73,0.7523809523809524,0.6952380952380952,0.6666666666666666,11.918610000000015,33.9920983968254,24.733008,0.0,0.26881720430107525,0.04672897196261682,79,73,70,0.7389162561576355,0.39901477832512317,0.4039408866995074,2.827443,7.026633,6.354414,0.0,0.726962457337884,0.7184466019417476,150,81,82
1297,0.921875,0.328125,0.375,109.66172199999991,106.59119,143.37312433333332,0.15,0.9461538461538461,0.96875,177,63,72,0.7333333333333333,0.780952380952381,0.6571428571428571,11.858710000000015,33.92265817460318,25.285653,0.0,0.19387755102040816,0.0392156862745098,77,82,69,0.7487684729064039,0.39901477832512317,0.4088669950738916,2.858618,7.021588,6.346493,0.0,0.7202797202797203,0.7243589743589743,152,81,83
1298,0.9166666666666666,0.3333333333333333,0.3802083333333333,109.13363133333326,104.871042,143.94305433333332,0.19047619047619047,0.9556451612903226,0.9694323144104804,176,64,73,0.7333333333333333,0.7904761904761904,0.6571428571428571,12.060483000000016,33.259239857142866,24.920302,0.0,0.16853932584269662,0.028846153846153848,77,83,69,0.7487684729064039,0.4039408866995074,0.4039408866995074,2.908853,7.072891,6.353284,0.0,0.7331081081081081,0.7239057239057239,152,82,82
1299,0.8958333333333334,0.3333333333333333,0.375,111.30245699999989,104.057752,141.3901603333333,0.1388888888888889,0.9717741935483871,0.9647577092511013,172,64,72,0.7142857142857143,0.7619047619047619,0.6666666666666666,12.099341000000015,33.48415661904762,24.780443,0.0,0.20454545454545456,0.009345794392523364,75,80,70,0.7536945812807881,0.42857142857142855,0.4039408866995074,2.893698,7.013878,6.344413,0.0,0.7186440677966102,0.7109634551495017,153,87,82
1300,0.9270833333333334,0.3333333333333333,0.375,107.84353533333325,100.833632,141.5831203333333,0.1568627450980392,0.9606299212598425,0.9449152542372882,178,64,72,0.6952380952380952,0.7333333333333333,0.6761904761904762,12.13467442857144,33.707296507936505,24.580404,0.0,0.2087912087912088,0.019230769230769232,73,77,71,0.7438423645320197,0.42857142857142855,0.39901477832512317,2.899896,6.997895,6.379325,0.0,0.7377622377622378,0.7161290322580646,151,87,81
1301,0.9270833333333334,0.3333333333333333,0.375,108.09286733333325,100.668713,141.95230833333332,0.15789473684210525,0.9459459459459459,0.9820627802690582,178,64,72,0.7047619047619048,0.7523809523809524,0.638095238095238,12.041559428571441,33.39485107936508,24.644743,0.0,0.15555555555555556,0.0,74,79,67,0.7536945812807881,0.42857142857142855,0.39901477832512317,2.880824,7.081199,6.408394,0.0,0.7403508771929824,0.7098976109215017,153,87,81
1302,0.9114583333333334,0.3333333333333333,0.3697916666666667,109.47293733333325,100.390024,141.6483553333333,0.10714285714285714,0.9274809160305344,0.9605263157894737,175,64,71,0.7047619047619048,0.7619047619047619,0.6476190476190476,11.963484000000015,33.34327930158731,24.987163,0.0,0.21978021978021978,0.027777777777777776,74,80,68,0.7389162561576355,0.4187192118226601,0.39408866995073893,2.872658,7.063085,6.321807,0.0,0.721830985915493,0.6963696369636964,150,85,80
1303,0.921875,0.328125,0.3802083333333333,112.43501099999992,104.53885799999999,139.64295133333331,0.08695652173913043,0.9795081967213115,0.9734513274336283,177,63,73,0.6952380952380952,0.7047619047619048,0.638095238095238,12.291854571428585,33.55856711111111,25.015261,0.0,0.17045454545454544,0.019230769230769232,73,74,67,0.7438423645320197,0.41379310344827586,0.39901477832512317,2.92074,7.050612,6.269078,0.0,0.7420494699646644,0.7119741100323624,151,84,81
1304,0.9270833333333334,0.3333333333333333,0.375,105.15963966666659,107.360298,140.84016633333331,0.05405405405405406,0.9551020408163265,0.9819819819819819,178,64,72,0.6857142857142857,0.7619047619047619,0.638095238095238,12.365320000000015,33.41314484126984,25.197468,0.0,0.1875,0.01904761904761905,72,80,67,0.729064039408867,0.42857142857142855,0.39901477832512317,2.980056,7.036605,6.445304,0.0,0.7455830388692579,0.7275747508305648,148,87,81
1305,0.9270833333333334,0.2604166666666667,0.2760416666666667,107.64217499999992,86.39483833333333,107.92575066666666,0.03125,0.9565217391304348,0.9558823529411765,178,50,53,0.6857142857142857,0.5523809523809524,0.5142857142857142,12.909104111111123,23.85035828571429,17.261934,0.0,0.17647058823529413,0.0196078431372549,72,58,54,0.7241379310344828,0.3448275862068966,0.2857142857142857,2.95524,5.226041,4.952263,0.0,0.7566539923954373,0.7232472324723247,147,70,58
1306,0.9322916666666666,0.2604166666666667,0.28125,108.1186249999999,84.96617033333332,107.12277366666666,0.0,0.9796954314720813,0.9246575342465754,179,50,54,0.6952380952380952,0.5428571428571428,0.49523809523809526,12.204799000000015,24.985709492063496,16.678027,0.0,0.056338028169014086,0.02197802197802198,73,57,52,0.7192118226600985,0.33497536945812806,0.2857142857142857,2.949738,5.222447,4.917949,0.0,0.705607476635514,0.6666666666666666,146,68,58
1307,0.9479166666666666,0.25,0.28125,104.0760239999999,87.12945833333333,106.88854166666665,0.06976744186046512,0.946078431372549,0.9428571428571428,182,48,54,0.6857142857142857,0.5428571428571428,0.49523809523809526,12.48477342857144,24.674938507936513,17.101268,0.0,0.11538461538461539,0.023809523809523808,72,57,52,0.7241379310344828,0.31527093596059114,0.28078817733990147,2.900392,5.133088,4.890517,0.0,0.7247706422018348,0.6861702127659575,147,64,57
1308,0.9375,0.23958333333333334,0.2708333333333333,106.72183733333326,83.95661433333333,107.39930966666667,0.14285714285714285,0.943127962085308,0.9513888888888888,180,46,52,0.6952380952380952,0.5142857142857142,0.5047619047619047,11.899744000000014,24.44489325396826,16.42781,0.0,0.2777777777777778,0.011627906976744186,73,54,53,0.7241379310344828,0.31527093596059114,0.26108374384236455,3.00323,5.134255,4.873357,0.0,0.7255813953488373,0.7368421052631579,147,64,53
1309,0.9166666666666666,0.23958333333333334,0.2552083333333333,108.41271666666658,84.93628233333332,108.09599166666666,0.09090909090909091,0.961352657004831,0.9652777777777778,176,46,49,0.7047619047619048,0.4666666666666667,0.5238095238095238,12.028737222222235,24.360244269841267,17.536883,0.0,0.41304347826086957,0.045454545454545456,74,49,55,0.7339901477832512,0.31527093596059114,0.2561576354679803,2.948907,5.17128,4.921808,0.0,0.7511111111111111,0.7688172043010753,149,64,52
1310,0.9270833333333334,0.23958333333333334,0.2552083333333333,107.63726666666656,85.11162733333333,109.04532266666666,0.12121212121212122,0.9609756097560975,0.9652777777777778,178,46,49,0.6857142857142857,0.4666666666666667,0.5142857142857142,12.439700857142869,25.24104793650794,17.429418,0.0,0.43478260869565216,0.05952380952380952,72,49,54,0.7536945812807881,0.29064039408866993,0.2413793103448276,2.967013,5.179789,4.913445,0.0,0.7719298245614035,0.7747252747252747,153,59,49
1311,0.9270833333333334,0.234375,0.25,105.95651733333325,82.30523033333333,108.33960566666666,0.1111111111111111,0.9658536585365853,0.9466666666666667,178,45,48,0.6857142857142857,0.41904761904761906,0.47619047619047616,12.048342111111124,24.78510204761905,17.477377,0.0,0.4895833333333333,0.05813953488372093,72,44,50,0.7635467980295566,0.2857142857142857,0.23645320197044334,2.930672,5.108587,4.91473,0.0,0.7892376681614349,0.7741935483870968,155,58,48
1312,0.9270833333333334,0.234375,0.24479166666666666,105.69117099999991,81.67110033333333,108.26044066666667,0.09090909090909091,0.9567307692307693,0.9664429530201343,178,45,47,0.6857142857142857,0.4095238095238095,0.4857142857142857,12.31773677777779,24.646711380952386,17.542902,0.0,0.5686274509803921,0.03529411764705882,72,43,51,0.7536945812807881,0.28078817733990147,0.23645320197044334,2.985032,5.133921,4.88333,0.0,0.8108108108108109,0.7760416666666666,153,57,48
1313,0.9166666666666666,0.234375,0.25,109.68698099999989,104.488793,145.95416733333332,0.0967741935483871,0.9519230769230769,0.9451219512195121,176,45,48,0.7047619047619048,0.3904761904761905,0.5619047619047619,12.440928888888903,33.47391941269841,25.505304,0.0,0.6033057851239669,0.05357142857142857,74,41,59,0.7438423645320197,0.28078817733990147,0.2413793103448276,2.956127,7.008585,6.385664,0.0,0.8025751072961373,0.8229166666666666,151,57,49
1314,0.9166666666666666,0.22916666666666666,0.25,106.33369799999993,106.65784799999999,146.79416733333332,0.06521739130434782,0.9777777777777777,0.9893048128342246,176,44,48,0.7142857142857143,0.38095238095238093,0.5142857142857142,11.700574333333346,33.738234634920644,26.639255,0.0,0.6451612903225806,0.18269230769230768,75,40,54,0.7389162561576355,0.2857142857142857,0.2413793103448276,2.932067,6.984872,6.470908,0.005025125628140704,0.8104089219330854,0.847457627118644,150,58,49
1315,0.8958333333333334,0.234375,0.24479166666666666,107.4349316666666,108.31926299999998,144.6253923333333,0.0967741935483871,0.9612403100775194,0.9778761061946902,172,45,47,0.7238095238095238,0.3904761904761905,0.4857142857142857,11.639062111111123,33.62111185714286,26.032858,0.0,0.7191780821917808,0.1981981981981982,76,41,51,0.7389162561576355,0.2857142857142857,0.2413793103448276,2.948986,7.000067,6.477921,0.014705882352941176,0.8395904436860068,0.8447653429602888,150,58,49
1316,0.90625,0.234375,0.25,105.50780299999994,105.528961,144.8341673333333,0.05,0.9747292418772563,0.977859778597786,174,45,48,0.7238095238095238,0.37142857142857144,0.5047619047619047,12.330440571428586,33.38651063492064,25.775258,0.0,0.7619047619047619,0.25203252032520324,76,39,53,0.7339901477832512,0.29064039408866993,0.2413793103448276,2.878398,6.986982,6.379424,0.004975124378109453,0.8285714285714286,0.8633540372670807,149,59,49
1317,0.890625,0.234375,0.24479166666666666,102.53788499999993,103.951941,147.0061103333333,0.07407407407407407,0.9683098591549296,0.9927272727272727,171,45,47,0.7142857142857143,0.38095238095238093,0.5142857142857142,11.730718000000016,33.68928963492064,26.766784,0.0,0.7407407407407407,0.20869565217391303,75,40,54,0.729064039408867,0.27586206896551724,0.2413793103448276,2.912906,6.983431,6.4473,0.0049504950495049506,0.85,0.8947368421052632,148,56,49
1318,0.890625,0.234375,0.25,105.86695699999991,106.996407,145.69442933333332,0.06976744186046512,0.9637681159420289,0.9820143884892086,171,45,48,0.6761904761904762,0.4,0.5333333333333333,11.977060222222235,33.381460746031756,25.778255,0.0,0.75,0.14035087719298245,71,42,56,0.7192118226600985,0.2857142857142857,0.2413793103448276,2.88555,6.961301,6.416582,0.0,0.85625,0.8858024691358025,146,58,49
1319,0.859375,0.234375,0.25,106.29945433333327,104.168009,147.10511433333332,0.0,0.9781818181818182,0.9856115107913669,165,45,48,0.6857142857142857,0.4,0.5333333333333333,12.236899000000015,33.43066120634921,25.792978,0.0,0.740506329113924,0.1308411214953271,72,42,56,0.7093596059113301,0.29064039408866993,0.23645320197044334,2.878959,6.937924,6.358898,0.0,0.8481012658227848,0.8672839506172839,144,59,48
1320,0.890625,0.234375,0.25,102.47515499999993,103.82223,145.05574833333333,0.05555555555555555,0.975,0.9855595667870036,171,45,48,0.6761904761904762,0.41904761904761906,0.5238095238095238,12.02016242857144,33.396660634920636,26.1233,0.0,0.7581699346405228,0.12962962962962962,71,44,55,0.7192118226600985,0.2857142857142857,0.2413793103448276,2.901437,7.011508,6.362998,0.0,0.8427672955974843,0.8753799392097265,146,58,49
1321,0.8645833333333334,0.234375,0.24479166666666666,104.46470133333324,105.275087,142.06016333333332,0.0,0.974910394265233,0.975177304964539,166,45,47,0.6761904761904762,0.41904761904761906,0.5333333333333333,12.170067000000016,33.21603252380953,26.318914,0.0,0.7548387096774194,0.102803738317757,71,44,56,0.7241379310344828,0.29064039408866993,0.2413793103448276,2.918845,7.008991,6.348454,0.0,0.8461538461538461,0.8773006134969326,147,59,49
1322,0.9010416666666666,0.234375,0.25,105.46612233333325,104.103285,143.4066773333333,0.0,0.9782608695652174,0.9822064056939501,173,45,48,0.6857142857142857,0.4095238095238095,0.5333333333333333,12.10579042857144,33.14317374603175,26.445847,0.0,0.7727272727272727,0.1111111111111111,72,43,56,0.7142857142857143,0.29064039408866993,0.23645320197044334,2.912746,6.931463,6.381803,0.0,0.8471337579617835,0.8849840255591054,145,59,48
1323,0.890625,0.234375,0.25,107.74727433333322,103.468722,141.94897833333332,0.0,0.9750889679715302,0.974910394265233,171,45,48,0.6666666666666666,0.41904761904761906,0.5333333333333333,12.269343111111123,33.18728663492064,26.05638,0.0,0.7581699346405228,0.10377358490566038,70,44,56,0.7142857142857143,0.2857142857142857,0.23645320197044334,2.914714,7.040891,6.381166,0.0,0.8607594936708861,0.8575851393188855,145,58,48
1324,0.875,0.234375,0.25,110.16550099999989,104.521832,143.1326193333333,0.0,0.9713261648745519,0.9854014598540146,168,45,48,0.6857142857142857,0.3904761904761905,0.5428571428571428,13.082968111111123,33.29387174603175,26.057282,0.0,0.7549668874172185,0.11214953271028037,72,41,57,0.7192118226600985,0.28078817733990147,0.23645320197044334,2.83414,7.034286,6.355947,0.0,0.8464052287581699,0.8650306748466258,146,57,48
1325,0.8958333333333334,0.234375,0.25,104.15599466666659,106.457427,143.73512433333332,0.125,0.954225352112676,0.9746376811594203,172,45,48,0.6761904761904762,0.4380952380952381,0.5428571428571428,12.700998000000011,33.45773830158731,26.382313,0.0,0.7295597484276729,0.09615384615384616,71,46,57,0.729064039408867,0.29064039408866993,0.2413793103448276,2.828756,6.953107,6.35814,0.0,0.8580441640378549,0.8854489164086687,148,59,49
1326,0.875,0.234375,0.25,106.65269866666658,108.32046399999999,144.05628233333331,0.10526315789473684,0.975,0.985239852398524,168,45,48,0.7047619047619048,0.4,0.5619047619047619,12.804857460317473,33.395004634920646,26.258109,0.0,0.7876712328767124,0.08256880733944955,74,42,59,0.729064039408867,0.2955665024630542,0.23645320197044334,2.827582,6.97327,6.376931,0.0,0.8662420382165605,0.8726114649681529,148,60,48
1327,0.890625,0.234375,0.25,108.66337966666656,104.424573,144.32293133333332,0.16666666666666666,0.9602888086642599,0.9817518248175182,171,45,48,0.7047619047619048,0.41904761904761906,0.5714285714285714,13.056937000000012,33.89915674603175,26.472397,0.0,0.7721518987341772,0.10091743119266056,74,44,60,0.729064039408867,0.2857142857142857,0.2413793103448276,2.846085,7.018966,6.375752,0.0,0.8630573248407644,0.8584905660377359,148,58,49
1328,0.890625,0.22916666666666666,0.24479166666666666,106.34591866666658,101.459603,143.57416733333332,0.0967741935483871,0.9714285714285714,0.9925925925925926,171,44,47,0.6952380952380952,0.4,0.5714285714285714,12.72239600000001,33.83652952380953,26.062998,0.0,0.7733333333333333,0.09259259259259259,73,42,60,0.7192118226600985,0.27586206896551724,0.2413793103448276,2.828893,6.940239,6.365952,0.004975124378109453,0.8490566037735849,0.8654434250764526,146,56,49
1329,0.8958333333333334,0.234375,0.25,104.64538866666658,105.413384,144.5012403333333,0.11428571428571428,0.9747292418772563,0.9781818181818182,172,45,48,0.6857142857142857,0.4095238095238095,0.6,12.717908000000012,33.77670163492064,26.389464,0.0,0.7785234899328859,0.09174311926605505,72,43,63,0.7142857142857143,0.2857142857142857,0.23645320197044334,2.85476,7.033983,6.365289,0.005076142131979695,0.8589743589743589,0.846875,145,58,48
1330,0.8697916666666666,0.234375,0.25,108.88674466666659,105.16507,145.55652933333332,0.05714285714285714,0.9851851851851852,0.9853479853479854,167,45,48,0.6952380952380952,0.4095238095238095,0.6,12.292699000000011,33.99168052380952,25.840809,0.0,0.756578947368421,0.07547169811320754,73,43,63,0.7142857142857143,0.2955665024630542,0.23645320197044334,2.841231,7.002053,6.331418,0.0,0.86084142394822,0.852760736196319,145,60,48
1331,0.8958333333333334,0.22916666666666666,0.25,107.2174989999999,106.339329,144.93540933333333,0.034482758620689655,0.9817518248175182,0.9852941176470589,172,44,48,0.6952380952380952,0.4095238095238095,0.5714285714285714,11.911895000000012,34.61663863492063,26.194317,0.0,0.7368421052631579,0.06796116504854369,73,43,60,0.6995073891625616,0.29064039408866993,0.2413793103448276,2.853658,6.957618,6.312943,0.0,0.8598726114649682,0.8429003021148036,142,59,49
1332,0.8802083333333334,0.234375,0.25,107.17791833333322,105.896757,144.6617003333333,0.037037037037037035,0.978021978021978,0.9781818181818182,169,45,48,0.7047619047619048,0.4095238095238095,0.5904761904761905,12.459854222222235,34.95784741269842,26.475241,0.0,0.756578947368421,0.06542056074766354,74,43,62,0.6847290640394089,0.29064039408866993,0.22660098522167488,2.887881,6.990559,6.387076,0.0,0.8557377049180328,0.8641975308641975,139,59,46
1333,0.9010416666666666,0.234375,0.24479166666666666,107.04654033333323,106.572999,145.39416733333331,0.05263157894736842,0.9512195121951219,0.9854014598540146,173,45,47,0.7142857142857143,0.4095238095238095,0.580952380952381,12.473604111111124,34.61522341269842,26.63604,0.0,0.7662337662337663,0.10185185185185185,75,43,61,0.6847290640394089,0.2955665024630542,0.2315270935960591,2.891587,6.959685,6.342012,0.005128205128205128,0.8506493506493507,0.8297872340425532,139,60,47
1334,0.890625,0.234375,0.25,105.3740229999999,103.600125,144.28429233333333,0.030303030303030304,0.978494623655914,0.9675090252707581,171,45,48,0.7333333333333333,0.41904761904761906,0.580952380952381,12.490020777777792,34.869986857142855,26.584018,0.0,0.782608695652174,0.09433962264150944,77,44,61,0.6847290640394089,0.2857142857142857,0.23645320197044334,2.889014,6.931961,6.352228,0.0,0.8589743589743589,0.8348082595870207,139,58,48
1335,0.875,0.234375,0.25,101.94785599999992,100.758003,143.5394223333333,0.16129032258064516,0.9611307420494699,0.988929889298893,168,45,48,0.7333333333333333,0.4095238095238095,0.580952380952381,12.139839000000011,34.59712674603175,26.353068,0.0,0.785234899328859,0.09345794392523364,77,43,61,0.6847290640394089,0.29064039408866993,0.2413793103448276,2.850506,6.963879,6.347688,0.0,0.8547854785478548,0.8436578171091446,139,59,49
1336,0.90625,0.234375,0.25,107.19991766666658,103.058357,142.5941673333333,0.038461538461538464,0.9817518248175182,0.9709090909090909,174,45,48,0.7428571428571429,0.4380952380952381,0.5714285714285714,12.620284111111124,34.53688352380953,27.162698,0.0,0.8057553956834532,0.07766990291262135,78,46,60,0.6748768472906403,0.2955665024630542,0.23645320197044334,2.882268,6.909763,6.362076,0.0,0.8449367088607594,0.8466076696165191,137,60,48
1337,0.9010416666666666,0.234375,0.24479166666666666,103.82989766666657,103.47453,143.4857243333333,0.09523809523809523,0.9748201438848921,0.9925093632958801,173,45,47,0.7523809523809524,0.42857142857142855,0.580952380952381,12.859732666666678,34.52184063492064,27.235769,0.0,0.7605633802816901,0.10909090909090909,79,45,61,0.6600985221674877,0.2955665024630542,0.2315270935960591,2.861875,6.960782,6.416196,0.0,0.8451612903225807,0.8226299694189603,134,60,47
1338,0.9114583333333334,0.22916666666666666,0.25,101.87182499999993,104.114397,144.0946253333333,0.06451612903225806,0.9818181818181818,0.9745454545454545,175,44,48,0.7619047619047619,0.42857142857142855,0.5904761904761905,12.46099800000001,34.58331063492064,27.059892,0.0,0.7808219178082192,0.10185185185185185,80,45,62,0.6600985221674877,0.2955665024630542,0.22660098522167488,2.8568,6.909009,6.325258,0.0,0.8524590163934426,0.8171091445427728,134,60,46
1339,0.8854166666666666,0.234375,0.25,105.39405266666658,105.222643,143.01903833333333,0.0,0.9477351916376306,0.981549815498155,170,45,48,0.7619047619047619,0.4095238095238095,0.580952380952381,12.277937111111124,34.45208552380953,26.845095,0.0,0.7730496453900709,0.0761904761904762,80,43,61,0.6748768472906403,0.29064039408866993,0.23645320197044334,2.846822,6.941115,6.347113,0.0,0.7991718426501035,0.8165322580645161,137,59,48
1340,0.9114583333333334,0.22916666666666666,0.25,104.81331133333325,105.978759,142.5941673333333,0.0,0.9783393501805054,0.9816176470588235,175,44,48,0.7523809523809524,0.4,0.5904761904761905,12.546144888888904,34.462362746031744,27.274004,0.0,0.7913669064748201,0.11818181818181818,79,42,62,0.6600985221674877,0.2955665024630542,0.23645320197044334,2.922441,7.023099,6.445719,0.0,0.8259493670886076,0.8195718654434251,134,60,48
1341,0.875,0.22916666666666666,0.25,101.08356766666658,104.767665,144.8724453333333,0.0,0.9786476868327402,0.9851301115241635,168,44,48,0.7523809523809524,0.4095238095238095,0.580952380952381,12.338038000000012,34.40214541269842,27.006118,0.009615384615384616,0.7676056338028169,0.09433962264150944,79,43,61,0.6650246305418719,0.28078817733990147,0.22660098522167488,2.869275,7.002929,6.39607,0.0,0.8301886792452831,0.8071216617210683,135,57,46
1342,0.8645833333333334,0.234375,0.25,109.03043333333322,104.158605,144.2033173333333,0.0,0.9715302491103203,0.988929889298893,166,45,48,0.7428571428571429,0.41904761904761906,0.5714285714285714,12.336881222222235,34.70406452380953,26.981468,0.0,0.7841726618705036,0.07766990291262135,78,44,60,0.6748768472906403,0.2955665024630542,0.2413793103448276,2.853765,6.939112,6.405044,0.0,0.828125,0.8308157099697885,137,60,49
1343,0.9114583333333334,0.234375,0.25,102.09988633333326,101.164602,142.21025433333332,0.0,0.9711191335740073,0.9702602230483272,175,45,48,0.7333333333333333,0.42857142857142855,0.580952380952381,12.156014777777791,34.23389196825397,26.748826,0.0,0.777027027027027,0.07766990291262135,77,45,61,0.6847290640394089,0.2955665024630542,0.2413793103448276,2.836247,6.96513,6.4712,0.0,0.8453947368421053,0.8417721518987342,139,60,49
1344,0.8958333333333334,0.234375,0.25,104.07782466666657,102.395731,142.8741673333333,0.0,0.9595588235294118,0.9812734082397003,172,45,48,0.7238095238095238,0.3904761904761905,0.5714285714285714,12.102350000000012,34.54009674603174,27.44773,0.0,0.8027210884353742,0.0784313725490196,76,41,60,0.6896551724137931,0.2955665024630542,0.2413793103448276,2.865786,6.987769,6.465074,0.0,0.8501628664495114,0.8317460317460318,140,60,49
1345,0.8854166666666666,0.22916666666666666,0.25,104.33088966666656,102.318089,143.3757213333333,0.10526315789473684,0.9769230769230769,0.9924242424242424,170,44,48,0.7238095238095238,0.4095238095238095,0.5904761904761905,12.262586777777791,34.53816474603175,26.919525,0.0,0.7671232876712328,0.0673076923076923,76,43,62,0.6847290640394089,0.2955665024630542,0.2413793103448276,2.788356,6.995273,6.392649,0.0,0.8538961038961039,0.8213166144200627,139,60,49
1346,0.9114583333333334,0.234375,0.25,107.74087533333324,101.800293,142.4059473333333,0.041666666666666664,0.9547169811320755,0.9775280898876404,175,45,48,0.7523809523809524,0.41904761904761906,0.5904761904761905,12.188854111111123,35.11910085714286,27.070875,0.009708737864077669,0.7872340425531915,0.0784313725490196,79,44,62,0.6798029556650246,0.2955665024630542,0.2413793103448276,2.841011,7.016239,6.441235,0.0,0.8503401360544217,0.8466453674121406,138,60,49
1347,0.90625,0.22916666666666666,0.24479166666666666,104.78928166666655,104.500963,143.4341673333333,0.0,0.973384030418251,0.9886363636363636,174,44,47,0.7619047619047619,0.42857142857142855,0.6190476190476191,12.433801000000011,34.684359746031745,27.419779,0.009708737864077669,0.7708333333333334,0.09523809523809523,80,45,65,0.6847290640394089,0.2857142857142857,0.2413793103448276,2.831499,6.996862,6.465728,0.0,0.8409090909090909,0.8557692307692307,139,58,49
1348,0.875,0.234375,0.25,104.16393933333327,102.767684,144.05652533333333,0.0,0.9737827715355806,0.9884169884169884,168,45,48,0.7428571428571429,0.4095238095238095,0.638095238095238,12.232134888888902,35.28997441269842,27.381655,0.0,0.7816901408450704,0.06930693069306931,78,43,67,0.6847290640394089,0.2955665024630542,0.2413793103448276,2.884375,7.07773,6.43197,0.0,0.8382838283828383,0.8439490445859873,139,60,49
1349,0.9010416666666666,0.234375,0.23958333333333334,103.87255633333324,103.312872,142.4673073333333,0.0,0.9732824427480916,0.9885057471264368,173,45,46,0.7333333333333333,0.3904761904761905,0.6571428571428571,12.296332000000012,34.78480652380953,27.03606,0.0,0.7724137931034483,0.0594059405940594,77,41,69,0.6896551724137931,0.2857142857142857,0.2413793103448276,2.809027,7.028088,6.426165,0.0,0.8333333333333334,0.8301886792452831,140,58,49
1350,0.8958333333333334,0.234375,0.24479166666666666,103.94538099999993,104.95663,142.0341673333333,0.0,0.9621212121212122,0.9734848484848485,172,45,47,0.7428571428571429,0.4095238095238095,0.6761904761904762,12.64254300000001,34.97949641269842,27.109379,0.0,0.7708333333333334,0.05,78,43,71,0.6995073891625616,0.29064039408866993,0.2413793103448276,2.870292,7.010988,6.379255,0.0,0.8220064724919094,0.8359133126934984,142,59,49
1351,0.9010416666666666,0.22916666666666666,0.25,107.21167099999992,106.834774,142.8301163333333,0.0,0.9807692307692307,0.9923371647509579,173,44,48,0.7523809523809524,0.4095238095238095,0.6666666666666666,12.334805777777792,34.81966874603175,26.880594,0.0,0.8071428571428572,0.041237113402061855,79,43,70,0.6995073891625616,0.2857142857142857,0.2413793103448276,2.892162,7.037833,6.478948,0.0,0.8533333333333334,0.8407643312101911,142,58,49
1352,0.890625,0.22916666666666666,0.25,103.92836533333323,106.189287,143.9941673333333,0.0,0.9664179104477612,0.9773584905660377,171,44,48,0.7714285714285715,0.4095238095238095,0.6761904761904762,12.046084111111123,35.19257274603175,26.955332,0.01,0.7687074829931972,0.05825242718446602,81,43,71,0.7093596059113301,0.29064039408866993,0.2413793103448276,2.873649,7.04411,6.47022,0.0,0.8487972508591065,0.8327974276527331,144,59,49
1353,0.859375,0.234375,0.25,105.85857366666659,106.517818,145.1141673333333,0.0,0.966542750929368,0.9810606060606061,165,45,48,0.7714285714285715,0.3904761904761905,0.6952380952380952,12.46836300000001,34.722840634920644,26.458063,0.0,0.7832167832167832,0.04950495049504951,81,41,73,0.7142857142857143,0.29064039408866993,0.2413793103448276,2.845958,7.072647,6.435955,0.0,0.8557377049180328,0.8295819935691319,145,59,49
1354,0.8697916666666666,0.22916666666666666,0.24479166666666666,109.43159966666657,106.305358,145.70769033333332,0.0,0.9846743295019157,0.9884615384615385,167,44,47,0.7714285714285715,0.42857142857142855,0.7142857142857143,12.171784460317474,34.70804219047619,26.74414,0.0,0.7517241379310344,0.050505050505050504,81,45,75,0.6995073891625616,0.2857142857142857,0.2413793103448276,2.894072,7.074095,6.494035,0.0,0.8679867986798679,0.8371335504885994,142,58,49
1355,0.8697916666666666,0.2604166666666667,0.2760416666666667,108.29162766666657,103.396723,147.2141673333333,0.06060606060606061,0.955719557195572,0.9622641509433962,167,50,53,0.7619047619047619,0.4,0.6857142857142857,12.601580317460328,35.152264634920634,26.773975,0.0,0.7910447761194029,0.042105263157894736,80,42,72,0.7142857142857143,0.32019704433497537,0.2857142857142857,2.937879,7.070558,6.443064,0.0,0.818815331010453,0.8095238095238095,145,65,58
1356,0.8854166666666666,0.2604166666666667,0.2708333333333333,104.69474533333324,106.102405,148.1025543333333,0.05714285714285714,0.9621212121212122,0.9806949806949807,170,50,52,0.7904761904761904,0.3904761904761905,0.6761904761904762,12.165272888888904,35.39229607936508,26.796785,0.0,0.7608695652173914,0.04040404040404041,83,41,71,0.7241379310344828,0.31527093596059114,0.29064039408866993,2.900028,7.099551,6.457003,0.0,0.802013422818792,0.8079268292682927,147,64,59
1357,0.8854166666666666,0.2552083333333333,0.2760416666666667,107.50530733333322,105.202366,145.22600633333332,0.06451612903225806,0.9807692307692307,0.9624060150375939,170,49,53,0.780952380952381,0.42857142857142855,0.6666666666666666,12.243795111111123,34.98825163492064,26.648588,0.0,0.7037037037037037,0.039603960396039604,82,45,70,0.7241379310344828,0.3399014778325123,0.2857142857142857,2.899307,7.075469,6.564402,0.0,0.7947882736156352,0.80625,147,69,58
1358,0.8958333333333334,0.2604166666666667,0.2760416666666667,107.5699169999999,106.044604,146.0433063333333,0.07692307692307693,0.9550561797752809,0.9691119691119691,172,50,53,0.7714285714285715,0.4857142857142857,0.6571428571428571,12.858990111111122,35.14698098412699,26.664422,0.0,0.6917293233082706,0.04040404040404041,81,51,69,0.729064039408867,0.3399014778325123,0.29064039408866993,2.909771,7.078319,6.535114,0.0,0.8172413793103448,0.7981366459627329,148,69,59
1359,0.8854166666666666,0.25,0.2708333333333333,106.32922466666656,105.184731,146.79416733333332,0.06451612903225806,0.9769230769230769,0.9770114942528736,170,48,52,0.7523809523809524,0.4857142857142857,0.6571428571428571,11.755947000000011,35.34181263492064,26.209564,0.0,0.7063492063492064,0.04040404040404041,79,51,69,0.7339901477832512,0.3399014778325123,0.29064039408866993,2.854544,7.099576,6.453865,0.0,0.8101694915254237,0.7951070336391437,149,69,59
1360,0.9114583333333334,0.2552083333333333,0.2708333333333333,104.97530299999991,105.314599,145.99694366666665,0.058823529411764705,0.9662921348314607,0.9688715953307393,175,49,52,0.7904761904761904,0.41904761904761906,0.638095238095238,11.647936222222235,35.232662857142856,26.465855,0.0,0.7016129032258065,0.04040404040404041,83,44,67,0.7389162561576355,0.3399014778325123,0.29064039408866993,2.935363,7.210277,6.477507,0.0,0.7965517241379311,0.8125,150,69,59
1361,0.890625,0.2552083333333333,0.2708333333333333,108.52330199999989,106.740741,148.1241673333333,0.06666666666666667,0.9696969696969697,0.98046875,171,49,52,0.780952380952381,0.44761904761904764,0.638095238095238,11.868966000000011,35.26521252380953,26.742828,0.0,0.712,0.04081632653061224,82,47,67,0.7438423645320197,0.33004926108374383,0.2857142857142857,2.874274,7.13974,6.564211,0.0,0.7980132450331126,0.7943037974683544,151,67,58
1362,0.890625,0.2604166666666667,0.2760416666666667,104.60519133333324,105.347714,148.5283443333333,0.0,0.951310861423221,0.9803921568627451,171,50,53,0.7523809523809524,0.49523809523809526,0.6476190476190476,11.773910888888903,35.221919301587306,26.690694,0.0,0.6870229007633588,0.0392156862745098,79,52,68,0.7438423645320197,0.3399014778325123,0.2857142857142857,2.859648,7.114313,6.499936,0.0,0.7965517241379311,0.7790697674418605,151,69,58
1363,0.9114583333333334,0.2604166666666667,0.2708333333333333,105.24570399999989,104.644515,147.35853633333332,0.03125,0.9768339768339769,0.984375,175,50,52,0.7619047619047619,0.5047619047619047,0.6476190476190476,12.031730000000012,35.07720463492064,26.993308,0.0,0.6691729323308271,0.04081632653061224,80,53,68,0.7339901477832512,0.3399014778325123,0.29064039408866993,2.873159,7.221543,6.532979,0.0,0.8178807947019867,0.8,149,69,59
1364,0.8854166666666666,0.2604166666666667,0.2760416666666667,110.4624229999999,104.9072,147.4941673333333,0.043478260869565216,0.9541984732824428,0.9693486590038314,170,50,53,0.780952380952381,0.4857142857142857,0.638095238095238,11.950745571428582,35.171323968253965,26.80034,0.0,0.7083333333333334,0.05,82,51,67,0.7339901477832512,0.3399014778325123,0.29064039408866993,2.934821,7.245801,6.57601,0.0,0.791095890410959,0.7854984894259819,149,69,59
1365,0.8802083333333334,0.2604166666666667,0.2760416666666667,106.51088699999991,104.602451,148.8645623333333,0.0,0.96484375,0.9806201550387597,169,50,53,0.780952380952381,0.4666666666666667,0.6571428571428571,11.801554111111123,34.807473746031754,26.509339,0.0,0.6617647058823529,0.04081632653061224,82,49,69,0.7339901477832512,0.33497536945812806,0.28078817733990147,2.840213,7.225556,6.544349,0.0,0.8040540540540541,0.7683284457478006,149,68,57
1366,0.90625,0.2604166666666667,0.2708333333333333,104.2212589999999,106.9195,147.5641673333333,0.0,0.9760956175298805,0.9807692307692307,174,50,52,0.7904761904761904,0.4857142857142857,0.6476190476190476,11.25689377777779,34.47163177777777,26.874307,0.0,0.6323529411764706,0.04854368932038835,83,51,68,0.729064039408867,0.33004926108374383,0.28078817733990147,2.918003,7.254647,6.539484,0.0,0.8257839721254355,0.7784431137724551,148,67,57
1367,0.8802083333333334,0.2552083333333333,0.2708333333333333,108.41664233333323,107.279037,147.680834,0.0,0.9606299212598425,0.9764705882352941,169,49,52,0.7714285714285715,0.47619047619047616,0.638095238095238,11.851814460317474,35.031142984126994,26.265997,0.0,0.6935483870967742,0.05825242718446602,81,50,67,0.7487684729064039,0.33004926108374383,0.29064039408866993,2.928436,7.252684,6.578424,0.005076142131979695,0.8181818181818182,0.7897897897897898,152,67,59
1368,0.875,0.2604166666666667,0.2760416666666667,106.11362366666657,108.026665,146.852798,0.1,0.9645669291338582,0.9880478087649402,168,50,53,0.7428571428571429,0.47619047619047616,0.6190476190476191,11.342831000000011,35.16425685714286,26.080151,0.0,0.6535433070866141,0.09433962264150944,78,50,65,0.7389162561576355,0.3251231527093596,0.29064039408866993,2.863663,7.238202,6.667555,0.0,0.825,0.7808641975308642,150,66,59
1369,0.8802083333333334,0.2604166666666667,0.2760416666666667,103.53615533333324,106.814314,144.4428593333333,0.19047619047619047,0.9644268774703557,0.98046875,169,50,53,0.7142857142857143,0.4666666666666667,0.6190476190476191,11.767852222222235,35.15317274603176,26.52394,0.0,0.6587301587301587,0.08653846153846154,75,49,65,0.7389162561576355,0.33004926108374383,0.2857142857142857,2.866534,7.271563,6.636363,0.0,0.8375451263537906,0.7927927927927928,150,67,58
1370,0.8958333333333334,0.2552083333333333,0.2708333333333333,105.3106939999999,106.52826666666665,146.87612933333332,0.0,0.9644268774703557,0.9839357429718876,172,49,52,0.6952380952380952,0.4666666666666667,0.638095238095238,11.708895888888899,35.028172952380956,26.372215,0.0,0.648,0.08571428571428572,73,49,67,0.7438423645320197,0.33004926108374383,0.29064039408866993,2.966678,7.274553,6.648324,0.0,0.8267148014440433,0.7872340425531915,151,67,59
1371,0.8854166666666666,0.2604166666666667,0.2760416666666667,107.61010533333324,107.004054,150.1541673333333,0.034482758620689655,0.9681274900398407,0.968503937007874,170,50,53,0.7142857142857143,0.5047619047619047,0.638095238095238,11.849080000000011,35.07313374603175,26.364464,0.0,0.624,0.08571428571428572,75,53,67,0.7241379310344828,0.3251231527093596,0.27586206896551724,2.974902,7.233029,6.629219,0.0,0.8351648351648352,0.7852760736196319,147,66,56
1372,0.8489583333333334,0.2552083333333333,0.2708333333333333,106.79417299999993,105.962644,145.126494,0.0,0.9606299212598425,0.9762845849802372,163,49,52,0.7047619047619048,0.47619047619047616,0.6190476190476191,11.49204600000001,34.97599930158731,26.457952,0.0,0.632,0.08823529411764706,74,50,65,0.7339901477832512,0.33004926108374383,0.2857142857142857,2.983725,7.221859,6.618057,0.00510204081632653,0.8461538461538461,0.7818181818181819,149,67,58
1373,0.8697916666666666,0.2552083333333333,0.2760416666666667,105.88791066666658,106.869887,144.41279633333332,0.0,0.9457364341085271,0.9760956175298805,167,49,53,0.6952380952380952,0.42857142857142855,0.6476190476190476,11.51860600000001,34.94488187301587,26.552779,0.0,0.6923076923076923,0.0761904761904762,73,45,68,0.7339901477832512,0.32019704433497537,0.2857142857142857,2.971713,7.177376,6.636019,0.005154639175257732,0.8523985239852399,0.7854984894259819,149,65,58
1374,0.9010416666666666,0.2604166666666667,0.2760416666666667,107.63919833333324,106.215676,145.58639033333333,0.0,0.9711934156378601,0.976,173,50,53,0.7142857142857143,0.44761904761904764,0.6571428571428571,12.019084222222235,35.070175841269844,26.670667,0.0,0.6475409836065574,0.07766990291262135,75,47,69,0.729064039408867,0.33497536945812806,0.2857142857142857,2.999234,7.143746,6.608008,0.005235602094240838,0.8533834586466166,0.789308176100629,148,68,58
1375,0.8958333333333334,0.2552083333333333,0.2708333333333333,107.53830266666658,107.787811,145.67416733333332,0.0,0.963265306122449,0.9795918367346939,172,49,52,0.7238095238095238,0.41904761904761906,0.6857142857142857,11.83995000000001,35.27759652380953,26.319162,0.0,0.6363636363636364,0.11009174311926606,76,44,72,0.7389162561576355,0.33497536945812806,0.2857142857142857,2.939461,7.245016,6.623628,0.005154639175257732,0.8507462686567164,0.79375,150,68,58
1376,0.859375,0.2604166666666667,0.2760416666666667,104.57839699999991,107.443072,148.5006093333333,0.0,0.9523809523809523,0.9838709677419355,165,50,53,0.7238095238095238,0.4666666666666667,0.6761904761904762,11.656581000000012,34.91104685714286,26.179059,0.0,0.6666666666666666,0.09615384615384616,76,49,71,0.7241379310344828,0.33497536945812806,0.29064039408866993,2.958492,7.20067,6.625313,0.010362694300518135,0.8503649635036497,0.7909090909090909,147,68,59
1377,0.8697916666666666,0.2604166666666667,0.2760416666666667,105.52433666666658,108.991617,145.74203233333333,0.0,0.972,0.9645669291338582,167,50,53,0.7047619047619048,0.49523809523809526,0.6857142857142857,11.625829000000012,35.736103301587306,26.877609,0.0,0.6209677419354839,0.08571428571428572,74,52,72,0.7241379310344828,0.3251231527093596,0.29064039408866993,2.98288,7.230379,6.664825,0.005154639175257732,0.8609022556390977,0.8056426332288401,147,66,59
1378,0.8854166666666666,0.2604166666666667,0.2760416666666667,107.19282466666657,109.086687,147.5570483333333,0.038461538461538464,0.9793388429752066,0.9803149606299213,170,50,53,0.7142857142857143,0.45714285714285713,0.6571428571428571,10.94834700000001,35.38474052380953,26.567365,0.0,0.635593220338983,0.08737864077669903,75,48,69,0.729064039408867,0.33004926108374383,0.2857142857142857,2.95126,7.203156,6.665428,0.0051813471502590676,0.8555555555555555,0.7936507936507936,148,67,58
1379,0.8697916666666666,0.2604166666666667,0.2760416666666667,107.11633666666658,108.546201,147.4181703333333,0.0,0.9758064516129032,0.9920318725099602,167,50,53,0.7047619047619048,0.44761904761904764,0.6571428571428571,12.00426642857144,35.542376412698424,26.706076,0.0,0.6371681415929203,0.08411214953271028,74,47,69,0.7192118226600985,0.33497536945812806,0.29064039408866993,2.963062,7.204611,6.627676,0.0,0.8566176470588235,0.7819314641744548,146,68,59
1380,0.8854166666666666,0.2552083333333333,0.2760416666666667,107.72108566666658,109.198882,146.62239133333333,0.0,0.95703125,0.9919354838709677,170,49,53,0.7238095238095238,0.4857142857142857,0.6476190476190476,11.62637200000001,34.99608274603175,26.765272,0.0,0.6538461538461539,0.07692307692307693,76,51,68,0.7241379310344828,0.33497536945812806,0.29064039408866993,2.940081,7.191185,6.555934,0.0,0.8487084870848709,0.7873015873015873,147,68,59
1381,0.8489583333333334,0.2604166666666667,0.2760416666666667,110.00569133333325,109.938406,146.0925663333333,0.0,0.9717741935483871,0.9606299212598425,163,50,53,0.7047619047619048,0.49523809523809526,0.6476190476190476,11.516023000000011,35.52713052380953,26.448032,0.0,0.631578947368421,0.06796116504854369,74,52,68,0.7241379310344828,0.33004926108374383,0.29064039408866993,2.923774,7.163266,6.588467,0.0,0.8522727272727273,0.7987220447284346,147,67,59
1382,0.8958333333333334,0.2552083333333333,0.2708333333333333,107.55947166666658,109.574012,144.5541673333333,0.0,0.9796747967479674,0.9839357429718876,172,49,52,0.6857142857142857,0.4857142857142857,0.6571428571428571,11.668800571428582,35.37483341269842,26.602448,0.0,0.6311475409836066,0.05825242718446602,72,51,69,0.7339901477832512,0.3251231527093596,0.28078817733990147,2.974422,7.122201,6.743214,0.0,0.8413284132841329,0.7806451612903226,149,66,57
1383,0.8697916666666666,0.2552083333333333,0.2760416666666667,109.4776569999999,110.479198,146.51416733333332,0.0,0.96,0.97165991902834,167,49,53,0.6761904761904762,0.45714285714285713,0.6285714285714286,12.01051000000001,35.297393301587306,27.002764,0.0,0.6864406779661016,0.07547169811320754,71,48,66,0.7339901477832512,0.3251231527093596,0.2857142857142857,2.94709,7.133023,6.695087,0.0,0.8544776119402985,0.7661538461538462,149,66,58
1384,0.859375,0.2604166666666667,0.2708333333333333,108.41774666666656,109.445801,147.7954653333333,0.0,0.9566929133858267,0.9794238683127572,165,50,52,0.6761904761904762,0.4666666666666667,0.6476190476190476,12.26352642857144,35.136383746031754,26.392289,0.0,0.65,0.0594059405940594,71,49,68,0.7339901477832512,0.3251231527093596,0.28078817733990147,2.911947,7.134614,6.709345,0.0,0.8513011152416357,0.77491961414791,149,66,57
1385,0.8489583333333334,0.2604166666666667,0.2708333333333333,106.25967699999988,107.73239,146.8641673333333,0.0,0.9835390946502057,0.9794238683127572,163,50,52,0.6571428571428571,0.4857142857142857,0.6476190476190476,12.057571000000012,35.25081330158731,26.624743,0.0,0.6612903225806451,0.061224489795918366,69,51,68,0.729064039408867,0.33004926108374383,0.29064039408866993,3.000449,7.102109,6.718516,0.0,0.8455882352941176,0.74375,148,67,59
1386,0.8489583333333334,0.2604166666666667,0.2760416666666667,107.03596866666658,106.025725,146.4763043333333,0.0,0.9637096774193549,0.9753086419753086,163,50,53,0.6666666666666666,0.49523809523809526,0.6857142857142857,11.66441500000001,35.76888952380953,26.336807,0.0,0.688,0.04040404040404041,70,52,72,0.7142857142857143,0.33004926108374383,0.2857142857142857,2.995474,7.066124,6.723419,0.005235602094240838,0.8525179856115108,0.7760736196319018,145,67,58
1387,0.8541666666666666,0.2604166666666667,0.2760416666666667,109.39436466666658,105.662237,146.6310243333333,0.0,0.9835390946502057,0.9710743801652892,164,50,53,0.6761904761904762,0.47619047619047616,0.6476190476190476,12.187097000000012,35.78484974603175,26.185684,0.0,0.6942148760330579,0.052083333333333336,71,50,68,0.7093596059113301,0.3251231527093596,0.2857142857142857,2.971329,7.120978,6.784495,0.005291005291005291,0.8518518518518519,0.7735849056603774,144,66,58
1388,0.8802083333333334,0.3125,0.3177083333333333,109.04460733333323,107.578464,146.23416733333332,0.03225806451612903,0.937007874015748,0.9516129032258065,169,60,61,0.6666666666666666,0.47619047619047616,0.6857142857142857,11.80726400000001,35.66048863492065,27.0231,0.0,0.6554621848739496,0.029411764705882353,70,50,72,0.7389162561576355,0.3694581280788177,0.35467980295566504,3.042555,7.183154,6.811027,0.005128205128205128,0.8185053380782918,0.7537993920972644,150,75,72
1389,0.890625,0.3125,0.328125,111.0540339999999,112.413203,151.67320033333334,0.2894736842105263,0.9653846153846154,0.976,171,60,63,0.6571428571428571,0.5333333333333333,0.6857142857142857,12.094072571428581,35.788960746031755,26.634204,0.0,0.5634920634920635,0.009900990099009901,69,56,72,0.7389162561576355,0.3842364532019704,0.3842364532019704,3.063971,7.113637,6.844562,0.0049504950495049506,0.78125,0.7065868263473054,150,78,78
1390,0.9114583333333334,0.3125,0.3229166666666667,111.20037766666655,112.501305,153.51416733333335,0.3225806451612903,0.9467680608365019,0.9760956175298805,175,60,62,0.6571428571428571,0.5047619047619047,0.6666666666666666,12.536516000000011,36.30908752380953,27.061783,0.0,0.5877192982456141,0.01,69,53,70,0.7241379310344828,0.39901477832512317,0.3842364532019704,3.032014,7.128744,6.88309,0.0,0.7809187279151943,0.7357357357357357,147,81,78
1391,0.90625,0.3125,0.328125,111.63169233333322,113.58953,154.03580233333332,0.2857142857142857,0.9573643410852714,0.9725490196078431,174,60,63,0.6666666666666666,0.5142857142857142,0.6761904761904762,12.303619000000012,36.26043863492064,27.137058,0.0,0.5641025641025641,0.01,70,54,71,0.7389162561576355,0.4039408866995074,0.3842364532019704,3.039178,7.176252,7.121338,0.005,0.7543859649122807,0.7192429022082019,150,82,78
1392,0.90625,0.3125,0.3229166666666667,111.72142466666656,109.230694,151.8702353333333,0.22580645161290322,0.9689922480620154,0.98046875,174,60,62,0.6666666666666666,0.5523809523809524,0.6761904761904762,11.915860000000011,36.01059052380953,27.304743,0.0,0.528,0.03,70,58,71,0.7339901477832512,0.4088669950738916,0.3694581280788177,3.006096,7.161411,7.136731,0.0,0.7361111111111112,0.7120253164556962,149,83,75
1393,0.90625,0.3125,0.328125,111.12268499999989,110.777855,148.95265066666667,0.24324324324324326,0.9615384615384616,0.9536679536679536,174,60,63,0.6761904761904762,0.5142857142857142,0.6857142857142857,12.250355000000011,35.727839746031755,27.385445,0.0,0.5478260869565217,0.02,71,54,72,0.7339901477832512,0.4236453201970443,0.3842364532019704,3.0568,7.217223,7.034997,0.0,0.7392857142857143,0.6838905775075987,149,86,78
1394,0.9322916666666666,0.3072916666666667,0.3229166666666667,114.42982299999989,106.611425,149.0341673333333,0.2564102564102564,0.9496124031007752,0.9724409448818898,179,59,62,0.7142857142857143,0.5333333333333333,0.6857142857142857,12.577072000000012,35.78579163492065,27.375698,0.0,0.536,0.01020408163265306,75,56,72,0.7339901477832512,0.4236453201970443,0.3793103448275862,3.048605,7.246479,7.042358,0.005025125628140704,0.7266187050359713,0.7380952380952381,149,86,77
1395,0.9270833333333334,0.3125,0.328125,112.4888859999999,109.391246,150.27617533333333,0.20689655172413793,0.9576923076923077,0.9725490196078431,178,60,63,0.7047619047619048,0.5142857142857142,0.6571428571428571,12.94289242857144,36.02962063492064,27.418563,0.0,0.5121951219512195,0.0,74,54,69,0.729064039408867,0.41379310344827586,0.37438423645320196,3.012388,7.243834,7.148183,0.0,0.7168458781362007,0.7192429022082019,148,84,76
1396,0.9375,0.3125,0.3229166666666667,111.27980033333323,106.547361,146.562096,0.2702702702702703,0.9578544061302682,0.9803149606299213,180,60,62,0.6952380952380952,0.5333333333333333,0.6857142857142857,12.14420400000001,35.68885774603175,26.990656,0.0,0.5245901639344263,0.0,73,56,72,0.729064039408867,0.4187192118226601,0.37438423645320196,3.0914,7.195206,7.16243,0.0,0.7231833910034602,0.7108433734939759,148,85,76
1397,0.9322916666666666,0.3072916666666667,0.3229166666666667,111.22385899999989,107.308133,145.8266923333333,0.18181818181818182,0.9802371541501976,0.98046875,179,59,62,0.6952380952380952,0.580952380952381,0.6952380952380952,12.173688571428581,35.96291374603175,27.28284,0.0,0.4596774193548387,0.0,73,61,73,0.7142857142857143,0.4187192118226601,0.3891625615763547,3.013926,7.240011,7.117908,0.0,0.7256944444444444,0.7380191693290735,145,85,79
1398,0.921875,0.3125,0.3177083333333333,109.61704099999989,106.773833,146.5667453333333,0.2,0.9610894941634242,0.9803921568627451,177,60,61,0.7047619047619048,0.5904761904761905,0.7142857142857143,12.50317800000001,35.807883746031756,27.273277,0.0,0.5234375,0.0,74,62,75,0.7142857142857143,0.4039408866995074,0.3842364532019704,3.008358,7.228583,7.168697,0.0,0.7132867132867133,0.7722772277227723,145,82,78
1399,0.875,0.3125,0.3177083333333333,112.60487933333319,109.629499,148.9725673333333,0.12903225806451613,0.9649805447470817,0.9803921568627451,168,60,61,0.7238095238095238,0.5904761904761905,0.7238095238095238,12.62212800000001,36.08180985714286,26.958045,0.0,0.4566929133858268,0.0,76,62,76,0.7192118226600985,0.41379310344827586,0.3793103448275862,2.96607,7.31493,7.260826,0.0,0.7118055555555556,0.7751677852348994,146,84,77
1400,0.8958333333333334,0.3125,0.3229166666666667,109.83308433333322,109.641271,148.67016733333332,0.09615384615384616,0.9879032258064516,0.9881889763779528,172,60,62,0.7333333333333333,0.5619047619047619,0.7523809523809524,11.963753000000011,36.57080452380953,27.324984,0.0,0.5172413793103449,0.0,77,59,79,0.7339901477832512,0.41379310344827586,0.37438423645320196,3.028579,7.238044,7.263147,0.0,0.7226027397260274,0.7368421052631579,149,84,76
1401,0.9270833333333334,0.3072916666666667,0.3229166666666667,108.9166759999999,109.651194,149.00984633333331,0.10638297872340426,0.9722222222222222,0.9764705882352941,178,59,62,0.7142857142857143,0.5904761904761905,0.7619047619047619,12.351391000000012,36.87787041269842,27.652836,0.0,0.46218487394957986,0.0,75,62,80,0.7339901477832512,0.41379310344827586,0.3694581280788177,3.02668,7.268974,7.224112,0.0,0.7235494880546075,0.7752442996742671,149,84,75
1402,0.9166666666666666,0.3072916666666667,0.3229166666666667,112.58273833333321,109.732576,149.3209523333333,0.11428571428571428,0.9801587301587301,0.9960159362549801,176,59,62,0.7047619047619048,0.6666666666666666,0.7333333333333333,12.48501585714287,36.577406523809536,27.491787,0.0,0.45864661654135336,0.0,74,70,77,0.7389162561576355,0.4187192118226601,0.37438423645320196,3.031617,7.324313,7.361021,0.0,0.6915254237288135,0.7594501718213058,150,85,76
1403,0.8958333333333334,0.3072916666666667,0.3229166666666667,113.53045999999989,107.107469,148.8493673333333,0.09375,0.98,0.9841269841269841,172,59,62,0.6857142857142857,0.6285714285714286,0.7428571428571429,11.981360000000011,36.15354063492064,27.823826,0.0,0.44166666666666665,0.0,72,66,78,0.7438423645320197,0.4088669950738916,0.3891625615763547,3.009025,7.316002,7.394959,0.0,0.7049180327868853,0.734375,151,83,79
1404,0.9114583333333334,0.3072916666666667,0.3229166666666667,109.99608966666655,105.965264,148.1534223333333,0.13333333333333333,0.9761904761904762,0.9959677419354839,175,59,62,0.6857142857142857,0.638095238095238,0.7333333333333333,11.900901000000012,36.350474952380964,27.235852,0.0,0.4576271186440678,0.056074766355140186,72,67,77,0.7586206896551724,0.39901477832512317,0.3645320197044335,3.031382,7.255364,7.378614,0.0,0.717607973421927,0.7508090614886731,154,81,74
1405,0.921875,0.3072916666666667,0.3229166666666667,113.20288033333321,107.387866,147.5566993333333,0.20689655172413793,0.9764705882352941,0.9959839357429718,177,59,62,0.6857142857142857,0.638095238095238,0.7238095238095238,12.22042800000001,36.1550533015873,27.008661,0.0,0.4918032786885246,0.00980392156862745,72,67,76,0.7536945812807881,0.4088669950738916,0.37438423645320196,2.983159,7.320683,7.407502,0.0,0.7192982456140351,0.7566666666666667,153,83,76
1406,0.9375,0.3020833333333333,0.3229166666666667,108.52758166666655,108.482003,145.762354,0.1,0.9725490196078431,0.9841269841269841,180,58,62,0.6857142857142857,0.6285714285714286,0.7428571428571429,11.991627000000012,36.50444063492064,27.447194,0.0,0.46846846846846846,0.009900990099009901,72,66,78,0.7487684729064039,0.4236453201970443,0.3793103448275862,2.986239,7.276771,7.398713,0.0,0.7054794520547946,0.7344262295081967,152,86,77
1407,0.9114583333333334,0.3072916666666667,0.3229166666666667,111.33479466666654,106.283018,146.0829673333333,0.14705882352941177,0.9765625,0.9803921568627451,175,59,62,0.6857142857142857,0.6,0.7238095238095238,12.247414000000012,35.58978052380953,26.787877,0.0,0.4915254237288136,0.010101010101010102,72,63,76,0.7536945812807881,0.42857142857142855,0.37438423645320196,3.002863,7.286158,7.393304,0.0,0.7206896551724138,0.7416107382550335,153,87,76
1408,0.9375,0.296875,0.3177083333333333,109.48035199999988,106.69409,148.27040033333333,0.17142857142857143,0.9656488549618321,0.996,180,57,61,0.6952380952380952,0.6476190476190476,0.7333333333333333,12.410478000000012,36.262686746031754,27.245882,0.0,0.42857142857142855,0.019801980198019802,73,68,77,0.7536945812807881,0.42857142857142855,0.3842364532019704,3.060556,7.236521,7.402887,0.0,0.7253521126760564,0.7466666666666667,153,87,78
1409,0.9010416666666666,0.296875,0.3125,106.54264499999988,108.712775,146.86594033333333,0.20689655172413793,0.9656488549618321,0.9959839357429718,173,57,60,0.6857142857142857,0.638095238095238,0.7523809523809524,12.158774000000012,36.23676385714287,27.110449,0.0,0.5,0.01904761904761905,72,67,79,0.7487684729064039,0.4236453201970443,0.3793103448275862,3.023508,7.277274,7.444927,0.0,0.7427536231884058,0.756578947368421,152,86,77
1410,0.9270833333333334,0.296875,0.3020833333333333,110.10575599999987,108.911522,148.50366347619047,0.16216216216216217,0.9770992366412213,0.9920318725099602,178,57,58,0.6857142857142857,0.6,0.7333333333333333,11.880568000000011,35.90574330158731,27.089178,0.0,0.4672897196261682,0.009900990099009901,72,63,77,0.7339901477832512,0.4088669950738916,0.3793103448275862,3.019883,7.361367,7.45795,0.0,0.7262773722627737,0.7704918032786885,149,83,77
1411,0.9114583333333334,0.2916666666666667,0.3072916666666667,111.31257966666654,109.614381,148.7261673333333,0.17647058823529413,0.9703703703703703,0.9656488549618321,175,56,59,0.6952380952380952,0.638095238095238,0.7333333333333333,11.98157400000001,36.118528634920644,27.304815,0.0,0.4563106796116505,0.009900990099009901,73,67,77,0.729064039408867,0.4088669950738916,0.3793103448275862,3.007223,7.318559,7.532171,0.0,0.726027397260274,0.7302631578947368,148,83,77
1412,0.9322916666666666,0.296875,0.3072916666666667,115.56379199999988,111.063605,150.80410633333332,0.1794871794871795,0.9885057471264368,0.996078431372549,179,57,59,0.6952380952380952,0.6476190476190476,0.7333333333333333,12.213111000000012,36.46661773015873,27.481832,0.0,0.43157894736842106,0.009900990099009901,73,68,77,0.7192118226600985,0.4088669950738916,0.3793103448275862,3.047201,7.26746,7.555448,0.0,0.7168458781362007,0.761437908496732,146,83,77
1413,0.90625,0.296875,0.3072916666666667,110.36528699999985,108.99392,150.67222376190477,0.16,0.9810606060606061,0.9770992366412213,174,57,59,0.6761904761904762,0.6095238095238096,0.7238095238095238,11.91966500000001,35.84808063492064,27.127196,0.0,0.47474747474747475,0.0,71,64,76,0.7192118226600985,0.4039408866995074,0.37438423645320196,3.001703,7.321602,7.508953,0.0,0.7553191489361702,0.7682119205298014,146,82,76
1414,0.90625,0.28125,0.296875,113.56960766666653,113.19059757142857,148.57695733333333,0.1111111111111111,0.9630996309963099,0.9660377358490566,174,54,57,0.6857142857142857,0.6571428571428571,0.7333333333333333,11.79115042857144,35.74212763492065,26.967984,0.0,0.42592592592592593,0.0,72,69,77,0.7093596059113301,0.4088669950738916,0.3842364532019704,3.009291,7.349195,7.552572,0.0,0.75,0.7748344370860927,144,83,78
1415,0.9010416666666666,0.2708333333333333,0.2864583333333333,110.58853033333321,114.43676242857143,148.5232067619048,0.15789473684210525,0.960431654676259,0.9923371647509579,173,52,55,0.7047619047619048,0.6476190476190476,0.7238095238095238,11.83351100000001,35.908103412698416,26.880945,0.0,0.4803921568627451,0.0,74,68,76,0.7142857142857143,0.4088669950738916,0.37438423645320196,3.063466,7.321309,7.562637,0.0,0.737410071942446,0.7839721254355401,145,83,76
1416,0.921875,0.2864583333333333,0.3020833333333333,116.26274366666654,113.488095,150.9317033333333,0.21212121212121213,0.9710144927536232,0.9699248120300752,177,55,58,0.7142857142857143,0.6761904761904762,0.7142857142857143,12.15592542857144,35.56490541269842,27.318864,0.0,0.4594594594594595,0.0,75,71,75,0.7438423645320197,0.43842364532019706,0.3694581280788177,3.06124,7.339917,7.493406,0.0,0.7311827956989247,0.7705479452054794,151,89,75
1417,0.9583333333333334,0.2864583333333333,0.3020833333333333,113.16990599999987,110.57985499999998,152.4124181904762,0.16666666666666666,0.975177304964539,0.9776951672862454,184,55,58,0.7142857142857143,0.638095238095238,0.7047619047619048,11.892316142857153,35.55011152380953,27.482364,0.0,0.43434343434343436,0.0,75,67,74,0.7438423645320197,0.4482758620689655,0.39901477832512317,3.09915,7.405283,7.458073,0.0,0.725925925925926,0.752442996742671,151,91,81
1418,0.9479166666666666,0.2864583333333333,0.3020833333333333,111.62857733333321,109.665967,150.2801673333333,0.1111111111111111,0.96875,0.9664179104477612,182,55,58,0.7047619047619048,0.6666666666666666,0.6857142857142857,12.39583300000001,35.46228185714288,26.917347,0.0,0.4117647058823529,0.0,74,70,72,0.7241379310344828,0.4433497536945813,0.4088669950738916,3.040525,7.358223,7.491285,0.0,0.7047970479704797,0.7167832167832168,147,90,83
1419,0.9427083333333334,0.2864583333333333,0.3020833333333333,112.70639333333321,110.42236,150.45141833333332,0.1935483870967742,0.965034965034965,0.9737827715355806,181,55,58,0.7238095238095238,0.6666666666666666,0.6952380952380952,12.61030342857144,35.58488441269842,27.438711,0.0,0.4017857142857143,0.0,76,70,73,0.729064039408867,0.4482758620689655,0.41379310344827586,3.058551,7.34391,7.414419,0.0,0.7204301075268817,0.7084745762711865,148,91,84
1420,0.8958333333333334,0.2864583333333333,0.2916666666666667,116.07554266666652,112.05175,151.0210053333333,0.075,0.9784172661870504,0.9744525547445255,172,55,56,0.7047619047619048,0.6666666666666666,0.6952380952380952,12.254307000000011,35.68457452380953,26.935599,0.0,0.45161290322580644,0.0,74,70,73,0.7339901477832512,0.458128078817734,0.4236453201970443,3.007429,7.374221,7.448234,0.0,0.706959706959707,0.7406143344709898,149,93,86
1421,0.9114583333333334,0.2864583333333333,0.296875,114.21059499999987,110.780752,148.4350663333333,0.13043478260869565,0.9678571428571429,0.9777777777777777,175,55,57,0.6952380952380952,0.6190476190476191,0.6952380952380952,12.19517100000001,35.76132263492065,26.965734,0.0,0.4479166666666667,0.0,73,65,73,0.729064039408867,0.4482758620689655,0.41379310344827586,2.985482,7.411943,7.484245,0.0,0.6937269372693727,0.7333333333333333,148,91,84
1422,0.921875,0.2864583333333333,0.2916666666666667,114.33329866666652,108.856332,150.12172933333332,0.15,0.9565217391304348,0.9664179104477612,177,55,56,0.6761904761904762,0.638095238095238,0.7047619047619048,12.155008571428581,35.89979685714287,27.636896,0.0,0.4157303370786517,0.0,71,67,74,0.7192118226600985,0.458128078817734,0.4236453201970443,3.028811,7.399485,7.523391,0.0,0.6970802919708029,0.7242524916943521,146,93,86
1423,0.9479166666666666,0.28125,0.2864583333333333,112.72810466666652,111.399292,153.04576333333335,0.07894736842105263,0.9710144927536232,0.981203007518797,182,54,55,0.6761904761904762,0.638095238095238,0.7047619047619048,12.18669942857144,36.19985274603175,27.152963,0.0,0.3888888888888889,0.0,71,67,74,0.7044334975369458,0.458128078817734,0.4236453201970443,2.947184,7.435609,7.45219,0.0,0.6954887218045113,0.7162162162162162,143,93,86
1424,0.9270833333333334,0.28125,0.296875,116.78874766666655,109.78016714285715,153.25188133333333,0.07142857142857142,0.9706959706959707,0.9704797047970479,178,54,57,0.6761904761904762,0.6285714285714286,0.7142857142857143,12.24283342857144,35.63281274603175,26.735901,0.0,0.3645833333333333,0.0,71,66,75,0.7192118226600985,0.4729064039408867,0.41379310344827586,2.975867,7.482749,7.429801,0.0,0.6996466431095406,0.7361111111111112,146,96,84
1425,0.9427083333333334,0.2864583333333333,0.296875,110.9710293333332,112.490297,152.55262133333335,0.037037037037037035,0.950354609929078,0.9811320754716981,181,55,57,0.7047619047619048,0.6476190476190476,0.7047619047619048,12.27520500000001,35.7583603968254,27.168531,0.0,0.40425531914893614,0.0,74,68,74,0.7142857142857143,0.4630541871921182,0.42857142857142855,2.956011,7.506179,7.466959,0.0,0.7100371747211895,0.7317073170731707,145,94,87
1426,0.9479166666666666,0.3333333333333333,0.3489583333333333,108.39530633333324,114.41317066666667,151.43248633333332,0.0,0.9523809523809523,0.9244604316546763,182,64,67,0.6952380952380952,0.638095238095238,0.6761904761904762,12.17353200000001,35.87446074603175,27.268294,0.0,0.3804347826086957,0.0,73,67,71,0.7093596059113301,0.46798029556650245,0.4236453201970443,2.983913,7.465871,7.471992,0.0,0.6985294117647058,0.7455197132616488,144,95,86
1427,0.9322916666666666,0.3385416666666667,0.3489583333333333,113.85565566666654,116.19557,152.19794933333333,0.0,0.953307392996109,0.9635627530364372,179,65,67,0.6857142857142857,0.6285714285714286,0.6666666666666666,12.63210400000001,35.65391274603175,26.779886,0.0,0.375,0.0,72,66,70,0.7044334975369458,0.4630541871921182,0.4187192118226601,3.021464,7.518827,7.444285,0.00510204081632653,0.7115384615384616,0.7326007326007326,143,94,85
1428,0.9166666666666666,0.3385416666666667,0.3385416666666667,115.66873533333319,115.498263,153.1669983333333,0.0,0.9427480916030534,0.9715447154471545,176,65,65,0.6857142857142857,0.6285714285714286,0.6571428571428571,12.40720900000001,36.06981242857143,27.183109,0.0,0.39361702127659576,0.0,72,66,69,0.6995073891625616,0.45320197044334976,0.4236453201970443,3.052835,7.541139,7.44328,0.0,0.700374531835206,0.7230215827338129,142,92,86
1429,0.9322916666666666,0.3385416666666667,0.34375,113.01290666666654,113.320425,156.86707333333334,0.16279069767441862,0.9652509652509652,0.9761904761904762,179,65,66,0.6952380952380952,0.6666666666666666,0.638095238095238,12.07573000000001,35.99851219047619,26.704438,0.0,0.3786407766990291,0.0,73,70,67,0.7044334975369458,0.4729064039408867,0.4236453201970443,3.04727,7.472253,7.458797,0.0,0.6879699248120301,0.7408759124087592,143,96,86
1430,0.9583333333333334,0.3333333333333333,0.34375,108.8561739999999,115.310277,153.14699333333334,0.08571428571428572,0.937984496124031,0.9612403100775194,184,64,66,0.7142857142857143,0.6571428571428571,0.6285714285714286,12.445253000000012,35.56312507936508,26.606483,0.0,0.46601941747572817,0.0,75,69,66,0.7093596059113301,0.4827586206896552,0.42857142857142855,3.059432,7.464428,7.469155,0.0,0.7218045112781954,0.7636363636363637,144,98,87
1431,0.921875,0.3333333333333333,0.3489583333333333,111.75948399999987,114.927274,153.4006633333333,0.08333333333333333,0.9619771863117871,0.9425287356321839,177,64,67,0.7142857142857143,0.6761904761904762,0.638095238095238,12.571957000000012,35.61789607936508,26.385823,0.0,0.39361702127659576,0.0,75,71,67,0.6995073891625616,0.4827586206896552,0.41379310344827586,3.07118,7.564657,7.602513,0.0,0.7137254901960784,0.7700729927007299,142,98,84
1432,0.9375,0.3385416666666667,0.3489583333333333,112.80029166666655,114.008861,152.39260133333335,0.0,0.96484375,0.9839357429718876,180,65,67,0.6857142857142857,0.638095238095238,0.638095238095238,12.577790000000011,35.31227574603175,26.066616,0.0,0.44086021505376344,0.0,72,67,67,0.7142857142857143,0.46798029556650245,0.41379310344827586,3.11309,7.531598,7.464248,0.0049504950495049506,0.7037037037037037,0.7137809187279152,145,95,84
1433,0.9166666666666666,0.3229166666666667,0.3489583333333333,111.78184866666655,113.17227,151.17633033333334,0.037037037037037035,0.9647058823529412,0.9757085020242915,176,62,67,0.6952380952380952,0.6095238095238096,0.6476190476190476,12.53040942857144,36.03514341269842,26.19459,0.0,0.425531914893617,0.0,73,64,68,0.7142857142857143,0.4729064039408867,0.41379310344827586,3.027024,7.511639,7.402645,0.0,0.6970802919708029,0.7050847457627119,145,96,84
1434,0.921875,0.3385416666666667,0.3489583333333333,109.5196083333332,112.011559,152.1753283333333,0.1,0.9398496240601504,0.9839357429718876,177,65,67,0.6857142857142857,0.6095238095238096,0.6190476190476191,12.759331000000012,35.316706857142876,26.708785,0.0,0.3673469387755102,0.0,72,64,65,0.7093596059113301,0.4630541871921182,0.4187192118226601,3.038303,7.515586,7.471318,0.0,0.7007575757575758,0.7152777777777778,144,94,85
1435,0.890625,0.3385416666666667,0.3489583333333333,110.66976933333324,111.715453,150.8596133333333,0.10526315789473684,0.9455252918287937,0.979757085020243,171,65,67,0.6857142857142857,0.6285714285714286,0.6095238095238096,12.73823900000001,35.953618634920645,26.357549,0.0,0.43010752688172044,0.0,72,66,64,0.6896551724137931,0.46798029556650245,0.41379310344827586,3.140097,7.479227,7.547105,0.0,0.6801470588235294,0.7232472324723247,140,95,84
1436,0.9375,0.3333333333333333,0.3489583333333333,110.59933099999986,112.789143,152.6106363333333,0.029411764705882353,0.9568627450980393,0.972,180,64,67,0.6571428571428571,0.638095238095238,0.6285714285714286,12.170362000000011,36.05065463492064,26.416462,0.0,0.35106382978723405,0.0,69,67,66,0.6896551724137931,0.46798029556650245,0.4088669950738916,3.159939,7.412077,7.429285,0.0,0.6840148698884758,0.6914893617021277,140,95,83
1437,0.921875,0.3385416666666667,0.3489583333333333,114.17902299999987,109.397089,149.5941673333333,0.08333333333333333,0.9305019305019305,0.9529411764705882,177,65,67,0.6476190476190476,0.6,0.6285714285714286,11.796293000000011,35.85556452380953,26.581253,0.0,0.3655913978494624,0.0,68,63,66,0.6995073891625616,0.458128078817734,0.39901477832512317,3.179371,7.482615,7.377149,0.0,0.6877470355731226,0.7269503546099291,142,93,81
1438,0.9375,0.3645833333333333,0.34375,108.58594199999987,110.887323,151.98186233333334,0.08333333333333333,0.9377431906614786,0.9484126984126984,180,70,66,0.638095238095238,0.5904761904761905,0.6285714285714286,12.457613000000011,35.65584663492065,26.846906,0.0,0.3488372093023256,0.0,67,62,66,0.7044334975369458,0.4729064039408867,0.45320197044334976,3.098707,7.509691,7.375796,0.0,0.6653992395437263,0.6816608996539792,143,96,92
1439,0.8958333333333334,0.3645833333333333,0.375,110.5797539999999,114.855139,153.71411033333334,0.058823529411764705,0.9552845528455285,0.9516129032258065,172,70,72,0.6,0.5714285714285714,0.6285714285714286,12.32131800000001,35.76380642857144,26.981382,0.0,0.3434343434343434,0.0,63,60,66,0.6995073891625616,0.47783251231527096,0.4630541871921182,3.163251,7.567537,7.420075,0.0,0.6460905349794238,0.6879699248120301,142,97,94
1440,0.921875,0.3541666666666667,0.375,111.82163666666655,118.614259,155.55193833333334,0.08823529411764706,0.9549180327868853,0.9669421487603306,177,68,72,0.638095238095238,0.6476190476190476,0.6285714285714286,12.442908000000012,35.87089063492064,26.721627,0.0,0.3404255319148936,0.0,67,68,66,0.7044334975369458,0.4827586206896552,0.458128078817734,3.144278,7.560009,7.447443,0.0,0.642023346303502,0.6741573033707865,143,98,93
1441,0.9166666666666666,0.3645833333333333,0.3697916666666667,108.01378266666654,118.604412,154.77883533333335,0.07142857142857142,0.951417004048583,0.9591836734693877,176,70,71,0.6190476190476191,0.6095238095238096,0.638095238095238,12.05251900000001,35.28972952380953,27.347289,0.0,0.32954545454545453,0.030927835051546393,65,64,67,0.7093596059113301,0.49261083743842365,0.45320197044334976,3.123575,7.59708,7.448704,0.0,0.6546184738955824,0.6529850746268657,144,100,92
1442,0.9166666666666666,0.359375,0.3697916666666667,110.01444899999989,115.633395,153.67750633333333,0.0,0.9402390438247012,0.9713114754098361,176,69,71,0.6476190476190476,0.6285714285714286,0.6,12.156197000000011,35.42914874603176,26.864512,0.0,0.3333333333333333,0.031578947368421054,68,66,63,0.7142857142857143,0.4876847290640394,0.46798029556650245,3.118095,7.576729,7.47588,0.0,0.6294820717131474,0.63003663003663,145,99,95
1443,0.921875,0.3645833333333333,0.375,115.39128966666655,111.75607666666666,154.60084933333331,0.034482758620689655,0.9132075471698113,0.9372549019607843,177,70,72,0.6285714285714286,0.6095238095238096,0.6095238095238096,12.225203000000011,35.65968885714287,27.064023,0.0,0.3157894736842105,0.010526315789473684,66,64,64,0.7044334975369458,0.4975369458128079,0.46798029556650245,3.071883,7.598908,7.400219,0.0,0.6497890295358649,0.6496350364963503,143,101,95
1444,0.9322916666666666,0.3645833333333333,0.375,111.86833466666656,113.31758833333333,152.50268366666666,0.0,0.951417004048583,0.9465020576131687,179,70,72,0.6285714285714286,0.6095238095238096,0.6190476190476191,12.02943900000001,36.1448820952381,27.252546,0.0,0.30337078651685395,0.010416666666666666,66,64,65,0.6995073891625616,0.4827586206896552,0.46798029556650245,3.078491,7.739819,7.434283,0.0,0.6434782608695652,0.6776556776556777,142,98,95
1445,0.9270833333333334,0.3645833333333333,0.359375,110.74541899999988,113.770212,156.18125833333332,0.0,0.9163346613545816,0.9746835443037974,178,70,69,0.6190476190476191,0.6476190476190476,0.6190476190476191,12.017501000000012,35.74559698412699,27.111383,0.0,0.27472527472527475,0.010309278350515464,65,68,65,0.6995073891625616,0.4876847290640394,0.4630541871921182,3.121016,7.74032,7.452192,0.0,0.6157024793388429,0.6494464944649446,142,99,94
1446,0.9375,0.3645833333333333,0.375,108.28440966666655,115.14818533333333,154.472003,0.0,0.9666666666666667,0.9588477366255144,180,70,72,0.6095238095238096,0.6666666666666666,0.6476190476190476,12.15257800000001,35.90493063492064,26.859299,0.0,0.27835051546391754,0.0,64,70,68,0.6995073891625616,0.4975369458128079,0.458128078817734,2.998521,7.688372,7.445133,0.0,0.628,0.6470588235294118,142,101,93
1447,0.921875,0.3645833333333333,0.3697916666666667,112.2678603333332,116.91634033333332,151.0790683333333,0.0,0.9372549019607843,0.9588477366255144,177,70,71,0.6095238095238096,0.6190476190476191,0.638095238095238,11.913246000000012,35.017094634920646,26.819816,0.0,0.29069767441860467,0.0,64,65,67,0.6995073891625616,0.5073891625615764,0.4729064039408867,3.02086,7.684347,7.420907,0.0,0.6411290322580645,0.6483516483516484,142,103,96
1448,0.8958333333333334,0.3541666666666667,0.3697916666666667,112.85444899999986,113.141746,154.56416733333333,0.0,0.9221789883268483,0.9703389830508474,172,68,71,0.6,0.6476190476190476,0.638095238095238,11.741088000000012,35.171555317460324,27.252538,0.0,0.2727272727272727,0.0,63,68,67,0.7142857142857143,0.5024630541871922,0.4630541871921182,3.051499,7.705663,7.43358,0.0,0.6448979591836734,0.6703296703296703,145,102,94
1449,0.9166666666666666,0.3645833333333333,0.3645833333333333,111.7219209999999,114.105447,157.25362433333333,0.0,0.9404761904761905,0.9662447257383966,176,70,70,0.5904761904761905,0.6095238095238096,0.6476190476190476,11.68460700000001,35.08518852380953,27.28887,0.0,0.2948717948717949,0.0,62,64,68,0.7044334975369458,0.4975369458128079,0.4630541871921182,3.057978,7.660531,7.496592,0.005208333333333333,0.6347826086956522,0.664179104477612,143,101,94
1450,0.9270833333333334,0.359375,0.375,112.24238666666655,115.246358,155.60086633333336,0.0,0.9670781893004116,0.9628099173553719,178,69,72,0.6,0.5904761904761905,0.638095238095238,11.720273000000011,35.89169985714287,27.245082,0.0,0.26136363636363635,0.0,63,62,67,0.6995073891625616,0.4876847290640394,0.45320197044334976,3.076966,7.574883,7.453974,0.0051813471502590676,0.6333333333333333,0.6340579710144928,142,99,92
1451,0.9322916666666666,0.3645833333333333,0.3697916666666667,112.03346533333321,115.709546,155.78067433333334,0.0,0.9473684210526315,0.9588477366255144,179,70,71,0.5904761904761905,0.580952380952381,0.6476190476190476,11.50197000000001,35.17601517460319,27.014075,0.0,0.25,0.0,62,61,68,0.6995073891625616,0.4876847290640394,0.45320197044334976,3.117975,7.566001,7.345946,0.0,0.6068376068376068,0.6382978723404256,142,99,92
1452,0.9375,0.359375,0.375,114.55722599999989,114.936501,158.39848733333335,0.0,0.9221789883268483,0.936,180,69,72,0.6095238095238096,0.5714285714285714,0.6476190476190476,11.898998000000011,35.49081406349207,27.278151,0.0,0.25301204819277107,0.020833333333333332,64,60,68,0.6995073891625616,0.5123152709359606,0.47783251231527096,3.153346,7.489951,7.346844,0.0,0.6166666666666667,0.6521739130434783,142,104,97
1453,0.921875,0.3645833333333333,0.375,115.20311833333321,115.561563,160.79433733333335,0.0,0.9357429718875502,0.9663865546218487,177,70,72,0.6476190476190476,0.6,0.6190476190476191,12.216440000000011,35.20169374603175,27.304119,0.0,0.25609756097560976,0.021052631578947368,68,63,65,0.7142857142857143,0.5123152709359606,0.46798029556650245,3.132029,7.543747,7.443063,0.0,0.6437768240343348,0.6616541353383458,145,104,95
1454,0.9322916666666666,0.375,0.3958333333333333,113.6550803333332,118.128824,155.3308963333333,0.037037037037037035,0.925,0.9380165289256198,179,72,76,0.6476190476190476,0.638095238095238,0.6285714285714286,12.17867300000001,35.50458496825398,26.672756,0.0,0.23595505617977527,0.02040816326530612,68,67,66,0.7192118226600985,0.5221674876847291,0.458128078817734,3.206126,7.697523,7.507647,0.0,0.6299559471365639,0.6353383458646616,146,106,93
1455,0.921875,0.390625,0.3854166666666667,111.24956966666656,116.381641,161.14707533333333,0.10344827586206896,0.91701244813278,0.9817351598173516,177,75,74,0.6476190476190476,0.6285714285714286,0.6190476190476191,11.939979000000012,34.9858393809524,27.720918,0.0,0.21686746987951808,0.020833333333333332,68,66,65,0.7142857142857143,0.5320197044334976,0.46798029556650245,3.215044,7.728723,7.312582,0.0,0.5875,0.5827338129496403,145,108,95
1456,0.9270833333333334,0.390625,0.3958333333333333,114.01260899999988,117.682065,160.04555233333335,0.13793103448275862,0.9525862068965517,0.9511111111111111,178,75,76,0.638095238095238,0.6190476190476191,0.638095238095238,12.280962000000011,35.64260031746032,27.570851,0.0,0.24096385542168675,0.020202020202020204,67,65,67,0.7093596059113301,0.5270935960591133,0.49261083743842365,3.239112,7.630404,7.344836,0.0,0.5856573705179283,0.5985401459854015,144,107,100
1457,0.9166666666666666,0.3802083333333333,0.4010416666666667,112.56236633333323,116.728997,158.50634033333336,0.1111111111111111,0.948051948051948,0.9342105263157895,176,73,77,0.638095238095238,0.580952380952381,0.638095238095238,12.821545000000011,35.409897888888906,27.438214,0.0,0.24691358024691357,0.020202020202020204,67,61,67,0.7044334975369458,0.541871921182266,0.5073891625615764,3.197386,7.627884,7.44046,0.0,0.570281124497992,0.5939849624060151,143,110,103
1458,0.9114583333333334,0.390625,0.3958333333333333,113.15883533333323,114.736536,157.66256833333335,0.14705882352941177,0.9404255319148936,0.9502262443438914,175,75,76,0.6571428571428571,0.5904761904761905,0.638095238095238,12.564561000000012,35.67849863492065,26.859533,0.0,0.2222222222222222,0.020202020202020204,69,62,67,0.6995073891625616,0.5467980295566502,0.5172413793103449,3.218436,7.703173,7.518945,0.0,0.5313807531380753,0.5757575757575758,142,111,105
1459,0.9375,0.3854166666666667,0.4010416666666667,113.78515933333323,116.029179,160.44880333333333,0.1388888888888889,0.9353448275862069,0.9634703196347032,180,74,77,0.6666666666666666,0.5904761904761905,0.6476190476190476,12.394475571428583,35.62392322222223,27.159591,0.0,0.2716049382716049,0.0,70,62,68,0.6995073891625616,0.5320197044334976,0.5123152709359606,3.221996,7.635968,7.463818,0.0,0.5473251028806584,0.5793357933579336,142,108,104
1460,0.9114583333333334,0.390625,0.4010416666666667,109.07721199999986,114.928123,156.64618133333335,0.20689655172413793,0.9102040816326531,0.9551569506726457,175,75,77,0.6476190476190476,0.6285714285714286,0.6476190476190476,12.474308000000011,35.53686296825398,27.112714,0.0,0.2125,0.0,68,66,68,0.7044334975369458,0.5369458128078818,0.5073891625615764,3.198023,7.641585,7.505298,0.0,0.545816733067729,0.5893536121673004,143,109,103
1461,0.9322916666666666,0.390625,0.3958333333333333,112.24361599999989,115.151788,156.84516233333335,0.03125,0.9691629955947136,0.9469026548672567,179,75,76,0.6476190476190476,0.6095238095238096,0.6476190476190476,12.801953000000012,35.99347441269842,27.124535,0.0,0.22666666666666666,0.0,68,64,68,0.6995073891625616,0.5517241379310345,0.5024630541871922,3.20158,7.615772,7.556018,0.0,0.5147679324894515,0.5793650793650794,142,112,102
1462,0.9166666666666666,0.3854166666666667,0.4010416666666667,112.58827666666653,116.83466366666666,157.42890033333333,0.0,0.948051948051948,0.9681818181818181,176,74,77,0.6571428571428571,0.6476190476190476,0.6571428571428571,12.837232571428583,35.9507804920635,27.150115,0.0,0.20238095238095238,0.0,69,68,69,0.7093596059113301,0.5615763546798029,0.49261083743842365,3.196516,7.63615,7.525406,0.0,0.5265306122448979,0.5916030534351145,144,114,100
1463,0.90625,0.296875,0.359375,112.39243766666657,94.06942833333333,122.72979433333333,0.0,0.9366515837104072,0.9383886255924171,174,57,69,0.6571428571428571,0.44761904761904764,0.638095238095238,12.469286888888899,27.445676126984136,20.474326,0.0,0.1728395061728395,0.0,69,47,67,0.6945812807881774,0.4039408866995074,0.45320197044334976,3.124564,5.679806,5.931172,0.005263157894736842,0.52,0.5896414342629482,141,82,92
1464,0.9010416666666666,0.3020833333333333,0.359375,111.61112099999988,93.20154033333333,123.07179533333333,0.0,0.9567901234567902,0.9574468085106383,173,58,69,0.6857142857142857,0.4380952380952381,0.6190476190476191,12.566454000000011,28.13904301587302,20.311397,0.0,0.23529411764705882,0.0,72,46,65,0.6995073891625616,0.39901477832512317,0.4482758620689655,3.113805,5.680061,5.918244,0.0,0.5260416666666666,0.5707762557077626,142,81,91
1465,0.890625,0.2916666666666667,0.359375,113.18427933333321,92.44304033333333,125.78686333333333,0.0,0.9112426035502958,0.9354838709677419,171,56,69,0.6571428571428571,0.4,0.6095238095238096,12.463551000000011,27.626003126984134,20.288794,0.0,0.23076923076923078,0.0,69,42,64,0.7044334975369458,0.3645320197044335,0.42857142857142855,3.147986,5.716873,5.856665,0.0,0.5353535353535354,0.5694444444444444,143,74,87
1466,0.9166666666666666,0.2708333333333333,0.3541666666666667,112.3368119999999,92.16434833333332,122.36529533333332,0.0,0.9464285714285714,0.923469387755102,176,52,68,0.6666666666666666,0.3904761904761905,0.638095238095238,12.356024571428582,27.43279001587302,20.192818,0.0,0.36486486486486486,0.0,70,41,67,0.6945812807881774,0.33004926108374383,0.43842364532019706,3.11911,5.601726,5.881212,0.0,0.5770925110132159,0.6017316017316018,141,67,89
1467,0.9270833333333334,0.2708333333333333,0.359375,111.61180966666656,93.70598933333333,124.83680833333332,0.0,0.9425287356321839,0.9841269841269841,178,52,69,0.6857142857142857,0.37142857142857144,0.6285714285714286,12.491044000000011,27.727975698412706,20.180695,0.0,0.36486486486486486,0.0,72,39,66,0.6945812807881774,0.32019704433497537,0.42857142857142855,3.086199,5.53685,5.866149,0.0,0.6146788990825688,0.5895196506550219,141,65,87
1468,0.921875,0.265625,0.3541666666666667,114.3446989999999,92.75824133333333,120.85038933333333,0.0,0.9700598802395209,0.9633507853403142,177,51,68,0.6857142857142857,0.3619047619047619,0.6285714285714286,12.52795800000001,27.391289126984134,20.167375,0.0,0.37662337662337664,0.0,72,38,66,0.6995073891625616,0.2955665024630542,0.41379310344827586,3.134985,5.57647,5.904052,0.0,0.6556603773584906,0.6233766233766234,142,60,84
1469,0.8958333333333334,0.265625,0.34375,112.01770666666657,94.56372133333333,123.95220433333333,0.0,0.9257142857142857,0.9456521739130435,172,51,66,0.6666666666666666,0.38095238095238093,0.6190476190476191,12.523958000000011,27.800721809523814,20.2435,0.0,0.35365853658536583,0.0,70,40,65,0.6945812807881774,0.270935960591133,0.4088669950738916,3.09088,5.587732,5.850164,0.005263157894736842,0.7264150943396226,0.57847533632287,141,55,83
1470,0.859375,0.2604166666666667,0.34375,112.85481733333324,93.64052233333332,127.36731933333333,0.08333333333333333,0.9421965317919075,0.9655172413793104,165,50,66,0.6476190476190476,0.4,0.6095238095238096,12.46656842857144,27.944791126984136,20.230467,0.0,0.4177215189873418,0.0,68,42,64,0.6847290640394089,0.2561576354679803,0.39408866995073893,3.100984,5.638475,5.846388,0.005376344086021506,0.7214611872146118,0.6266094420600858,139,52,80
1471,0.9010416666666666,0.265625,0.3541666666666667,112.78180633333324,114.705735,160.88560433333333,0.08571428571428572,0.9672131147540983,0.9193548387096774,173,51,68,0.6285714285714286,0.4,0.6190476190476191,12.43403242857144,35.47465130158731,26.318565,0.0,0.3855421686746988,0.0,66,42,65,0.6945812807881774,0.24630541871921183,0.39901477832512317,3.117638,7.616781,7.542947,0.010416666666666666,0.7372881355932204,0.688034188034188,141,50,81
1472,0.9166666666666666,0.2604166666666667,0.3541666666666667,112.6277529999999,113.573228,160.98587933333334,0.13043478260869565,0.9665071770334929,0.9841269841269841,176,50,68,0.638095238095238,0.4095238095238095,0.6,12.425415000000012,36.20390574603175,27.615209,0.0,0.5053763440860215,0.02127659574468085,67,43,63,0.6945812807881774,0.2512315270935961,0.3694581280788177,3.095907,7.624554,7.59431,0.0053475935828877,0.7638376383763837,0.6929460580912863,141,51,75
1473,0.8541666666666666,0.2760416666666667,0.3697916666666667,115.77781366666655,116.28892,155.62571633333334,0.06666666666666667,0.9512195121951219,0.9359605911330049,164,53,71,0.6190476190476191,0.3523809523809524,0.5904761904761905,12.358491333333347,35.817926952380965,27.736737,0.0,0.62,0.031914893617021274,65,37,62,0.6847290640394089,0.2660098522167488,0.35960591133004927,3.121189,7.637967,7.49923,0.0053475935828877,0.7747440273037542,0.6755725190839694,139,54,73
1474,0.828125,0.2864583333333333,0.375,108.52035999999988,116.249779,157.57416733333335,0.0625,0.9423868312757202,0.9595959595959596,159,55,72,0.6190476190476191,0.37142857142857144,0.5523809523809524,12.832064777777788,35.91683906349207,27.800939,0.0,0.6293103448275862,0.056179775280898875,65,39,58,0.6847290640394089,0.2561576354679803,0.3694581280788177,3.080141,7.696921,7.441872,0.0055248618784530384,0.7766323024054983,0.6770428015564203,139,52,75
1475,0.8489583333333334,0.2864583333333333,0.375,109.46259433333323,117.193162,160.23725933333336,0.0,0.959349593495935,0.9593908629441624,163,55,72,0.6285714285714286,0.37142857142857144,0.5428571428571428,12.844864000000012,36.40727738095239,27.92083,0.0,0.6293103448275862,0.0851063829787234,66,39,57,0.6847290640394089,0.27586206896551724,0.39408866995073893,3.103333,7.721736,7.535551,0.0055248618784530384,0.7598684210526315,0.6781609195402298,139,56,80
1476,0.8229166666666666,0.2864583333333333,0.3697916666666667,112.10095799999989,115.051485,159.24194533333335,0.0,0.9634146341463414,0.9595959595959596,158,55,71,0.6,0.37142857142857144,0.5619047619047619,11.969049682539694,35.96326406349207,27.648623,0.0,0.5948275862068966,0.08333333333333333,63,39,59,0.6798029556650246,0.270935960591133,0.41379310344827586,3.09543,7.696917,7.599855,0.005405405405405406,0.7724358974358975,0.6732283464566929,138,55,84
1477,0.8229166666666666,0.28125,0.3697916666666667,110.13783999999988,114.543442,160.79140233333334,0.0,0.975103734439834,0.9707317073170731,158,54,71,0.5904761904761905,0.42857142857142855,0.5619047619047619,12.279815000000012,35.48184706349207,28.26387,0.0,0.5964912280701754,0.08695652173913043,62,45,59,0.6748768472906403,0.27586206896551724,0.41379310344827586,3.017919,7.723501,7.685371,0.0,0.7751677852348994,0.6487603305785123,137,56,84
1478,0.828125,0.2864583333333333,0.375,112.40506166666655,112.077229,159.58657333333335,0.0,0.9442231075697212,0.9660194174757282,159,55,72,0.580952380952381,0.42857142857142855,0.5428571428571428,12.211733000000011,35.842265634920636,27.705544,0.0,0.5925925925925926,0.08791208791208792,61,45,57,0.6699507389162561,0.270935960591133,0.41379310344827586,3.029267,7.762932,7.670086,0.0056179775280898875,0.761744966442953,0.6300813008130082,136,55,84
1479,0.8385416666666666,0.2864583333333333,0.375,107.95453366666655,112.77439,158.60448433333335,0.03571428571428571,0.9595141700404858,0.9563106796116505,161,55,72,0.5523809523809524,0.42857142857142855,0.5523809523809524,12.323687000000012,36.23796052380953,28.418598,0.0,0.5648148148148148,0.0851063829787234,58,45,58,0.6748768472906403,0.270935960591133,0.4187192118226601,3.023567,7.77593,7.617687,0.0,0.7457627118644068,0.6437246963562753,137,55,85
1480,0.8333333333333334,0.2864583333333333,0.375,115.06687533333321,114.332677,159.89013533333335,0.0,0.9669421487603306,0.9796954314720813,160,55,72,0.5428571428571428,0.4380952380952381,0.5619047619047619,11.837416000000012,35.8889413968254,27.562505,0.0,0.5428571428571428,0.0851063829787234,57,46,59,0.6847290640394089,0.270935960591133,0.4187192118226601,3.074317,7.774336,7.65539,0.0,0.7532894736842105,0.664,139,55,85
1481,0.8385416666666666,0.28125,0.3697916666666667,110.86613633333322,115.488196,159.74416733333334,0.0,0.9625,0.965,161,54,71,0.5523809523809524,0.42857142857142855,0.580952380952381,12.09232600000001,36.253577952380965,27.661759,0.0,0.5656565656565656,0.08791208791208792,58,45,61,0.6945812807881774,0.27586206896551724,0.4236453201970443,3.058407,7.820662,7.742426,0.0,0.7728813559322034,0.6359832635983264,141,56,86
1482,0.8333333333333334,0.2864583333333333,0.375,110.8855983333332,113.53023,163.10416733333335,0.08333333333333333,0.9510204081632653,0.9696969696969697,160,55,72,0.5333333333333333,0.4380952380952381,0.580952380952381,12.14495200000001,35.840225952380955,28.261635,0.0,0.5596330275229358,0.08695652173913043,56,46,61,0.6798029556650246,0.27586206896551724,0.4187192118226601,3.028768,7.74562,7.680935,0.011049723756906077,0.7671232876712328,0.652,138,56,85
1483,0.8541666666666666,0.2864583333333333,0.375,110.63158366666656,114.678688,161.12241333333336,0.15789473684210525,0.9475806451612904,0.9899497487437185,164,55,72,0.5523809523809524,0.42857142857142855,0.5904761904761905,12.641451000000014,35.72591417460319,27.944009,0.0,0.5849056603773585,0.08602150537634409,58,45,62,0.6896551724137931,0.28078817733990147,0.41379310344827586,3.095686,7.786002,7.726449,0.011049723756906077,0.7517241379310344,0.6719367588932806,140,57,84
1484,0.84375,0.2864583333333333,0.375,111.51394433333321,116.420578,159.55118733333333,0.17647058823529413,0.975103734439834,0.9653465346534653,162,55,72,0.5428571428571428,0.4095238095238095,0.580952380952381,11.927848000000015,35.84114973015874,27.356996,0.0,0.5555555555555556,0.08791208791208792,57,43,61,0.6896551724137931,0.28078817733990147,0.41379310344827586,3.046632,7.781772,7.742822,0.016216216216216217,0.7849829351535836,0.6413502109704642,140,57,84
1485,0.84375,0.28125,0.375,110.84408566666657,114.774392,161.84416733333333,0.043478260869565216,0.9669421487603306,0.9849246231155779,162,54,72,0.5428571428571428,0.45714285714285713,0.5904761904761905,12.325484777777792,35.74041228571429,28.090985,0.0,0.5566037735849056,0.08695652173913043,57,48,62,0.6798029556650246,0.270935960591133,0.4088669950738916,3.058316,7.845513,7.637533,0.016483516483516484,0.7862318840579711,0.6296296296296297,138,55,83
1486,0.84375,0.2864583333333333,0.375,110.67033799999989,117.047852,163.10005033333334,0.0,0.9477911646586346,0.9653465346534653,162,55,72,0.5238095238095238,0.47619047619047616,0.5714285714285714,11.897532000000014,36.36059673015874,27.111123,0.0,0.5428571428571428,0.08333333333333333,55,50,60,0.6847290640394089,0.28078817733990147,0.4236453201970443,3.112343,7.832038,7.606502,0.016304347826086956,0.7534246575342466,0.6458333333333334,139,57,86
1487,0.8333333333333334,0.2864583333333333,0.375,111.11285266666654,116.003933,162.12771433333333,0.0,0.9551020408163265,0.9601990049751243,160,55,72,0.5333333333333333,0.45714285714285713,0.5714285714285714,12.441635888888904,36.296455507936514,27.424937,0.0,0.5353535353535354,0.08888888888888889,56,48,60,0.6896551724137931,0.27586206896551724,0.4187192118226601,3.120331,7.78196,7.706463,0.016216216216216217,0.7653061224489796,0.670995670995671,140,56,85
1488,0.8385416666666666,0.28125,0.375,113.76890233333323,116.293469,159.59017033333333,0.0625,0.9666666666666667,0.9468599033816425,161,54,72,0.5333333333333333,0.44761904761904764,0.6095238095238096,12.255538000000016,35.5895442857143,27.322979,0.0,0.5346534653465347,0.07291666666666667,56,47,64,0.6847290640394089,0.27586206896551724,0.4187192118226601,3.089306,7.734369,7.836163,0.016483516483516484,0.7777777777777778,0.6566523605150214,139,56,85
1489,0.8177083333333334,0.2864583333333333,0.3697916666666667,116.04480299999986,116.246822,159.46416733333334,0.13043478260869565,0.9473684210526315,0.9752475247524752,157,55,71,0.5333333333333333,0.41904761904761906,0.6,12.090508111111124,35.6059442857143,26.946079,0.0,0.5638297872340425,0.07608695652173914,56,44,63,0.6896551724137931,0.270935960591133,0.4187192118226601,3.136332,7.830849,7.734126,0.02197802197802198,0.7672727272727272,0.6363636363636364,140,55,85
1490,0.84375,0.2864583333333333,0.3697916666666667,111.24307199999988,116.84699,162.93887933333335,0.1111111111111111,0.9625,0.964824120603015,162,55,71,0.5619047619047619,0.4666666666666667,0.5904761904761905,12.590331000000015,35.934426841269854,26.835732,0.0,0.5,0.07692307692307693,59,49,62,0.6945812807881774,0.27586206896551724,0.41379310344827586,3.158402,7.855492,7.720427,0.031914893617021274,0.7711267605633803,0.6710526315789473,141,56,84
1491,0.8385416666666666,0.2760416666666667,0.375,112.16475533333322,115.511844,164.08416733333334,0.1111111111111111,0.9552845528455285,0.9658536585365853,161,53,72,0.5333333333333333,0.45714285714285713,0.5904761904761905,12.262206000000015,35.78660306349207,26.733921,0.0,0.56,0.08791208791208792,56,48,62,0.6896551724137931,0.27586206896551724,0.41379310344827586,3.182492,7.787145,7.784846,0.031914893617021274,0.7673611111111112,0.6860986547085202,140,56,84
1492,0.8177083333333334,0.2864583333333333,0.375,112.85186933333323,116.124648,163.36685033333333,0.11764705882352941,0.9497907949790795,0.9948979591836735,157,55,72,0.5142857142857142,0.42857142857142855,0.580952380952381,12.388699000000015,36.10713350793652,27.002616,0.0,0.5490196078431373,0.0989010989010989,54,45,61,0.6945812807881774,0.27586206896551724,0.4187192118226601,3.157017,7.742993,7.841065,0.031413612565445025,0.7708333333333334,0.6681614349775785,141,56,85
1493,0.8229166666666666,0.2864583333333333,0.375,113.58114733333322,115.775142,161.98416733333335,0.07142857142857142,0.9629629629629629,0.9554455445544554,158,55,72,0.5428571428571428,0.4380952380952381,0.580952380952381,12.970114000000011,36.12349395238096,26.712835,0.0,0.53125,0.0967741935483871,57,46,61,0.6847290640394089,0.2660098522167488,0.4187192118226601,3.150723,7.790444,7.822345,0.021164021164021163,0.797153024911032,0.6608695652173913,139,54,85
1494,0.828125,0.2864583333333333,0.375,114.82649466666656,115.320621,161.70416733333332,0.2222222222222222,0.9628099173553719,0.9698492462311558,159,55,72,0.5428571428571428,0.45714285714285713,0.5714285714285714,12.804464000000012,36.34388795238096,26.668599,0.0,0.48514851485148514,0.05555555555555555,57,48,60,0.6896551724137931,0.2561576354679803,0.4187192118226601,3.140833,7.839763,7.759164,0.01639344262295082,0.7785714285714286,0.680672268907563,140,52,85
1495,0.828125,0.2864583333333333,0.3697916666666667,114.06465233333323,116.915331,162.35892733333336,0.2692307692307692,0.9552845528455285,0.9607843137254902,159,55,71,0.5428571428571428,0.4380952380952381,0.5714285714285714,12.572701000000011,36.26453317460319,26.59001,0.0,0.5353535353535354,0.05434782608695652,57,46,60,0.6896551724137931,0.2660098522167488,0.4088669950738916,3.207053,7.702568,7.910863,0.016216216216216217,0.7743055555555556,0.6753246753246753,140,54,83
1496,0.8333333333333334,0.2864583333333333,0.359375,112.46562299999988,117.072531,162.79054633333334,0.25,0.9586776859504132,0.9753694581280788,160,55,69,0.5428571428571428,0.41904761904761906,0.5714285714285714,12.53327000000001,36.353412063492065,26.955905,0.0,0.48484848484848486,0.03409090909090909,57,44,60,0.6847290640394089,0.270935960591133,0.41379310344827586,3.184172,7.706503,7.891987,0.016216216216216217,0.7949640287769785,0.6723404255319149,139,55,84
1497,0.8177083333333334,0.2864583333333333,0.375,115.04867933333323,116.87337,164.54618233333335,0.25,0.9482071713147411,0.9530516431924883,157,55,72,0.5333333333333333,0.44761904761904764,0.580952380952381,12.37169642857144,36.324435380952394,26.623701,0.0,0.5,0.04395604395604396,56,47,61,0.6896551724137931,0.2660098522167488,0.41379310344827586,3.164989,7.738551,7.798636,0.016304347826086956,0.7956989247311828,0.6763485477178424,140,54,84
1498,0.8541666666666666,0.2864583333333333,0.375,112.42638899999993,114.29177166666666,160.70603533333335,0.1935483870967742,0.9510204081632653,0.9660194174757282,164,55,72,0.5238095238095238,0.4666666666666667,0.5904761904761905,12.509139000000012,36.403448063492064,26.750887,0.0,0.5294117647058824,0.06451612903225806,55,49,62,0.6748768472906403,0.27586206896551724,0.4187192118226601,3.185062,7.733759,7.741818,0.011049723756906077,0.775438596491228,0.652542372881356,137,56,85
1499,0.8385416666666666,0.2864583333333333,0.375,115.49309166666659,118.755536,159.51025833333335,0.35294117647058826,0.9385245901639344,0.9852941176470589,161,55,72,0.5238095238095238,0.4666666666666667,0.5904761904761905,12.41238800000001,36.186048952380965,26.708015,0.0,0.46078431372549017,0.023255813953488372,55,49,62,0.6847290640394089,0.27586206896551724,0.4236453201970443,3.190734,7.704131,7.792268,0.02631578947368421,0.7720588235294118,0.6835443037974683,139,56,86
1500,0.84375,0.2864583333333333,0.375,117.7438449999999,117.190024,158.5407173333333,0.2857142857142857,0.959349593495935,0.9617224880382775,162,55,72,0.49523809523809526,0.4380952380952381,0.6,12.418863111111124,35.90011817460318,26.573938,0.011764705882352941,0.5408163265306123,0.023255813953488372,52,46,63,0.6896551724137931,0.28078817733990147,0.4236453201970443,3.265226,7.702577,7.813412,0.02127659574468085,0.7822878228782287,0.6666666666666666,140,57,86
1501,0.8385416666666666,0.2864583333333333,0.375,112.7850059999999,115.574904,161.64859133333334,0.3,0.9625,0.9571428571428572,161,55,72,0.5333333333333333,0.42857142857142855,0.6095238095238096,12.815590000000011,36.28464406349207,26.483054,0.0,0.5,0.023255813953488372,56,45,64,0.6847290640394089,0.27586206896551724,0.4187192118226601,3.163535,7.697186,7.801791,0.016574585635359115,0.7992565055762082,0.6610878661087866,139,56,85
1502,0.8489583333333334,0.28125,0.375,115.08892466666657,113.392116,161.28671133333333,0.1935483870967742,0.9554655870445344,0.975609756097561,163,54,72,0.5333333333333333,0.4,0.5904761904761905,12.798956460317473,35.897794952380956,26.52474,0.0,0.5346534653465347,0.023529411764705882,56,42,62,0.6847290640394089,0.270935960591133,0.4236453201970443,3.168967,7.715281,7.831922,0.021739130434782608,0.7948717948717948,0.6694915254237288,139,55,86
1503,0.84375,0.28125,0.375,114.24487566666657,114.39338166666666,161.35416733333335,0.3125,0.9421487603305785,0.9801980198019802,162,54,72,0.5428571428571428,0.4666666666666667,0.6095238095238096,12.689828000000011,35.75844206349207,26.417852,0.0,0.49019607843137253,0.022727272727272728,57,49,64,0.6847290640394089,0.270935960591133,0.4236453201970443,3.224054,7.728697,7.804045,0.01639344262295082,0.7790262172284644,0.6666666666666666,139,55,86
1504,0.8333333333333334,0.28125,0.375,115.16232333333323,116.221843,162.18059933333333,0.2857142857142857,0.9662447257383966,0.9519230769230769,160,54,72,0.5523809523809524,0.4380952380952381,0.6190476190476191,12.877893000000011,36.10216984126984,26.544171,0.0,0.49504950495049505,0.022727272727272728,58,46,65,0.7044334975369458,0.270935960591133,0.4236453201970443,3.175023,7.661489,7.856413,0.02127659574468085,0.7794117647058824,0.6835443037974683,143,55,86
1505,0.8229166666666666,0.28125,0.359375,114.36173666666657,116.384583,163.16005833333335,0.3076923076923077,0.9446808510638298,0.9899497487437185,158,54,69,0.5333333333333333,0.4857142857142857,0.6095238095238096,12.453966000000012,35.60359828571429,26.199481,0.0,0.5294117647058824,0.03571428571428571,56,51,64,0.6600985221674877,0.2660098522167488,0.3842364532019704,3.183384,7.711842,7.799839,0.0223463687150838,0.7925925925925926,0.7186147186147186,134,54,78
1506,0.8020833333333334,0.2760416666666667,0.3645833333333333,113.63918299999992,118.14936333333331,161.19725533333335,0.3225806451612903,0.9294605809128631,0.9635416666666666,154,53,70,0.5523809523809524,0.45714285714285713,0.6190476190476191,12.454956571428582,36.00659128571429,26.664219,0.0,0.5742574257425742,0.045454545454545456,58,48,65,0.645320197044335,0.24630541871921183,0.3694581280788177,3.178381,7.732289,7.835229,0.02824858757062147,0.8064516129032258,0.740909090909091,131,50,75
1507,0.828125,0.2760416666666667,0.3645833333333333,111.56438866666657,115.628329,160.95778933333335,0.4444444444444444,0.9578059071729957,0.9736842105263158,159,53,70,0.5619047619047619,0.4666666666666667,0.6190476190476191,13.0694748888889,36.13146717460319,26.738575,0.011363636363636364,0.51,0.03488372093023256,59,49,65,0.6403940886699507,0.2512315270935961,0.37438423645320196,3.162082,7.66145,7.807714,0.03977272727272727,0.8084291187739464,0.7433628318584071,130,51,76
1508,0.8020833333333334,0.2760416666666667,0.3645833333333333,114.26171433333326,117.076816,161.47322533333335,0.3939393939393939,0.9364406779661016,0.9627659574468085,154,53,70,0.5333333333333333,0.4380952380952381,0.6,12.6411508888889,35.735091174603184,26.585403,0.0,0.5686274509803921,0.03571428571428571,56,46,63,0.6403940886699507,0.2561576354679803,0.37438423645320196,3.196471,7.699176,7.805566,0.04519774011299435,0.8122605363984674,0.7370892018779343,130,52,76
1509,0.8177083333333334,0.2760416666666667,0.3645833333333333,112.69327766666656,116.691526,161.93264833333333,0.2702702702702703,0.9570815450643777,0.9787234042553191,157,53,70,0.5238095238095238,0.49523809523809526,0.6095238095238096,12.773783111111124,35.68315195238096,26.678798,0.0,0.5576923076923077,0.03529411764705882,55,52,64,0.6502463054187192,0.2561576354679803,0.37438423645320196,3.175039,7.766381,7.859586,0.033707865168539325,0.816793893129771,0.7813953488372093,132,52,76
1510,0.8229166666666666,0.2760416666666667,0.359375,113.95167133333325,114.985247,162.16617033333335,0.3,0.9663865546218487,0.9597989949748744,158,53,69,0.5714285714285714,0.47619047619047616,0.6190476190476191,13.315371000000011,35.71044650793652,26.573425,0.011111111111111112,0.6078431372549019,0.03571428571428571,60,50,65,0.6502463054187192,0.24630541871921183,0.3793103448275862,3.173792,7.742663,7.897854,0.03409090909090909,0.7892156862745098,0.6819484240687679,132,50,77
1511,0.8125,0.2760416666666667,0.359375,112.88362633333325,116.813094,164.43416733333333,0.26666666666666666,0.9537815126050421,0.9846153846153847,156,53,69,0.5619047619047619,0.4666666666666667,0.6190476190476191,12.662660000000011,35.7839862857143,26.452164,0.0,0.6190476190476191,0.023809523809523808,59,49,65,0.6403940886699507,0.2512315270935961,0.37438423645320196,3.190783,7.720052,7.900873,0.02857142857142857,0.8023255813953488,0.7511111111111111,130,51,76
1512,0.796875,0.2760416666666667,0.359375,115.36849533333323,114.250719,165.70474233333334,0.3157894736842105,0.9426229508196722,0.9896907216494846,153,53,69,0.5714285714285714,0.5047619047619047,0.6190476190476191,13.800432571428582,35.9825703968254,26.388132,0.011494252873563218,0.5894736842105263,0.03529411764705882,60,53,65,0.6305418719211823,0.2512315270935961,0.3694581280788177,3.20252,7.704603,7.859853,0.017341040462427744,0.8383458646616542,0.7412280701754386,128,51,75
1513,0.8333333333333334,0.2760416666666667,0.3645833333333333,112.78275499999991,114.700357,163.58054533333333,0.32432432432432434,0.9365079365079365,0.9794871794871794,160,53,70,0.5523809523809524,0.4666666666666667,0.6,13.883399000000011,36.08003617460318,26.46673,0.0,0.6226415094339622,0.03488372093023256,58,49,63,0.6354679802955665,0.2561576354679803,0.37438423645320196,3.181356,7.722687,7.886045,0.01744186046511628,0.8452830188679246,0.7412280701754386,129,52,76
1514,0.8177083333333334,0.2708333333333333,0.3645833333333333,109.9147579999999,115.663278,163.67735933333336,0.375,0.9626556016597511,0.9507389162561576,157,52,70,0.5428571428571428,0.4666666666666667,0.6,13.06135342857144,35.27216506349207,26.379102,0.0,0.509090909090909,0.023255813953488372,57,49,63,0.625615763546798,0.2512315270935961,0.3793103448275862,3.206386,7.737737,7.943404,0.017341040462427744,0.8351648351648352,0.7253218884120172,127,51,77
1515,0.8020833333333334,0.2760416666666667,0.359375,114.42265433333326,114.779874,163.62666833333336,0.30952380952380953,0.9549180327868853,0.9846153846153847,154,53,69,0.5428571428571428,0.5238095238095238,0.6095238095238096,12.337800111111124,35.586200063492065,26.379155,0.0,0.5794392523364486,0.022988505747126436,57,55,64,0.6305418719211823,0.2512315270935961,0.3793103448275862,3.238407,7.692385,7.873097,0.011695906432748537,0.8157894736842105,0.729957805907173,128,51,77
1516,0.796875,0.2760416666666667,0.3645833333333333,113.30029299999991,114.551763,162.89251033333335,0.3157894736842105,0.957983193277311,0.9897959183673469,153,53,70,0.5238095238095238,0.49523809523809526,0.6,13.025748111111119,36.077369396825404,26.368989,0.011363636363636364,0.5789473684210527,0.022988505747126436,55,52,63,0.6108374384236454,0.2561576354679803,0.3793103448275862,3.25946,7.689204,7.938344,0.01764705882352941,0.8295454545454546,0.75,124,52,77
1517,0.796875,0.2708333333333333,0.3645833333333333,111.68713666666656,115.608692,160.89003633333334,0.3333333333333333,0.9253112033195021,0.9653465346534653,153,52,70,0.5333333333333333,0.5333333333333333,0.6,12.90702900000001,36.05716185714286,26.616912,0.0,0.5370370370370371,0.023529411764705882,56,56,63,0.6108374384236454,0.2512315270935961,0.3694581280788177,3.235414,7.742943,7.923211,0.011695906432748537,0.8423076923076923,0.7217391304347827,124,51,75
1518,0.8020833333333334,0.2760416666666667,0.359375,112.63323199999991,117.612338,161.00091233333333,0.29545454545454547,0.9547325102880658,0.9565217391304348,154,53,69,0.5523809523809524,0.5333333333333333,0.6190476190476191,13.053349000000011,36.371246841269844,26.650367,0.0,0.5346534653465347,0.023255813953488372,58,56,65,0.5911330049261084,0.2512315270935961,0.3645320197044335,3.13303,7.722686,7.873462,0.022988505747126436,0.8345864661654135,0.7261410788381742,120,51,74
1519,0.8125,0.2760416666666667,0.3645833333333333,117.12408333333322,115.462105,165.27416733333334,0.38235294117647056,0.9705882352941176,0.98989898989899,156,53,70,0.5428571428571428,0.49523809523809526,0.6190476190476191,13.017512571428583,36.80804250793651,26.781507,0.0,0.5416666666666666,0.022988505747126436,57,52,65,0.5911330049261084,0.2561576354679803,0.3694581280788177,3.128258,7.694681,7.820407,0.05,0.8555133079847909,0.7053941908713693,120,52,75
1520,0.796875,0.2760416666666667,0.3645833333333333,106.51591933333323,114.964668,164.15220933333333,0.36585365853658536,0.9745762711864406,0.9848484848484849,153,53,70,0.5904761904761905,0.6,0.6095238095238096,13.076906857142866,36.92343895238096,26.848585,0.010526315789473684,0.4528301886792453,0.023255813953488372,62,63,64,0.6059113300492611,0.2561576354679803,0.3645320197044335,3.161129,7.713272,7.838291,0.04395604395604396,0.8507462686567164,0.7459016393442623,123,52,74
1521,0.8125,0.2760416666666667,0.3645833333333333,113.57076866666657,116.177991,163.89629833333333,0.2857142857142857,0.9506172839506173,0.9707317073170731,156,53,70,0.5523809523809524,0.5619047619047619,0.6285714285714286,12.97812742857144,36.72681595238095,26.606754,0.0,0.4375,0.011494252873563218,58,59,66,0.5960591133004927,0.2561576354679803,0.37438423645320196,3.149028,7.743194,7.923691,0.022857142857142857,0.8629629629629629,0.7236842105263158,121,52,76
1522,0.796875,0.2760416666666667,0.3645833333333333,109.77451666666657,114.990614,164.44906133333333,0.35294117647058826,0.9556451612903226,0.9899497487437185,153,53,70,0.5714285714285714,0.6,0.638095238095238,12.436420111111124,36.579181396825405,26.630732,0.0,0.4666666666666667,0.0,60,63,67,0.6157635467980296,0.24630541871921183,0.35960591133004927,3.168413,7.72066,7.924236,0.0111731843575419,0.8576779026217228,0.7381974248927039,125,50,73
1523,0.7916666666666666,0.2760416666666667,0.3645833333333333,109.65170799999991,115.427681,163.55589533333335,0.3333333333333333,0.96,0.9849246231155779,152,53,70,0.6,0.5619047619047619,0.6571428571428571,13.37259442857144,37.14905128571429,26.724817,0.0,0.4945054945054945,0.0,63,59,69,0.625615763546798,0.2561576354679803,0.37438423645320196,3.147444,7.773988,7.871015,0.011363636363636364,0.8435114503816794,0.7165991902834008,127,52,76
1524,0.796875,0.2760416666666667,0.3645833333333333,113.52380033333323,117.15338,162.35563333333334,0.3684210526315789,0.932806324110672,0.9702970297029703,153,53,70,0.6095238095238096,0.5142857142857142,0.6571428571428571,12.961047000000011,37.15072163492064,26.630056,0.0,0.4742268041237113,0.0,64,54,69,0.6206896551724138,0.2512315270935961,0.3793103448275862,3.166798,7.754381,7.781913,0.0,0.8716981132075472,0.7428571428571429,126,51,77
1525,0.8229166666666666,0.2760416666666667,0.3645833333333333,108.97336499999992,118.497993,162.64269033333335,0.3783783783783784,0.9629629629629629,0.9899497487437185,158,53,70,0.6190476190476191,0.5428571428571428,0.6476190476190476,13.2766488888889,37.224824952380956,26.8258,0.0,0.4105263157894737,0.0,65,57,68,0.625615763546798,0.2561576354679803,0.3694581280788177,3.158975,7.778775,7.766473,0.0,0.8641509433962264,0.7468354430379747,127,52,75
1526,0.8020833333333334,0.2760416666666667,0.3645833333333333,109.34685133333322,116.301105,164.29054633333334,0.42857142857142855,0.975103734439834,0.9655172413793104,154,53,70,0.638095238095238,0.580952380952381,0.6476190476190476,13.379818888888899,36.9483283968254,26.513645,0.011235955056179775,0.425531914893617,0.0,67,61,68,0.6354679802955665,0.2512315270935961,0.37438423645320196,3.182978,7.7829,7.914593,0.0,0.8674242424242424,0.7248908296943232,129,51,76
1527,0.8072916666666666,0.2760416666666667,0.3645833333333333,111.37478266666656,115.983829,164.56155533333333,0.3684210526315789,0.9516129032258065,0.9899497487437185,155,53,70,0.6476190476190476,0.6,0.6761904761904762,13.120447888888899,36.765874507936516,26.800997,0.0,0.46938775510204084,0.011363636363636364,68,63,71,0.6403940886699507,0.2561576354679803,0.37438423645320196,3.137425,7.761021,7.824352,0.0,0.8614232209737828,0.6932270916334662,130,52,76
1528,0.8333333333333334,0.2760416666666667,0.3645833333333333,109.54396799999988,118.195173,164.18699333333333,0.4411764705882353,0.9475806451612904,0.9850746268656716,160,53,70,0.6666666666666666,0.6095238095238096,0.6761904761904762,12.789901000000011,37.072772825396825,27.011277,0.0,0.43956043956043955,0.0,70,64,71,0.6502463054187192,0.2561576354679803,0.37438423645320196,3.158718,7.786423,7.893812,0.0,0.8712121212121212,0.7325102880658436,132,52,76
1529,0.8385416666666666,0.2760416666666667,0.3645833333333333,111.61395166666657,117.17160233333333,165.10411333333334,0.4583333333333333,0.9676113360323887,0.9802955665024631,161,53,70,0.6857142857142857,0.5714285714285714,0.6761904761904762,12.880284000000012,36.452016619047626,26.976499,0.0,0.44680851063829785,0.0,72,60,71,0.6502463054187192,0.24630541871921183,0.37438423645320196,3.172789,7.827632,7.925985,0.005813953488372093,0.8905660377358491,0.7336065573770492,132,50,76
1530,0.8020833333333334,0.2760416666666667,0.3645833333333333,109.40414533333322,114.093648,163.88217433333335,0.41379310344827586,0.9634146341463414,0.9757281553398058,154,53,70,0.6571428571428571,0.5904761904761905,0.6761904761904762,13.307128111111119,37.49267495238095,27.242081,0.0,0.5054945054945055,0.0,69,62,71,0.645320197044335,0.2561576354679803,0.3694581280788177,3.169387,7.784441,7.959545,0.005747126436781609,0.862453531598513,0.7344398340248963,131,52,75
1531,0.8385416666666666,0.2760416666666667,0.3645833333333333,113.85648199999989,115.826152,163.73416733333335,0.3939393939393939,0.951417004048583,0.9753694581280788,161,53,70,0.6190476190476191,0.5428571428571428,0.6952380952380952,12.689579111111122,36.504433063492066,26.973678,0.0,0.4895833333333333,0.011363636363636364,65,57,73,0.6502463054187192,0.2561576354679803,0.35960591133004927,3.236859,7.796904,7.920748,0.005681818181818182,0.867704280155642,0.6929133858267716,132,52,73
1532,0.8229166666666666,0.2760416666666667,0.359375,110.90491166666656,117.97964,162.75416733333336,0.47619047619047616,0.9558232931726908,0.9757281553398058,158,53,69,0.638095238095238,0.5523809523809524,0.7047619047619048,13.14973611111112,37.3640153968254,26.982326,0.011111111111111112,0.43023255813953487,0.02247191011235955,67,58,74,0.6650246305418719,0.2512315270935961,0.3793103448275862,3.199953,7.762534,7.868591,0.0,0.8769230769230769,0.7028985507246377,135,51,77
1533,0.8333333333333334,0.2708333333333333,0.3645833333333333,112.23818766666656,115.942042,163.32274733333335,0.3055555555555556,0.9529411764705882,0.9805825242718447,160,52,70,0.6285714285714286,0.5619047619047619,0.7047619047619048,13.316373682539695,36.93364006349208,26.665062,0.011363636363636364,0.46808510638297873,0.02247191011235955,66,59,74,0.6699507389162561,0.2561576354679803,0.3793103448275862,3.244667,7.77203,7.92326,0.005649717514124294,0.8669201520912547,0.7315175097276264,136,52,77
1534,0.8333333333333334,0.2760416666666667,0.3645833333333333,111.17972299999991,117.178019,162.69789933333334,0.375,0.959349593495935,0.9902912621359223,160,53,70,0.6190476190476191,0.5619047619047619,0.7047619047619048,13.148967666666675,37.39754684126984,26.466067,0.010638297872340425,0.46236559139784944,0.0,65,59,74,0.6798029556650246,0.2561576354679803,0.3694581280788177,3.296377,7.777023,8.02544,0.005494505494505495,0.8698884758364313,0.7161016949152542,138,52,75
1535,0.8177083333333334,0.2708333333333333,0.3645833333333333,112.50360799999991,118.181705,161.78800833333335,0.55,0.97165991902834,0.9805825242718447,157,52,70,0.6,0.5714285714285714,0.6857142857142857,13.26810100000001,36.85151606349207,26.353156,0.01098901098901099,0.4897959183673469,0.0,63,60,72,0.6798029556650246,0.2561576354679803,0.3645320197044335,3.212201,7.820182,7.837674,0.0,0.8731343283582089,0.6961538461538461,138,52,74
1536,0.8333333333333334,0.2760416666666667,0.3645833333333333,109.71444633333323,117.079983,164.01416733333335,0.3157894736842105,0.9455252918287937,0.9758454106280193,160,53,70,0.6190476190476191,0.5523809523809524,0.6666666666666666,13.020125888888899,37.03513006349207,26.837242,0.011111111111111112,0.4631578947368421,0.0,65,58,70,0.6847290640394089,0.2512315270935961,0.37438423645320196,3.24239,7.816296,7.790209,0.0,0.8834586466165414,0.7297297297297297,139,51,76
1537,0.828125,0.2760416666666667,0.3645833333333333,112.24901766666656,114.711421,164.65367333333333,0.3611111111111111,0.968,0.9800995024875622,159,53,70,0.638095238095238,0.5619047619047619,0.6761904761904762,12.97747911111112,37.13515328571429,26.899691,0.010752688172043012,0.5,0.0,67,59,71,0.6896551724137931,0.2561576354679803,0.3694581280788177,3.222296,7.777774,7.913072,0.0,0.8571428571428571,0.7457627118644068,140,52,75
1538,0.8229166666666666,0.2760416666666667,0.3645833333333333,111.78186633333326,114.621819,166.13635633333334,0.41935483870967744,0.9604743083003953,0.975609756097561,158,53,70,0.6190476190476191,0.5904761904761905,0.6761904761904762,12.881328539682553,37.166263285714294,26.482642,0.0,0.47115384615384615,0.0,65,62,71,0.6847290640394089,0.2512315270935961,0.35467980295566504,3.226002,7.72172,7.951505,0.0,0.8856088560885609,0.7167381974248928,139,51,72
1539,0.8489583333333334,0.3020833333333333,0.390625,113.45088533333322,117.15512,162.95575433333335,0.3333333333333333,0.92578125,0.9439252336448598,163,58,75,0.5904761904761905,0.5904761904761905,0.6952380952380952,12.930926333333343,37.099158952380954,26.821248,0.0,0.5,0.012195121951219513,62,62,73,0.6896551724137931,0.27586206896551724,0.4039408866995074,3.277177,7.775095,7.748215,0.005376344086021506,0.8697318007662835,0.6806083650190115,140,56,82
1540,0.84375,0.3020833333333333,0.390625,109.44035433333322,120.158681,164.69364133333335,0.2926829268292683,0.9710743801652892,0.9848484848484849,162,58,75,0.6095238095238096,0.6,0.6952380952380952,13.0200768888889,37.147437174603176,26.791275,0.0,0.5053763440860215,0.012195121951219513,64,63,73,0.6995073891625616,0.27586206896551724,0.4236453201970443,3.26749,7.848895,7.85352,0.005291005291005291,0.8682170542635659,0.7068273092369478,142,56,86
1541,0.859375,0.3020833333333333,0.390625,110.85802033333326,118.35224566666668,168.35519333333335,0.3793103448275862,0.9629629629629629,0.9702970297029703,165,58,75,0.6190476190476191,0.638095238095238,0.6952380952380952,12.838577000000011,37.673210301587304,26.80466,0.0,0.4639175257731959,0.012195121951219513,65,67,73,0.7093596059113301,0.2857142857142857,0.42857142857142855,3.291377,7.809592,7.99563,0.0,0.8339622641509434,0.6846473029045643,144,58,87
1542,0.8541666666666666,0.296875,0.390625,112.52184199999988,116.51424699999998,163.14234833333333,0.4583333333333333,0.9551020408163265,0.9655172413793104,164,57,75,0.6285714285714286,0.6571428571428571,0.6952380952380952,13.350842666666676,37.75753485714286,26.854349,0.0,0.47058823529411764,0.023529411764705882,66,69,73,0.7093596059113301,0.29064039408866993,0.4039408866995074,3.271523,7.787109,7.91718,0.0,0.8449612403100775,0.6532258064516129,144,59,82
1543,0.8229166666666666,0.3020833333333333,0.390625,111.47175466666657,118.25997899999999,165.11354566666668,0.3333333333333333,0.9547325102880658,0.9565217391304348,158,58,75,0.6571428571428571,0.638095238095238,0.6952380952380952,13.171457111111119,37.77248506349207,26.537159,0.0,0.4891304347826087,0.011764705882352941,69,67,73,0.6995073891625616,0.30049261083743845,0.4187192118226601,3.2106,7.827386,7.777692,0.005405405405405406,0.8431372549019608,0.637065637065637,142,61,85
1544,0.875,0.3020833333333333,0.390625,112.37956633333323,118.06962499999999,165.98551766666668,0.3225806451612903,0.9591836734693877,0.9800995024875622,168,58,75,0.6571428571428571,0.638095238095238,0.7142857142857143,13.00622842857144,38.09282795238096,26.386681,0.0,0.47368421052631576,0.022727272727272728,69,67,75,0.6995073891625616,0.30049261083743845,0.4187192118226601,3.257769,7.816699,7.73079,0.0053475935828877,0.8275862068965517,0.6781609195402298,142,61,85
1545,0.8333333333333334,0.3020833333333333,0.390625,108.79268999999988,118.09779433333333,165.2429186666667,0.3333333333333333,0.9666666666666667,0.9949238578680203,160,58,75,0.6571428571428571,0.6571428571428571,0.7142857142857143,12.782015571428582,38.66330573015873,26.974526,0.0,0.44086021505376344,0.011627906976744186,69,69,75,0.6847290640394089,0.30049261083743845,0.4187192118226601,3.227276,7.829289,7.868895,0.005405405405405406,0.8464566929133859,0.7073170731707317,139,61,85
1546,0.8645833333333334,0.3020833333333333,0.390625,112.74392199999988,117.04628799999999,164.02078666666668,0.2222222222222222,0.9744680851063829,0.9656862745098039,166,58,75,0.638095238095238,0.6666666666666666,0.7047619047619048,12.721261888888899,37.79106095238095,26.843721,0.0,0.4631578947368421,0.023255813953488372,67,70,74,0.6896551724137931,0.2955665024630542,0.41379310344827586,3.229617,7.824864,7.823618,0.005319148936170213,0.8616600790513834,0.6414342629482072,140,60,84
1547,0.8697916666666666,0.3020833333333333,0.390625,112.12263999999988,116.70813499999998,164.9150666666667,0.2,0.9628099173553719,0.9900990099009901,167,58,75,0.6666666666666666,0.6666666666666666,0.7238095238095238,13.333850682539694,38.38199915873017,26.992464,0.0,0.4842105263157895,0.011235955056179775,70,70,76,0.6945812807881774,0.3054187192118227,0.4187192118226601,3.194666,7.895757,7.755217,0.0106951871657754,0.86328125,0.6505576208178439,141,62,85
1548,0.84375,0.2916666666666667,0.390625,109.81580833333322,116.83351099999999,164.94108566666668,0.09090909090909091,0.9551020408163265,0.9900990099009901,162,56,75,0.6761904761904762,0.6476190476190476,0.7333333333333333,12.74156811111112,38.06701517460317,26.863816,0.0,0.45054945054945056,0.011494252873563218,71,68,77,0.6896551724137931,0.3054187192118227,0.4236453201970443,3.268162,7.862019,7.75637,0.010638297872340425,0.8549019607843137,0.6784313725490196,140,62,86
1549,0.8854166666666666,0.2864583333333333,0.390625,108.63450933333323,118.05804899999998,165.79040866666668,0.13333333333333333,0.9591836734693877,0.9707317073170731,170,55,75,0.6666666666666666,0.638095238095238,0.7238095238095238,13.10912600000001,38.04437292063493,26.870731,0.0,0.4482758620689655,0.0,70,67,76,0.6995073891625616,0.30049261083743845,0.4187192118226601,3.227462,7.855433,7.873559,0.010638297872340425,0.8795180722891566,0.6869918699186992,142,61,85
1550,0.8645833333333334,0.3229166666666667,0.4114583333333333,110.4211289999999,118.57340866666667,166.53246833333336,0.030303030303030304,0.9308943089430894,0.9569377990430622,166,62,79,0.638095238095238,0.6285714285714286,0.7238095238095238,12.991629111111124,38.285750523809526,26.910578,0.0,0.43956043956043955,0.0,67,66,76,0.7093596059113301,0.32019704433497537,0.42857142857142855,3.280646,7.926711,7.846865,0.020618556701030927,0.8416988416988417,0.6245210727969349,144,65,87
1551,0.8697916666666666,0.328125,0.4166666666666667,111.01337766666654,120.41179999999999,165.5969116666667,0.0,0.9707112970711297,0.961352657004831,167,63,80,0.6571428571428571,0.6476190476190476,0.7238095238095238,12.695234000000012,37.86439214285715,26.64789,0.0,0.42718446601941745,0.0,69,68,76,0.7044334975369458,0.3399014778325123,0.4630541871921182,3.28849,7.862506,7.700664,0.010362694300518135,0.7806691449814126,0.6051660516605166,143,69,94
1552,0.8645833333333334,0.3177083333333333,0.4166666666666667,115.79673966666654,120.04002299999999,165.9770356666667,0.04,0.9585062240663901,0.9748743718592965,166,61,80,0.6761904761904762,0.638095238095238,0.7428571428571429,12.508981000000011,38.46415195238095,27.020434,0.0,0.391304347826087,0.0,71,67,78,0.6995073891625616,0.35467980295566504,0.46798029556650245,3.249081,7.861571,7.773406,0.02564102564102564,0.8089887640449438,0.6293436293436293,142,72,95
1553,0.90625,0.34375,0.4375,113.05207866666657,123.35078899999999,164.0048996666667,0.0,0.9421487603305785,0.9607843137254902,174,66,84,0.6952380952380952,0.6666666666666666,0.7333333333333333,12.59494900000001,38.64654006349207,27.007371,0.0,0.37,0.0,73,70,77,0.6945812807881774,0.3842364532019704,0.4827586206896552,3.211683,7.997528,8.007898,0.03,0.8045977011494253,0.5991902834008097,141,78,98
1554,0.9010416666666666,0.3541666666666667,0.4427083333333333,115.58647933333323,123.83488099999998,165.23603466666665,0.07142857142857142,0.9322033898305084,0.9651741293532339,173,68,85,0.6666666666666666,0.6666666666666666,0.7142857142857143,12.853927000000011,38.29144617460318,27.068357,0.0,0.3619047619047619,0.02247191011235955,70,70,75,0.6847290640394089,0.3842364532019704,0.4827586206896552,3.237493,8.001092,7.826124,0.02040816326530612,0.7683397683397684,0.5507246376811594,139,78,98
1555,0.9010416666666666,0.3541666666666667,0.4322916666666667,114.83853566666656,122.18638633333333,167.9489476666667,0.043478260869565216,0.9662447257383966,0.9420289855072463,173,68,83,0.6666666666666666,0.6952380952380952,0.7047619047619048,12.88199846031747,37.84772006349207,27.096142,0.0,0.35185185185185186,0.022727272727272728,70,73,74,0.6798029556650246,0.3842364532019704,0.5024630541871922,3.196819,7.914534,7.698707,0.015151515151515152,0.7394636015325671,0.5878378378378378,138,78,102
1556,0.9114583333333334,0.3541666666666667,0.4427083333333333,113.6041079999999,119.35724799999998,166.9645406666667,0.08571428571428572,0.9314516129032258,0.9704433497536946,175,68,85,0.6761904761904762,0.6952380952380952,0.6952380952380952,13.03134942857144,38.402302063492066,27.15899,0.0,0.3925233644859813,0.022727272727272728,71,73,73,0.6748768472906403,0.39901477832512317,0.5172413793103449,3.248569,7.88164,7.765895,0.02030456852791878,0.7635658914728682,0.6105263157894737,137,81,105
1557,0.90625,0.3541666666666667,0.4375,113.5290809999999,122.32344399999998,166.0231686666667,0.05,0.9605263157894737,0.9425837320574163,174,68,84,0.6952380952380952,0.6761904761904762,0.6857142857142857,12.953554253968266,38.558353952380955,26.866144,0.0,0.37168141592920356,0.022222222222222223,73,71,72,0.6896551724137931,0.4039408866995074,0.5172413793103449,3.248331,7.924809,7.954346,0.01990049751243781,0.7915057915057915,0.5985401459854015,140,82,105
1558,0.890625,0.3385416666666667,0.4427083333333333,115.28890899999988,120.60838699999998,163.96908366666665,0.08823529411764706,0.9308943089430894,0.9471153846153846,171,65,85,0.7142857142857143,0.6761904761904762,0.6857142857142857,13.21983611111112,38.477127952380954,27.026203,0.0,0.3076923076923077,0.021739130434782608,75,71,72,0.6995073891625616,0.39901477832512317,0.4876847290640394,3.210671,8.009675,7.867237,0.014925373134328358,0.7747035573122529,0.562962962962963,142,81,99
1559,0.9270833333333334,0.3541666666666667,0.4375,115.93124366666656,122.65112499999998,164.13266266666665,0.075,0.9495798319327731,0.9899497487437185,178,68,84,0.7333333333333333,0.7142857142857143,0.6666666666666666,13.12836600000001,38.36304228571429,27.067903,0.0,0.30275229357798167,0.02197802197802198,77,75,70,0.6995073891625616,0.39408866995073893,0.4729064039408867,3.205964,7.970415,7.689493,0.020100502512562814,0.7651515151515151,0.5551601423487544,142,80,96
1560,0.921875,0.3541666666666667,0.4427083333333333,113.52922866666655,123.28714799999999,169.32582466666668,0.12,0.961864406779661,0.9653465346534653,177,68,85,0.7619047619047619,0.6761904761904762,0.6666666666666666,13.55373700000001,38.233733952380966,27.048241,0.0,0.28846153846153844,0.022222222222222223,80,71,70,0.6995073891625616,0.4039408866995074,0.5024630541871922,3.196554,7.99805,7.691968,0.024752475247524754,0.7777777777777778,0.5663082437275986,142,82,102
1561,0.9114583333333334,0.3541666666666667,0.4427083333333333,111.3489929999999,120.97926999999999,168.80050866666667,0.06060606060606061,0.9297520661157025,0.98,175,68,85,0.7428571428571429,0.7047619047619048,0.6666666666666666,13.246567000000011,38.57327274603175,26.893543,0.0,0.32727272727272727,0.02197802197802198,78,74,70,0.6896551724137931,0.39408866995073893,0.5073891625615764,3.246984,7.989769,7.792188,0.014634146341463415,0.782608695652174,0.6,140,80,103
1562,0.8854166666666666,0.3541666666666667,0.4270833333333333,114.93553566666655,120.53494899999998,168.3497516666667,0.037037037037037035,0.9419642857142857,0.9751243781094527,170,68,82,0.7047619047619048,0.7142857142857143,0.638095238095238,13.47867400000001,38.677226952380956,27.167351,0.0,0.3425925925925926,0.023255813953488372,74,75,67,0.6798029556650246,0.3793103448275862,0.4975369458128079,3.257268,7.972726,7.784978,0.025252525252525252,0.7755102040816326,0.5673758865248227,138,77,101
1563,0.859375,0.3541666666666667,0.4375,112.46495666666658,119.01551999999998,168.02314166666667,0.16666666666666666,0.9502262443438914,0.9565217391304348,165,68,84,0.7047619047619048,0.7142857142857143,0.6571428571428571,13.200313000000012,38.4213133968254,27.244947,0.0,0.35454545454545455,0.022727272727272728,74,75,69,0.6847290640394089,0.3694581280788177,0.4482758620689655,3.245374,7.989679,7.885629,0.035,0.7620967741935484,0.6021897810218978,139,75,91
1564,0.8958333333333334,0.3489583333333333,0.4322916666666667,118.1668593333332,118.49703799999999,168.7134626666667,0.08163265306122448,0.9321266968325792,0.9705882352941176,172,67,83,0.7142857142857143,0.6857142857142857,0.6666666666666666,13.402083571428582,37.611970746031744,27.525975,0.0,0.297029702970297,0.022988505747126436,75,72,70,0.6748768472906403,0.37438423645320196,0.43842364532019706,3.220967,8.011921,7.924629,0.04020100502512563,0.7609561752988048,0.5797101449275363,137,76,89
1565,0.90625,0.3541666666666667,0.4375,111.66830666666655,119.33532899999999,167.23855966666667,0.17857142857142858,0.9592760180995475,0.9848484848484849,174,68,84,0.7523809523809524,0.6952380952380952,0.638095238095238,13.09671200000001,38.63411806349207,27.337126,0.0,0.3786407766990291,0.022727272727272728,79,73,67,0.6995073891625616,0.3842364532019704,0.4827586206896552,3.290273,7.99722,7.775314,0.015,0.7751937984496124,0.5261324041811847,142,78,98
1566,0.8958333333333334,0.3541666666666667,0.4375,113.65887433333322,118.80526799999998,164.30838766666668,0.16666666666666666,0.954954954954955,0.9655172413793104,172,68,84,0.7238095238095238,0.7238095238095238,0.6666666666666666,13.217323888888899,38.81960006349207,27.14673,0.0,0.22429906542056074,0.02197802197802198,76,76,70,0.7044334975369458,0.3645320197044335,0.4876847290640394,3.230979,8.009096,7.701094,0.024875621890547265,0.7865612648221344,0.5816326530612245,143,74,99
1567,0.890625,0.3541666666666667,0.4375,112.12394533333322,118.64088399999999,164.28946266666668,0.14285714285714285,0.9727272727272728,0.98989898989899,171,68,84,0.7047619047619048,0.7428571428571429,0.6761904761904762,12.922824000000011,38.757962603174605,27.495254,0.0,0.26605504587155965,0.022727272727272728,74,78,71,0.7241379310344828,0.37438423645320196,0.4876847290640394,3.288124,8.015546,7.864681,0.029556650246305417,0.7653846153846153,0.6058394160583942,147,76,99
1568,0.875,0.3489583333333333,0.4375,110.30538033333322,115.55646899999998,163.9758626666667,0.10256410256410256,0.96,0.9655172413793104,168,67,84,0.7047619047619048,0.7619047619047619,0.6857142857142857,12.899757000000012,38.47981039682539,27.36119,0.0,0.2761904761904762,0.022727272727272728,74,80,72,0.7192118226600985,0.3891625615763547,0.46798029556650245,3.333258,7.921965,8.093638,0.04433497536945813,0.7695167286245354,0.5766423357664233,146,79,95
1569,0.9010416666666666,0.3489583333333333,0.4375,114.16404066666655,114.09609099999999,165.6222626666667,0.07894736842105263,0.9655172413793104,0.9899497487437185,173,67,84,0.7047619047619048,0.7333333333333333,0.6952380952380952,13.549823682539694,37.944137396825404,27.481533,0.0,0.330188679245283,0.044444444444444446,74,77,73,0.7241379310344828,0.3793103448275862,0.458128078817734,3.299074,7.984502,7.892049,0.02564102564102564,0.7862595419847328,0.5521885521885522,147,77,93
1570,0.921875,0.34375,0.4375,113.08328366666655,114.34447999999999,167.0530556666667,0.12,0.9691629955947136,0.9849246231155779,177,66,84,0.6761904761904762,0.7238095238095238,0.7047619047619048,13.115390682539694,38.536278952380954,27.078972,0.0,0.3,0.053763440860215055,71,76,74,0.7389162561576355,0.3694581280788177,0.4876847290640394,3.34665,8.117141,7.805047,0.035897435897435895,0.7906976744186046,0.5672131147540984,150,75,99
1571,0.890625,0.34375,0.4322916666666667,112.56986766666657,116.52708599999998,168.4278626666667,0.12121212121212122,0.9613733905579399,0.961352657004831,171,66,83,0.7238095238095238,0.6857142857142857,0.6952380952380952,13.24461846031747,37.644008285714285,27.330677,0.0,0.3142857142857143,0.06451612903225806,76,72,73,0.7487684729064039,0.3793103448275862,0.47783251231527096,3.292255,8.075832,7.916534,0.036458333333333336,0.7426470588235294,0.594306049822064,152,77,97
1572,0.9114583333333334,0.3489583333333333,0.4270833333333333,111.65987499999989,117.48011899999999,170.0443456666667,0.12903225806451613,0.9570815450643777,0.9950738916256158,175,67,82,0.7333333333333333,0.6857142857142857,0.7047619047619048,13.235533571428583,38.61456761904762,27.383657,0.0,0.3069306930693069,0.043010752688172046,77,72,74,0.7586206896551724,0.39901477832512317,0.45320197044334976,3.286073,8.000474,8.045725,0.04145077720207254,0.7352941176470589,0.5709219858156028,154,81,92
1573,0.890625,0.3489583333333333,0.4322916666666667,114.28886066666655,117.46958299999999,168.3004306666667,0.13513513513513514,0.9912280701754386,0.9714285714285714,171,67,83,0.7428571428571429,0.6571428571428571,0.7047619047619048,13.210988682539694,38.92286071428572,26.791802,0.0,0.26732673267326734,0.0625,78,69,74,0.7635467980295566,0.3891625615763547,0.4482758620689655,3.271856,8.067379,7.777898,0.03626943005181347,0.7765567765567766,0.5657894736842105,155,79,91
1574,0.9010416666666666,0.3489583333333333,0.4322916666666667,115.54410733333323,114.64718399999998,167.9161016666667,0.08571428571428572,0.9581589958158996,0.9806763285024155,173,67,83,0.7333333333333333,0.6666666666666666,0.7142857142857143,13.3813268888889,38.66573195238095,27.311949,0.0,0.27884615384615385,0.06315789473684211,77,70,75,0.7635467980295566,0.3891625615763547,0.4827586206896552,3.268089,8.111637,7.796666,0.03125,0.7601476014760148,0.5724137931034483,155,79,98
1575,0.9166666666666666,0.3489583333333333,0.4322916666666667,111.42985733333322,113.45826199999999,167.62794566666668,0.18181818181818182,0.9700854700854701,0.9711538461538461,176,67,83,0.7428571428571429,0.7047619047619048,0.7047619047619048,13.4942818888889,38.62684395238095,27.082213,0.0,0.27450980392156865,0.06382978723404255,78,74,74,0.7684729064039408,0.3891625615763547,0.47783251231527096,3.248941,8.051137,7.822748,0.015625,0.7551724137931034,0.5929824561403508,156,79,97
1576,0.8802083333333334,0.3489583333333333,0.4322916666666667,111.83520166666655,112.28854599999998,167.6229846666667,0.20833333333333334,0.9620253164556962,1.0,169,67,83,0.7047619047619048,0.6952380952380952,0.7047619047619048,13.131657000000011,38.988868952380955,26.971161,0.0,0.22916666666666666,0.08163265306122448,74,73,74,0.7635467980295566,0.39901477832512317,0.4827586206896552,3.305104,8.102109,7.94298,0.05025125628140704,0.7661870503597122,0.5851063829787234,155,81,98
1577,0.9270833333333334,0.3489583333333333,0.4322916666666667,115.45573566666656,113.99356099999999,166.77306266666668,0.043478260869565216,0.9620253164556962,0.9753694581280788,178,67,83,0.6857142857142857,0.7238095238095238,0.7333333333333333,13.42556211111112,39.27767495238095,27.161285,0.0,0.2549019607843137,0.08080808080808081,72,76,77,0.7684729064039408,0.39408866995073893,0.45320197044334976,3.367419,8.105174,7.951048,0.04020100502512563,0.7686832740213523,0.5851063829787234,156,80,92
1578,0.9114583333333334,0.3385416666666667,0.4322916666666667,115.49638966666653,114.73493699999999,164.93299866666666,0.08,0.9741379310344828,0.9902912621359223,175,65,83,0.6666666666666666,0.6761904761904762,0.7238095238095238,13.49849800000001,38.47284338095238,26.791328,0.0,0.2268041237113402,0.08333333333333333,70,71,76,0.7487684729064039,0.3891625615763547,0.49261083743842365,3.398917,8.17598,7.884162,0.029850746268656716,0.7605633802816901,0.5505226480836237,152,79,100
1579,0.9166666666666666,0.3489583333333333,0.421875,112.99550033333321,114.66784399999999,163.79946266666667,0.09375,0.9703389830508474,0.975609756097561,176,67,81,0.6761904761904762,0.7333333333333333,0.7238095238095238,13.08519800000001,38.57476217460318,26.528889,0.0,0.20588235294117646,0.08333333333333333,71,77,76,0.7487684729064039,0.3842364532019704,0.5123152709359606,3.360172,8.154715,7.856593,0.04878048780487805,0.7560137457044673,0.6091549295774648,152,78,104
1580,0.9010416666666666,0.3385416666666667,0.4270833333333333,115.73300066666654,114.02585014285715,164.15041066666666,0.06666666666666667,0.9703389830508474,0.9807692307692307,173,65,82,0.6666666666666666,0.7142857142857143,0.7142857142857143,13.632133714285724,38.34278617460317,26.863775,0.0,0.23469387755102042,0.09183673469387756,70,75,75,0.7438423645320197,0.39901477832512317,0.5073891625615764,3.340044,8.12907,8.030324,0.029411764705882353,0.7620689655172413,0.6148148148148148,151,81,103
1581,0.9270833333333334,0.34375,0.421875,110.98262633333324,113.65319928571428,164.84809123809524,0.05714285714285714,0.963265306122449,0.976303317535545,178,66,81,0.6761904761904762,0.6761904761904762,0.7333333333333333,13.779931428571441,39.048833507936514,26.723796,0.0,0.1702127659574468,0.09900990099009901,71,71,77,0.729064039408867,0.39408866995073893,0.5024630541871922,3.392769,8.111297,8.08006,0.0392156862745098,0.7663230240549829,0.5968992248062015,148,80,102
1582,0.90625,0.3333333333333333,0.4166666666666667,117.79700766666656,113.47906557142855,168.5005316666667,0.03225806451612903,0.967741935483871,0.9904761904761905,174,64,80,0.6857142857142857,0.7333333333333333,0.7333333333333333,13.66191300000001,38.76710717460317,26.307374,0.0,0.14,0.08163265306122448,72,77,77,0.729064039408867,0.3793103448275862,0.5024630541871922,3.349177,8.155632,8.105103,0.024752475247524754,0.7869415807560137,0.5888888888888889,148,77,102
1583,0.8958333333333334,0.328125,0.4114583333333333,112.38825966666654,113.92911399999998,166.5675206666667,0.02631578947368421,0.9682539682539683,0.9953051643192489,172,63,79,0.6952380952380952,0.7619047619047619,0.7238095238095238,14.11818300000001,38.195115952380945,26.387755,0.0,0.14423076923076922,0.08080808080808081,73,80,76,0.729064039408867,0.39408866995073893,0.4876847290640394,3.367462,8.199502,7.998838,0.024390243902439025,0.7731958762886598,0.5798611111111112,148,80,99
1584,0.9010416666666666,0.3385416666666667,0.40625,113.98078933333319,112.91209157142855,166.57398523809522,0.043478260869565216,0.953125,0.9768518518518519,173,65,78,0.7142857142857143,0.7238095238095238,0.7238095238095238,13.2831958888889,38.230930746031746,26.461508,0.0,0.17708333333333334,0.08163265306122448,75,76,76,0.7192118226600985,0.39408866995073893,0.4827586206896552,3.374698,8.152154,8.063747,0.0196078431372549,0.7544483985765125,0.5910780669144982,146,80,98
1585,0.9114583333333334,0.3333333333333333,0.4010416666666667,117.70351699999988,113.49707057142855,167.86234052380954,0.05405405405405406,0.9676113360323887,0.9726027397260274,175,64,77,0.7142857142857143,0.6952380952380952,0.7238095238095238,13.62456111111112,38.29356228571428,26.206104,0.0,0.14130434782608695,0.08247422680412371,75,73,76,0.7241379310344828,0.3891625615763547,0.49261083743842365,3.342585,8.127384,7.985477,0.029411764705882353,0.7746478873239436,0.5625,147,79,100
1586,0.921875,0.3385416666666667,0.3958333333333333,112.44397066666656,114.06560157142856,167.3302626666667,0.0,0.9711934156378601,0.9557522123893806,177,65,76,0.7238095238095238,0.7619047619047619,0.7142857142857143,13.90131300000001,38.53309215873016,26.362636,0.0,0.18888888888888888,0.08163265306122448,76,80,75,0.7241379310344828,0.39408866995073893,0.5123152709359606,3.35161,8.146714,7.975145,0.0392156862745098,0.776595744680851,0.6140939597315436,147,80,104
1587,0.9010416666666666,0.328125,0.3958333333333333,115.33756966666655,116.11012357142856,166.78426266666668,0.0,0.991701244813278,0.9818181818181818,173,63,76,0.7333333333333333,0.780952380952381,0.7142857142857143,14.053546000000011,38.567605507936506,26.566418,0.0,0.15841584158415842,0.08080808080808081,77,82,75,0.7192118226600985,0.39408866995073893,0.5172413793103449,3.352177,8.184609,8.086623,0.04326923076923077,0.7741935483870968,0.6079136690647482,146,80,105
1588,0.9166666666666666,0.3333333333333333,0.3958333333333333,113.48440166666653,115.60524757142855,166.32047866666667,0.0,0.9486166007905138,0.9908256880733946,176,64,76,0.7333333333333333,0.7238095238095238,0.7142857142857143,14.149555000000012,38.80088952380952,26.358414,0.0,0.17708333333333334,0.08247422680412371,77,76,75,0.7044334975369458,0.37438423645320196,0.5024630541871922,3.369144,8.13771,8.093293,0.03431372549019608,0.7730496453900709,0.6164874551971327,143,76,102
1589,0.9375,0.3385416666666667,0.3958333333333333,114.25393499999988,115.61142757142855,165.4239896666667,0.0,0.9758064516129032,0.9953917050691244,180,65,76,0.6666666666666666,0.7142857142857143,0.7142857142857143,14.30588811111112,38.0369492063492,26.50611,0.0,0.17346938775510204,0.08333333333333333,70,75,75,0.7044334975369458,0.3891625615763547,0.5123152709359606,3.383422,8.096134,8.168496,0.038834951456310676,0.7695035460992907,0.6423357664233577,143,79,104
1590,0.9375,0.3385416666666667,0.3958333333333333,115.11340866666654,114.67887457142855,164.49154166666668,0.0,0.9484126984126984,0.9519650655021834,180,65,76,0.6857142857142857,0.7714285714285715,0.7047619047619048,14.10256800000001,38.141393619047626,26.690719,0.0,0.16494845360824742,0.08247422680412371,72,81,74,0.7142857142857143,0.37438423645320196,0.5073891625615764,3.367304,8.12015,8.10536,0.0196078431372549,0.7948717948717948,0.623574144486692,145,76,103
1591,0.9427083333333334,0.3385416666666667,0.390625,116.90883866666653,113.24475999999999,165.67826266666668,0.041666666666666664,0.9723320158102767,0.9776785714285714,181,65,75,0.7047619047619048,0.7428571428571429,0.6952380952380952,13.56210522222223,37.96292838095239,26.873754,0.0,0.16304347826086957,0.09278350515463918,74,78,73,0.7044334975369458,0.37438423645320196,0.5024630541871922,3.332547,8.188849,8.118896,0.02912621359223301,0.7873134328358209,0.6216216216216216,143,76,102
1592,0.9166666666666666,0.3385416666666667,0.3958333333333333,115.97948266666654,115.51271499999999,167.7627636666667,0.13333333333333333,0.9681274900398407,0.9864253393665159,176,65,76,0.6952380952380952,0.780952380952381,0.7047619047619048,14.05675442857144,38.40800749206349,26.760863,0.0,0.12903225806451613,0.08247422680412371,73,82,74,0.7093596059113301,0.3645320197044335,0.4975369458128079,3.290456,8.144626,8.102195,0.01951219512195122,0.7762237762237763,0.6335877862595419,144,74,101
1593,0.921875,0.3385416666666667,0.3958333333333333,117.42466166666655,114.85407599999999,166.8061416666667,0.075,0.96,0.9864253393665159,177,65,76,0.6761904761904762,0.7619047619047619,0.7238095238095238,13.52336642857144,39.112151730158736,26.607489,0.0,0.1276595744680851,0.08080808080808081,71,80,76,0.6945812807881774,0.37438423645320196,0.4876847290640394,3.380597,8.132299,8.173892,0.03365384615384615,0.7770034843205574,0.6525096525096525,141,76,99
1594,0.90625,0.3489583333333333,0.4375,116.43303166666652,123.82278499999998,168.59427166666669,0.1282051282051282,0.9724409448818898,0.9519650655021834,174,67,84,0.6857142857142857,0.7142857142857143,0.7047619047619048,13.63486842857144,38.41326373015873,26.395699,0.0,0.16091954022988506,0.08247422680412371,72,75,74,0.6945812807881774,0.3793103448275862,0.5024630541871922,3.376126,8.099959,8.186491,0.04784688995215311,0.7931034482758621,0.640926640926641,141,77,102
1595,0.9114583333333334,0.3489583333333333,0.4375,117.98583399999987,118.84107399999999,169.7084926666667,0.045454545454545456,0.9341085271317829,0.95260663507109,175,67,84,0.7333333333333333,0.8095238095238095,0.6952380952380952,13.380697428571441,37.67198996825397,26.251296,0.0,0.10869565217391304,0.08247422680412371,77,85,73,0.6896551724137931,0.39408866995073893,0.49261083743842365,3.403018,8.106963,8.129765,0.028985507246376812,0.7915194346289752,0.6339622641509434,140,80,100
1596,0.9479166666666666,0.3541666666666667,0.4375,114.58770666666655,116.38644399999998,169.49243266666667,0.075,0.9391634980988594,0.9852941176470589,182,68,84,0.7142857142857143,0.7523809523809524,0.6952380952380952,13.777700000000012,38.92001152380952,26.507463,0.0,0.1595744680851064,0.08247422680412371,75,79,73,0.6748768472906403,0.3793103448275862,0.5024630541871922,3.417776,8.099349,8.141312,0.024390243902439025,0.7992957746478874,0.6501901140684411,137,77,102
1597,0.9010416666666666,0.3541666666666667,0.4375,115.44199599999986,119.34333299999999,170.6617866666667,0.047619047619047616,0.956,0.9715639810426541,173,68,84,0.7333333333333333,0.8,0.6666666666666666,13.58726800000001,39.06687185714286,26.480794,0.0,0.1111111111111111,0.08421052631578947,77,84,70,0.6847290640394089,0.37438423645320196,0.4975369458128079,3.384681,8.080414,8.196587,0.04245283018867924,0.7902097902097902,0.6604477611940298,139,76,101
1598,0.9166666666666666,0.3489583333333333,0.4322916666666667,114.54209599999987,120.42713599999999,169.10542066666667,0.05263157894736842,0.9450980392156862,0.9808612440191388,176,67,83,0.7333333333333333,0.8095238095238095,0.6571428571428571,13.631446000000011,38.878045730158725,26.437848,0.0,0.0851063829787234,0.10309278350515463,77,85,69,0.6699507389162561,0.3891625615763547,0.5073891625615764,3.366631,8.104932,8.143184,0.01951219512195122,0.7905405405405406,0.6380597014925373,136,79,103
1599,0.9270833333333334,0.3541666666666667,0.4375,115.39654599999984,119.88432799999998,167.51740966666668,0.04081632653061224,0.956,0.967741935483871,178,68,84,0.7238095238095238,0.7428571428571429,0.6571428571428571,13.4567578888889,38.64023973015873,26.570348,0.0,0.1797752808988764,0.1111111111111111,76,78,69,0.6748768472906403,0.39408866995073893,0.5073891625615764,3.383216,8.128139,8.11582,0.0,0.7880794701986755,0.6567164179104478,137,80,103
