Time_Sec,embb_Norm_availability,embb_Fault_availability,embb_Res_availability,embb_Norm_throughput,embb_Fault_throughput,embb_Res_throughput,embb_Norm_blocking,embb_Fault_blocking,embb_Res_blocking,embb_Norm_connected_count,embb_Fault_connected_count,embb_Res_connected_count,urllc_Norm_availability,urllc_Fault_availability,urllc_Res_availability,urllc_Norm_throughput,urllc_Fault_throughput,urllc_Res_throughput,urllc_Norm_blocking,urllc_Fault_blocking,urllc_Res_blocking,urllc_Norm_connected_count,urllc_Fault_connected_count,urllc_Res_connected_count,mmtc_Norm_availability,mmtc_Fault_availability,mmtc_Res_availability,mmtc_Norm_throughput,mmtc_Fault_throughput,mmtc_Res_throughput,mmtc_Norm_blocking,mmtc_Fault_blocking,mmtc_Res_blocking,mmtc_Norm_connected_count,mmtc_Fault_connected_count,mmtc_Res_connected_count
0,0.0,0.288135593220339,0.288135593220339,0.0,0.0,0.0,0.0,0.0,0.0,0,34,34,0.0,0.2711864406779661,0.2711864406779661,0.0,0.0,0.0,0.0,0.0,0.0,0,16,16,0.0,0.13821138211382114,0.13821138211382114,0.0,0.0,0.0,0.0,0.0,0.0,0,17,17
1,0.4745762711864407,0.7542372881355932,0.788135593220339,0.0,29.86666666666667,31.025000000000002,0.034482758620689655,0.3522727272727273,0.24050632911392406,56,89,93,0.5254237288135594,0.6779661016949152,0.6610169491525424,0.0,2.202485,2.143382,0.0,0.0,0.0,31,40,39,0.4796747967479675,0.6666666666666666,0.6829268292682927,0.0,0.55084,0.527415,0.0,0.0423728813559322,0.03389830508474576,59,82,84
2,0.7627118644067796,0.7627118644067796,0.788135593220339,31.908333333333342,28.71478533333334,29.403722000000005,0.5384615384615384,0.9696969696969697,0.9629629629629629,90,90,93,0.576271186440678,0.6610169491525424,0.6610169491525424,0.013521571428571362,2.054312,2.2486165714285713,0.0,0.0,0.0,34,39,39,0.5284552845528455,0.6747967479674797,0.6991869918699187,0.081972,0.509759,0.559753,0.072,0.03361344537815126,0.025,65,83,86
3,0.7627118644067796,0.7288135593220338,0.7711864406779662,30.563487333333335,26.482675000000004,30.665878,0.9696969696969697,0.6976744186046512,0.75,90,86,91,0.576271186440678,0.6610169491525424,0.6610169491525424,0.308482,1.8149205714285714,2.34766,0.0,0.0,0.0,34,39,39,0.5609756097560976,0.6829268292682927,0.6910569105691057,0.136781,0.494692,0.60236,0.040983606557377046,0.008620689655172414,0.008695652173913044,69,84,85
4,0.7627118644067796,0.7457627118644068,0.7966101694915254,27.873839666666676,28.19802933333335,31.635179000000004,0.6875,0.6153846153846154,0.5116279069767442,90,88,94,0.5932203389830508,0.6610169491525424,0.6610169491525424,0.494062,2.1442,2.47806,0.0,0.0,0.0,35,39,39,0.5691056910569106,0.6829268292682927,0.6829268292682927,0.167232,0.548086,0.659171,0.02564102564102564,0.0,0.0,70,84,84
5,0.7627118644067796,0.7542372881355932,0.7966101694915254,27.24893133333333,21.73082733333334,27.178300333333336,0.6666666666666666,0.559322033898305,0.4318181818181818,90,89,94,0.6101694915254238,0.6610169491525424,0.6779661016949152,0.896308,2.4042865714285715,2.580674,0.0,0.0,0.0,36,39,40,0.5691056910569106,0.6747967479674797,0.6910569105691057,0.186164,0.62743,0.707418,0.02564102564102564,0.008695652173913044,0.0,70,83,85
6,0.7796610169491526,0.7542372881355932,0.8220338983050848,23.81602533333334,22.524298000000005,33.25951833333333,0.5909090909090909,0.625,0.42857142857142855,92,89,97,0.6101694915254238,0.6271186440677966,0.6610169491525424,1.2473784285714287,1.783334,2.38763,0.0,0.0,0.0,36,37,39,0.5772357723577236,0.6585365853658537,0.6910569105691057,0.216412,0.539684,0.759233,0.0,0.0,0.008620689655172414,71,81,85
7,0.7457627118644068,0.7542372881355932,0.8135593220338984,25.661295333333342,27.191999666666675,30.091383,0.5686274509803921,0.6122448979591837,0.47058823529411764,88,89,96,0.6440677966101694,0.6271186440677966,0.6440677966101694,1.056215,2.313404,2.655656,0.0,0.0,0.0,38,37,38,0.5934959349593496,0.6422764227642277,0.7073170731707317,0.26221,0.609291,0.785907,0.008403361344537815,0.008620689655172414,0.0,73,79,87
8,0.7542372881355932,0.7627118644067796,0.8050847457627118,26.361590666666675,28.03694566666668,32.82308200000001,0.43548387096774194,0.627906976744186,0.43243243243243246,89,90,95,0.6440677966101694,0.6440677966101694,0.6440677966101694,0.737372,2.099357,2.518307571428571,0.0,0.0,0.0,38,38,38,0.5853658536585366,0.6422764227642277,0.7154471544715447,0.230917,0.58166,0.721116,0.0,0.0,0.00847457627118644,72,79,88
9,0.788135593220339,0.7627118644067796,0.8135593220338984,27.10066300000001,26.28478366666667,35.30965666666666,0.6052631578947368,0.6458333333333334,0.3448275862068966,93,90,96,0.6610169491525424,0.6440677966101694,0.6440677966101694,1.164809,2.4927224285714287,2.9112475714285715,0.0,0.0,0.0,39,38,38,0.5853658536585366,0.6422764227642277,0.7154471544715447,0.284776,0.585916,0.768775,0.008547008547008548,0.0,0.0,72,79,88
10,0.7796610169491526,0.7966101694915254,0.8305084745762712,28.92995700000001,23.49330233333334,36.021266999999995,0.7692307692307693,0.5094339622641509,0.3333333333333333,92,94,98,0.6779661016949152,0.6610169491525424,0.6440677966101694,1.4655755714285714,2.002853,3.354839,0.0,0.0,0.0,40,39,38,0.5934959349593496,0.6422764227642277,0.7073170731707317,0.284111,0.530722,0.888197,0.0,0.0,0.0,73,79,87
11,0.7542372881355932,0.788135593220339,0.8389830508474576,29.082211333333344,24.868755666666676,34.820478333333334,0.5777777777777777,0.5625,0.28125,89,93,99,0.6779661016949152,0.6779661016949152,0.6440677966101694,1.550005,2.206536,2.959563,0.0,0.0,0.0,40,40,38,0.5934959349593496,0.6422764227642277,0.6910569105691057,0.278132,0.608359,0.856387,0.0,0.0,0.0,73,79,85
12,0.7542372881355932,0.7627118644067796,0.788135593220339,23.732207000000002,21.348544333333344,35.12266133333333,0.5306122448979592,0.5681818181818182,0.43333333333333335,89,90,93,0.6949152542372882,0.6779661016949152,0.6440677966101694,1.470169,2.009926,3.587533571428571,0.0,0.0,0.0,41,40,38,0.5934959349593496,0.6585365853658537,0.6910569105691057,0.2823,0.597165,0.955881,0.0,0.0,0.0,73,81,85
13,0.7627118644067796,0.788135593220339,0.8389830508474576,26.339761333333342,22.308804000000016,30.684678333333334,0.6136363636363636,0.5454545454545454,0.32432432432432434,90,93,99,0.6949152542372882,0.6779661016949152,0.6440677966101694,1.830434,1.521033,4.152188,0.0,0.0,0.0,41,40,38,0.6016260162601627,0.6829268292682927,0.6991869918699187,0.258157,0.587086,0.911604,0.0,0.0,0.0,74,84,86
14,0.7627118644067796,0.7711864406779662,0.8305084745762712,23.013976666666675,23.358411666666683,32.53946533333333,0.5555555555555556,0.6,0.4642857142857143,90,91,98,0.6949152542372882,0.6949152542372882,0.6610169491525424,1.761005,1.75897,3.9927225714285712,0.0,0.0,0.0,41,41,39,0.5934959349593496,0.6910569105691057,0.6829268292682927,0.274843,0.625986,0.916419,0.0,0.0,0.0,73,85,84
15,0.7542372881355932,0.7627118644067796,0.8220338983050848,24.99141300000001,24.816101333333346,34.706408,0.5471698113207547,0.5952380952380952,0.4,89,90,97,0.6949152542372882,0.6779661016949152,0.6610169491525424,1.385351,2.225958,4.162085428571428,0.0,0.0,0.0,41,40,39,0.5772357723577236,0.6910569105691057,0.6829268292682927,0.25828,0.628393,0.926768,0.0,0.0,0.0,71,85,84
16,0.7711864406779662,0.7711864406779662,0.8305084745762712,24.103518333333348,22.84982133333334,33.62377466666666,0.6,0.6078431372549019,0.4444444444444444,91,91,98,0.6949152542372882,0.6779661016949152,0.6779661016949152,1.7875664285714286,2.027955,4.602178,0.0,0.0,0.0,41,40,40,0.5934959349593496,0.6910569105691057,0.6829268292682927,0.287496,0.598271,1.000785,0.0,0.0,0.0,73,85,84
17,0.7627118644067796,0.7711864406779662,0.8305084745762712,25.089870000000012,20.716237333333346,36.28142499999999,0.5454545454545454,0.6590909090909091,0.41379310344827586,90,91,98,0.6949152542372882,0.6949152542372882,0.6779661016949152,1.629938,1.852448,4.705514,0.0,0.0,0.0,41,41,40,0.6178861788617886,0.6829268292682927,0.6829268292682927,0.298672,0.546244,1.017182,0.0,0.0,0.00847457627118644,76,84,84
18,0.7627118644067796,0.788135593220339,0.8305084745762712,26.45044500000001,21.30842366666668,34.058982,0.625,0.6341463414634146,0.4,90,93,98,0.711864406779661,0.6779661016949152,0.7288135593220338,1.638186,2.3256438571428575,4.6582855714285705,0.0,0.0,0.0,42,40,43,0.6422764227642277,0.6747967479674797,0.6991869918699187,0.309441,0.564381,1.086245,0.0,0.0,0.0,79,83,86
19,0.7711864406779662,0.7372881355932204,0.8559322033898306,27.580924000000014,23.231433666666685,38.192519,0.5714285714285714,0.5952380952380952,0.5217391304347826,91,87,101,0.711864406779661,0.6779661016949152,0.7288135593220338,2.086007,1.8739101428571427,4.429894,0.0,0.0,0.0,42,40,43,0.6422764227642277,0.6991869918699187,0.6910569105691057,0.335059,0.520881,1.008386,0.0,0.0,0.0,79,86,85
20,0.7796610169491526,0.7627118644067796,0.8135593220338984,27.939379333333346,23.53400666666668,36.355111,0.5581395348837209,0.6041666666666666,0.38461538461538464,92,90,96,0.711864406779661,0.6779661016949152,0.7288135593220338,1.57133,2.208649,5.014169428571429,0.0,0.0,0.0,42,40,43,0.6422764227642277,0.6910569105691057,0.6829268292682927,0.34128,0.537394,1.082146,0.0,0.0,0.0,79,85,84
21,0.788135593220339,0.7627118644067796,0.8220338983050848,20.452778666666674,25.40919733333335,35.14795199999999,0.5625,0.6363636363636364,0.3333333333333333,93,90,97,0.7288135593220338,0.6949152542372882,0.6949152542372882,1.654235,1.8616335714285714,4.588652,0.0,0.0,0.0,43,41,41,0.6178861788617886,0.6910569105691057,0.6829268292682927,0.367088,0.498531,1.144486,0.017094017094017096,0.008547008547008548,0.0,76,85,84
22,0.7711864406779662,0.7796610169491526,0.8305084745762712,25.970801333333345,21.747303333333342,36.370819,0.44,0.6136363636363636,0.3870967741935484,91,92,98,0.7457627118644068,0.711864406779661,0.6949152542372882,1.775408,1.98837,5.220876,0.0,0.0,0.0,44,42,41,0.6341463414634146,0.6910569105691057,0.6829268292682927,0.340371,0.45675,1.147312,0.008403361344537815,0.0,0.0,78,85,84
23,0.788135593220339,0.788135593220339,0.8220338983050848,26.080770333333344,21.85547533333335,37.565100666666666,0.6046511627906976,0.6428571428571429,0.32,93,93,97,0.711864406779661,0.7288135593220338,0.6949152542372882,1.868545,2.111157,4.924108,0.0,0.0,0.0,42,43,41,0.6504065040650406,0.6747967479674797,0.6829268292682927,0.345794,0.519736,1.117319,0.01639344262295082,0.0,0.0,80,83,84
24,0.7627118644067796,0.7711864406779662,0.8389830508474576,25.09117366666668,23.403030333333348,37.32422166666667,0.5681818181818182,0.5813953488372093,0.34782608695652173,90,91,99,0.711864406779661,0.7457627118644068,0.711864406779661,1.55957,2.170622,5.163409,0.0,0.0,0.0,42,44,42,0.6666666666666666,0.6829268292682927,0.6829268292682927,0.330286,0.501698,1.073397,0.01652892561983471,0.0,0.0,82,84,84
25,0.788135593220339,0.7627118644067796,0.8305084745762712,27.060137666666684,24.246636333333345,39.10160233333334,0.5609756097560976,0.6153846153846154,0.4444444444444444,93,90,98,0.711864406779661,0.7457627118644068,0.7288135593220338,1.868245,2.318238,5.393072428571429,0.0,0.0,0.0,42,44,43,0.6829268292682927,0.6829268292682927,0.6910569105691057,0.346163,0.534851,1.117246,0.01652892561983471,0.0,0.0,84,84,85
26,0.7796610169491526,0.7542372881355932,0.847457627118644,28.059541000000014,24.976040666666684,38.15443866666666,0.5641025641025641,0.5681818181818182,0.26666666666666666,92,89,100,0.7288135593220338,0.7457627118644068,0.711864406779661,1.987646,2.70199,4.971181,0.0,0.0,0.0,43,44,42,0.6991869918699187,0.6991869918699187,0.6829268292682927,0.360536,0.5222,1.146371,0.00819672131147541,0.0,0.0,86,86,84
27,0.8050847457627118,0.7711864406779662,0.8389830508474576,24.57758700000002,24.512075000000014,39.42402166666667,0.54,0.6086956521739131,0.391304347826087,95,91,99,0.7288135593220338,0.7457627118644068,0.6949152542372882,1.624047,2.328061,4.798499,0.0,0.0,0.0,43,44,41,0.6910569105691057,0.7154471544715447,0.6666666666666666,0.322575,0.54845,1.077012,0.0,0.0,0.0,85,88,82
28,0.7711864406779662,0.788135593220339,0.8305084745762712,26.220714000000015,23.322177666666683,39.97963733333333,0.5526315789473685,0.5882352941176471,0.19230769230769232,91,93,98,0.711864406779661,0.7288135593220338,0.711864406779661,1.7819,2.411238,4.911731,0.0,0.0,0.0,42,43,42,0.6910569105691057,0.6991869918699187,0.6666666666666666,0.354857,0.5286,1.106923,0.008264462809917356,0.00819672131147541,0.0,85,86,82
29,0.7627118644067796,0.7542372881355932,0.8389830508474576,25.84625966666668,21.310119000000014,39.565738,0.4888888888888889,0.8,0.2692307692307692,90,89,99,0.711864406779661,0.7288135593220338,0.7288135593220338,2.009512,2.51226,5.418084,0.0,0.0,0.0,42,43,43,0.6991869918699187,0.6829268292682927,0.6585365853658537,0.342578,0.501785,1.252227,0.00819672131147541,0.00847457627118644,0.00847457627118644,86,84,81
30,0.788135593220339,0.7542372881355932,0.847457627118644,25.175165333333354,22.641129333333346,40.17537999999999,0.5777777777777777,0.5531914893617021,0.35294117647058826,93,89,100,0.7288135593220338,0.7288135593220338,0.7966101694915254,1.900094,2.501891571428571,5.18512,0.0,0.0,0.0,43,43,47,0.6910569105691057,0.6991869918699187,0.6585365853658537,0.354865,0.537559,1.207777,0.008403361344537815,0.0,0.0,85,86,81
31,0.7966101694915254,0.7542372881355932,0.8220338983050848,26.377465333333355,23.71261300000002,38.61230599999999,0.5952380952380952,0.5306122448979592,0.47368421052631576,94,89,97,0.7288135593220338,0.711864406779661,0.7966101694915254,2.153696,2.44365,5.203820428571429,0.0,0.0,0.0,43,42,47,0.6991869918699187,0.7073170731707317,0.6666666666666666,0.401692,0.539091,1.237714,0.008333333333333333,0.0,0.0,86,87,82
32,0.7627118644067796,0.788135593220339,0.8050847457627118,27.75011266666669,23.624188333333347,37.629322333333334,0.6578947368421053,0.6444444444444445,0.2857142857142857,90,93,95,0.7288135593220338,0.711864406779661,0.7966101694915254,2.019964,2.552322,5.174125571428571,0.0,0.0,0.0,43,42,47,0.6910569105691057,0.6910569105691057,0.6666666666666666,0.441421,0.534183,1.294203,0.008547008547008548,0.008620689655172414,0.008333333333333333,85,85,82
33,0.7627118644067796,0.7711864406779662,0.8559322033898306,28.44476066666669,25.160539000000018,40.30841699999999,0.5777777777777777,0.6666666666666666,0.4166666666666667,90,91,101,0.7288135593220338,0.7457627118644068,0.7796610169491526,2.493676,2.855091,5.410028142857142,0.0,0.0,0.0,43,44,46,0.6910569105691057,0.6991869918699187,0.6666666666666666,0.461061,0.496077,1.304239,0.008403361344537815,0.01680672268907563,0.01652892561983471,85,86,82
34,0.788135593220339,0.7627118644067796,0.8220338983050848,26.82297533333335,24.156531000000015,40.921868666666654,0.6046511627906976,0.6904761904761905,0.5,93,90,97,0.7457627118644068,0.7457627118644068,0.7457627118644068,2.343793,2.451087,5.576795571428571,0.0,0.0,0.0,44,44,44,0.6829268292682927,0.6910569105691057,0.6747967479674797,0.439685,0.475681,1.310299,0.00847457627118644,0.01652892561983471,0.008333333333333333,84,85,83
35,0.7711864406779662,0.7542372881355932,0.847457627118644,25.40516100000002,25.668252666666685,38.68032266666666,0.5714285714285714,0.6,0.30434782608695654,91,89,100,0.7457627118644068,0.7457627118644068,0.7796610169491526,2.163546,2.546132,5.868626428571429,0.0,0.0,0.0,44,44,46,0.6910569105691057,0.6910569105691057,0.6829268292682927,0.456918,0.530108,1.320231,0.00847457627118644,0.01694915254237288,0.01652892561983471,85,85,84
36,0.7966101694915254,0.7627118644067796,0.8220338983050848,26.36921200000003,23.47690366666669,40.16618533333334,0.5,0.5510204081632653,0.3157894736842105,94,90,97,0.7288135593220338,0.7457627118644068,0.7796610169491526,2.146205,2.60806,5.783038,0.0,0.0,0.0,43,44,46,0.6829268292682927,0.6910569105691057,0.6747967479674797,0.489761,0.514777,1.377382,0.008547008547008548,0.008403361344537815,0.01639344262295082,84,85,83
37,0.7796610169491526,0.7711864406779662,0.8220338983050848,27.100377666666695,23.728796000000024,39.89635199999999,0.6052631578947368,0.5869565217391305,0.21428571428571427,92,91,97,0.7288135593220338,0.7288135593220338,0.7627118644067796,2.505205,2.408192,6.095129,0.0,0.0,0.0,43,43,45,0.6910569105691057,0.6747967479674797,0.6666666666666666,0.505567,0.479361,1.447117,0.00847457627118644,0.0,0.008403361344537815,85,83,82
38,0.7711864406779662,0.7627118644067796,0.8305084745762712,24.698255333333357,24.021835333333357,39.77837199999999,0.55,0.6829268292682927,0.3,91,90,98,0.7288135593220338,0.7288135593220338,0.7457627118644068,2.01933,1.893602,5.959409571428571,0.0,0.0,0.0,43,43,44,0.6991869918699187,0.6666666666666666,0.6666666666666666,0.529965,0.522173,1.571491,0.008547008547008548,0.0,0.016666666666666666,86,82,82
39,0.7796610169491526,0.7542372881355932,0.8305084745762712,26.30726633333336,24.86435233333336,40.089081,0.5454545454545454,0.5714285714285714,0.38461538461538464,92,89,98,0.7288135593220338,0.7288135593220338,0.7288135593220338,2.024744,2.332858,5.880061,0.0,0.0,0.0,43,43,43,0.6910569105691057,0.6666666666666666,0.6666666666666666,0.520782,0.479848,1.566998,0.00847457627118644,0.0,0.008333333333333333,85,82,82
40,0.7542372881355932,0.7457627118644068,0.8305084745762712,27.299989333333357,24.578868333333357,39.83811233333333,0.6470588235294118,0.58,0.20833333333333334,89,88,98,0.7288135593220338,0.7288135593220338,0.711864406779661,1.841581,1.980454,6.303546,0.0,0.0,0.0,43,43,42,0.6910569105691057,0.6666666666666666,0.6585365853658537,0.52023,0.550587,1.624819,0.008547008547008548,0.008547008547008548,0.008403361344537815,85,82,81
41,0.7966101694915254,0.7288135593220338,0.8389830508474576,26.321922333333358,25.286310000000025,40.480902666666665,0.5,0.5909090909090909,0.2777777777777778,94,86,99,0.711864406779661,0.711864406779661,0.711864406779661,2.147229,2.180341,6.3649648571428585,0.0,0.0,0.0,42,42,42,0.7073170731707317,0.6585365853658537,0.6585365853658537,0.506135,0.528966,1.630661,0.008547008547008548,0.00847457627118644,0.008333333333333333,87,81,81
42,0.7457627118644068,0.7711864406779662,0.8135593220338984,25.38313466666669,23.459587333333356,42.02016666666666,0.5,0.48148148148148145,0.26666666666666666,88,91,96,0.7288135593220338,0.6949152542372882,0.6779661016949152,2.004243,2.285844,6.001838,0.0,0.0,0.0,43,41,40,0.6991869918699187,0.6504065040650406,0.6504065040650406,0.505508,0.465839,1.638994,0.008620689655172414,0.0,0.025,86,80,80
43,0.788135593220339,0.7542372881355932,0.8559322033898306,27.144635666666694,23.564768333333358,41.185194666666675,0.5428571428571428,0.6444444444444445,0.23809523809523808,93,89,101,0.6949152542372882,0.6949152542372882,0.6779661016949152,2.285829,2.10551,6.601564,0.0,0.0,0.0,41,41,40,0.7073170731707317,0.6260162601626016,0.6422764227642277,0.471809,0.48731,1.646102,0.0,0.0,0.017241379310344827,87,77,79
44,0.7627118644067796,0.7542372881355932,0.8135593220338984,23.746682333333364,24.583531000000026,39.169858999999995,0.5882352941176471,0.5952380952380952,0.29411764705882354,90,89,96,0.6440677966101694,0.711864406779661,0.6610169491525424,2.729651,2.012174,6.131577,0.0,0.0,0.0,38,42,39,0.6910569105691057,0.6260162601626016,0.6585365853658537,0.481358,0.528018,1.666598,0.008771929824561403,0.0,0.025210084033613446,85,77,81
45,0.7542372881355932,0.7457627118644068,0.8305084745762712,25.263930666666695,27.01140633333336,40.474023333333335,0.475,0.7647058823529411,0.26666666666666666,89,88,98,0.6440677966101694,0.711864406779661,0.6440677966101694,2.114256,2.117486,7.147579,0.0,0.0,0.0,38,42,38,0.7073170731707317,0.6504065040650406,0.6585365853658537,0.473664,0.488933,1.667977,0.0,0.0,0.008403361344537815,87,80,81
46,0.7796610169491526,0.7457627118644068,0.8389830508474576,25.527791000000025,22.10223966666669,39.26683033333333,0.46153846153846156,0.6041666666666666,0.2222222222222222,92,88,99,0.6101694915254238,0.6949152542372882,0.6610169491525424,2.395925,2.167579,6.94773,0.0,0.0,0.0,36,41,39,0.6991869918699187,0.6504065040650406,0.6666666666666666,0.502619,0.517326,1.658145,0.0,0.0,0.008620689655172414,86,80,82
47,0.7627118644067796,0.7542372881355932,0.8220338983050848,24.112214333333363,23.44301233333336,38.87145199999999,0.4722222222222222,0.5510204081632653,0.23076923076923078,90,89,97,0.6101694915254238,0.6949152542372882,0.6440677966101694,2.204648,1.985305,7.023641,0.0,0.0,0.0,36,41,38,0.6991869918699187,0.6504065040650406,0.6747967479674797,0.487077,0.599083,1.717194,0.0,0.0,0.008620689655172414,86,80,83
48,0.7966101694915254,0.7796610169491526,0.8389830508474576,27.447955333333365,24.48416300000003,38.80387733333332,0.5428571428571428,0.5853658536585366,0.23529411764705882,94,92,99,0.6101694915254238,0.6949152542372882,0.6610169491525424,2.216515,2.182383,7.339989,0.0,0.0,0.0,36,41,39,0.6991869918699187,0.6504065040650406,0.6910569105691057,0.447137,0.518374,1.746354,0.0,0.0,0.008928571428571428,86,80,85
49,0.7542372881355932,0.7457627118644068,0.847457627118644,26.734017000000023,26.109729000000026,42.47351733333333,0.6666666666666666,0.7631578947368421,0.30434782608695654,89,88,100,0.6101694915254238,0.711864406779661,0.6779661016949152,2.194698,2.237458,7.542979428571429,0.0,0.0,0.0,36,42,40,0.6910569105691057,0.6341463414634146,0.6910569105691057,0.431772,0.49213,1.783514,0.0,0.0,0.0,85,78,85
50,0.7627118644067796,0.7372881355932204,0.8389830508474576,24.67637600000003,26.621076666666692,40.42562033333333,0.4375,0.5531914893617021,0.5454545454545454,90,87,99,0.6440677966101694,0.6949152542372882,0.6779661016949152,2.166804,1.769473,7.798915,0.0,0.0,0.0,38,41,40,0.6747967479674797,0.6422764227642277,0.6829268292682927,0.469971,0.451595,1.789539,0.0,0.0,0.0,83,79,84
51,0.7966101694915254,0.7372881355932204,0.8305084745762712,28.832806000000023,28.592574000000027,40.40062033333333,0.4888888888888889,0.6,0.4,94,87,98,0.6440677966101694,0.6610169491525424,0.6779661016949152,2.684132,1.835068,7.714386,0.0,0.0,0.0,38,39,40,0.6747967479674797,0.6341463414634146,0.6991869918699187,0.477574,0.536527,1.843161,0.0,0.0,0.034782608695652174,83,78,86
52,0.7542372881355932,0.7627118644067796,0.8389830508474576,28.811910666666698,24.774514666666697,39.27354199999999,0.6428571428571429,0.5660377358490566,0.35294117647058826,89,90,99,0.6440677966101694,0.6610169491525424,0.6779661016949152,2.509958,1.871726,7.81415,0.0,0.0,0.0,38,39,40,0.6829268292682927,0.6504065040650406,0.7073170731707317,0.439969,0.505432,1.890573,0.0,0.0,0.01818181818181818,84,80,87
53,0.788135593220339,0.7711864406779662,0.8305084745762712,26.123346000000033,24.09700433333336,40.45959599999999,0.5714285714285714,0.5869565217391305,0.29411764705882354,93,91,98,0.6440677966101694,0.6779661016949152,0.6779661016949152,2.160002,1.997901,8.079139,0.0,0.0,0.0,38,40,40,0.6991869918699187,0.6504065040650406,0.7073170731707317,0.479262,0.552825,1.918373,0.0,0.0,0.009433962264150943,86,80,87
54,0.788135593220339,0.7457627118644068,0.8135593220338984,23.18047166666669,24.806166333333362,42.12637,0.5128205128205128,0.6304347826086957,0.4,93,88,96,0.6440677966101694,0.6949152542372882,0.6949152542372882,2.098514,1.755614,7.838436,0.0,0.0,0.0,38,41,41,0.6910569105691057,0.6585365853658537,0.6991869918699187,0.4511,0.517164,2.031139,0.0,0.0,0.009433962264150943,85,81,86
55,0.788135593220339,0.7627118644067796,0.8220338983050848,23.807958666666696,23.75850733333336,39.63593233333333,0.45714285714285713,0.6326530612244898,0.3333333333333333,93,90,97,0.6271186440677966,0.6949152542372882,0.6949152542372882,2.348378,2.065513,8.088329,0.0,0.0,0.0,37,41,41,0.6991869918699187,0.6504065040650406,0.7235772357723578,0.529951,0.503097,1.92899,0.0,0.0,0.01818181818181818,86,80,89
56,0.7711864406779662,0.7372881355932204,0.8389830508474576,27.57948133333337,21.64765733333336,39.95081133333333,0.5526315789473685,0.7368421052631579,0.4,91,87,99,0.6271186440677966,0.6949152542372882,0.6779661016949152,2.38894,2.013652,8.046364,0.0,0.0,0.0,37,41,40,0.7073170731707317,0.6504065040650406,0.7073170731707317,0.518349,0.470345,1.985148,0.0,0.0,0.009523809523809525,87,80,87
57,0.7288135593220338,0.7542372881355932,0.8135593220338984,26.150861666666696,23.367040666666693,44.18662366666666,0.5714285714285714,0.5882352941176471,0.375,86,89,96,0.6440677966101694,0.6779661016949152,0.6949152542372882,2.486163,1.911341,7.790071,0.0,0.0,0.0,38,40,41,0.6991869918699187,0.6504065040650406,0.7073170731707317,0.485909,0.475781,1.928877,0.0,0.0,0.009259259259259259,86,80,87
58,0.7711864406779662,0.6779661016949152,0.8305084745762712,25.528084333333364,23.200778333333353,42.534084666666665,0.4230769230769231,0.6842105263157895,0.4444444444444444,91,80,98,0.6779661016949152,0.6779661016949152,0.6949152542372882,2.309036,1.879245,8.070016142857142,0.0,0.0,0.0,40,40,41,0.7073170731707317,0.6585365853658537,0.6991869918699187,0.453358,0.483493,1.946925,0.0,0.0,0.00980392156862745,87,81,86
59,0.7457627118644068,0.7457627118644068,0.8305084745762712,25.077661000000035,22.90178800000002,43.612539999999996,0.65625,0.5625,0.5,88,88,98,0.6610169491525424,0.6779661016949152,0.6949152542372882,2.006171,1.843435,8.200116,0.0,0.0,0.0,39,40,41,0.6910569105691057,0.6666666666666666,0.6991869918699187,0.462716,0.467422,1.987391,0.0,0.0,0.009900990099009901,85,82,86
60,0.788135593220339,0.7288135593220338,0.8050847457627118,26.23350400000004,22.684432000000026,42.77750233333333,0.43902439024390244,0.6590909090909091,0.47058823529411764,93,86,95,0.6779661016949152,0.6949152542372882,0.6949152542372882,1.932323,2.023516,7.750978,0.0,0.0,0.0,40,41,41,0.6910569105691057,0.6585365853658537,0.6991869918699187,0.481364,0.514845,1.96599,0.0,0.0,0.0,85,81,86
61,0.788135593220339,0.7372881355932204,0.8135593220338984,25.433907666666713,23.06788566666669,44.47581466666666,0.5853658536585366,0.65,0.42857142857142855,93,87,96,0.6779661016949152,0.6949152542372882,0.6949152542372882,2.120355,2.195661,7.997874,0.0,0.0,0.0,40,41,41,0.7073170731707317,0.6666666666666666,0.7398373983739838,0.508338,0.469718,2.006736,0.0,0.0,0.0,87,82,91
62,0.7627118644067796,0.7627118644067796,0.8389830508474576,22.907010333333368,20.59317000000003,45.04755566666667,0.5625,0.5714285714285714,0.47058823529411764,90,90,99,0.6779661016949152,0.6949152542372882,0.6949152542372882,2.070748,2.055887,8.295895,0.0,0.0,0.0,40,41,41,0.6991869918699187,0.6585365853658537,0.7398373983739838,0.511336,0.47565,1.958648,0.0,0.0,0.01,86,81,91
63,0.7457627118644068,0.711864406779661,0.8135593220338984,25.347110333333376,22.870059666666698,44.500481666666666,0.4666666666666667,0.6585365853658537,0.5555555555555556,88,84,96,0.6949152542372882,0.6949152542372882,0.6779661016949152,2.596154,2.1035,8.132862,0.0,0.0,0.0,41,41,40,0.6991869918699187,0.6504065040650406,0.7398373983739838,0.505677,0.443311,2.012936,0.0,0.008928571428571428,0.010869565217391304,86,80,91
64,0.7796610169491526,0.7542372881355932,0.8220338983050848,25.458378666666697,24.031631000000026,44.023616,0.5106382978723404,0.625,0.5,92,89,97,0.6949152542372882,0.6949152542372882,0.6779661016949152,2.271266,2.453158,8.324995,0.0,0.0,0.0,41,41,40,0.6829268292682927,0.6747967479674797,0.7398373983739838,0.465721,0.499306,2.004636,0.0,0.008849557522123894,0.011363636363636364,84,83,91
65,0.7542372881355932,0.711864406779661,0.8305084745762712,26.519752000000032,20.88120500000003,42.52319433333333,0.5263157894736842,0.7142857142857143,0.5714285714285714,89,84,98,0.6949152542372882,0.6949152542372882,0.6949152542372882,2.082321,2.528837,8.604728,0.0,0.0,0.0,41,41,41,0.6747967479674797,0.6829268292682927,0.7479674796747967,0.458605,0.526273,2.083554,0.0,0.008928571428571428,0.0,83,84,92
66,0.7542372881355932,0.7372881355932204,0.8220338983050848,24.198741333333366,22.1055476666667,43.58744133333334,0.6,0.6346153846153846,0.5454545454545454,89,87,97,0.6949152542372882,0.6779661016949152,0.7288135593220338,2.341954,2.0326,8.704450428571429,0.0,0.0,0.0,41,40,43,0.6666666666666666,0.6747967479674797,0.7479674796747967,0.461693,0.53351,2.044363,0.0,0.008928571428571428,0.0,82,83,92
67,0.7711864406779662,0.7288135593220338,0.8050847457627118,25.409937333333374,21.862109666666697,44.87767266666666,0.5106382978723404,0.6,0.6428571428571429,91,86,95,0.711864406779661,0.6779661016949152,0.711864406779661,2.385718,2.560549,8.929046,0.0,0.0,0.0,42,40,42,0.6747967479674797,0.6666666666666666,0.7479674796747967,0.44669,0.500256,2.088298,0.0,0.008928571428571428,0.0,83,82,92
68,0.788135593220339,0.7457627118644068,0.8135593220338984,25.058975000000032,23.6450686666667,45.37574766666666,0.6153846153846154,0.5576923076923077,0.4090909090909091,93,88,96,0.711864406779661,0.6949152542372882,0.6779661016949152,2.602964,2.293434,8.831727142857142,0.0,0.0,0.0,42,41,40,0.6747967479674797,0.6504065040650406,0.7560975609756098,0.443538,0.514906,2.073268,0.0,0.008928571428571428,0.0,83,80,93
69,0.7627118644067796,0.7542372881355932,0.8050847457627118,23.8785606666667,23.32369000000003,44.727162666666665,0.6216216216216216,0.7368421052631579,0.5882352941176471,90,89,95,0.7288135593220338,0.6949152542372882,0.711864406779661,2.38013,2.108724,9.328707,0.0,0.0,0.0,43,41,42,0.6666666666666666,0.6666666666666666,0.7560975609756098,0.446908,0.439771,2.152868,0.0,0.0,0.01282051282051282,82,82,93
70,0.7796610169491526,0.7542372881355932,0.8135593220338984,26.500429666666697,24.812128000000033,46.746355666666666,0.4888888888888889,0.6086956521739131,0.5294117647058824,92,89,96,0.7457627118644068,0.711864406779661,0.6949152542372882,2.499863,2.137911,9.261061,0.0,0.0,0.0,44,42,41,0.7073170731707317,0.6666666666666666,0.7479674796747967,0.450494,0.523351,2.137997,0.0,0.0,0.012345679012345678,87,82,92
71,0.7966101694915254,0.7627118644067796,0.8305084745762712,26.32662100000004,21.942239666666698,47.730646666666665,0.5555555555555556,0.5178571428571429,0.4,94,90,98,0.7457627118644068,0.6949152542372882,0.7288135593220338,2.591107,2.288193,9.792749142857142,0.0,0.0,0.0,44,41,43,0.6991869918699187,0.6747967479674797,0.7642276422764228,0.4222,0.508476,2.163465,0.008620689655172414,0.0,0.0,86,83,94
72,0.7966101694915254,0.7627118644067796,0.8389830508474576,26.041214666666708,25.00402800000003,46.63068733333332,0.5609756097560976,0.5853658536585366,0.6666666666666666,94,90,99,0.7627118644067796,0.6949152542372882,0.7627118644067796,2.515666,2.392031,9.59352057142857,0.0,0.0,0.0,45,41,45,0.6910569105691057,0.6829268292682927,0.7723577235772358,0.436314,0.497666,2.174585,0.0,0.01680672268907563,0.02247191011235955,85,84,95
73,0.7966101694915254,0.7457627118644068,0.847457627118644,26.5394086666667,24.663752000000034,46.606185999999994,0.5365853658536586,0.6153846153846154,0.5263157894736842,94,88,100,0.7627118644067796,0.6949152542372882,0.7457627118644068,2.6906,2.522524,9.54116457142857,0.0,0.0,0.0,45,41,44,0.6829268292682927,0.6991869918699187,0.7560975609756098,0.413792,0.525078,2.180299,0.0,0.0,0.0,84,86,93
74,0.8050847457627118,0.7711864406779662,0.8389830508474576,30.495250666666706,22.996321333333366,45.958775666666654,0.6341463414634146,0.5909090909090909,0.6470588235294118,95,91,99,0.7457627118644068,0.6949152542372882,0.7288135593220338,2.711565,1.851532,9.540541142857142,0.0,0.0,0.0,44,41,43,0.6666666666666666,0.6910569105691057,0.7398373983739838,0.473227,0.507702,2.229365,0.0,0.0,0.0,82,85,91
75,0.8135593220338984,0.788135593220339,0.8389830508474576,28.963512000000037,22.266847666666703,45.43258999999999,0.5714285714285714,0.5319148936170213,0.6111111111111112,96,93,99,0.7457627118644068,0.6949152542372882,0.7288135593220338,2.794756,2.160802,9.732294142857143,0.0,0.0,0.0,44,41,43,0.6585365853658537,0.6910569105691057,0.7398373983739838,0.508724,0.473786,2.293113,0.0,0.0,0.0,81,85,91
76,0.788135593220339,0.7627118644067796,0.8220338983050848,27.203136000000036,23.687466000000036,46.53782499999999,0.5681818181818182,0.6486486486486487,0.42857142857142855,93,90,97,0.7288135593220338,0.711864406779661,0.7288135593220338,2.699322,2.55911,9.615268,0.0,0.0,0.0,43,42,43,0.6666666666666666,0.6829268292682927,0.7317073170731707,0.479455,0.495942,2.308011,0.0,0.0,0.0,82,84,90
77,0.7796610169491526,0.7542372881355932,0.864406779661017,27.8945106666667,25.015737000000033,46.69159733333333,0.6341463414634146,0.6190476190476191,0.39285714285714285,92,89,102,0.7288135593220338,0.711864406779661,0.7288135593220338,2.842743,2.556836,9.35085457142857,0.0,0.0,0.0,43,42,43,0.6666666666666666,0.6910569105691057,0.7398373983739838,0.540643,0.440469,2.346431,0.0,0.008620689655172414,0.0,82,85,91
78,0.7966101694915254,0.7711864406779662,0.8728813559322034,27.627911333333373,25.4123056666667,46.82137266666666,0.7,0.5192307692307693,0.5555555555555556,94,91,103,0.7288135593220338,0.711864406779661,0.7288135593220338,2.539943,2.267367,9.621474571428571,0.0,0.0,0.0,43,42,43,0.6829268292682927,0.6991869918699187,0.7317073170731707,0.501112,0.517562,2.308027,0.0,0.00847457627118644,0.0,84,86,90
79,0.7796610169491526,0.7711864406779662,0.8813559322033898,26.15949766666671,22.486087666666702,48.096350666666666,0.6666666666666666,0.6,0.6153846153846154,92,91,104,0.7288135593220338,0.711864406779661,0.711864406779661,2.539652,2.554999,9.976111571428572,0.0,0.0,0.0,43,42,42,0.6829268292682927,0.6991869918699187,0.7479674796747967,0.524589,0.47066,2.318599,0.0,0.008620689655172414,0.0,84,86,92
80,0.7627118644067796,0.7457627118644068,0.8898305084745762,24.70750600000004,22.98374733333337,48.43278899999999,0.5454545454545454,0.575,0.3888888888888889,90,88,105,0.6949152542372882,0.6610169491525424,0.6440677966101694,2.397416,2.997103,9.545631142857141,0.0,0.0,0.0,41,39,38,0.6747967479674797,0.6910569105691057,0.7560975609756098,0.503112,0.512275,2.380303,0.0,0.0,0.0,83,85,93
81,0.8050847457627118,0.7627118644067796,0.8898305084745762,30.106119666666718,24.3948776666667,47.691516666666665,0.4583333333333333,0.5957446808510638,0.46153846153846156,95,90,105,0.6949152542372882,0.6610169491525424,0.6779661016949152,2.497232,2.866143,10.432231142857141,0.0,0.0,0.0,41,39,40,0.6666666666666666,0.6829268292682927,0.7642276422764228,0.509699,0.426578,2.372447,0.0,0.0,0.012658227848101266,82,84,94
82,0.788135593220339,0.7711864406779662,0.8898305084745762,29.721121000000046,25.34361866666671,48.82123066666666,0.5581395348837209,0.6052631578947368,0.6363636363636364,93,91,105,0.711864406779661,0.6610169491525424,0.6949152542372882,2.461464,2.843511,10.658579571428572,0.0,0.0,0.0,42,39,41,0.6666666666666666,0.6910569105691057,0.7804878048780488,0.572683,0.512165,2.429157,0.0,0.0,0.039473684210526314,82,85,96
83,0.7966101694915254,0.7711864406779662,0.8728813559322034,29.147388000000053,22.69912566666671,49.510928333333325,0.5555555555555556,0.5434782608695652,0.6428571428571429,94,91,103,0.7288135593220338,0.6440677966101694,0.6779661016949152,2.388265,2.511921,10.580744571428571,0.0,0.0,0.0,43,38,40,0.6666666666666666,0.6991869918699187,0.7804878048780488,0.544613,0.500909,2.419026,0.0,0.0,0.0,82,86,96
84,0.8050847457627118,0.7796610169491526,0.8728813559322034,28.29421300000005,25.115100333333377,49.09407233333333,0.5357142857142857,0.5777777777777777,0.5263157894736842,95,92,103,0.7288135593220338,0.6440677966101694,0.711864406779661,2.301011,2.567498,10.16460457142857,0.0,0.0,0.0,43,38,42,0.6747967479674797,0.7073170731707317,0.7886178861788617,0.535508,0.496636,2.406827,0.0,0.0,0.0,83,87,97
85,0.8050847457627118,0.788135593220339,0.8898305084745762,29.253322666666712,24.500343000000047,49.99573733333334,0.5,0.6170212765957447,0.5,95,93,105,0.7288135593220338,0.6440677966101694,0.711864406779661,2.42116,2.653042,10.451367571428571,0.0,0.0,0.0,43,38,42,0.6910569105691057,0.6991869918699187,0.8130081300813008,0.53975,0.476969,2.395133,0.0,0.0,0.0136986301369863,85,86,100
86,0.8135593220338984,0.7542372881355932,0.8728813559322034,26.98036333333338,24.258241666666713,49.427595,0.4444444444444444,0.5882352941176471,0.5882352941176471,96,89,103,0.711864406779661,0.6271186440677966,0.711864406779661,2.496464,3.208048,10.367859571428571,0.0,0.0,0.0,42,37,42,0.6991869918699187,0.6829268292682927,0.8211382113821138,0.556592,0.453407,2.427621,0.0,0.0,0.0,86,84,101
87,0.7796610169491526,0.7966101694915254,0.8813559322033898,29.267732000000052,22.296158333333377,48.61991833333333,0.48717948717948717,0.6382978723404256,0.7692307692307693,92,94,104,0.711864406779661,0.6101694915254238,0.6949152542372882,1.977604,2.796506,10.35512157142857,0.0,0.0,0.0,42,36,41,0.6829268292682927,0.6991869918699187,0.7967479674796748,0.528994,0.48321,2.465137,0.0,0.008695652173913044,0.0,84,86,98
88,0.788135593220339,0.8050847457627118,0.8813559322033898,29.602885000000054,23.054682666666704,50.01092833333333,0.42857142857142855,0.5531914893617021,0.6470588235294118,93,95,104,0.7288135593220338,0.6101694915254238,0.6779661016949152,2.585236,2.42015,10.487492571428572,0.0,0.0,0.0,43,36,40,0.6747967479674797,0.7073170731707317,0.7886178861788617,0.535318,0.470655,2.432662,0.0,0.008695652173913044,0.0,83,87,97
89,0.7966101694915254,0.8135593220338984,0.8983050847457628,29.026075666666713,23.310489333333376,48.668619333333325,0.5263157894736842,0.5909090909090909,0.631578947368421,94,96,106,0.7457627118644068,0.6101694915254238,0.6949152542372882,2.835407,2.881949,10.72922657142857,0.0,0.0,0.0,44,36,41,0.6829268292682927,0.6991869918699187,0.7967479674796748,0.500051,0.489341,2.523363,0.0,0.008771929824561403,0.0,84,86,98
90,0.788135593220339,0.8135593220338984,0.8983050847457628,26.608837000000054,20.72276666666671,50.47513533333333,0.5,0.5641025641025641,0.6111111111111112,93,96,106,0.7457627118644068,0.6101694915254238,0.711864406779661,2.786125,2.854317,10.68352957142857,0.0,0.0,0.0,44,36,42,0.6991869918699187,0.6829268292682927,0.8048780487804879,0.552614,0.470523,2.463278,0.0,0.017241379310344827,0.0,86,84,99
91,0.7966101694915254,0.8050847457627118,0.8813559322033898,28.175545333333385,22.53357733333338,50.397815666666666,0.4634146341463415,0.47368421052631576,0.5789473684210527,94,95,104,0.7288135593220338,0.6101694915254238,0.7288135593220338,2.734031,2.789003,10.66586557142857,0.0,0.0,0.0,43,36,43,0.6991869918699187,0.6666666666666666,0.8048780487804879,0.536856,0.528404,2.515296,0.00847457627118644,0.017391304347826087,0.0,86,82,99
92,0.8135593220338984,0.8050847457627118,0.8983050847457628,26.12459466666672,23.726160666666715,50.48073866666667,0.5428571428571428,0.5263157894736842,0.7058823529411765,96,95,106,0.7288135593220338,0.6271186440677966,0.7288135593220338,2.348001,2.799942,10.29911157142857,0.0,0.0,0.0,43,37,43,0.7073170731707317,0.6747967479674797,0.8048780487804879,0.584507,0.522099,2.519206,0.008547008547008548,0.01680672268907563,0.0,87,83,99
93,0.8220338983050848,0.7966101694915254,0.8983050847457628,28.954852000000056,23.980865333333377,49.89426166666667,0.4594594594594595,0.5789473684210527,0.75,97,94,106,0.7457627118644068,0.6271186440677966,0.7288135593220338,2.6541404285714285,2.812791,10.55591657142857,0.0,0.0,0.0,44,37,43,0.7073170731707317,0.6829268292682927,0.8130081300813008,0.599179,0.452289,2.563828,0.008547008547008548,0.025,0.0,87,84,100
94,0.7796610169491526,0.8135593220338984,0.8898305084745762,27.69317833333339,24.00224133333338,49.73192566666666,0.6,0.4878048780487805,0.9230769230769231,92,96,105,0.7288135593220338,0.6101694915254238,0.7457627118644068,2.389662,2.967176,10.842851571428572,0.0,0.0,0.0,43,36,44,0.7073170731707317,0.6747967479674797,0.8211382113821138,0.602426,0.525351,2.682886,0.008620689655172414,0.025210084033613446,0.0,87,83,101
95,0.788135593220339,0.8050847457627118,0.8813559322033898,30.71090366666672,25.06496100000004,49.64426166666667,0.6129032258064516,0.6060606060606061,0.6,93,95,104,0.7457627118644068,0.6101694915254238,0.711864406779661,2.545077,3.065738,10.840051571428571,0.0,0.0,0.0,44,36,42,0.7073170731707317,0.6747967479674797,0.8130081300813008,0.565822,0.503486,2.613061,0.00847457627118644,0.025423728813559324,0.0,87,83,100
96,0.7711864406779662,0.8135593220338984,0.8898305084745762,30.701667666666733,23.704482333333385,50.33355300000001,0.4772727272727273,0.5,0.75,91,96,105,0.7288135593220338,0.5932203389830508,0.6949152542372882,2.257688,2.725358,10.664542571428571,0.0,0.0,0.0,43,35,41,0.7154471544715447,0.6666666666666666,0.8211382113821138,0.541817,0.513737,2.696437,0.00847457627118644,0.017241379310344827,0.0,88,82,101
97,0.8220338983050848,0.8389830508474576,0.8898305084745762,26.42541933333339,21.658418333333383,51.47125366666667,0.45652173913043476,0.525,0.625,97,99,105,0.7288135593220338,0.5932203389830508,0.7288135593220338,2.118527,2.598582,10.877280571428571,0.0,0.0,0.0,43,35,43,0.7154471544715447,0.6585365853658537,0.7967479674796748,0.559958,0.434221,2.72725,0.008620689655172414,0.017241379310344827,0.0,88,81,98
98,0.8135593220338984,0.8050847457627118,0.8728813559322034,27.523886000000047,22.672334333333385,50.477595,0.6451612903225806,0.6,0.6666666666666666,96,95,103,0.7288135593220338,0.5932203389830508,0.7288135593220338,2.205835,2.564501,10.935964,0.0,0.0,0.0,43,35,43,0.7317073170731707,0.6504065040650406,0.7886178861788617,0.609962,0.531934,2.730384,0.008403361344537815,0.017241379310344827,0.0,90,80,97
99,0.8050847457627118,0.7966101694915254,0.8813559322033898,26.703549000000063,24.19362933333338,51.39426166666667,0.4888888888888889,0.43243243243243246,0.8666666666666667,95,94,104,0.6949152542372882,0.559322033898305,0.711864406779661,2.31832,2.713732,10.636131714285714,0.0,0.0,0.0,41,33,42,0.7479674796747967,0.6504065040650406,0.8048780487804879,0.561957,0.513912,2.791637,0.008547008547008548,0.017094017094017096,0.012345679012345678,92,80,99
100,0.8220338983050848,0.8050847457627118,0.8728813559322034,30.377086333333388,23.88209500000005,50.427837333333336,0.43902439024390244,0.5853658536585366,0.8461538461538461,97,95,103,0.6610169491525424,0.576271186440678,0.711864406779661,2.340439,2.826644,11.196366571428571,0.0,0.0,0.0,39,34,42,0.7398373983739838,0.6422764227642277,0.8048780487804879,0.572699,0.535777,2.812615,0.008620689655172414,0.017391304347826087,0.013888888888888888,91,79,99
101,0.8050847457627118,0.8220338983050848,0.8728813559322034,30.711750000000055,20.12238433333338,49.92370433333333,0.6,0.5128205128205128,0.631578947368421,95,97,103,0.6610169491525424,0.576271186440678,0.711864406779661,2.426258,2.300142,11.236101,0.0,0.0,0.0,39,34,42,0.7317073170731707,0.6341463414634146,0.8211382113821138,0.604031,0.52245,2.845085,0.008620689655172414,0.017241379310344827,0.025974025974025976,90,78,101
102,0.788135593220339,0.8050847457627118,0.8813559322033898,30.18182733333339,25.467622666666717,49.06986100000001,0.6,0.5666666666666667,0.6666666666666666,93,95,104,0.6610169491525424,0.6101694915254238,0.6779661016949152,2.068406,2.467551,11.146735571428572,0.0,0.0,0.0,39,36,40,0.7317073170731707,0.6341463414634146,0.8130081300813008,0.606656,0.497755,2.850691,0.00847457627118644,0.017241379310344827,0.0273972602739726,90,78,100
103,0.8135593220338984,0.8050847457627118,0.8813559322033898,27.710028000000055,23.332560666666712,50.47759500000001,0.5111111111111111,0.5121951219512195,0.6470588235294118,96,95,104,0.6271186440677966,0.6271186440677966,0.6779661016949152,2.617187,2.6752,11.645456571428571,0.0,0.0,0.0,37,37,40,0.7317073170731707,0.6585365853658537,0.8373983739837398,0.540598,0.54452,2.884561,0.008403361344537815,0.01680672268907563,0.013513513513513514,90,81,103
104,0.8135593220338984,0.8220338983050848,0.8813559322033898,27.39761400000006,22.97836433333338,50.43722300000001,0.5641025641025641,0.5666666666666667,0.6923076923076923,96,97,104,0.6271186440677966,0.6101694915254238,0.6949152542372882,2.857674,2.86645,11.672415571428571,0.0,0.0,0.0,37,36,41,0.7398373983739838,0.6585365853658537,0.8536585365853658,0.600561,0.500763,2.879364,0.01652892561983471,0.025210084033613446,0.039473684210526314,91,81,105
105,0.8220338983050848,0.7966101694915254,0.8728813559322034,25.89787633333339,22.728457333333388,50.014692333333336,0.5609756097560976,0.5428571428571428,0.7692307692307693,97,94,103,0.6271186440677966,0.6101694915254238,0.6949152542372882,2.450215,2.241738,11.74650457142857,0.0,0.0,0.0,37,36,41,0.7398373983739838,0.6666666666666666,0.8455284552845529,0.536978,0.537121,2.876571,0.0,0.03305785123966942,0.029411764705882353,91,82,104
106,0.788135593220339,0.7796610169491526,0.864406779661017,28.943926000000054,24.961787333333383,49.560928333333344,0.5714285714285714,0.4594594594594595,0.5555555555555556,93,92,102,0.6271186440677966,0.6271186440677966,0.6949152542372882,2.684741,2.51372,11.792563571428571,0.0,0.0,0.0,37,37,41,0.7398373983739838,0.6585365853658537,0.8536585365853658,0.574381,0.527925,2.891308,0.008547008547008548,0.03333333333333333,0.02857142857142857,91,81,105
107,0.7542372881355932,0.8220338983050848,0.864406779661017,29.95848166666673,23.34883900000005,50.060928333333344,0.525,0.5416666666666666,0.9090909090909091,89,97,102,0.6440677966101694,0.6271186440677966,0.6949152542372882,2.651986,2.408279,11.548210571428571,0.0,0.0,0.0,38,37,41,0.7398373983739838,0.6504065040650406,0.8373983739837398,0.522586,0.52439,2.907498,0.0,0.03305785123966942,0.057971014492753624,91,80,103
108,0.8220338983050848,0.788135593220339,0.8728813559322034,26.6494693333334,23.878866333333384,50.97759500000001,0.625,0.6153846153846154,0.8333333333333334,97,93,103,0.6271186440677966,0.6271186440677966,0.6949152542372882,2.477644,2.030325,11.64486157142857,0.0,0.0,0.0,37,37,41,0.7398373983739838,0.6504065040650406,0.8373983739837398,0.537686,0.463228,2.90145,0.00847457627118644,0.032520325203252036,0.05714285714285714,91,80,103
109,0.7966101694915254,0.7966101694915254,0.864406779661017,22.28224966666673,24.49573100000005,49.84892333333334,0.625,0.5111111111111111,0.7692307692307693,94,94,102,0.6271186440677966,0.6440677966101694,0.6949152542372882,2.59567,2.077267,11.92812757142857,0.0,0.0,0.0,37,38,41,0.7398373983739838,0.6504065040650406,0.7886178861788617,0.50967,0.494266,2.880548,0.00847457627118644,0.03305785123966942,0.058823529411764705,91,80,97
110,0.8135593220338984,0.8220338983050848,0.8389830508474576,24.608823000000065,25.18892466666672,49.14317,0.5365853658536586,0.6060606060606061,0.625,96,97,99,0.6271186440677966,0.6440677966101694,0.7457627118644068,2.648459,2.077115,11.92193457142857,0.0,0.0,0.0,37,38,44,0.7317073170731707,0.6504065040650406,0.8130081300813008,0.588152,0.511239,2.904392,0.0,0.025210084033613446,0.0547945205479452,90,80,100
111,0.8050847457627118,0.8135593220338984,0.847457627118644,28.496250666666732,23.880191000000053,50.26446833333334,0.5142857142857142,0.6451612903225806,0.6,95,96,100,0.6440677966101694,0.6440677966101694,0.7457627118644068,2.537848,2.051744,12.425982571428571,0.0,0.0,0.0,38,38,44,0.7317073170731707,0.6504065040650406,0.8048780487804879,0.516362,0.49568,2.908078,0.0,0.03361344537815126,0.0547945205479452,90,80,99
112,0.7796610169491526,0.8220338983050848,0.864406779661017,27.903144000000065,23.643130666666718,49.97759500000001,0.5526315789473685,0.47619047619047616,0.6875,92,97,102,0.6440677966101694,0.6440677966101694,0.7288135593220338,2.861319,1.795475,12.515059571428571,0.0,0.0,0.0,38,38,43,0.7398373983739838,0.6666666666666666,0.8048780487804879,0.539619,0.48955,2.897218,0.0,0.04132231404958678,0.05405405405405406,91,82,99
113,0.8050847457627118,0.7796610169491526,0.8559322033898306,24.98741200000006,24.960503666666728,50.64426166666667,0.49056603773584906,0.5789473684210527,0.9333333333333333,95,92,101,0.6440677966101694,0.6440677966101694,0.7288135593220338,2.335494,1.978707,12.08578257142857,0.0,0.0,0.0,38,38,43,0.7398373983739838,0.6829268292682927,0.7967479674796748,0.526033,0.523126,2.928822,0.0,0.03305785123966942,0.058823529411764705,91,84,98
114,0.847457627118644,0.7966101694915254,0.864406779661017,23.45668900000006,23.697158333333388,49.869319333333344,0.5526315789473685,0.475,0.9411764705882353,100,94,102,0.6610169491525424,0.6440677966101694,0.7457627118644068,2.684276,1.7787,12.273907571428571,0.0,0.0,0.0,39,38,44,0.7398373983739838,0.6747967479674797,0.8048780487804879,0.491377,0.486686,2.943802,0.0,0.025210084033613446,0.056338028169014086,91,83,99
115,0.8050847457627118,0.8220338983050848,0.8389830508474576,24.530936000000068,25.02484000000005,49.96636466666667,0.5405405405405406,0.44680851063829785,0.8888888888888888,95,97,99,0.6779661016949152,0.6271186440677966,0.7457627118644068,2.639783,2.000896,12.26636057142857,0.0,0.0,0.0,40,37,44,0.7398373983739838,0.6829268292682927,0.8536585365853658,0.513941,0.530724,2.928705,0.0,0.01694915254237288,0.057971014492753624,91,84,105
116,0.8220338983050848,0.8135593220338984,0.8389830508474576,26.76381266666673,25.963926333333383,49.31092833333334,0.6,0.6666666666666666,0.68,97,96,99,0.6949152542372882,0.6271186440677966,0.7627118644067796,2.611593,2.132377,12.242341,0.0,0.0,0.0,41,37,45,0.7479674796747967,0.6747967479674797,0.8292682926829268,0.501024,0.50209,3.002658,0.0,0.01694915254237288,0.06153846153846154,92,83,102
117,0.8220338983050848,0.7796610169491526,0.8813559322033898,26.99824266666673,27.94738700000005,50.95049233333334,0.631578947368421,0.6451612903225806,0.6190476190476191,97,92,104,0.6949152542372882,0.6271186440677966,0.7966101694915254,2.724184,2.138304,12.294467571428571,0.0,0.0,0.0,41,37,47,0.7317073170731707,0.6747967479674797,0.8211382113821138,0.510529,0.503439,2.971166,0.0,0.017094017094017096,0.06153846153846154,90,83,101
118,0.8135593220338984,0.8389830508474576,0.8559322033898306,24.535225000000064,25.01054933333339,52.952978333333334,0.5,0.45454545454545453,0.6666666666666666,96,99,101,0.6949152542372882,0.6271186440677966,0.7966101694915254,2.506353,2.073095,12.51000657142857,0.0,0.0,0.0,41,37,47,0.7317073170731707,0.6747967479674797,0.8211382113821138,0.530737,0.482081,2.962734,0.0,0.01694915254237288,0.0,90,83,101
119,0.8305084745762712,0.8305084745762712,0.8813559322033898,23.70309100000007,27.90262933333339,53.140025333333334,0.38095238095238093,0.5,0.6111111111111112,98,98,104,0.6949152542372882,0.6271186440677966,0.7966101694915254,3.102476,2.127217,12.28134957142857,0.0,0.0,0.0,41,37,47,0.7479674796747967,0.6747967479674797,0.8292682926829268,0.517565,0.491468,2.996682,0.0,0.016666666666666666,0.0,92,83,102
120,0.8220338983050848,0.7966101694915254,0.8898305084745762,26.07716766666673,27.630648666666726,51.97123866666667,0.5161290322580645,0.5128205128205128,0.5625,97,94,105,0.6949152542372882,0.6271186440677966,0.7796610169491526,3.074606,2.213085,12.600207571428571,0.0,0.0,0.0,41,37,46,0.7398373983739838,0.6829268292682927,0.8211382113821138,0.555341,0.52916,2.996638,0.0,0.01680672268907563,0.0,91,84,101
121,0.8389830508474576,0.7966101694915254,0.8898305084745762,25.813877333333405,29.44647433333339,52.94147900000001,0.47368421052631576,0.4166666666666667,0.8333333333333334,99,94,105,0.6779661016949152,0.6271186440677966,0.7627118644067796,3.075224,2.107558,12.902405,0.0,0.0,0.0,40,37,45,0.7398373983739838,0.6747967479674797,0.8130081300813008,0.5494,0.501302,2.993299,0.0,0.025210084033613446,0.0,91,83,100
122,0.8220338983050848,0.8135593220338984,0.8813559322033898,26.566596666666737,26.95088066666672,53.310928333333344,0.53125,0.5625,0.6428571428571429,97,96,104,0.6949152542372882,0.6440677966101694,0.7457627118644068,2.4226,2.339569,12.89102157142857,0.0,0.0,0.0,41,38,44,0.7398373983739838,0.6747967479674797,0.8292682926829268,0.577337,0.485766,3.045322,0.0,0.016666666666666666,0.0,91,83,102
123,0.7796610169491526,0.8305084745762712,0.8728813559322034,27.857904000000065,28.512953000000063,52.39766800000001,0.53125,0.5483870967741935,0.6470588235294118,92,98,103,0.6949152542372882,0.6271186440677966,0.7457627118644068,2.758203,1.837753,12.82306457142857,0.0,0.0,0.0,41,37,44,0.7317073170731707,0.6910569105691057,0.8211382113821138,0.534598,0.485528,2.997115,0.0,0.016666666666666666,0.0,90,85,101
124,0.8559322033898306,0.8305084745762712,0.8813559322033898,23.93322300000007,29.00738666666673,51.63245466666668,0.34210526315789475,0.45454545454545453,0.7333333333333333,101,98,104,0.6949152542372882,0.6271186440677966,0.7627118644067796,2.321961,1.949763,13.046762571428571,0.0,0.0,0.0,41,37,45,0.7317073170731707,0.6910569105691057,0.8211382113821138,0.508251,0.436933,3.041082,0.0,0.00819672131147541,0.0,90,85,101
125,0.8389830508474576,0.8305084745762712,0.8559322033898306,27.091125333333395,27.185900333333397,53.10470300000001,0.42424242424242425,0.5263157894736842,0.6923076923076923,99,98,101,0.6949152542372882,0.6440677966101694,0.7457627118644068,2.162991,1.560256,12.883980571428571,0.0,0.0,0.0,41,38,44,0.7398373983739838,0.6910569105691057,0.8292682926829268,0.526747,0.51197,3.05957,0.0,0.008547008547008548,0.0,91,85,102
126,0.8389830508474576,0.8050847457627118,0.8813559322033898,26.743664000000066,26.24258000000006,50.948516000000005,0.375,0.4722222222222222,0.6,99,95,104,0.6949152542372882,0.6440677966101694,0.7457627118644068,2.070733,1.811884,13.17124157142857,0.0,0.0,0.0,41,38,44,0.7398373983739838,0.6991869918699187,0.8292682926829268,0.591656,0.454745,3.126655,0.0,0.008403361344537815,0.0,91,86,102
127,0.847457627118644,0.8389830508474576,0.864406779661017,27.129407333333408,26.700292333333405,50.29261400000001,0.56,0.36363636363636365,0.6153846153846154,100,99,102,0.6949152542372882,0.6440677966101694,0.7457627118644068,2.299056,1.785243,13.431558,0.0,0.0,0.0,41,38,44,0.7479674796747967,0.6829268292682927,0.8373983739837398,0.533616,0.46096,3.117989,0.0,0.008620689655172414,0.0,92,84,103
128,0.7627118644067796,0.7966101694915254,0.8898305084745762,25.75960766666673,26.661248333333397,52.793029666666676,0.44,0.38461538461538464,0.5,90,94,105,0.6949152542372882,0.6440677966101694,0.7288135593220338,2.137021,1.485244,13.290667571428571,0.0,0.0,0.0,41,38,43,0.7317073170731707,0.6991869918699187,0.8373983739837398,0.568199,0.480587,3.123299,0.0,0.008264462809917356,0.0,90,86,103
129,0.8050847457627118,0.847457627118644,0.8728813559322034,29.144211333333402,27.42304000000006,52.43006033333334,0.25,0.3939393939393939,0.6923076923076923,95,100,103,0.6949152542372882,0.6610169491525424,0.7457627118644068,2.91735,1.465188,13.212082031746032,0.0,0.0,0.0,41,39,44,0.7154471544715447,0.6991869918699187,0.8130081300813008,0.56678,0.439387,3.152354,0.0,0.008547008547008548,0.0,88,86,100
130,0.8389830508474576,0.8305084745762712,0.864406779661017,26.222067333333396,27.506437666666734,52.56092833333334,0.37037037037037035,0.48,0.5333333333333333,99,98,102,0.6949152542372882,0.6610169491525424,0.7288135593220338,2.575982,1.693886,13.111605571428571,0.0,0.0,0.0,41,39,43,0.7154471544715447,0.7073170731707317,0.8211382113821138,0.563071,0.477879,3.20205,0.0,0.00847457627118644,0.0,88,87,101
131,0.8135593220338984,0.8559322033898306,0.8728813559322034,26.496415333333406,28.532560000000064,55.345781,0.4,0.42857142857142855,0.6666666666666666,96,101,103,0.7288135593220338,0.6779661016949152,0.7288135593220338,2.338764,1.57227,13.96332657142857,0.0,0.0,0.0,43,40,43,0.7317073170731707,0.7073170731707317,0.8048780487804879,0.537357,0.465729,3.24237,0.0,0.008547008547008548,0.0,90,87,99
132,0.8135593220338984,0.8135593220338984,0.864406779661017,27.2857863333334,29.38105466666673,51.61860166666667,0.34615384615384615,0.4230769230769231,0.5,96,96,102,0.7457627118644068,0.6610169491525424,0.7457627118644068,2.682288,1.756051,13.886427571428571,0.0,0.0,0.0,44,39,44,0.7479674796747967,0.7154471544715447,0.7723577235772358,0.543687,0.464257,3.300628,0.0,0.008547008547008548,0.0,92,88,95
133,0.8389830508474576,0.788135593220339,0.8728813559322034,29.80385700000007,29.021740000000072,55.060928333333344,0.3076923076923077,0.2894736842105263,0.6666666666666666,99,93,103,0.7627118644067796,0.6440677966101694,0.7796610169491526,2.7108725714285713,1.909408,13.75449557142857,0.0,0.0,0.0,45,38,46,0.7398373983739838,0.7154471544715447,0.8048780487804879,0.495459,0.422769,3.309039,0.00819672131147541,0.008547008547008548,0.0,91,88,99
134,0.8220338983050848,0.8559322033898306,0.8728813559322034,26.3533323333334,30.54880566666674,55.710889,0.3225806451612903,0.30303030303030304,0.8888888888888888,97,101,103,0.7627118644067796,0.6610169491525424,0.7627118644067796,3.055163,1.644411,13.685623571428572,0.0,0.0,0.0,45,39,45,0.7479674796747967,0.7154471544715447,0.8292682926829268,0.529092,0.459408,3.29097,0.0,0.00847457627118644,0.0,92,88,102
135,0.8305084745762712,0.864406779661017,0.864406779661017,27.04845700000007,27.85646866666674,53.62990366666667,0.375,0.34615384615384615,0.5714285714285714,98,102,102,0.7627118644067796,0.6779661016949152,0.7796610169491526,2.836219428571429,1.861483,14.13099157142857,0.0,0.0,0.0,45,40,46,0.7398373983739838,0.7154471544715447,0.8292682926829268,0.515134,0.456183,3.29583,0.0,0.008620689655172414,0.0,91,88,102
136,0.847457627118644,0.8135593220338984,0.864406779661017,29.393683333333406,30.042914666666736,54.568719,0.42424242424242425,0.28,0.6666666666666666,100,96,102,0.7627118644067796,0.6610169491525424,0.7796610169491526,2.739708,2.171077,13.837285142857143,0.0,0.0,0.0,45,39,46,0.7398373983739838,0.7235772357723578,0.8130081300813008,0.486734,0.445925,3.290545,0.0,0.0,0.0,91,89,100
137,0.8220338983050848,0.8305084745762712,0.864406779661017,27.13915100000007,30.49181866666674,54.901676333333334,0.3333333333333333,0.27586206896551724,0.5,97,98,102,0.7627118644067796,0.6610169491525424,0.7796610169491526,2.718315,1.92665,14.00094457142857,0.0,0.0,0.0,45,39,46,0.7560975609756098,0.7154471544715447,0.8373983739837398,0.500722,0.455722,3.333739,0.0,0.0,0.017543859649122806,93,88,103
138,0.7966101694915254,0.8135593220338984,0.8559322033898306,28.387633333333408,29.351054666666737,54.37990366666667,0.28125,0.34615384615384615,0.6666666666666666,94,96,101,0.7457627118644068,0.6440677966101694,0.7627118644067796,2.413169,2.021335,13.99701257142857,0.0,0.0,0.0,44,38,45,0.7560975609756098,0.7235772357723578,0.8130081300813008,0.47509,0.427989,3.297644,0.0,0.01652892561983471,0.0,93,89,100
139,0.8050847457627118,0.847457627118644,0.8813559322033898,28.07565366666674,29.741166333333403,57.04411533333334,0.21428571428571427,0.32142857142857145,0.6,95,100,104,0.7457627118644068,0.6610169491525424,0.7627118644067796,2.331486,1.68976,14.138345571428571,0.0,0.0,0.0,44,39,45,0.7398373983739838,0.7154471544715447,0.8292682926829268,0.522462,0.359413,3.304759,0.0,0.008403361344537815,0.0,91,88,102
140,0.847457627118644,0.8135593220338984,0.8728813559322034,31.30363766666674,28.6167053333334,56.914345000000004,0.32,0.37037037037037035,0.6666666666666666,100,96,103,0.7457627118644068,0.6440677966101694,0.7627118644067796,2.44712,1.929754,13.861716571428571,0.0,0.0,0.0,44,38,45,0.7235772357723578,0.7073170731707317,0.8292682926829268,0.50589,0.409492,3.323722,0.0,0.00847457627118644,0.0,89,87,102
141,0.8389830508474576,0.847457627118644,0.8728813559322034,29.77429233333341,27.917055000000072,56.796570333333335,0.2962962962962963,0.3103448275862069,0.5333333333333333,99,100,103,0.7288135593220338,0.6271186440677966,0.7627118644067796,2.54303,2.139735,13.98574957142857,0.0,0.0,0.0,43,37,45,0.7317073170731707,0.7073170731707317,0.8373983739837398,0.439525,0.380645,3.368435,0.0,0.008547008547008548,0.0,90,87,103
142,0.8305084745762712,0.8135593220338984,0.8813559322033898,26.824392000000078,31.337608000000074,57.296570333333335,0.3125,0.4583333333333333,0.8,98,96,104,0.7288135593220338,0.6271186440677966,0.7627118644067796,2.38418,2.123739,14.27053157142857,0.0,0.0,0.0,43,37,45,0.7073170731707317,0.7073170731707317,0.8211382113821138,0.447166,0.380411,3.348922,0.0,0.008620689655172414,0.0,87,87,101
143,0.864406779661017,0.8305084745762712,0.864406779661017,29.23339100000008,29.91672900000008,57.04391700000001,0.1724137931034483,0.21875,0.8888888888888888,102,98,102,0.7288135593220338,0.6271186440677966,0.7457627118644068,2.403774,2.386246,14.383195999999998,0.0,0.0,0.0,43,37,44,0.6991869918699187,0.7154471544715447,0.8292682926829268,0.439713,0.378974,3.352529,0.0,0.00847457627118644,0.0,86,88,102
144,0.8135593220338984,0.8050847457627118,0.8813559322033898,28.128108000000072,27.72337966666674,56.796570333333335,0.17647058823529413,0.4444444444444444,0.6666666666666666,96,95,104,0.7288135593220338,0.6271186440677966,0.7627118644067796,2.736473,1.85065,14.29328157142857,0.0,0.0,0.0,43,37,45,0.7235772357723578,0.7235772357723578,0.8292682926829268,0.490542,0.397005,3.31104,0.00847457627118644,0.008547008547008548,0.0,89,89,102
145,0.847457627118644,0.8389830508474576,0.8728813559322034,29.134513000000073,30.021441666666735,56.796570333333335,0.18518518518518517,0.4166666666666667,1.0,100,99,103,0.7288135593220338,0.6271186440677966,0.7966101694915254,2.682855,2.406596,14.839590571428571,0.0,0.0,0.0,43,37,47,0.7154471544715447,0.7154471544715447,0.8211382113821138,0.483317,0.392861,3.334842,0.008547008547008548,0.008620689655172414,0.0,88,88,101
146,0.8728813559322034,0.8220338983050848,0.8728813559322034,30.891318333333402,29.087335000000067,56.796570333333335,0.125,0.3333333333333333,0.8888888888888888,103,97,103,0.711864406779661,0.6271186440677966,0.7796610169491526,2.230769,1.83156,14.948866571428571,0.0,0.0,0.0,42,37,46,0.7154471544715447,0.6910569105691057,0.8292682926829268,0.526183,0.360596,3.338272,0.017391304347826087,0.008620689655172414,0.0,88,85,102
147,0.8389830508474576,0.8220338983050848,0.864406779661017,32.47121200000007,31.864320333333403,56.55955133333334,0.14285714285714285,0.34615384615384615,1.0,99,97,102,0.7288135593220338,0.6271186440677966,0.7966101694915254,2.848737,1.976638,14.76834057142857,0.0,0.0,0.0,43,37,47,0.7235772357723578,0.6829268292682927,0.8211382113821138,0.508405,0.399356,3.370065,0.017391304347826087,0.008620689655172414,0.0,89,84,101
148,0.8813559322033898,0.8305084745762712,0.864406779661017,30.184218000000076,29.357392000000075,56.41167633333333,0.13636363636363635,0.2857142857142857,0.6,104,98,102,0.7288135593220338,0.6101694915254238,0.8135593220338984,2.415829,1.844273,14.865982571428571,0.0,0.0,0.0,43,36,48,0.7154471544715447,0.6829268292682927,0.8211382113821138,0.48535,0.386897,3.380721,0.017391304347826087,0.008771929824561403,0.0,88,84,101
149,0.864406779661017,0.8220338983050848,0.864406779661017,32.905430333333406,29.152411333333408,56.796570333333335,0.16666666666666666,0.3333333333333333,0.7272727272727273,102,97,102,0.7288135593220338,0.6440677966101694,0.847457627118644,2.321005,2.121566571428571,15.16330257142857,0.0,0.0,0.0,43,38,50,0.7154471544715447,0.6747967479674797,0.8211382113821138,0.450019,0.393329,3.363621,0.017543859649122806,0.008771929824561403,0.0,88,83,101
150,0.8305084745762712,0.8305084745762712,0.847457627118644,31.431510000000074,29.801932666666744,57.04657033333334,0.08333333333333333,0.3448275862068966,0.7272727272727273,98,98,100,0.711864406779661,0.6440677966101694,0.8305084745762712,2.520711,2.364235,15.167100571428572,0.0,0.0,0.0,42,38,49,0.7154471544715447,0.6747967479674797,0.8211382113821138,0.470919,0.415191,3.349783,0.017543859649122806,0.008695652173913044,0.0,88,83,101
151,0.8305084745762712,0.8050847457627118,0.8389830508474576,29.7807133333334,30.22777466666674,57.54657033333334,0.09090909090909091,0.34285714285714286,0.8,98,95,99,0.711864406779661,0.6271186440677966,0.8305084745762712,2.309237,2.408351,15.22741657142857,0.0,0.0,0.0,42,37,49,0.7235772357723578,0.6666666666666666,0.8292682926829268,0.475949,0.37663,3.354851,0.017543859649122806,0.008771929824561403,0.0,89,82,102
152,0.8559322033898306,0.8220338983050848,0.8559322033898306,30.89993000000007,30.398510333333398,57.322154000000005,0.06666666666666667,0.28,0.6666666666666666,101,97,101,0.6949152542372882,0.6271186440677966,0.8305084745762712,2.37671,2.511252,15.386346571428572,0.0,0.0,0.0,41,37,49,0.6991869918699187,0.6666666666666666,0.8211382113821138,0.555757,0.434639,3.356989,0.017699115044247787,0.008771929824561403,0.0,86,82,101
153,0.8389830508474576,0.8305084745762712,0.8389830508474576,30.888077666666735,29.675534666666742,58.01011333333334,0.0625,0.38461538461538464,0.75,99,98,99,0.711864406779661,0.6440677966101694,0.847457627118644,2.275387,2.127059,15.706663571428571,0.0,0.0,0.0,42,38,50,0.6910569105691057,0.6829268292682927,0.8211382113821138,0.521428,0.486902,3.381649,0.017699115044247787,0.008695652173913044,0.0,85,84,101
154,0.8389830508474576,0.7796610169491526,0.847457627118644,30.73414400000007,29.725976000000067,57.153927333333336,0.1111111111111111,0.7692307692307693,0.75,99,92,100,0.6949152542372882,0.6610169491525424,0.847457627118644,2.413254,1.971683,15.96582657142857,0.0,0.0,0.0,41,39,50,0.6991869918699187,0.6829268292682927,0.8048780487804879,0.545764,0.437226,3.39554,0.017543859649122806,0.008849557522123894,0.0,86,84,99
155,0.788135593220339,0.7711864406779662,0.8220338983050848,33.74561066666673,26.43800700000007,57.763060666666675,0.125,0.5,0.9230769230769231,93,91,97,0.711864406779661,0.6610169491525424,0.7966101694915254,2.477609,2.354675,16.04062157142857,0.0,0.0,0.0,42,39,47,0.6991869918699187,0.6747967479674797,0.8130081300813008,0.545961,0.463181,3.411583,0.017543859649122806,0.008849557522123894,0.0,86,83,100
156,0.8389830508474576,0.7542372881355932,0.8220338983050848,29.67663333333341,29.891062333333416,56.60611066666667,0.07692307692307693,0.6341463414634146,0.8666666666666667,99,89,97,0.711864406779661,0.6440677966101694,0.7966101694915254,2.4800984285714285,2.059951,16.07392157142857,0.0,0.0,0.0,42,38,47,0.6910569105691057,0.6747967479674797,0.8048780487804879,0.556664,0.481414,3.392075,0.017543859649122806,0.008849557522123894,0.0,85,83,99
157,0.8559322033898306,0.711864406779661,0.8135593220338984,31.672501000000068,30.342762666666744,57.53030266666667,0.0,0.74,0.8823529411764706,101,84,96,0.6949152542372882,0.6101694915254238,0.8135593220338984,2.366117,2.3319855714285715,15.82365557142857,0.0,0.0,0.0,41,36,48,0.6504065040650406,0.6747967479674797,0.8130081300813008,0.530789,0.476787,3.408021,0.017857142857142856,0.008928571428571428,0.0,80,83,100
158,0.8220338983050848,0.6610169491525424,0.8050847457627118,32.43783300000007,31.98903266666674,57.53030266666667,0.0,0.7321428571428571,1.0,97,78,95,0.6779661016949152,0.6101694915254238,0.8135593220338984,2.093465,2.078143,15.645511571428571,0.0,0.0,0.0,40,36,48,0.6504065040650406,0.6747967479674797,0.8048780487804879,0.544478,0.461912,3.40674,0.018018018018018018,0.008849557522123894,0.0,80,83,99
159,0.788135593220339,0.652542372881356,0.7966101694915254,30.622983000000076,30.427131000000077,57.363255666666674,0.0,0.7230769230769231,0.9333333333333333,93,77,94,0.6949152542372882,0.6101694915254238,0.8305084745762712,2.49491,2.2906384285714285,15.85737857142857,0.0,0.0,0.0,41,36,49,0.6585365853658537,0.6747967479674797,0.7967479674796748,0.528867,0.483509,3.429105,0.017699115044247787,0.0,0.0,81,83,98
160,0.7966101694915254,0.6779661016949152,0.788135593220339,33.00472166666674,32.12841300000008,57.96434300000001,0.0,0.6721311475409836,0.85,94,80,93,0.6949152542372882,0.6101694915254238,0.847457627118644,1.997983,2.204347428571429,16.33215657142857,0.0,0.0,0.0,41,36,50,0.6260162601626016,0.6666666666666666,0.7967479674796748,0.508083,0.469662,3.397193,0.017391304347826087,0.0,0.0,77,82,98
161,0.8050847457627118,0.6779661016949152,0.7796610169491526,30.811713666666737,30.40218900000007,57.83030266666667,0.0,0.6571428571428571,0.9047619047619048,95,80,92,0.6949152542372882,0.6101694915254238,0.864406779661017,2.079657,2.130004,16.33816457142857,0.0,0.0,0.0,41,36,51,0.6260162601626016,0.6585365853658537,0.8048780487804879,0.523488,0.469641,3.436922,0.017699115044247787,0.0,0.0,77,81,99
162,0.8220338983050848,0.6440677966101694,0.7796610169491526,33.084994333333405,32.17945000000008,58.03030266666667,0.0,0.8,0.9545454545454546,97,76,92,0.6949152542372882,0.5932203389830508,0.847457627118644,2.179826,2.437314,16.197267571428572,0.0,0.0,0.0,41,35,50,0.6422764227642277,0.6666666666666666,0.8130081300813008,0.518318,0.481648,3.433932,0.017241379310344827,0.0,0.0,79,82,100
163,0.864406779661017,0.6610169491525424,0.7966101694915254,30.785046333333412,32.159459333333416,58.11363600000001,0.0,0.6774193548387096,0.8333333333333334,102,78,94,0.711864406779661,0.6440677966101694,0.864406779661017,2.005791,2.372922,16.525306571428573,0.0,0.0,0.0,42,38,51,0.6666666666666666,0.6747967479674797,0.8130081300813008,0.496816,0.486445,3.477974,0.017241379310344827,0.0,0.0,82,83,100
164,0.8559322033898306,0.7372881355932204,0.8305084745762712,36.186375000000076,29.574193333333405,57.79696933333334,0.1111111111111111,0.5753424657534246,0.7692307692307693,101,87,98,0.711864406779661,0.6440677966101694,0.847457627118644,1.947013,2.534379,16.168744682539682,0.0,0.0,0.0,42,38,50,0.6910569105691057,0.6747967479674797,0.8048780487804879,0.519079,0.458447,3.48035,0.017391304347826087,0.0,0.02631578947368421,85,83,99
165,0.9152542372881356,0.7457627118644068,0.8813559322033898,34.73899666666674,26.57782533333341,59.28030266666667,0.17647058823529413,0.7818181818181819,0.6451612903225806,108,88,104,0.7457627118644068,0.6949152542372882,0.864406779661017,2.285949,2.35678,16.37573057142857,0.0,0.0,0.0,44,41,51,0.7154471544715447,0.6910569105691057,0.8455284552845529,0.52373,0.452478,3.459011,0.00847457627118644,0.0,0.023809523809523808,88,85,104
166,0.9322033898305084,0.7796610169491526,0.8898305084745762,38.6577883333334,30.14155400000007,61.68098366666667,0.21428571428571427,0.6060606060606061,0.9166666666666666,110,92,105,0.6949152542372882,0.6949152542372882,0.8983050847457628,2.304618,3.015294,16.44051957142857,0.0,0.0,0.0,41,41,53,0.7235772357723578,0.7073170731707317,0.8455284552845529,0.543212,0.418675,3.491786,0.0,0.0,0.022727272727272728,89,87,104
167,0.8898305084745762,0.8050847457627118,0.8898305084745762,39.32842266666673,29.20847000000007,61.89520300000001,0.21739130434782608,0.6779661016949152,0.88,105,95,105,0.711864406779661,0.6949152542372882,0.8983050847457628,2.340944,2.628362,16.415810682539682,0.0,0.0,0.0,42,41,53,0.7073170731707317,0.7154471544715447,0.8455284552845529,0.524336,0.45897,3.522426,0.0,0.0,0.023809523809523808,87,88,104
168,0.9322033898305084,0.7627118644067796,0.9067796610169492,36.48316600000007,34.55899133333341,63.13914066666667,0.19444444444444445,0.6349206349206349,0.7666666666666667,110,90,107,0.7288135593220338,0.711864406779661,0.8983050847457628,2.4484425714285716,2.715758,15.95950057142857,0.0,0.0,0.0,43,42,53,0.7235772357723578,0.7317073170731707,0.8699186991869918,0.529139,0.461187,3.518358,0.0,0.0,0.023809523809523808,89,90,107
169,0.940677966101695,0.7966101694915254,0.8983050847457628,39.44637733333341,31.30366733333341,63.55309633333334,0.2727272727272727,0.5942028985507246,0.7333333333333333,111,94,106,0.711864406779661,0.7288135593220338,0.8813559322033898,2.389884,2.54019,16.067505571428573,0.0,0.0,0.0,42,43,52,0.7398373983739838,0.7235772357723578,0.8861788617886179,0.554611,0.488178,3.511224,0.0,0.0,0.025,91,89,109
170,0.9322033898305084,0.8135593220338984,0.9067796610169492,39.887528666666746,34.95817400000008,62.796969333333344,0.18181818181818182,0.6415094339622641,0.7777777777777778,110,96,107,0.711864406779661,0.711864406779661,0.9322033898305084,2.150081,2.9588935714285713,16.78851657142857,0.0,0.0,0.0,42,42,55,0.7317073170731707,0.6991869918699187,0.9024390243902439,0.518094,0.447762,3.524848,0.0,0.0,0.024390243902439025,90,86,111
171,0.940677966101695,0.788135593220339,0.8983050847457628,38.84448466666674,33.42116233333341,62.78733266666667,0.06451612903225806,0.5932203389830508,0.875,111,93,106,0.7288135593220338,0.6949152542372882,0.9152542372881356,2.133469,2.609435,16.69798157142857,0.0,0.0,0.0,43,41,54,0.7317073170731707,0.6910569105691057,0.8943089430894309,0.539132,0.474868,3.596734,0.0,0.0,0.025,90,85,110
172,0.9322033898305084,0.788135593220339,0.8898305084745762,42.29440566666674,34.334437666666744,63.33470400000001,0.1111111111111111,0.6545454545454545,0.7857142857142857,110,93,105,0.7288135593220338,0.6949152542372882,0.8983050847457628,2.105751,2.310545,16.54142357142857,0.0,0.0,0.0,43,41,53,0.7317073170731707,0.6991869918699187,0.9105691056910569,0.515597,0.446251,3.588311,0.0,0.0,0.025,90,86,112
173,0.9322033898305084,0.8220338983050848,0.8813559322033898,40.06176700000007,33.185911333333415,63.69395600000001,0.06451612903225806,0.5909090909090909,0.6666666666666666,110,97,104,0.7288135593220338,0.711864406779661,0.9152542372881356,2.643616,2.775695428571429,16.764689571428573,0.0,0.0,0.0,43,42,54,0.7235772357723578,0.7073170731707317,0.9105691056910569,0.513861,0.476554,3.610835,0.0,0.0,0.024390243902439025,89,87,112
174,0.9661016949152542,0.8220338983050848,0.8983050847457628,38.92869566666674,31.745119000000077,62.38417200000001,0.08,0.625,0.7407407407407407,114,97,106,0.711864406779661,0.7288135593220338,0.9152542372881356,2.30909,2.280317,16.48943757142857,0.0,0.0,0.0,42,43,54,0.7235772357723578,0.7073170731707317,0.9186991869918699,0.55496,0.470377,3.609426,0.0,0.0,0.023809523809523808,89,87,113
175,0.940677966101695,0.7796610169491526,0.8983050847457628,38.46248833333341,34.312187666666745,63.85788766666667,0.09523809523809523,0.5660377358490566,0.7307692307692307,111,92,106,0.7288135593220338,0.7288135593220338,0.8983050847457628,2.646106,2.532457,16.76450246031746,0.0,0.0,0.0,43,43,53,0.7235772357723578,0.7154471544715447,0.9186991869918699,0.517765,0.477655,3.638066,0.0,0.0,0.024390243902439025,89,88,113
176,0.9322033898305084,0.8050847457627118,0.8983050847457628,40.35865300000008,33.65126633333342,61.995277666666674,0.16,0.6,0.7307692307692307,110,95,106,0.711864406779661,0.7457627118644068,0.9322033898305084,2.530424,2.22885,16.773281793650792,0.0,0.0,0.0,42,44,55,0.7398373983739838,0.7154471544715447,0.9186991869918699,0.533621,0.508877,3.640146,0.0,0.0,0.023809523809523808,91,88,113
177,0.9491525423728814,0.8135593220338984,0.8983050847457628,40.14713933333341,32.59275166666675,63.299432666666675,0.08333333333333333,0.5714285714285714,0.8695652173913043,112,96,106,0.711864406779661,0.7457627118644068,0.9152542372881356,2.399227,2.336838,16.914400682539682,0.0,0.0,0.0,42,44,54,0.7398373983739838,0.7154471544715447,0.9186991869918699,0.511708,0.470722,3.649022,0.0,0.0,0.023255813953488372,91,88,113
178,0.9745762711864406,0.8135593220338984,0.8898305084745762,37.56736300000008,32.225297666666755,62.70391800000001,0.07142857142857142,0.5454545454545454,0.7692307692307693,115,96,105,0.711864406779661,0.7457627118644068,0.9152542372881356,2.430219,2.601993428571429,17.12323068253968,0.0,0.0,0.0,42,44,54,0.7479674796747967,0.7154471544715447,0.926829268292683,0.55226,0.464628,3.672269,0.0,0.0,0.022727272727272728,92,88,114
179,0.940677966101695,0.7966101694915254,0.8898305084745762,41.90819800000008,30.607850000000088,63.013636000000005,0.10526315789473684,0.6,0.7916666666666666,111,94,105,0.6949152542372882,0.7457627118644068,0.8983050847457628,2.443368,2.27713,17.29859679365079,0.0,0.0,0.0,41,44,53,0.7479674796747967,0.7154471544715447,0.9105691056910569,0.56068,0.462894,3.666897,0.0,0.0,0.0,92,88,112
180,0.9576271186440678,0.8220338983050848,0.9067796610169492,38.47273566666674,31.84727333333342,62.63161266666667,0.08333333333333333,0.46551724137931033,0.7307692307692307,113,97,107,0.6949152542372882,0.7288135593220338,0.8983050847457628,2.2579125714285713,1.990989,17.29432168253968,0.0,0.0,0.0,41,43,53,0.7398373983739838,0.7073170731707317,0.9186991869918699,0.494716,0.493168,3.662295,0.0,0.008130081300813009,0.044444444444444446,91,87,113
181,0.9745762711864406,0.8135593220338984,0.9152542372881356,40.63251800000009,32.76498566666675,62.71159533333334,0.08333333333333333,0.5918367346938775,0.6923076923076923,115,96,108,0.6949152542372882,0.7288135593220338,0.847457627118644,2.0957775714285716,2.326457,17.737507682539682,0.0,0.0,0.0,41,43,50,0.7398373983739838,0.7073170731707317,0.9105691056910569,0.497095,0.460214,3.65781,0.0,0.008,0.043478260869565216,91,87,112
182,0.9322033898305084,0.8220338983050848,0.923728813559322,39.460303000000074,32.36668433333342,64.21114833333334,0.10526315789473684,0.55,0.68,110,97,109,0.6779661016949152,0.7457627118644068,0.8813559322033898,2.206057,2.220065,17.871912682539683,0.0,0.0,0.0,40,44,52,0.7479674796747967,0.7073170731707317,0.9186991869918699,0.509046,0.508321,3.661083,0.0,0.008,0.0425531914893617,92,87,113
183,0.9576271186440678,0.8728813559322034,0.9152542372881356,37.43125166666675,34.490860333333416,63.68035633333334,0.038461538461538464,0.5,0.6521739130434783,113,103,108,0.6779661016949152,0.7627118644067796,0.8983050847457628,2.7106214285714287,2.397792,17.95101457142857,0.0,0.0,0.0,40,45,53,0.7479674796747967,0.7073170731707317,0.9186991869918699,0.522272,0.46255,3.722519,0.0,0.0,0.043478260869565216,92,87,113
184,0.9576271186440678,0.9152542372881356,0.9745762711864406,35.88562000000009,33.19838566666676,64.062038,0.08333333333333333,0.2702702702702703,0.23809523809523808,113,108,115,0.6949152542372882,0.7966101694915254,0.8983050847457628,2.57016,2.337676,17.85261657142857,0.0,0.0,0.0,41,47,53,0.7723577235772358,0.7073170731707317,0.926829268292683,0.549641,0.47338,3.756949,0.0,0.0,0.044444444444444446,95,87,114
185,0.9491525423728814,0.923728813559322,0.9745762711864406,40.565613000000084,32.17357866666675,64.80588533333335,0.08,0.23529411764705882,0.36363636363636365,112,109,115,0.6949152542372882,0.7966101694915254,0.8983050847457628,2.437896,2.551135,18.095554571428572,0.0,0.0,0.0,41,47,53,0.7723577235772358,0.7235772357723578,0.9105691056910569,0.487987,0.493841,3.751063,0.0,0.0,0.045454545454545456,95,89,112
186,0.940677966101695,0.9067796610169492,0.9661016949152542,38.79500866666675,32.13582800000009,64.07026433333334,0.11764705882352941,0.23076923076923078,0.36363636363636365,111,107,114,0.6949152542372882,0.7966101694915254,0.8983050847457628,2.474471,2.559899,17.98191657142857,0.0,0.0,0.0,41,47,53,0.7804878048780488,0.7235772357723578,0.9105691056910569,0.522663,0.514494,3.722621,0.0,0.0,0.044444444444444446,96,89,112
187,0.940677966101695,0.8983050847457628,0.9661016949152542,38.05605266666675,32.330139666666746,64.93375433333334,0.07692307692307693,0.1935483870967742,0.4444444444444444,111,106,114,0.6779661016949152,0.7796610169491526,0.8983050847457628,2.327487,2.294136,18.22411357142857,0.0,0.0,0.0,40,46,53,0.7804878048780488,0.7235772357723578,0.9105691056910569,0.5158,0.525439,3.732402,0.008064516129032258,0.0,0.06666666666666667,96,89,112
188,0.940677966101695,0.8983050847457628,0.9830508474576272,39.52071100000008,36.97279633333343,64.36920966666668,0.07142857142857142,0.2,0.3076923076923077,111,106,116,0.6779661016949152,0.7966101694915254,0.8813559322033898,2.524572,2.378703,18.20743357142857,0.0,0.0,0.0,40,47,52,0.7723577235772358,0.7235772357723578,0.9105691056910569,0.518903,0.554094,3.751709,0.016129032258064516,0.0,0.06818181818181818,95,89,112
189,0.9491525423728814,0.8559322033898306,0.9576271186440678,41.276513666666744,32.23755266666676,66.70265333333334,0.03571428571428571,0.16666666666666666,0.4,112,101,113,0.6779661016949152,0.7966101694915254,0.8813559322033898,2.352229,2.779702,18.57831757142857,0.0,0.0,0.0,40,47,52,0.7560975609756098,0.7235772357723578,0.9024390243902439,0.516952,0.554832,3.747428,0.016129032258064516,0.0,0.06521739130434782,93,89,111
190,0.9491525423728814,0.8813559322033898,0.9576271186440678,41.74398400000009,33.531699333333435,67.67941400000001,0.125,0.1875,0.5,112,104,113,0.6949152542372882,0.7796610169491526,0.864406779661017,2.144454,2.60946,18.448992571428573,0.0,0.0,0.0,41,46,51,0.7398373983739838,0.7317073170731707,0.9105691056910569,0.533617,0.544175,3.731058,0.016129032258064516,0.0,0.044444444444444446,91,90,112
191,0.9576271186440678,0.9067796610169492,0.9745762711864406,37.531167666666754,35.02859233333342,66.29176500000001,0.07692307692307693,0.17857142857142858,0.3076923076923077,113,107,115,0.6779661016949152,0.7796610169491526,0.864406779661017,2.12874,2.7902905714285713,18.91270757142857,0.0,0.0,0.0,40,46,51,0.7642276422764228,0.7154471544715447,0.8943089430894309,0.514903,0.529182,3.794389,0.023622047244094488,0.0,0.025,94,88,110
192,0.923728813559322,0.5338983050847458,0.652542372881356,37.741396666666745,16.010788000000048,37.105844,0.08333333333333333,0.0967741935483871,0.42857142857142855,109,63,77,0.6949152542372882,0.3728813559322034,0.5254237288135594,2.6794275714285716,1.910677,10.32153157142857,0.0,0.0,0.0,41,22,31,0.7560975609756098,0.36585365853658536,0.6016260162601627,0.486452,0.210696,2.034594,0.031746031746031744,0.0,0.023255813953488372,93,45,74
193,0.9322033898305084,0.4830508474576271,0.5677966101694916,36.822118666666746,17.38351833333338,37.590383666666675,0.03333333333333333,0.0,0.0,110,57,67,0.6779661016949152,0.3728813559322034,0.423728813559322,2.647009,2.043802,9.91712557142857,0.0,0.0,0.0,40,22,25,0.7642276422764228,0.34959349593495936,0.5121951219512195,0.512874,0.189776,1.939216,0.03875968992248062,0.0,0.021739130434782608,94,43,63
194,0.9491525423728814,0.5338983050847458,0.559322033898305,41.06315833333342,19.16886633333338,36.70268766666667,0.09090909090909091,0.13043478260869565,0.125,112,63,66,0.6779661016949152,0.3559322033898305,0.4406779661016949,2.714201,2.109769,9.884224571428572,0.0,0.0,0.0,40,21,26,0.7398373983739838,0.3821138211382114,0.5365853658536586,0.52317,0.162825,1.941654,0.046875,0.013333333333333334,0.027777777777777776,91,47,66
195,0.9576271186440678,0.5338983050847458,0.5847457627118644,39.406651666666754,17.16858200000005,37.590383666666675,0.09090909090909091,0.2608695652173913,0.14285714285714285,113,63,69,0.6779661016949152,0.3389830508474576,0.4745762711864407,2.962199,2.536516888888889,9.93522857142857,0.0,0.0,0.0,40,20,28,0.7479674796747967,0.42276422764227645,0.5528455284552846,0.520388,0.284152,1.996301,0.04580152671755725,0.06201550387596899,0.0,92,52,68
196,0.9576271186440678,0.4745762711864407,0.559322033898305,38.993344666666744,20.35186433333338,38.50705033333334,0.08,0.375,0.25,113,56,66,0.6949152542372882,0.3389830508474576,0.4915254237288136,3.070409,2.584104,10.173789571428571,0.0,0.0,0.0,41,20,29,0.7560975609756098,0.3821138211382114,0.5528455284552846,0.533846,0.299963,2.045558,0.03875968992248062,0.0945945945945946,0.08888888888888889,93,47,68
197,0.9661016949152542,0.4830508474576271,0.5423728813559322,39.751231666666754,20.425662000000052,38.298717,0.07407407407407407,0.5652173913043478,0.7142857142857143,114,57,64,0.6949152542372882,0.3559322033898305,0.4915254237288136,2.920468,2.745900111111111,9.950826571428571,0.0,0.0,0.0,41,21,29,0.7642276422764228,0.3902439024390244,0.4959349593495935,0.567376,0.317201,2.03024,0.031746031746031744,0.0945945945945946,0.17777777777777778,94,48,61
198,0.9661016949152542,0.4661016949152542,0.5423728813559322,38.924878333333425,19.952642666666712,37.866399333333334,0.2,0.4666666666666667,0.75,114,55,64,0.711864406779661,0.3559322033898305,0.5084745762711864,3.10618,2.685241,10.17670557142857,0.0,0.0,0.0,42,21,30,0.7723577235772358,0.3821138211382114,0.5365853658536586,0.557684,0.343166,2.044838,0.015748031496062992,0.12658227848101267,0.08695652173913043,95,47,66
199,0.9745762711864406,0.4576271186440678,0.5423728813559322,35.92920033333343,19.149234333333386,38.91538366666667,0.030303030303030304,0.6551724137931034,0.46153846153846156,115,54,64,0.711864406779661,0.3728813559322034,0.4745762711864407,2.974863,2.907716,10.124707571428571,0.0,0.0,0.0,42,22,28,0.7723577235772358,0.3821138211382114,0.5365853658536586,0.558737,0.30871,2.057414,0.0,0.1566265060240964,0.11764705882352941,95,47,66
200,0.9067796610169492,0.5508474576271186,0.576271186440678,39.108322333333426,40.015192333333424,68.32271466666667,0.11764705882352941,0.54,0.7333333333333333,107,65,68,0.711864406779661,0.864406779661017,0.9322033898305084,3.135174,4.130896111111111,18.96869957142857,0.0,0.0,0.0,42,51,55,0.7723577235772358,0.5203252032520326,0.6260162601626016,0.57716,0.701578,4.000407,0.0,0.15555555555555556,0.14285714285714285,95,64,77
201,0.940677966101695,0.5423728813559322,0.6440677966101694,39.66584800000008,42.62510066666676,69.97980333333334,0.08,0.8163265306122449,0.7027027027027027,111,64,76,0.7288135593220338,0.7627118644067796,0.8983050847457628,2.915985,5.810694206349207,19.061315571428572,0.0,0.0,0.0,43,45,53,0.7642276422764228,0.6504065040650406,0.7804878048780488,0.517825,0.70462,4.035474,0.0,0.13385826771653545,0.046875,94,80,96
202,0.923728813559322,0.5508474576271186,0.6440677966101694,40.75868166666675,41.662908333333434,69.47980333333334,0.125,0.8875,0.9777777777777777,109,65,76,0.7288135593220338,0.7796610169491526,0.8983050847457628,3.136384,5.408830571428571,19.26549546031746,0.0,0.0,0.0,43,46,53,0.7560975609756098,0.7154471544715447,0.8373983739837398,0.551929,0.719797,4.083071,0.00819672131147541,0.21379310344827587,0.05555555555555555,93,88,103
203,0.940677966101695,0.5508474576271186,0.6440677966101694,39.50798000000008,42.07720566666677,68.86473233333335,0.029411764705882353,0.9150943396226415,0.9444444444444444,111,65,76,0.711864406779661,0.7796610169491526,0.8983050847457628,3.128105,5.356788571428571,18.82386557142857,0.0,0.0,0.04,42,46,53,0.7479674796747967,0.7479674796747967,0.8373983739837398,0.534081,0.76268,3.986242,0.008130081300813009,0.17687074829931973,0.15254237288135594,92,92,103
204,0.9576271186440678,0.5423728813559322,0.6440677966101694,40.145028666666754,40.821534666666764,68.06313666666667,0.07407407407407407,0.865546218487395,0.9285714285714286,113,64,76,0.7288135593220338,0.7966101694915254,0.8813559322033898,3.729108,4.780433888888889,18.883690682539683,0.0,0.0,0.043478260869565216,43,47,52,0.7398373983739838,0.7479674796747967,0.8455284552845529,0.537692,0.828954,4.053617,0.0,0.1510791366906475,0.15,91,92,104
205,0.9576271186440678,0.5423728813559322,0.652542372881356,37.34405866666676,41.139297333333424,69.42201566666667,0.1111111111111111,0.8849557522123894,0.9506172839506173,113,64,77,0.711864406779661,0.7796610169491526,0.8813559322033898,3.306006,5.048572777777778,18.93651346031746,0.0,0.0,0.038461538461538464,42,46,52,0.7317073170731707,0.7154471544715447,0.8699186991869918,0.555958,0.794977,4.121426,0.0,0.14705882352941177,0.16923076923076924,90,88,107
206,0.9661016949152542,0.5338983050847458,0.652542372881356,39.917597333333426,40.31296866666676,67.97980333333334,0.14285714285714285,0.8706896551724138,0.9397590361445783,114,63,77,0.711864406779661,0.7796610169491526,0.8813559322033898,3.390024,5.188351222222222,18.69479957142857,0.0,0.0,0.041666666666666664,42,46,52,0.7317073170731707,0.7073170731707317,0.8699186991869918,0.551266,0.838496,4.125882,0.0,0.12408759124087591,0.1,90,87,107
207,0.923728813559322,0.559322033898305,0.652542372881356,38.545103000000104,39.290284666666764,69.17936200000001,0.04,0.8938053097345132,0.9871794871794872,109,66,77,0.6949152542372882,0.6949152542372882,0.8813559322033898,3.578099,5.168279222222222,19.400742682539683,0.0,0.0,0.041666666666666664,41,41,52,0.7317073170731707,0.6991869918699187,0.8455284552845529,0.642542,0.790881,4.139831,0.0,0.0948905109489051,0.1,90,86,104
208,0.9576271186440678,0.5508474576271186,0.6440677966101694,38.947730666666764,38.50804833333343,68.44573933333335,0.08,0.8706896551724138,0.9512195121951219,113,65,76,0.7288135593220338,0.7627118644067796,0.8813559322033898,3.448736,5.270620571428571,19.65036757142857,0.0,0.0,0.038461538461538464,43,45,52,0.7398373983739838,0.6747967479674797,0.8617886178861789,0.580292,0.709817,4.091948,0.0,0.09090909090909091,0.09090909090909091,91,83,106
209,0.940677966101695,0.5677966101694916,0.652542372881356,38.28835866666676,37.98707966666676,69.56797200000001,0.1,0.8818181818181818,0.9634146341463414,111,67,77,0.7288135593220338,0.7457627118644068,0.8813559322033898,3.60377,5.332772,19.72726257142857,0.0,0.0,0.038461538461538464,43,44,52,0.7398373983739838,0.6910569105691057,0.8617886178861789,0.599491,0.752618,4.19788,0.0,0.06923076923076923,0.11290322580645161,91,85,106
210,0.940677966101695,0.576271186440678,0.6694915254237288,40.30501033333344,35.689546333333425,69.47451433333335,0.06896551724137931,0.8839285714285714,0.9629629629629629,111,68,79,0.711864406779661,0.7627118644067796,0.8813559322033898,3.38678,5.099122571428571,20.06215657142857,0.0,0.0,0.041666666666666664,42,45,52,0.7479674796747967,0.7073170731707317,0.8617886178861789,0.613808,0.741217,4.206468,0.0,0.08270676691729323,0.1111111111111111,92,87,106
211,0.940677966101695,0.5677966101694916,0.6694915254237288,40.394815000000094,37.974566333333435,69.90420833333333,0.1111111111111111,0.8909090909090909,0.95,111,67,79,0.711864406779661,0.711864406779661,0.8813559322033898,3.223673,5.3448051111111115,20.09493557142857,0.0,0.0,0.041666666666666664,42,42,52,0.7479674796747967,0.6991869918699187,0.8943089430894309,0.628503,0.719256,4.236436,0.008130081300813009,0.06201550387596899,0.11267605633802817,92,86,110
212,0.9152542372881356,0.5847457627118644,0.6779661016949152,41.474418000000114,37.94166333333343,68.96544533333335,0.08333333333333333,0.897196261682243,0.9390243902439024,108,69,80,0.711864406779661,0.7457627118644068,0.8813559322033898,3.31366,5.145340888888889,20.55026557142857,0.0,0.0,0.045454545454545456,42,44,52,0.7723577235772358,0.7235772357723578,0.8780487804878049,0.639505,0.73966,4.253342,0.007936507936507936,0.07518796992481203,0.1774193548387097,95,89,108
213,0.940677966101695,0.5847457627118644,0.6779661016949152,41.48637100000012,39.53431333333343,69.18511833333335,0.04,0.900990099009901,0.9736842105263158,111,69,80,0.711864406779661,0.7457627118644068,0.864406779661017,3.08817,5.034524111111111,20.516513571428572,0.0,0.0,0.0,42,44,51,0.7886178861788617,0.7398373983739838,0.8780487804878049,0.640373,0.810214,4.247349,0.007936507936507936,0.05263157894736842,0.14285714285714285,97,91,108
214,0.9576271186440678,0.576271186440678,0.6864406779661016,39.20591833333345,40.532655000000105,69.78107633333335,0.09090909090909091,0.9029126213592233,0.9615384615384616,113,68,81,0.7288135593220338,0.7796610169491526,0.864406779661017,3.257031,5.496978349206349,20.987950935064934,0.0,0.0,0.04,43,46,51,0.7886178861788617,0.7317073170731707,0.8943089430894309,0.636983,0.740767,4.257548,0.008064516129032258,0.04580152671755725,0.15517241379310345,97,90,110
215,0.9322033898305084,0.5677966101694916,0.6864406779661016,41.09959633333344,39.553516333333434,68.47815433333335,0.10526315789473684,0.8571428571428571,0.974025974025974,110,67,81,0.711864406779661,0.7796610169491526,0.8813559322033898,2.988034,5.17719653968254,20.69388957142857,0.0,0.0,0.0,42,46,52,0.7723577235772358,0.7317073170731707,0.9024390243902439,0.628265,0.748547,4.310765,0.008064516129032258,0.03875968992248062,0.14516129032258066,95,90,111
216,0.9491525423728814,0.5932203389830508,0.6779661016949152,39.73965333333345,38.390912333333425,68.46544533333335,0.09523809523809523,0.908256880733945,0.925,112,70,80,0.6949152542372882,0.7796610169491526,0.8813559322033898,3.410975,4.994051571428571,21.05141557142857,0.0,0.0,0.0,41,46,52,0.7886178861788617,0.7154471544715447,0.9024390243902439,0.608438,0.702253,4.270725,0.008,0.03875968992248062,0.12280701754385964,97,88,111
217,0.9152542372881356,0.5847457627118644,0.6694915254237288,39.70270333333343,36.25966266666677,68.88396933333334,0.08333333333333333,0.8703703703703703,0.9866666666666667,108,69,79,0.6949152542372882,0.7457627118644068,0.8983050847457628,3.442469,5.39924188888889,21.01227557142857,0.0,0.0,0.0,41,44,53,0.7886178861788617,0.7235772357723578,0.8943089430894309,0.600769,0.681476,4.333492,0.008,0.04580152671755725,0.12727272727272726,97,89,110
218,0.9576271186440678,0.5508474576271186,0.6864406779661016,39.003913666666776,39.501409000000095,68.04877866666668,0.06896551724137931,0.8807339449541285,0.9012345679012346,113,65,81,0.7457627118644068,0.7796610169491526,0.8813559322033898,3.466595,4.982814428571429,21.755751571428572,0.0,0.0,0.0,44,46,52,0.7723577235772358,0.7154471544715447,0.8943089430894309,0.633941,0.652613,4.354244,0.016,0.03076923076923077,0.12280701754385964,95,88,110
219,0.940677966101695,0.5932203389830508,0.6864406779661016,38.00312766666678,39.229569000000104,69.14202900000001,0.11764705882352941,0.8828828828828829,0.9733333333333334,111,70,81,0.7457627118644068,0.7796610169491526,0.864406779661017,2.768995,5.141084222222222,21.428988935064933,0.0,0.0,0.0,44,46,51,0.7723577235772358,0.7154471544715447,0.8943089430894309,0.659588,0.744494,4.363456,0.016129032258064516,0.015873015873015872,0.11475409836065574,95,88,110
220,0.9576271186440678,0.5932203389830508,0.6779661016949152,40.913814000000116,37.62611733333343,68.62550733333335,0.038461538461538464,0.8796296296296297,0.9733333333333334,113,70,80,0.7457627118644068,0.7457627118644068,0.8813559322033898,2.963564,5.293207111111112,21.532930571428572,0.0,0.0,0.0,44,44,52,0.7804878048780488,0.7073170731707317,0.9024390243902439,0.597275,0.674515,4.298406,0.015748031496062992,0.016,0.06896551724137931,96,87,111
221,0.9491525423728814,0.5847457627118644,0.6864406779661016,39.867946333333435,36.42974633333344,68.96544533333335,0.08,0.8761061946902655,0.961038961038961,112,69,81,0.7457627118644068,0.7627118644067796,0.8813559322033898,3.28084,5.295788777777778,21.501870571428572,0.0,0.0,0.0,44,45,52,0.7967479674796748,0.7154471544715447,0.9024390243902439,0.656551,0.683725,4.337978,0.015748031496062992,0.015873015873015872,0.09090909090909091,98,88,111
222,0.9491525423728814,0.576271186440678,0.6694915254237288,43.060929000000115,38.015287666666765,68.14632800000001,0.15384615384615385,0.8867924528301887,0.9615384615384616,112,68,79,0.7457627118644068,0.7796610169491526,0.864406779661017,3.181139,4.91034388888889,21.47900057142857,0.0,0.0,0.0,44,46,51,0.7886178861788617,0.7154471544715447,0.9024390243902439,0.601017,0.733999,4.358591,0.016,0.031496062992125984,0.038461538461538464,97,88,111
223,0.8983050847457628,0.5847457627118644,0.6864406779661016,41.622227666666774,37.130331666666784,68.85872600000002,0.06666666666666667,0.8695652173913043,0.948051948051948,106,69,81,0.7288135593220338,0.7457627118644068,0.8813559322033898,3.102953,5.552514222222222,21.46437057142857,0.0,0.0,0.0,43,44,52,0.7804878048780488,0.7073170731707317,0.9105691056910569,0.642544,0.698077,4.378201,0.015748031496062992,0.031496062992125984,0.0,96,87,112
224,0.9322033898305084,0.5847457627118644,0.6864406779661016,39.45233766666678,38.173516000000106,69.39473800000002,0.034482758620689655,0.8818181818181818,0.9113924050632911,110,69,81,0.7288135593220338,0.7627118644067796,0.864406779661017,3.847831,5.52079,21.25486257142857,0.0,0.0,0.0,43,45,51,0.7723577235772358,0.6991869918699187,0.9186991869918699,0.659929,0.731701,4.382149,0.015873015873015872,0.03125,0.0,95,86,113
225,0.9576271186440678,0.5932203389830508,0.6864406779661016,39.80502800000011,40.52343633333345,69.216748,0.08333333333333333,0.9223300970873787,0.9487179487179487,113,70,81,0.7457627118644068,0.7796610169491526,0.8813559322033898,3.322516,5.470621,21.448681571428573,0.0,0.0,0.0,44,46,52,0.7967479674796748,0.6991869918699187,0.9186991869918699,0.647393,0.602573,4.414504,0.015503875968992248,0.023255813953488372,0.0,98,86,113
226,0.9322033898305084,0.559322033898305,0.6779661016949152,40.93705833333343,39.312559000000114,68.99057066666667,0.10526315789473684,0.8952380952380953,0.9605263157894737,110,66,80,0.7457627118644068,0.7627118644067796,0.847457627118644,3.176785,5.01305,21.467263207792207,0.0,0.0,0.0,44,45,50,0.7967479674796748,0.7073170731707317,0.9186991869918699,0.693225,0.6579,4.409848,0.015873015873015872,0.023809523809523808,0.0,98,87,113
227,0.940677966101695,0.5847457627118644,0.6694915254237288,38.93112400000012,37.64556766666678,68.46544533333335,0.07407407407407407,0.8608695652173913,0.935064935064935,111,69,79,0.7457627118644068,0.7966101694915254,0.8813559322033898,3.274622,4.703465,21.769410935064933,0.0,0.0,0.0,44,47,52,0.7886178861788617,0.6910569105691057,0.9349593495934959,0.646532,0.718965,4.453613,0.016,0.024,0.0,97,85,115
228,0.9322033898305084,0.5847457627118644,0.6864406779661016,38.800703333333445,35.05445566666677,68.96544533333335,0.08,0.9009009009009009,0.96,110,69,81,0.7457627118644068,0.7457627118644068,0.864406779661017,3.052067,5.141606650793651,21.485854571428572,0.0,0.0,0.0,44,44,51,0.8130081300813008,0.6910569105691057,0.9349593495934959,0.632596,0.700929,4.479424,0.015748031496062992,0.024,0.0,100,85,115
229,0.9322033898305084,0.5932203389830508,0.6779661016949152,41.398605666666775,33.39848033333344,69.04877866666668,0.043478260869565216,0.9,1.0,110,70,80,0.7457627118644068,0.7796610169491526,0.864406779661017,2.83421,5.1456915714285705,21.52383957142857,0.0,0.0,0.0,44,46,51,0.8130081300813008,0.6991869918699187,0.9349593495934959,0.680486,0.720155,4.502491,0.008,0.016129032258064516,0.05263157894736842,100,86,115
230,0.9491525423728814,0.5677966101694916,0.6779661016949152,41.29009066666678,34.66524966666677,69.042845,0.07692307692307693,0.9158878504672897,0.972972972972973,112,67,80,0.7288135593220338,0.7457627118644068,0.864406779661017,2.959689,5.187581,21.43106220779221,0.0,0.0,0.0,43,44,51,0.7967479674796748,0.6991869918699187,0.943089430894309,0.688225,0.737559,4.511312,0.008130081300813009,0.0390625,0.07894736842105263,98,86,116
231,0.9152542372881356,0.5847457627118644,0.6694915254237288,37.25596966666678,34.05611800000011,68.91544533333334,0.07407407407407407,0.8962264150943396,0.96,108,69,79,0.711864406779661,0.7627118644067796,0.864406779661017,3.073852,4.96043,22.131539571428572,0.0,0.0,0.05,42,45,51,0.7804878048780488,0.6991869918699187,0.9349593495934959,0.666177,0.663792,4.556491,0.008130081300813009,0.016,0.08108108108108109,96,86,115
232,0.940677966101695,0.5847457627118644,0.6864406779661016,40.73766433333345,35.51580266666678,69.13799466666667,0.05714285714285714,0.8785046728971962,0.9473684210526315,111,69,81,0.7288135593220338,0.7457627118644068,0.864406779661017,3.238215,4.61819,22.174881935064935,0.0,0.0,0.05,43,44,51,0.7886178861788617,0.7073170731707317,0.9349593495934959,0.712946,0.722128,4.549931,0.007936507936507936,0.023622047244094488,0.09375,97,87,115
233,0.9576271186440678,0.5847457627118644,0.6864406779661016,39.98593533333345,37.61986966666677,68.63211200000002,0.11538461538461539,0.9056603773584906,0.96,113,69,81,0.711864406779661,0.7796610169491526,0.864406779661017,3.268611,4.812115111111112,22.043274571428572,0.0,0.0,0.047619047619047616,42,46,51,0.7886178861788617,0.7073170731707317,0.943089430894309,0.681911,0.793982,4.546434,0.008064516129032258,0.031746031746031744,0.11538461538461539,97,87,116
234,0.9491525423728814,0.5932203389830508,0.6779661016949152,37.40104833333345,36.37422200000012,68.68455833333334,0.26666666666666666,0.9117647058823529,0.958904109589041,112,70,80,0.6949152542372882,0.7627118644067796,0.864406779661017,3.805073,4.873015031746032,21.99192657142857,0.0,0.0,0.05,41,45,51,0.7886178861788617,0.6991869918699187,0.943089430894309,0.75009,0.792173,4.536694,0.008,0.03968253968253968,0.12,97,86,116
235,0.9322033898305084,0.576271186440678,0.6779661016949152,35.20483866666677,36.37383400000011,68.71544533333335,0.13636363636363635,0.9223300970873787,0.922077922077922,110,68,80,0.6949152542372882,0.7288135593220338,0.864406779661017,3.412617,4.817328,22.10336826839827,0.0,0.0,0.05555555555555555,41,43,51,0.7967479674796748,0.7073170731707317,0.9512195121951219,0.725636,0.7517,4.569643,0.0,0.023622047244094488,0.13043478260869565,98,87,117
236,0.9322033898305084,0.5677966101694916,0.6864406779661016,36.62925433333345,38.988741666666776,68.63211200000002,0.12903225806451613,0.9158878504672897,0.9722222222222222,110,67,81,0.6949152542372882,0.7627118644067796,0.9152542372881356,3.245689,4.983331111111112,21.97262657142857,0.0,0.0,0.045454545454545456,41,45,54,0.7967479674796748,0.7073170731707317,0.959349593495935,0.716304,0.750341,4.566259,0.0,0.023809523809523808,0.09090909090909091,98,87,118
237,0.9491525423728814,0.576271186440678,0.6864406779661016,36.50152533333344,40.57682666666678,68.63211200000002,0.15384615384615385,0.9047619047619048,1.0,112,68,81,0.6779661016949152,0.7627118644067796,0.864406779661017,3.426791,5.12771,22.078270571428572,0.0,0.0,0.05555555555555555,40,45,51,0.7967479674796748,0.7154471544715447,0.959349593495935,0.705102,0.691954,4.53524,0.0,0.024,0.09090909090909091,98,88,118
238,0.923728813559322,0.5932203389830508,0.6864406779661016,38.140600666666785,37.88308200000011,67.63211200000002,0.14285714285714285,0.8818181818181818,0.958904109589041,109,70,81,0.6779661016949152,0.7796610169491526,0.864406779661017,3.302809,4.564844428571429,22.23182757142857,0.0,0.0,0.05555555555555555,40,46,51,0.7967479674796748,0.7235772357723578,0.959349593495935,0.70486,0.735683,4.561943,0.0,0.024,0.1,98,89,118
239,0.9322033898305084,0.5847457627118644,0.6864406779661016,35.59148233333345,36.32748200000011,68.13211200000002,0.12121212121212122,0.9252336448598131,0.9722222222222222,110,69,81,0.6779661016949152,0.8135593220338984,0.8983050847457628,3.481837,4.664598,22.032658935064934,0.0,0.0,0.0,40,48,53,0.8048780487804879,0.7073170731707317,0.959349593495935,0.68564,0.745868,4.550337,0.0,0.023809523809523808,0.13043478260869565,99,87,118
240,0.9576271186440678,0.5847457627118644,0.6864406779661016,38.657454000000115,36.29293466666678,68.71544533333335,0.18181818181818182,0.8672566371681416,0.9594594594594594,113,69,81,0.6440677966101694,0.8305084745762712,0.8983050847457628,3.230137,4.570253777777778,22.01089957142857,0.0,0.0,0.0,38,49,53,0.8048780487804879,0.6991869918699187,0.9512195121951219,0.6981,0.745037,4.545969,0.0,0.024,0.19047619047619047,99,86,117
241,0.9067796610169492,0.5932203389830508,0.6864406779661016,42.0459030000001,38.70682933333345,72.258851,0.14285714285714285,0.9038461538461539,0.9459459459459459,107,70,81,0.6779661016949152,0.7627118644067796,0.9152542372881356,3.954727,4.601968,22.032232571428572,0.0,0.0,0.0,40,45,54,0.7967479674796748,0.7073170731707317,0.9512195121951219,0.735199,0.692091,4.583167,0.0,0.031746031746031744,0.18181818181818182,98,87,117
242,0.9152542372881356,0.6186440677966102,0.7203389830508474,43.82579466666679,38.81400733333346,72.79271,0.05714285714285714,0.8476190476190476,0.9054054054054054,108,73,85,0.6610169491525424,0.7627118644067796,0.8983050847457628,3.664816,4.617249111111112,21.92699357142857,0.0,0.0,0.0,39,45,53,0.7886178861788617,0.7073170731707317,0.943089430894309,0.732323,0.732642,4.585274,0.00819672131147541,0.024390243902439025,0.19047619047619047,97,87,116
243,0.923728813559322,0.6101694915254238,0.7203389830508474,42.66158800000012,42.21859200000013,73.007112,0.125,0.8947368421052632,0.9558823529411765,109,72,85,0.6440677966101694,0.7966101694915254,0.9152542372881356,3.79941,4.498359,22.110908238095238,0.0,0.0,0.0,38,47,54,0.7886178861788617,0.7154471544715447,0.9512195121951219,0.731659,0.708258,4.592982,0.0,0.024193548387096774,0.19047619047619047,97,88,117
244,0.9576271186440678,0.635593220338983,0.7033898305084746,44.13910733333345,40.04568433333345,72.09044533333334,0.16,0.8645833333333334,0.9701492537313433,113,75,83,0.6440677966101694,0.7966101694915254,0.9152542372881356,3.309995,4.783918571428571,22.075937207792208,0.0,0.0,0.0,38,47,54,0.7886178861788617,0.7154471544715447,0.9512195121951219,0.7436,0.838132,4.581739,0.0,0.024193548387096774,0.17391304347826086,97,88,117
245,0.940677966101695,0.6271186440677966,0.711864406779661,42.03669800000012,39.669247666666784,72.34044533333334,0.16,0.8541666666666666,0.927536231884058,111,74,84,0.6610169491525424,0.7966101694915254,0.8813559322033898,3.685371,4.42517,23.157510904761903,0.0,0.0,0.0,39,47,52,0.7967479674796748,0.6991869918699187,0.959349593495935,0.69678,0.795786,4.593999,0.0,0.02459016393442623,0.2,98,86,118
246,0.940677966101695,0.6440677966101694,0.7203389830508474,38.26426500000012,41.55595900000012,72.27602966666666,0.0,0.8645833333333334,0.9846153846153847,111,76,85,0.6779661016949152,0.8135593220338984,0.9322033898305084,3.627692,4.616515682539683,23.28448223809524,0.0,0.0,0.0,40,48,55,0.8048780487804879,0.7235772357723578,0.943089430894309,0.686752,0.787794,4.616342,0.0,0.023622047244094488,0.2,99,89,116
247,0.940677966101695,0.6440677966101694,0.7203389830508474,43.766897666666786,39.781802666666785,72.30222099999999,0.0,0.8977272727272727,0.9264705882352942,111,76,85,0.6949152542372882,0.8305084745762712,0.9152542372881356,3.508729,4.699782,22.99726957142857,0.0,0.0,0.0,41,49,54,0.7886178861788617,0.7235772357723578,0.9512195121951219,0.713694,0.76875,4.651189,0.0,0.02459016393442623,0.20833333333333334,97,89,117
248,0.9491525423728814,0.6440677966101694,0.7288135593220338,40.68819933333346,42.40006333333345,73.082112,0.0,0.851063829787234,0.8857142857142857,112,76,86,0.6949152542372882,0.8135593220338984,0.9322033898305084,3.316166,5.049376,23.153680238095237,0.0,0.0,0.0,41,48,55,0.7967479674796748,0.7317073170731707,0.943089430894309,0.669498,0.818037,4.632557,0.0,0.024193548387096774,0.2,98,90,116
249,0.9491525423728814,0.6271186440677966,0.7288135593220338,40.60019400000013,42.269495666666785,72.99877866666665,0.034482758620689655,0.8837209302325582,0.9545454545454546,112,74,86,0.6949152542372882,0.7966101694915254,0.8983050847457628,3.843285,4.913973,23.487595298701297,0.0,0.0,0.0,41,47,53,0.7886178861788617,0.7479674796747967,0.9512195121951219,0.705342,0.762892,4.643077,0.0,0.024193548387096774,0.20833333333333334,97,92,117
250,0.940677966101695,0.635593220338983,0.7288135593220338,43.01765366666679,41.12224433333345,72.99877866666665,0.0,0.8095238095238095,0.953125,111,75,86,0.711864406779661,0.8135593220338984,0.8983050847457628,3.486905,4.768729111111112,23.152770571428572,0.0,0.0,0.0,42,48,53,0.7886178861788617,0.7398373983739838,0.959349593495935,0.69415,0.726772,4.708099,0.0,0.01639344262295082,0.22727272727272727,97,91,118
251,0.940677966101695,0.6271186440677966,0.7372881355932204,42.29138466666679,44.14070100000012,72.67323633333334,0.0,0.8426966292134831,0.9253731343283582,111,74,87,0.711864406779661,0.7627118644067796,0.9152542372881356,3.851709,4.9797020000000005,23.425922844155846,0.0,0.0,0.0,42,45,54,0.7967479674796748,0.7317073170731707,0.967479674796748,0.68166,0.804235,4.71824,0.0,0.032520325203252036,0.23809523809523808,98,90,119
252,0.940677966101695,0.652542372881356,0.7372881355932204,41.26409966666678,42.68768100000012,73.83211199999998,0.0,0.8333333333333334,0.9692307692307692,111,77,87,0.6949152542372882,0.7796610169491526,0.8983050847457628,3.376047,5.139185539682539,23.6093102987013,0.0,0.0,0.0,41,46,53,0.7967479674796748,0.7479674796747967,0.959349593495935,0.65926,0.780079,4.69199,0.0,0.024193548387096774,0.21052631578947367,98,92,118
253,0.9491525423728814,0.6610169491525424,0.7372881355932204,39.77542366666678,41.76975666666679,74.56070833333332,0.0,0.8780487804878049,0.9838709677419355,112,78,87,0.711864406779661,0.8305084745762712,0.8813559322033898,3.41982,4.664796571428571,23.34056257142857,0.0,0.0,0.0,42,49,52,0.7723577235772358,0.7317073170731707,0.959349593495935,0.640242,0.769301,4.714603,0.0,0.03225806451612903,0.2222222222222222,95,90,118
254,0.9576271186440678,0.652542372881356,0.7372881355932204,39.76933333333345,40.95802333333345,75.03211199999998,0.0,0.9125,0.96875,113,77,87,0.7288135593220338,0.7457627118644068,0.864406779661017,3.485135,5.292811,23.380448904761902,0.0,0.0,0.0,43,44,51,0.7723577235772358,0.7398373983739838,0.959349593495935,0.595854,0.794407,4.712578,0.0,0.016260162601626018,0.21052631578947367,95,91,118
255,0.9491525423728814,0.6271186440677966,0.7372881355932204,42.04317933333346,39.74400266666677,74.63355999999999,0.0,0.8539325842696629,0.9117647058823529,112,74,87,0.7288135593220338,0.711864406779661,0.847457627118644,3.185591,4.839104571428573,23.44464357142857,0.0,0.0,0.0,43,42,50,0.7723577235772358,0.7317073170731707,0.959349593495935,0.659826,0.762002,4.694835,0.0,0.024390243902439025,0.23809523809523808,95,90,118
256,0.9152542372881356,0.652542372881356,0.7457627118644068,42.18216800000011,37.67215600000012,76.89161933333331,0.0,0.8651685393258427,0.9516129032258065,108,77,88,0.7288135593220338,0.7796610169491526,0.847457627118644,3.390224,4.546393428571429,23.46774757142857,0.0,0.0,0.0,43,46,50,0.7560975609756098,0.7317073170731707,0.959349593495935,0.626964,0.836605,4.709624,0.0,0.00819672131147541,0.22727272727272727,93,90,118
257,0.9576271186440678,0.6440677966101694,0.7372881355932204,42.46101966666679,37.82032233333345,76.80051999999999,0.03125,0.8,0.967741935483871,113,76,87,0.7288135593220338,0.7966101694915254,0.847457627118644,3.010323,4.86252088888889,23.35101457142857,0.0,0.0,0.0,43,47,50,0.7723577235772358,0.7235772357723578,0.959349593495935,0.630789,0.808171,4.685141,0.008064516129032258,0.008333333333333333,0.22727272727272727,95,89,118
258,0.9661016949152542,0.6440677966101694,0.7372881355932204,42.43342933333346,37.51489166666679,77.67466933333331,0.0,0.7906976744186046,0.9836065573770492,114,76,87,0.7457627118644068,0.7457627118644068,0.847457627118644,3.354699,4.909584,23.37150757142857,0.0,0.0,0.0,44,44,50,0.7642276422764228,0.7154471544715447,0.959349593495935,0.669996,0.835772,4.712456,0.0,0.008333333333333333,0.22727272727272727,94,88,118
259,0.9322033898305084,0.6610169491525424,0.7372881355932204,41.597610333333456,40.91160133333346,77.10338199999998,0.0,0.8765432098765432,0.9375,110,78,87,0.7457627118644068,0.7627118644067796,0.8983050847457628,3.189172,4.323153,23.84440557142857,0.0,0.0,0.0,44,45,53,0.7642276422764228,0.7154471544715447,0.959349593495935,0.656951,0.808157,4.746449,0.0,0.008264462809917356,0.21739130434782608,94,88,118
260,0.940677966101695,0.652542372881356,0.7372881355932204,42.31529000000012,39.58696833333345,76.37342066666666,0.0,0.8589743589743589,0.863013698630137,111,77,87,0.7288135593220338,0.8135593220338984,0.8983050847457628,3.425837,4.729268,23.836359904761903,0.0,0.0,0.0,43,48,53,0.7642276422764228,0.6829268292682927,0.959349593495935,0.60968,0.824787,4.736287,0.0,0.00819672131147541,0.18181818181818182,94,84,118
261,0.9152542372881356,0.635593220338983,0.7203389830508474,40.92229600000012,41.64506933333346,78.16913233333331,0.0,0.8831168831168831,0.9841269841269841,108,75,85,0.7288135593220338,0.7796610169491526,0.8813559322033898,3.389372,4.760173888888889,23.71098257142857,0.0,0.0,0.0,43,46,52,0.7804878048780488,0.6910569105691057,0.959349593495935,0.698019,0.776783,4.736736,0.0,0.00819672131147541,0.2,96,85,118
262,0.9661016949152542,0.6610169491525424,0.7372881355932204,40.371014000000116,40.682390666666784,77.24464233333332,0.0,0.8421052631578947,0.8985507246376812,114,78,87,0.7288135593220338,0.7627118644067796,0.8983050847457628,3.288097,5.031818,23.924341238095238,0.0,0.0,0.0,43,45,53,0.7804878048780488,0.6991869918699187,0.959349593495935,0.669613,0.789014,4.718921,0.0,0.0,0.17391304347826086,96,86,118
263,0.940677966101695,0.652542372881356,0.7372881355932204,42.7342016666668,40.37270166666678,78.43155399999999,0.0,0.8205128205128205,0.9682539682539683,111,77,87,0.7288135593220338,0.7627118644067796,0.8813559322033898,3.294483,4.851714000000001,24.1001442987013,0.0,0.0,0.0,43,45,52,0.7723577235772358,0.7154471544715447,0.959349593495935,0.681542,0.815049,4.76704,0.0,0.0,0.16666666666666666,95,88,118
264,0.923728813559322,0.652542372881356,0.7457627118644068,42.361236333333466,42.701713000000126,76.13355999999999,0.0,0.7727272727272727,0.8840579710144928,109,77,88,0.7288135593220338,0.7627118644067796,0.8983050847457628,3.454828,4.759224111111112,23.789963571428572,0.0,0.0,0.0,43,45,53,0.7642276422764228,0.6991869918699187,0.9512195121951219,0.663866,0.767434,4.781918,0.0,0.008,0.17391304347826086,94,86,117
265,0.9576271186440678,0.6864406779661016,0.7457627118644068,40.54746466666679,41.27033700000012,75.30022666666666,0.0,0.8243243243243243,0.9365079365079365,113,81,88,0.7457627118644068,0.8135593220338984,0.8983050847457628,3.425214,4.9098576507936516,24.12310757142857,0.0,0.0,0.0,44,48,53,0.7642276422764228,0.6991869918699187,0.9512195121951219,0.698241,0.809827,4.796809,0.0,0.008264462809917356,0.18181818181818182,94,86,117
266,0.9322033898305084,0.6610169491525424,0.7542372881355932,46.20036733333345,44.4781106666668,75.78977166666664,0.0,0.8732394366197183,0.95,110,78,89,0.7457627118644068,0.7457627118644068,0.8983050847457628,3.646735,5.025722571428571,24.165903844155846,0.0,0.0,0.0,44,44,53,0.7723577235772358,0.7154471544715447,0.967479674796748,0.721161,0.792385,4.848189,0.0,0.016129032258064516,0.14814814814814814,95,88,119
267,0.9745762711864406,0.6694915254237288,0.7542372881355932,47.271402666666795,44.13340033333345,76.59187966666664,0.0,0.7654320987654321,0.9491525423728814,115,79,89,0.7457627118644068,0.7457627118644068,0.8813559322033898,3.946544,5.503158460317461,24.24322057142857,0.0,0.0,0.0,44,44,52,0.7723577235772358,0.7073170731707317,0.967479674796748,0.70688,0.860944,4.869954,0.0,0.008064516129032258,0.13793103448275862,95,87,119
268,0.9576271186440678,0.6694915254237288,0.7288135593220338,44.4255626666668,46.90175066666679,76.21283333333331,0.0,0.8227848101265823,0.9322033898305084,113,79,86,0.7457627118644068,0.7627118644067796,0.9152542372881356,3.704812,5.14026,23.98220457142857,0.0,0.0,0.0,44,45,54,0.7723577235772358,0.7154471544715447,0.967479674796748,0.716497,0.854583,4.859491,0.0,0.008,0.14814814814814814,95,88,119
269,0.9322033898305084,0.711864406779661,0.7457627118644068,44.31195366666679,44.712618666666785,78.38355999999999,0.0,0.7804878048780488,0.8387096774193549,110,84,88,0.7457627118644068,0.711864406779661,0.9152542372881356,3.416806,5.558087460317461,24.13127457142857,0.0,0.0,0.0,44,42,54,0.7804878048780488,0.6991869918699187,0.959349593495935,0.696341,0.830345,4.864288,0.0,0.0,0.14814814814814814,96,86,118
270,0.9322033898305084,0.6610169491525424,0.7542372881355932,41.31320600000013,46.58353566666679,77.96689333333332,0.037037037037037035,0.921875,0.9473684210526315,110,78,89,0.7627118644067796,0.7288135593220338,0.8983050847457628,3.891914,5.284670111111112,24.181071207792208,0.0,0.0,0.0,45,43,53,0.7804878048780488,0.6991869918699187,0.959349593495935,0.697053,0.918577,4.856157,0.008064516129032258,0.008064516129032258,0.17857142857142858,96,86,118
271,0.9661016949152542,0.7033898305084746,0.7457627118644068,47.41596466666679,43.5649246666668,78.30022666666665,0.0,0.7590361445783133,0.9016393442622951,114,83,88,0.7796610169491526,0.7627118644067796,0.8983050847457628,3.759243,4.946715,24.28440057142857,0.0,0.0,0.0,46,45,53,0.7804878048780488,0.6991869918699187,0.9512195121951219,0.686804,0.868581,4.867518,0.0,0.0,0.17857142857142858,96,86,117
272,0.940677966101695,0.6864406779661016,0.7711864406779662,41.62905533333345,46.0368616666668,78.63440299999999,0.0,0.8235294117647058,0.9272727272727272,111,81,91,0.7627118644067796,0.7627118644067796,0.9152542372881356,3.577158,5.288931,24.242064207792207,0.0,0.0,0.0,45,45,54,0.7967479674796748,0.7154471544715447,0.9512195121951219,0.719998,0.823784,4.88239,0.0,0.0,0.14285714285714285,98,88,117
273,0.9915254237288136,0.711864406779661,0.7711864406779662,45.73347833333346,43.670528000000125,78.82989966666666,0.0,0.8082191780821918,0.8909090909090909,117,84,91,0.7457627118644068,0.711864406779661,0.8983050847457628,3.767355,4.603158222222222,24.296622207792208,0.0,0.0,0.0,44,42,53,0.7967479674796748,0.7317073170731707,0.943089430894309,0.673884,0.859439,4.904745,0.0,0.0,0.125,98,90,116
274,0.9745762711864406,0.6610169491525424,0.7711864406779662,43.360191666666786,42.832893000000134,78.88355999999997,0.0,0.8507462686567164,0.9259259259259259,115,78,91,0.7627118644067796,0.7627118644067796,0.9152542372881356,3.397201,5.59357288888889,24.687636935064933,0.0,0.0,0.0,45,45,54,0.7886178861788617,0.7317073170731707,0.9349593495934959,0.701316,0.929299,4.961974,0.0,0.0,0.13333333333333333,97,90,115
275,0.9491525423728814,0.6864406779661016,0.7542372881355932,44.79634400000012,44.43675900000013,79.63095566666665,0.0,0.7605633802816901,0.9615384615384616,112,81,89,0.7627118644067796,0.711864406779661,0.9322033898305084,3.281807,5.430328,24.333773238095237,0.0,0.0,0.0,45,42,55,0.8048780487804879,0.7317073170731707,0.926829268292683,0.655679,0.895804,4.950223,0.0,0.0,0.12903225806451613,99,90,114
276,0.940677966101695,0.7033898305084746,0.7542372881355932,43.05197933333346,45.00824900000012,81.38355999999999,0.0,0.7857142857142857,0.8771929824561403,111,83,89,0.7457627118644068,0.7627118644067796,0.9322033898305084,3.768234,5.269949,24.44714157142857,0.0,0.0,0.0,44,45,55,0.8048780487804879,0.7317073170731707,0.926829268292683,0.644715,0.9098,4.927103,0.0,0.0,0.12903225806451613,99,90,114
277,0.9745762711864406,0.6949152542372882,0.7542372881355932,43.48480500000013,44.70922633333346,80.78374099999999,0.0,0.835820895522388,0.9285714285714286,115,82,89,0.7457627118644068,0.7457627118644068,0.8813559322033898,3.746278,5.080314,24.509006207792208,0.0,0.0,0.0,44,44,52,0.8048780487804879,0.7398373983739838,0.9349593495934959,0.662325,0.894955,4.978092,0.0,0.0,0.13333333333333333,99,91,115
278,0.9576271186440678,0.6949152542372882,0.7457627118644068,48.596269000000134,45.75817100000013,80.16402499999998,0.0,0.8115942028985508,0.8771929824561403,113,82,88,0.7457627118644068,0.7288135593220338,0.8983050847457628,3.563212,5.053507,24.540580935064934,0.0,0.0,0.0,44,43,53,0.7967479674796748,0.7479674796747967,0.9186991869918699,0.65185,0.867359,5.023545,0.0,0.0,0.1111111111111111,98,92,113
279,0.940677966101695,0.6864406779661016,0.7627118644067796,48.96991633333346,43.58207600000013,79.85167533333333,0.0,0.7631578947368421,0.9074074074074074,111,81,90,0.7457627118644068,0.711864406779661,0.8983050847457628,3.777217,5.676405111111112,24.46077457142857,0.0,0.0,0.0,44,42,53,0.7886178861788617,0.7317073170731707,0.8943089430894309,0.672169,0.897086,5.004127,0.0,0.0,0.13513513513513514,97,90,110
280,0.923728813559322,0.711864406779661,0.7457627118644068,46.06368466666679,45.664248000000136,80.91123666666665,0.0,0.7638888888888888,0.9803921568627451,109,84,88,0.7457627118644068,0.711864406779661,0.8813559322033898,3.763056,5.545070777777778,24.39351057142857,0.0,0.0,0.0,44,42,52,0.7723577235772358,0.7154471544715447,0.9105691056910569,0.680193,0.857345,5.002703,0.008264462809917356,0.0,0.125,95,88,112
281,0.9576271186440678,0.7203389830508474,0.7542372881355932,45.38350366666679,41.98920300000012,80.16402499999998,0.0,0.7671232876712328,0.8947368421052632,113,85,89,0.7627118644067796,0.6949152542372882,0.8983050847457628,3.955032,5.477805,24.33149457142857,0.0,0.0,0.0,45,41,53,0.7560975609756098,0.7479674796747967,0.9105691056910569,0.720253,0.895414,5.065302,0.008264462809917356,0.0,0.1111111111111111,93,92,112
282,0.9322033898305084,0.7033898305084746,0.7288135593220338,48.41264700000013,41.677641333333455,80.40390999999998,0.0,0.782608695652174,0.9444444444444444,110,83,86,0.7288135593220338,0.6949152542372882,0.8305084745762712,3.527713,5.851448,24.46061257142857,0.0,0.0,0.0,43,41,49,0.7317073170731707,0.7479674796747967,0.8943089430894309,0.693225,0.869769,5.050861,0.0,0.008064516129032258,0.07692307692307693,90,92,110
283,0.940677966101695,0.6949152542372882,0.711864406779661,44.192678666666794,44.092553333333456,80.61402499999998,0.0,0.7666666666666667,0.8688524590163934,111,82,84,0.7288135593220338,0.7288135593220338,0.8305084745762712,3.845747,5.859352428571429,24.56679757142857,0.0,0.0,0.0,43,43,49,0.7317073170731707,0.7317073170731707,0.8780487804878049,0.663416,0.866587,5.105818,0.008403361344537815,0.008403361344537815,0.0625,90,90,108
284,0.9067796610169492,0.6864406779661016,0.711864406779661,46.33486233333346,41.445043333333466,79.66402499999998,0.0,0.746031746031746,0.9473684210526315,107,81,84,0.711864406779661,0.6440677966101694,0.8305084745762712,3.465669,5.82371788888889,24.35360557142857,0.0,0.0,0.0,42,38,49,0.7235772357723578,0.7398373983739838,0.8943089430894309,0.689767,0.839559,5.106843,0.0,0.016666666666666666,0.06451612903225806,89,91,110
285,0.9067796610169492,0.711864406779661,0.7203389830508474,46.867645333333456,41.55358400000013,80.54608266666666,0.0,0.7543859649122807,0.9642857142857143,107,84,85,0.6949152542372882,0.6779661016949152,0.8305084745762712,3.665233,5.503461,24.71349157142857,0.0,0.0,0.0,41,40,49,0.7235772357723578,0.7479674796747967,0.8780487804878049,0.700342,0.843868,5.152379,0.0,0.01652892561983471,0.06451612903225806,89,92,108
286,0.9067796610169492,0.711864406779661,0.711864406779661,43.53391500000013,43.604772333333464,81.91402499999998,0.0,0.7258064516129032,0.9464285714285714,107,84,84,0.6779661016949152,0.6610169491525424,0.8305084745762712,3.439636,5.315356,24.47721557142857,0.0,0.0,0.0,40,39,49,0.7398373983739838,0.7479674796747967,0.8780487804878049,0.692734,0.812784,5.160666,0.0,0.01652892561983471,0.058823529411764705,91,92,108
287,0.9067796610169492,0.6864406779661016,0.7203389830508474,45.386358666666794,42.65750266666677,80.53532033333333,0.0,0.8392857142857143,0.9285714285714286,107,81,85,0.6779661016949152,0.6440677966101694,0.8305084745762712,3.600897,5.584882222222222,24.783421571428573,0.0,0.0,0.0,40,38,49,0.7317073170731707,0.7479674796747967,0.8780487804878049,0.665028,0.838388,5.181924,0.0,0.01694915254237288,0.05555555555555555,90,92,108
288,0.923728813559322,0.7033898305084746,0.7203389830508474,50.005905333333466,44.262771666666794,80.64924633333332,0.0,0.7666666666666667,0.9122807017543859,109,83,85,0.6779661016949152,0.6779661016949152,0.847457627118644,3.380767,5.769277,24.585556571428572,0.0,0.0,0.0,40,40,50,0.7154471544715447,0.7398373983739838,0.8780487804878049,0.728395,0.781485,5.153917,0.0,0.01680672268907563,0.08108108108108109,88,91,108
289,0.8983050847457628,0.7203389830508474,0.7203389830508474,46.72698066666679,43.723862000000125,80.68847566666666,0.0,0.7014925373134329,0.9433962264150944,106,85,85,0.6779661016949152,0.6779661016949152,0.847457627118644,3.385456,5.681677,24.73508857142857,0.0,0.0,0.0,40,40,50,0.7073170731707317,0.7317073170731707,0.8780487804878049,0.69781,0.77831,5.186432,0.0,0.01694915254237288,0.10526315789473684,87,90,108
290,0.8983050847457628,0.7033898305084746,0.7203389830508474,50.02092466666679,44.86796766666679,80.66402499999998,0.0,0.7586206896551724,0.9433962264150944,106,83,85,0.6610169491525424,0.6610169491525424,0.847457627118644,3.508755,5.352046111111112,24.59364857142857,0.0,0.0,0.0,39,39,50,0.7073170731707317,0.7073170731707317,0.8780487804878049,0.746158,0.827956,5.18431,0.0,0.01694915254237288,0.10256410256410256,87,87,108
291,0.9067796610169492,0.7372881355932204,0.7203389830508474,49.77805700000012,45.413254666666795,82.27860666666666,0.0,0.75,0.9807692307692307,107,87,85,0.6610169491525424,0.6949152542372882,0.864406779661017,3.424478,5.712293,24.719445571428572,0.0,0.0,0.0,39,41,51,0.7073170731707317,0.7154471544715447,0.8617886178861789,0.730652,0.794227,5.180343,0.0,0.016666666666666666,0.1388888888888889,87,88,106
292,0.940677966101695,0.7288135593220338,0.6864406779661016,43.69042933333346,44.973172333333466,81.93236099999999,0.0,0.8461538461538461,0.9423076923076923,111,86,81,0.6610169491525424,0.6779661016949152,0.847457627118644,3.962096,5.514698,24.53581357142857,0.0,0.0,0.0,39,40,50,0.6991869918699187,0.7317073170731707,0.8699186991869918,0.690922,0.808125,5.197306,0.0,0.008264462809917356,0.10526315789473684,86,90,107
293,0.8728813559322034,0.7457627118644068,0.7288135593220338,47.2210286666668,44.009180333333454,82.05691933333333,0.05263157894736842,0.7407407407407407,0.8181818181818182,103,88,86,0.711864406779661,0.6949152542372882,0.847457627118644,3.806288,5.770727,24.767308571428572,0.0,0.0,0.0,42,41,50,0.6747967479674797,0.6747967479674797,0.8780487804878049,0.751169,0.786179,5.29471,0.0,0.01694915254237288,0.11764705882352941,83,83,108
294,0.847457627118644,0.7542372881355932,0.7203389830508474,46.20392400000013,45.36134800000012,83.269263,0.09523809523809523,0.6153846153846154,0.8780487804878049,100,89,85,0.711864406779661,0.6610169491525424,0.8305084745762712,3.760548,5.276491,24.68258757142857,0.0,0.0,0.0,42,39,49,0.6747967479674797,0.6585365853658537,0.8455284552845529,0.733234,0.755602,5.308585,0.0,0.02654867256637168,0.11764705882352941,83,81,104
295,0.8220338983050848,0.711864406779661,0.7203389830508474,48.99989200000012,43.688631333333454,82.604681,0.0,0.6666666666666666,0.972972972972973,97,84,85,0.711864406779661,0.6610169491525424,0.8305084745762712,3.911582,5.140029,24.65984557142857,0.0,0.0,0.0,42,39,49,0.6666666666666666,0.6585365853658537,0.8536585365853658,0.734106,0.78682,5.34118,0.0,0.034782608695652174,0.11428571428571428,82,81,105
296,0.8728813559322034,0.7542372881355932,0.7203389830508474,48.29799033333347,46.4926186666668,82.63611066666665,0.0,0.5833333333333334,0.9487179487179487,103,89,85,0.6610169491525424,0.6610169491525424,0.8305084745762712,3.945986,5.636958,24.492283571428572,0.0,0.0,0.0,39,39,49,0.6910569105691057,0.6747967479674797,0.8617886178861789,0.732,0.758674,5.349046,0.0,0.05,0.13513513513513514,85,83,106
297,0.8728813559322034,0.7288135593220338,0.7033898305084746,45.88576233333346,42.420764000000126,83.27536433333333,0.16666666666666666,0.7837837837837838,0.9210526315789473,103,86,83,0.6610169491525424,0.6779661016949152,0.8135593220338984,3.853468,5.444173,24.67841657142857,0.0,0.0,0.0,39,40,48,0.6747967479674797,0.6666666666666666,0.8617886178861789,0.719706,0.805265,5.357376,0.0,0.05785123966942149,0.11428571428571428,83,82,106
298,0.8135593220338984,0.7457627118644068,0.7033898305084746,45.906483000000144,42.783214333333454,83.09955066666666,0.10714285714285714,0.6511627906976745,0.9166666666666666,96,88,83,0.6610169491525424,0.711864406779661,0.7966101694915254,3.890431,5.49214088888889,24.681189571428572,0.0,0.0,0.0,39,42,47,0.6829268292682927,0.6585365853658537,0.8617886178861789,0.657751,0.771837,5.389553,0.0,0.03305785123966942,0.16216216216216217,84,81,106
299,0.8389830508474576,0.7288135593220338,0.7033898305084746,46.194753000000134,44.37100866666679,82.68313633333332,0.0,0.7222222222222222,0.9142857142857143,99,86,83,0.6779661016949152,0.6949152542372882,0.7796610169491526,3.759407,5.427564,24.83477657142857,0.0,0.0,0.0,40,41,46,0.6991869918699187,0.6747967479674797,0.8536585365853658,0.714162,0.757377,5.396442,0.0,0.03361344537815126,0.17142857142857143,86,83,105
300,0.8220338983050848,0.7372881355932204,0.711864406779661,46.750181666666805,44.24378333333347,81.43592966666665,0.0625,0.7045454545454546,0.8372093023255814,97,87,84,0.6779661016949152,0.6779661016949152,0.7796610169491526,3.823135,5.133455,24.84873557142857,0.0,0.0,0.0,40,40,46,0.6991869918699187,0.6666666666666666,0.8699186991869918,0.673136,0.77263,5.425924,0.0,0.03389830508474576,0.16216216216216217,86,82,107
301,0.8389830508474576,0.7372881355932204,0.7033898305084746,48.331071333333476,43.961876666666804,82.65530899999999,0.0,0.7567567567567568,0.9230769230769231,99,87,83,0.6779661016949152,0.6610169491525424,0.7796610169491526,4.284789,5.249992,24.884857571428572,0.0,0.0,0.0,40,39,46,0.6910569105691057,0.6666666666666666,0.8617886178861789,0.677101,0.767749,5.428321,0.008695652173913044,0.05,0.20588235294117646,85,82,106
302,0.8135593220338984,0.7033898305084746,0.7033898305084746,46.83235433333348,44.31740700000012,81.73133133333333,0.0,0.6595744680851063,0.9,96,83,83,0.6779661016949152,0.6610169491525424,0.7796610169491526,4.111202,4.753869,24.897575571428572,0.0,0.0,0.0,40,39,46,0.7073170731707317,0.6829268292682927,0.8617886178861789,0.660621,0.780066,5.418549,0.0,0.041666666666666664,0.21621621621621623,87,84,106
303,0.8135593220338984,0.7372881355932204,0.711864406779661,44.94210133333346,43.05649800000012,81.16396766666665,0.05,0.6458333333333334,0.8604651162790697,96,87,84,0.6949152542372882,0.7288135593220338,0.7627118644067796,3.68047,5.2679,24.893148571428572,0.0,0.0,0.0,41,43,45,0.7154471544715447,0.6991869918699187,0.8617886178861789,0.66732,0.805039,5.444442,0.0,0.008547008547008548,0.21621621621621623,88,86,106
304,0.8305084745762712,0.7457627118644068,0.711864406779661,46.842890666666804,41.46060533333346,81.85259633333332,0.0,0.7073170731707317,0.875,98,88,84,0.6949152542372882,0.6779661016949152,0.7796610169491526,3.705771,5.125563,24.87918657142857,0.0,0.0,0.0,41,40,46,0.7154471544715447,0.6829268292682927,0.8699186991869918,0.685853,0.8275,5.449115,0.008620689655172414,0.0,0.22857142857142856,88,84,107
305,0.8305084745762712,0.7372881355932204,0.7033898305084746,45.60711000000013,40.40319833333347,81.85259633333332,0.0,0.7631578947368421,0.9459459459459459,98,87,83,0.6949152542372882,0.6949152542372882,0.7796610169491526,3.842433,5.374857,24.783545571428572,0.0,0.0,0.0,41,41,46,0.7073170731707317,0.6910569105691057,0.8699186991869918,0.691462,0.813571,5.451081,0.017094017094017096,0.0,0.2222222222222222,87,85,107
306,0.8389830508474576,0.7372881355932204,0.6949152542372882,46.97046666666681,42.21893533333346,82.04995033333333,0.0,0.7567567567567568,0.9473684210526315,99,87,82,0.6949152542372882,0.6610169491525424,0.7796610169491526,3.624717,5.4441221111111116,24.85729957142857,0.0,0.0,0.0,41,39,46,0.7073170731707317,0.6991869918699187,0.8699186991869918,0.682698,0.760513,5.4347,0.0,0.008333333333333333,0.21621621621621623,87,86,107
307,0.8559322033898306,0.6864406779661016,0.7033898305084746,45.2826206666668,43.46070433333346,81.54475533333333,0.06666666666666667,0.7,0.9047619047619048,101,81,83,0.6779661016949152,0.6949152542372882,0.7966101694915254,3.527358,5.625099,24.79335457142857,0.0,0.0,0.0,40,41,47,0.6991869918699187,0.6991869918699187,0.8617886178861789,0.686176,0.784139,5.462751,0.008547008547008548,0.0,0.2727272727272727,86,86,106
308,0.8305084745762712,0.7203389830508474,0.711864406779661,48.49198700000013,41.443272333333454,82.13175266666666,0.08333333333333333,0.5925925925925926,0.9047619047619048,98,85,84,0.6949152542372882,0.6949152542372882,0.7796610169491526,3.692466,5.665146,24.74649057142857,0.0,0.0,0.0,41,41,46,0.6829268292682927,0.6910569105691057,0.8536585365853658,0.691654,0.758777,5.46918,0.0,0.0,0.22857142857142856,84,85,105
309,0.8305084745762712,0.7372881355932204,0.7203389830508474,45.841009000000135,42.25501800000013,82.08070766666665,0.0,0.6956521739130435,0.95,98,87,85,0.6949152542372882,0.6610169491525424,0.7966101694915254,4.275075,5.325507111111112,24.78507157142857,0.0,0.0,0.0,41,39,47,0.6747967479674797,0.6829268292682927,0.8536585365853658,0.712271,0.812421,5.490814,0.0,0.0,0.21621621621621623,83,84,105
310,0.864406779661017,0.7288135593220338,0.6949152542372882,46.23389900000014,43.355741333333455,81.88085999999998,0.0,0.6530612244897959,0.9285714285714286,102,86,82,0.7288135593220338,0.6949152542372882,0.7796610169491526,4.364525,5.512904,24.96965457142857,0.0,0.0,0.0,43,41,46,0.6910569105691057,0.6829268292682927,0.8617886178861789,0.729396,0.787161,5.526614,0.0,0.0,0.21621621621621623,85,84,106
311,0.8389830508474576,0.7457627118644068,0.711864406779661,44.7715156666668,42.235485000000125,81.51926299999998,0.0,0.7948717948717948,0.8444444444444444,99,88,84,0.6949152542372882,0.6271186440677966,0.7627118644067796,3.8067,5.308194,24.87444257142857,0.0,0.0,0.0,41,37,45,0.6910569105691057,0.6747967479674797,0.8699186991869918,0.694714,0.841633,5.530982,0.0,0.0,0.24242424242424243,85,83,107
312,0.8389830508474576,0.7203389830508474,0.711864406779661,45.25467733333346,41.19890300000013,81.35259633333332,0.05263157894736842,0.7045454545454546,1.0,99,85,84,0.6779661016949152,0.6101694915254238,0.7627118644067796,3.923637,5.318913111111112,25.34947957142857,0.0,0.0,0.0,40,36,45,0.7154471544715447,0.6747967479674797,0.8699186991869918,0.68581,0.785374,5.55072,0.0,0.0,0.24242424242424243,88,83,107
313,0.8728813559322034,0.7457627118644068,0.7033898305084746,44.01550466666681,41.857175333333466,81.59778933333332,0.0,0.7045454545454546,0.95,103,88,83,0.6610169491525424,0.6440677966101694,0.7627118644067796,3.750904,5.220071222222223,25.17913557142857,0.0,0.0,0.0,39,38,45,0.6991869918699187,0.6910569105691057,0.8699186991869918,0.661188,0.832867,5.558561,0.0,0.0,0.24242424242424243,86,85,107
314,0.8220338983050848,0.7033898305084746,0.7033898305084746,47.778921000000125,44.38487366666681,82.01926299999998,0.0,0.7021276595744681,0.8863636363636364,97,83,83,0.6779661016949152,0.6779661016949152,0.7627118644067796,3.857377,5.32454988888889,25.095067571428572,0.0,0.0,0.0,40,40,45,0.7154471544715447,0.6991869918699187,0.8699186991869918,0.665427,0.806505,5.567826,0.0,0.01694915254237288,0.25,88,86,107
315,0.864406779661017,0.7203389830508474,0.7033898305084746,47.32309233333348,43.46477666666681,81.07023166666666,0.0,0.7272727272727273,0.975609756097561,102,85,83,0.6779661016949152,0.6271186440677966,0.7457627118644068,3.8712205714285712,5.568270428571429,25.28354657142857,0.0,0.0,0.0,40,37,44,0.7073170731707317,0.6829268292682927,0.8699186991869918,0.740098,0.814953,5.538492,0.0,0.0,0.25,87,84,107
316,0.8559322033898306,0.7372881355932204,0.7203389830508474,47.58799133333346,42.70902566666679,81.65002866666666,0.0,0.6904761904761905,0.8863636363636364,101,87,85,0.6949152542372882,0.6440677966101694,0.7627118644067796,3.758371,5.415422111111112,25.287416571428572,0.0,0.0,0.0,41,38,45,0.6991869918699187,0.6829268292682927,0.8699186991869918,0.71847,0.810919,5.591933,0.0,0.0,0.25806451612903225,86,84,107
317,0.864406779661017,0.7288135593220338,0.7203389830508474,48.68808900000013,43.00014000000013,81.93592966666665,0.0,0.6274509803921569,0.95,102,86,85,0.6779661016949152,0.6779661016949152,0.7627118644067796,3.788865,5.261461428571429,25.336178571428572,0.0,0.0,0.0,40,40,45,0.6910569105691057,0.6910569105691057,0.8699186991869918,0.741639,0.813386,5.577673,0.0,0.0,0.24242424242424243,85,85,107
318,0.847457627118644,0.7203389830508474,0.7203389830508474,47.50622300000014,41.215394666666796,81.86995266666666,0.0,0.7111111111111111,1.0,100,85,85,0.6779661016949152,0.6101694915254238,0.7627118644067796,3.7300255714285715,5.267625000000001,25.432057571428572,0.0,0.0,0.0,40,36,45,0.7073170731707317,0.6910569105691057,0.8617886178861789,0.660284,0.792871,5.557216,0.0,0.0,0.2857142857142857,87,85,106
319,0.8389830508474576,0.7288135593220338,0.711864406779661,45.98498533333347,43.9902106666668,82.87534333333333,0.07142857142857142,0.7272727272727273,0.8636363636363636,99,86,84,0.6779661016949152,0.6440677966101694,0.7627118644067796,4.061579428571429,5.08279988888889,25.49674357142857,0.0,0.0,0.0,40,38,45,0.7154471544715447,0.6747967479674797,0.8617886178861789,0.695342,0.792006,5.568894,0.0,0.0,0.30303030303030304,88,83,106
320,0.8220338983050848,0.7288135593220338,0.7288135593220338,46.203615666666806,43.256473000000135,82.43592966666665,0.0,0.7948717948717948,0.9,97,86,86,0.6610169491525424,0.6440677966101694,0.7457627118644068,3.87618,4.830970000000001,25.297103571428572,0.0,0.0,0.0,39,38,44,0.7073170731707317,0.6747967479674797,0.8780487804878049,0.688318,0.77074,5.566552,0.0,0.0,0.2777777777777778,87,83,108
321,0.864406779661017,0.7203389830508474,0.7288135593220338,46.454775333333465,43.24239400000013,82.20926066666665,0.038461538461538464,0.7111111111111111,1.0,102,85,86,0.6610169491525424,0.6440677966101694,0.7796610169491526,4.032082428571429,5.067305000000001,25.52318257142857,0.0,0.0,0.0,39,38,46,0.7073170731707317,0.6666666666666666,0.8699186991869918,0.607136,0.759763,5.582991,0.0,0.0,0.3125,87,82,107
322,0.8728813559322034,0.7372881355932204,0.7288135593220338,43.3879396666668,43.47169000000014,81.49315766666666,0.13636363636363635,0.673469387755102,0.9473684210526315,103,87,86,0.6610169491525424,0.6610169491525424,0.7796610169491526,3.1705434285714285,5.227874000000001,25.73788557142857,0.0,0.0,0.0,39,39,46,0.7073170731707317,0.6666666666666666,0.8617886178861789,0.673168,0.73467,5.542888,0.0,0.0,0.2777777777777778,87,82,106
323,0.864406779661017,0.6949152542372882,0.7203389830508474,45.0786336666668,43.0323056666668,81.01926299999998,0.06666666666666667,0.7209302325581395,0.8780487804878049,102,82,85,0.6440677966101694,0.6779661016949152,0.7966101694915254,3.5119135714285714,5.41153188888889,25.640546571428573,0.0,0.0,0.0,38,40,47,0.7073170731707317,0.6585365853658537,0.8617886178861789,0.655358,0.765931,5.59066,0.0,0.0,0.29411764705882354,87,81,106
324,0.8389830508474576,0.7372881355932204,0.711864406779661,46.101878000000134,44.059675000000134,82.30259633333333,0.10526315789473684,0.6226415094339622,1.0,99,87,84,0.6440677966101694,0.6610169491525424,0.7796610169491526,3.546154,5.199122000000001,25.694782571428572,0.0,0.0,0.0,38,39,46,0.7073170731707317,0.6504065040650406,0.8617886178861789,0.683142,0.841398,5.570081,0.0,0.0,0.29411764705882354,87,80,106
325,0.8813559322033898,0.7372881355932204,0.7203389830508474,45.6655506666668,43.1368326666668,82.18592966666665,0.05,0.7209302325581395,0.972972972972973,104,87,85,0.6271186440677966,0.6949152542372882,0.7966101694915254,3.513957,5.073794428571429,25.61968757142857,0.0,0.0,0.0,37,41,47,0.6991869918699187,0.6504065040650406,0.8617886178861789,0.717013,0.824084,5.564009,0.0,0.0,0.2702702702702703,86,80,106
326,0.8728813559322034,0.7372881355932204,0.7203389830508474,45.40003566666681,43.212898666666796,81.38592966666667,0.0,0.7,0.9473684210526315,103,87,85,0.6101694915254238,0.6610169491525424,0.8135593220338984,3.481587,5.234654000000001,25.63321157142857,0.0,0.0,0.0,36,39,48,0.7235772357723578,0.6422764227642277,0.8699186991869918,0.665774,0.812834,5.553176,0.0,0.0,0.2777777777777778,89,79,107
327,0.847457627118644,0.711864406779661,0.7033898305084746,46.74446333333348,44.243098666666796,82.15746,0.0,0.7631578947368421,0.9736842105263158,100,84,83,0.5932203389830508,0.6610169491525424,0.8135593220338984,3.409341,5.1983695714285725,26.17350857142857,0.0,0.0,0.0,35,39,48,0.7154471544715447,0.6341463414634146,0.8699186991869918,0.67611,0.779584,5.559986,0.0,0.0,0.3076923076923077,88,78,107
328,0.8559322033898306,0.7203389830508474,0.7203389830508474,44.68788100000015,43.68942700000014,81.50259633333333,0.0,0.7804878048780488,0.8571428571428571,101,85,85,0.5932203389830508,0.6440677966101694,0.7966101694915254,3.851921,5.297113000000001,26.51618657142857,0.0,0.0,0.0,35,38,47,0.6991869918699187,0.6341463414634146,0.8617886178861789,0.728378,0.794264,5.560826,0.0,0.008547008547008548,0.3,86,78,106
329,0.8559322033898306,0.7203389830508474,0.711864406779661,42.60467466666681,42.77956366666679,81.58592966666667,0.0,0.6666666666666666,0.9230769230769231,101,85,84,0.5932203389830508,0.6271186440677966,0.8135593220338984,3.846512,5.302821000000001,26.28517457142857,0.0,0.0,0.0,35,37,48,0.6991869918699187,0.6341463414634146,0.8373983739837398,0.745659,0.758648,5.551117,0.0,0.0,0.3333333333333333,86,78,103
330,0.8220338983050848,0.7033898305084746,0.7203389830508474,46.33776200000014,44.28957100000013,81.272118,0.0,0.918918918918919,0.9,97,83,85,0.5932203389830508,0.6440677966101694,0.7966101694915254,4.000874,5.379464000000001,26.44834457142857,0.0,0.0,0.0,35,38,47,0.6991869918699187,0.6260162601626016,0.8292682926829268,0.725806,0.768618,5.563029,0.0,0.0,0.2926829268292683,86,77,102
331,0.864406779661017,0.7033898305084746,0.7288135593220338,43.387144333333474,44.05500633333348,81.55259633333333,0.08695652173913043,0.8043478260869565,0.9473684210526315,102,83,86,0.6101694915254238,0.6779661016949152,0.7966101694915254,3.955099,5.322666000000001,26.41820657142857,0.0,0.0,0.0,36,40,47,0.6991869918699187,0.6341463414634146,0.8617886178861789,0.719743,0.748928,5.57424,0.008547008547008548,0.008695652173913044,0.28205128205128205,86,78,106
332,0.847457627118644,0.6779661016949152,0.7033898305084746,42.204900333333484,43.082756666666796,82.04592966666667,0.1111111111111111,0.6271186440677966,1.0,100,80,83,0.5932203389830508,0.6779661016949152,0.7966101694915254,3.862635,5.52427088888889,26.250591571428572,0.0,0.0,0.0,35,40,47,0.6910569105691057,0.6504065040650406,0.8536585365853658,0.711911,0.781343,5.599516,0.008771929824561403,0.0,0.3225806451612903,85,80,105
333,0.8305084745762712,0.6949152542372882,0.711864406779661,42.30143966666682,42.29007100000013,81.20435533333333,0.10526315789473684,0.851063829787234,0.9069767441860465,98,82,84,0.5932203389830508,0.6610169491525424,0.7966101694915254,4.183264,5.1285750000000005,26.243420571428572,0.0,0.0,0.0,35,39,47,0.7073170731707317,0.6585365853658537,0.8780487804878049,0.755938,0.771921,5.593513,0.008620689655172414,0.0,0.2857142857142857,87,81,108
334,0.847457627118644,0.6779661016949152,0.7033898305084746,42.60979266666681,43.91870233333348,81.99990166666667,0.08333333333333333,0.8,1.0,100,80,83,0.5932203389830508,0.6779661016949152,0.7966101694915254,3.624918,4.912779000000001,26.177343571428572,0.0,0.0,0.0,35,40,47,0.6910569105691057,0.6666666666666666,0.8780487804878049,0.706718,0.762134,5.587763,0.008928571428571428,0.0,0.24242424242424243,85,82,108
335,0.8305084745762712,0.6694915254237288,0.6949152542372882,44.270673666666816,45.27424900000013,81.78592966666668,0.09090909090909091,0.8148148148148148,0.9555555555555556,98,79,82,0.5932203389830508,0.6610169491525424,0.7966101694915254,3.494956,5.203422571428573,26.252606571428572,0.0,0.0,0.0,35,39,47,0.6991869918699187,0.6666666666666666,0.8861788617886179,0.700378,0.802711,5.593899,0.008620689655172414,0.017241379310344827,0.26666666666666666,86,82,109
336,0.8389830508474576,0.6271186440677966,0.6949152542372882,43.772845000000146,44.23085133333347,81.092358,0.13333333333333333,0.7580645161290323,0.9555555555555556,99,74,82,0.5932203389830508,0.6779661016949152,0.7966101694915254,3.795343,5.456978000000001,26.20662257142857,0.0,0.0,0.0,35,40,47,0.6910569105691057,0.6666666666666666,0.8861788617886179,0.741745,0.759366,5.592099,0.008928571428571428,0.008620689655172414,0.2727272727272727,85,82,109
337,0.8305084745762712,0.635593220338983,0.6779661016949152,43.81127466666682,43.818895333333465,81.923383,0.1875,0.8095238095238095,0.92,98,75,80,0.6101694915254238,0.6949152542372882,0.7796610169491526,3.760906,5.339370571428573,26.12801257142857,0.0,0.0,0.0,36,41,46,0.6829268292682927,0.6585365853658537,0.8699186991869918,0.670047,0.794347,5.589797,0.017391304347826087,0.008620689655172414,0.3125,84,81,107
338,0.8559322033898306,0.635593220338983,0.6949152542372882,43.48365566666682,42.64141366666679,81.31092966666667,0.0,0.7536231884057971,0.8823529411764706,101,75,82,0.6271186440677966,0.711864406779661,0.7627118644067796,3.583545,5.617923000000001,26.37380957142857,0.0,0.0,0.0,37,42,45,0.6910569105691057,0.6666666666666666,0.8617886178861789,0.714061,0.778066,5.604876,0.008771929824561403,0.008695652173913044,0.29411764705882354,85,82,106
339,0.847457627118644,0.6186440677966102,0.6864406779661016,44.84771366666681,43.667888000000126,80.91408766666667,0.0,0.8524590163934426,0.9411764705882353,100,73,81,0.6440677966101694,0.6949152542372882,0.7627118644067796,3.38339,5.343744000000001,26.42765157142857,0.0,0.0,0.0,38,41,45,0.6910569105691057,0.6666666666666666,0.8617886178861789,0.677501,0.765642,5.609297,0.008849557522123894,0.008695652173913044,0.29411764705882354,85,82,106
340,0.8220338983050848,0.6186440677966102,0.6779661016949152,44.94408100000015,41.3637586666668,81.01524666666667,0.0,0.8571428571428571,0.9615384615384616,97,73,80,0.6610169491525424,0.711864406779661,0.7627118644067796,3.628073,5.865883000000001,26.24343157142857,0.0,0.0,0.0,39,42,45,0.6991869918699187,0.6666666666666666,0.8617886178861789,0.70734,0.789781,5.599917,0.008849557522123894,0.008771929824561403,0.3225806451612903,86,82,106
341,0.8389830508474576,0.6016949152542372,0.6779661016949152,45.38398333333348,42.2583566666668,81.38191333333334,0.0,0.84375,0.9433962264150944,99,71,80,0.6610169491525424,0.6949152542372882,0.7627118644067796,3.412622,5.700235000000001,26.18729057142857,0.0,0.0,0.0,39,41,45,0.6991869918699187,0.6666666666666666,0.8699186991869918,0.700724,0.751608,5.607311,0.008695652173913044,0.008620689655172414,0.3333333333333333,86,82,107
342,0.847457627118644,0.6101694915254238,0.6864406779661016,44.96947666666682,43.4660556666668,80.79858,0.0,0.8484848484848485,0.9259259259259259,100,72,81,0.6949152542372882,0.6779661016949152,0.7627118644067796,3.430971,5.686846000000001,26.08999457142857,0.0,0.0,0.0,41,40,45,0.7073170731707317,0.6747967479674797,0.8617886178861789,0.722288,0.782734,5.614322,0.008620689655172414,0.017241379310344827,0.38461538461538464,87,83,106
343,0.8305084745762712,0.576271186440678,0.6779661016949152,42.37918500000015,42.825864000000124,80.36689066666668,0.0,0.875,0.9615384615384616,98,68,80,0.6779661016949152,0.6779661016949152,0.7457627118644068,3.474172,5.585923000000001,26.397126571428572,0.0,0.0,0.0,40,40,44,0.7154471544715447,0.6747967479674797,0.8617886178861789,0.702072,0.777794,5.629285,0.008695652173913044,0.008620689655172414,0.38461538461538464,88,83,106
344,0.8559322033898306,0.576271186440678,0.6864406779661016,45.156441666666815,44.550684333333464,81.29524666666667,0.0,0.8076923076923077,0.9433962264150944,101,68,81,0.6779661016949152,0.6610169491525424,0.7627118644067796,3.648561,5.412580000000001,26.29608857142857,0.0,0.0,0.0,40,39,45,0.7073170731707317,0.6666666666666666,0.8536585365853658,0.688732,0.753803,5.622405,0.008771929824561403,0.008695652173913044,0.37037037037037035,87,82,105
345,0.8135593220338984,0.2542372881355932,0.3898305084745763,43.035708000000156,31.799476666666724,40.18074800000001,0.0,0.835820895522388,0.9795918367346939,96,30,46,0.6610169491525424,0.2711864406779661,0.423728813559322,3.767814,3.647984,14.399683571428572,0.0,0.0,0.0,39,16,25,0.7073170731707317,0.3983739837398374,0.5284552845528455,0.675152,0.348656,3.170508,0.008695652173913044,0.00980392156862745,0.45454545454545453,87,49,65
346,0.847457627118644,0.2542372881355932,0.3898305084745763,43.449016666666815,30.547120333333392,39.90074800000001,0.0,0.918918918918919,0.9767441860465116,100,30,46,0.6779661016949152,0.288135593220339,0.3559322033898305,3.429524,3.171682,14.06898957142857,0.0,0.0,0.0,40,17,21,0.6747967479674797,0.3983739837398374,0.5365853658536586,0.661965,0.368755,3.162549,0.008928571428571428,0.016129032258064516,0.5,83,49,66
347,0.8389830508474576,0.2542372881355932,0.3305084745762712,44.8339913333335,31.698425333333393,40.18074800000001,0.0,0.918918918918919,0.9761904761904762,99,30,39,0.6440677966101694,0.3220338983050847,0.3728813559322034,3.644371,3.591778,14.216332571428572,0.0,0.0,0.0,38,19,22,0.6829268292682927,0.43089430894308944,0.4634146341463415,0.691777,0.394867,3.165937,0.008849557522123894,0.02702702702702703,0.5555555555555556,84,53,57
348,0.8389830508474576,0.23728813559322035,0.3389830508474576,45.82717033333348,32.117501666666726,40.880748000000004,0.0,0.875,0.9772727272727273,99,28,40,0.6271186440677966,0.3050847457627119,0.3728813559322034,3.673078,3.486504,14.209399571428571,0.0,0.07692307692307693,0.0,37,18,22,0.6829268292682927,0.4065040650406504,0.4878048780487805,0.697063,0.420201,3.157445,0.017699115044247787,0.12195121951219512,0.47619047619047616,84,50,60
349,0.847457627118644,0.2288135593220339,0.3305084745762712,44.15361133333349,31.96864833333339,40.60074800000001,0.0,0.972972972972973,0.9574468085106383,100,27,39,0.6440677966101694,0.3220338983050847,0.3559322033898305,3.609413,3.502521,14.07368957142857,0.0,0.07142857142857142,0.0,38,19,21,0.6991869918699187,0.3902439024390244,0.45528455284552843,0.736843,0.407778,3.166634,0.008547008547008548,0.13924050632911392,0.5454545454545454,86,48,56
350,0.864406779661017,0.2288135593220339,0.3305084745762712,43.227539000000164,30.80345600000006,40.880748000000004,0.0,0.926829268292683,0.9361702127659575,102,27,39,0.6440677966101694,0.2711864406779661,0.3898305084745763,3.611886,3.634513,14.329201571428571,0.0,0.07407407407407407,0.0,38,16,23,0.6991869918699187,0.35772357723577236,0.4634146341463415,0.764468,0.337972,3.142629,0.017699115044247787,0.2,0.631578947368421,86,44,57
351,0.847457627118644,0.211864406779661,0.3305084745762712,43.65259366666683,30.94302800000006,41.46408133333333,0.0,0.8478260869565217,0.9361702127659575,100,25,39,0.6440677966101694,0.3050847457627119,0.3728813559322034,3.830547,3.818946,14.214649571428572,0.0,0.07407407407407407,0.0,38,18,22,0.6747967479674797,0.34959349593495936,0.45528455284552843,0.749606,0.402524,3.16554,0.008849557522123894,0.3023255813953488,0.75,83,43,56
352,0.8135593220338984,0.211864406779661,0.3305084745762712,45.2867173333335,30.668234000000055,40.545568333333335,0.0,0.9318181818181818,1.0,96,25,39,0.6440677966101694,0.2711864406779661,0.423728813559322,3.652714,3.636561,14.30963557142857,0.0,0.08,0.15384615384615385,38,16,25,0.6910569105691057,0.34146341463414637,0.45528455284552843,0.762711,0.377667,3.157879,0.01694915254237288,0.36666666666666664,0.75,85,42,56
353,0.8389830508474576,0.211864406779661,0.3474576271186441,43.900687666666826,45.054210000000126,83.55930333333335,0.0,0.9183673469387755,0.9375,99,25,41,0.6440677966101694,0.6949152542372882,0.6779661016949152,3.567798,6.093782441558443,27.09653357142857,0.0,0.017543859649122806,0.06451612903225806,38,41,40,0.6829268292682927,0.4634146341463415,0.5365853658536586,0.781101,0.94452,5.594815,0.017543859649122806,0.32075471698113206,0.5833333333333334,84,57,66
354,0.8220338983050848,0.2457627118644068,0.3559322033898305,43.88226233333349,47.08230433333346,83.55930333333335,0.0,0.8857142857142857,0.9827586206896551,97,29,42,0.6271186440677966,0.6949152542372882,0.6779661016949152,3.667257,6.477856935064936,27.46443557142857,0.0,0.08108108108108109,0.14285714285714285,37,41,40,0.6829268292682927,0.5447154471544715,0.6260162601626016,0.834607,0.988023,5.620365,0.017241379310344827,0.2184873949579832,0.5348837209302325,84,67,77
355,0.8305084745762712,0.2457627118644068,0.3474576271186441,43.59127533333349,46.317890333333466,83.27930333333335,0.0,0.9885057471264368,1.0,98,29,41,0.6271186440677966,0.6440677966101694,0.7288135593220338,3.575383,6.440436935064936,27.40883057142857,0.0,0.05263157894736842,0.15384615384615385,37,38,43,0.6747967479674797,0.5934959349593496,0.6585365853658537,0.765053,0.981786,5.620772,0.017543859649122806,0.24806201550387597,0.7407407407407407,83,73,81
356,0.8220338983050848,0.3559322033898305,0.4406779661016949,42.90976133333349,44.0408256666668,83.27930333333335,0.047619047619047616,0.8561151079136691,0.9024390243902439,97,42,52,0.6101694915254238,0.6440677966101694,0.7457627118644068,3.033299,6.422399207792209,27.70163357142857,0.0,0.022222222222222223,0.3333333333333333,36,38,44,0.6910569105691057,0.6097560975609756,0.6666666666666666,0.839818,1.091012,5.622883,0.017094017094017096,0.29927007299270075,0.8833333333333333,85,75,82
357,0.8305084745762712,0.3898305084745763,0.4661016949152542,41.927159000000174,47.71446433333346,83.77930333333335,0.15384615384615385,0.9576271186440678,0.9693877551020408,98,46,55,0.6271186440677966,0.6610169491525424,0.711864406779661,3.159002,6.359357571428571,27.511578571428572,0.0,0.023255813953488372,0.375,37,39,42,0.6910569105691057,0.6016260162601627,0.6829268292682927,0.797028,1.152108,5.616248,0.017391304347826087,0.291044776119403,0.8852459016393442,85,74,84
358,0.8220338983050848,0.3898305084745763,0.4661016949152542,44.05286366666683,47.13983300000013,83.77930333333335,0.11764705882352941,0.9910714285714286,1.0,97,46,55,0.6271186440677966,0.6610169491525424,0.6949152542372882,3.46678,6.504123571428572,27.26836157142857,0.0,0.0,0.4,37,39,41,0.7073170731707317,0.5934959349593496,0.6829268292682927,0.845725,1.156378,5.597285,0.017391304347826087,0.2857142857142857,0.9285714285714286,87,73,84
359,0.864406779661017,0.3898305084745763,0.4576271186440678,43.79317166666683,45.60992266666679,83.77930333333336,0.11764705882352941,0.9642857142857143,1.0,102,46,54,0.6271186440677966,0.6271186440677966,0.711864406779661,3.586672,6.0498260966810955,27.45024957142857,0.0,0.0,0.42857142857142855,37,37,42,0.6991869918699187,0.5934959349593496,0.6829268292682927,0.781567,1.189744,5.613903,0.017543859649122806,0.2857142857142857,0.9811320754716981,86,73,84
360,0.8050847457627118,0.3898305084745763,0.4661016949152542,44.56166266666683,44.364343333333466,83.77930333333336,0.0625,0.904,0.9791666666666666,95,46,55,0.6101694915254238,0.6271186440677966,0.711864406779661,3.469984,5.92798248051948,27.876739571428573,0.0,0.0,0.46153846153846156,36,37,42,0.6991869918699187,0.6747967479674797,0.6910569105691057,0.78768,1.253195,5.633903,0.017543859649122806,0.2692307692307692,0.49673202614379086,86,83,85
361,0.8050847457627118,0.3898305084745763,0.4661016949152542,44.98227633333351,45.23386500000014,84.06667033333336,0.0,0.9230769230769231,1.0,95,46,55,0.576271186440678,0.711864406779661,0.7457627118644068,3.883541,6.392124870129869,27.68571957142857,0.0,0.0,0.375,34,42,44,0.6991869918699187,0.6504065040650406,0.6747967479674797,0.755729,1.322146,5.623903,0.017699115044247787,0.31297709923664124,0.9,86,80,83
362,0.8050847457627118,0.3898305084745763,0.4661016949152542,45.34978700000017,46.32316633333346,83.27930333333336,0.0,0.9557522123893806,0.9894736842105263,95,46,55,0.576271186440678,0.6779661016949152,0.7457627118644068,3.647167,6.00163546031746,28.190526460317457,0.0,0.0,0.42857142857142855,34,40,44,0.6991869918699187,0.6260162601626016,0.6666666666666666,0.803068,1.3593,5.638025,0.017543859649122806,0.2727272727272727,0.9,86,77,82
363,0.8220338983050848,0.3898305084745763,0.4661016949152542,42.53674466666683,47.47021833333347,83.27930333333336,0.045454545454545456,0.9732142857142857,1.0,97,46,55,0.5932203389830508,0.6610169491525424,0.7457627118644068,3.332489,6.347001571428571,28.04251546031746,0.0,0.0,0.4375,35,39,44,0.6910569105691057,0.5853658536585366,0.6666666666666666,0.826655,1.328595,5.633794,0.017391304347826087,0.2727272727272727,0.8852459016393442,85,72,82
364,0.8135593220338984,0.3813559322033898,0.4661016949152542,44.691641666666825,48.28619100000014,83.27930333333336,0.0625,0.9230769230769231,1.0,96,45,55,0.5932203389830508,0.6271186440677966,0.7457627118644068,3.256285,5.767635935064934,28.10108046031746,0.0,0.0,0.5,35,37,44,0.6747967479674797,0.5772357723577236,0.6747967479674797,0.745351,1.297932,5.637782,0.008928571428571428,0.26515151515151514,0.9,83,71,83
365,0.7966101694915254,0.3898305084745763,0.4661016949152542,42.53399166666683,47.20021133333346,83.27930333333336,0.11764705882352941,0.9401709401709402,1.0,94,46,55,0.576271186440678,0.5932203389830508,0.7457627118644068,3.18356,6.054978844155842,28.14514246031746,0.0,0.0,0.5,34,35,44,0.6666666666666666,0.5853658536585366,0.6747967479674797,0.724802,1.306529,5.641667,0.00909090909090909,0.25,0.9152542372881356,82,72,83
366,0.8135593220338984,0.4322033898305085,0.4830508474576271,45.31587900000016,45.800589000000116,84.83035400000001,0.08,0.9137931034482759,0.9797979797979798,96,51,57,0.576271186440678,0.6271186440677966,0.7457627118644068,3.379567,6.027511,27.996436460317458,0.0,0.0,0.47058823529411764,34,37,44,0.6747967479674797,0.6016260162601627,0.6910569105691057,0.820554,1.32082,5.621113,0.008849557522123894,0.2222222222222222,0.8813559322033898,83,74,85
367,0.847457627118644,0.4406779661016949,0.5,46.59715566666683,48.50369233333345,86.77930333333335,0.11764705882352941,0.9363636363636364,0.9702970297029703,100,52,59,0.576271186440678,0.6779661016949152,0.7288135593220338,3.479881,6.430289157287156,27.964750460317457,0.0,0.0,0.47058823529411764,34,40,43,0.6585365853658537,0.5934959349593496,0.6991869918699187,0.755903,1.371187,5.621113,0.008620689655172414,0.22962962962962963,0.9272727272727272,81,73,86
368,0.8305084745762712,0.4406779661016949,0.5,45.76558566666683,48.05726700000013,86.77930333333335,0.16666666666666666,0.963963963963964,1.0,98,52,59,0.559322033898305,0.6101694915254238,0.7288135593220338,3.615477,6.280927985569986,27.88481746031746,0.0,0.0,0.5,33,36,43,0.6747967479674797,0.5853658536585366,0.6991869918699187,0.777199,1.339928,5.621113,0.025210084033613446,0.24087591240875914,0.9454545454545454,83,72,86
369,0.8220338983050848,0.4322033898305085,0.5,44.3500053333335,49.72748266666681,86.99264733333334,0.14814814814814814,0.9292035398230089,0.9607843137254902,97,51,59,0.559322033898305,0.6101694915254238,0.7288135593220338,3.732714,6.187138096681096,27.96223746031746,0.0,0.0,0.5,33,36,43,0.6585365853658537,0.6016260162601627,0.6991869918699187,0.792257,1.325188,5.621113,0.008849557522123894,0.22627737226277372,0.9464285714285714,81,74,86
370,0.8389830508474576,0.4406779661016949,0.5,43.380511333333494,49.6493926666668,87.27930333333335,0.13636363636363635,0.9541284403669725,0.9702970297029703,99,52,59,0.559322033898305,0.6440677966101694,0.711864406779661,3.360806,6.224546571428571,27.884279460317458,0.0,0.0,0.5,33,38,42,0.6829268292682927,0.6097560975609756,0.6991869918699187,0.806357,1.423399,5.621113,0.017094017094017096,0.2196969696969697,0.9491525423728814,84,75,86
371,0.847457627118644,0.4406779661016949,0.5,45.471646333333496,48.13930033333347,87.27930333333335,0.045454545454545456,0.911504424778761,1.0,100,52,59,0.559322033898305,0.6101694915254238,0.711864406779661,3.69787,6.342701844155845,27.88383746031746,0.0,0.0,0.5,33,36,42,0.6829268292682927,0.5772357723577236,0.6910569105691057,0.753996,1.345398,5.644635,0.008620689655172414,0.2125984251968504,0.9473684210526315,84,71,85
372,0.847457627118644,0.4406779661016949,0.5,47.7244963333335,47.98052633333346,86.63331166666669,0.0,0.8888888888888888,0.9896907216494846,100,52,59,0.559322033898305,0.6271186440677966,0.7457627118644068,3.731403,6.351841025974026,27.977514460317458,0.0,0.0,0.47058823529411764,33,37,44,0.6991869918699187,0.5772357723577236,0.6910569105691057,0.818194,1.323728,5.644635,0.008620689655172414,0.20155038759689922,0.9,86,71,85
373,0.847457627118644,0.4322033898305085,0.5,43.71816733333349,48.66569300000013,86.65430333333335,0.0,0.9304347826086956,0.9320388349514563,100,51,59,0.559322033898305,0.6779661016949152,0.7457627118644068,3.687151,5.912017571428571,27.95658846031746,0.0,0.0,0.5,33,40,44,0.6991869918699187,0.5934959349593496,0.6991869918699187,0.785854,1.317285,5.666181,0.0,0.20454545454545456,0.9152542372881356,86,73,86
374,0.8559322033898306,0.4406779661016949,0.5,45.593707333333505,47.39236433333346,86.96647966666669,0.0,0.956140350877193,1.0,101,52,59,0.576271186440678,0.6610169491525424,0.7457627118644068,3.514771,5.961727274170274,27.94969146031746,0.0,0.022727272727272728,0.5333333333333333,34,39,44,0.6991869918699187,0.5934959349593496,0.6991869918699187,0.766996,1.329774,5.666181,0.008547008547008548,0.20454545454545456,0.9491525423728814,86,73,86
375,0.8389830508474576,0.4406779661016949,0.5,44.29410600000016,47.81602500000012,86.69597000000002,0.06666666666666667,0.9642857142857143,0.9514563106796117,99,52,59,0.559322033898305,0.6610169491525424,0.7457627118644068,3.989901,6.0936356825396825,28.00493346031746,0.0,0.07692307692307693,0.5333333333333333,33,39,44,0.6910569105691057,0.5772357723577236,0.6991869918699187,0.778152,1.289359,5.666181,0.0,0.23741007194244604,0.95,85,71,86
376,0.864406779661017,0.423728813559322,0.5,45.60140566666683,46.014081333333465,86.77930333333335,0.125,0.9642857142857143,0.98989898989899,102,50,59,0.5423728813559322,0.6271186440677966,0.6949152542372882,4.227888,6.225004298701299,28.06735046031746,0.0,0.02127659574468085,0.5333333333333333,32,37,41,0.6666666666666666,0.5528455284552846,0.6991869918699187,0.763251,1.272221,5.666181,0.008695652173913044,0.2076923076923077,0.9310344827586207,82,68,86
377,0.8559322033898306,0.4152542372881356,0.5,47.99553500000017,45.03181800000013,86.08952833333335,0.0,0.8916666666666667,0.9702970297029703,101,49,59,0.5423728813559322,0.5423728813559322,0.6779661016949152,3.83416,6.233692571428571,28.071191460317458,0.0,0.0,0.5714285714285714,32,32,40,0.6504065040650406,0.5691056910569106,0.6910569105691057,0.763956,1.164921,5.676181,0.0,0.208955223880597,0.9285714285714286,80,70,85
378,0.8389830508474576,0.423728813559322,0.5,47.37696966666685,46.58296433333346,86.69597000000002,0.0,0.9537037037037037,0.9702970297029703,99,50,59,0.5423728813559322,0.5932203389830508,0.6779661016949152,4.011171,6.295980415584416,28.07261246031746,0.0,0.0,0.5333333333333333,32,35,40,0.6504065040650406,0.6178861788617886,0.6910569105691057,0.734172,1.142702,5.676181,0.0,0.18461538461538463,0.9310344827586207,80,76,85
379,0.8559322033898306,0.423728813559322,0.5,46.339454000000174,46.51203166666679,87.21787466666669,0.0,0.9210526315789473,1.0,101,50,59,0.559322033898305,0.6101694915254238,0.6779661016949152,4.172612,6.859184539682541,28.08427146031746,0.0,0.041666666666666664,0.5333333333333333,33,36,40,0.6585365853658537,0.6504065040650406,0.6910569105691057,0.742677,1.224154,5.676181,0.0,0.21641791044776118,0.9310344827586207,81,80,85
380,0.8559322033898306,0.423728813559322,0.4915254237288136,48.84949966666684,48.47523066666679,86.53545033333334,0.0,0.9459459459459459,0.9803921568627451,101,50,58,0.576271186440678,0.6271186440677966,0.6949152542372882,4.116984,6.085576571428571,27.96875446031746,0.0,0.0625,0.4666666666666667,34,37,41,0.6666666666666666,0.6666666666666666,0.6991869918699187,0.756477,1.127405,5.686181,0.0,0.18181818181818182,0.9152542372881356,82,82,86
381,0.864406779661017,0.423728813559322,0.5084745762711864,48.706953666666834,47.361705000000136,86.73734866666669,0.17647058823529413,0.9478260869565217,0.9711538461538461,102,50,60,0.559322033898305,0.6271186440677966,0.6949152542372882,4.230962,5.885774460317461,28.02066546031746,0.0,0.021739130434782608,0.46153846153846156,33,37,41,0.6666666666666666,0.6910569105691057,0.7073170731707317,0.741545,1.10104,5.686994,0.0,0.17424242424242425,0.8813559322033898,82,85,87
382,0.8728813559322034,0.4152542372881356,0.5084745762711864,45.43400066666684,48.02630466666679,86.09614666666668,0.125,0.9478260869565217,0.9902912621359223,103,49,60,0.559322033898305,0.576271186440678,0.6949152542372882,3.6985905714285714,6.033702844155845,28.07235546031746,0.0,0.044444444444444446,0.46153846153846156,33,34,41,0.6747967479674797,0.6991869918699187,0.7073170731707317,0.763208,1.0713,5.687586,0.0,0.17557251908396945,0.9090909090909091,83,86,87
383,0.8559322033898306,0.423728813559322,0.5084745762711864,47.478250666666845,47.08394566666681,86.71787466666669,0.0,0.9256198347107438,0.9615384615384616,101,50,60,0.576271186440678,0.6949152542372882,0.711864406779661,3.704176,5.967394142857144,28.07228546031746,0.0,0.0,0.5,34,41,42,0.6666666666666666,0.6991869918699187,0.7073170731707317,0.757767,1.041706,5.689484,0.0,0.2074074074074074,0.9122807017543859,82,86,87
384,0.8813559322033898,0.423728813559322,0.5,47.90295400000017,48.57676733333348,85.84287466666669,0.041666666666666664,0.9435483870967742,0.9900990099009901,104,50,59,0.559322033898305,0.711864406779661,0.711864406779661,3.870886,6.202773823953824,28.07228546031746,0.0,0.0,0.6,33,42,42,0.6829268292682927,0.7317073170731707,0.7073170731707317,0.713844,1.048472,5.689557,0.008620689655172414,0.1865671641791045,0.9137931034482759,84,90,87
385,0.847457627118644,0.4152542372881356,0.5084745762711864,47.304016000000175,49.38509266666681,86.54928666666669,0.0,0.9565217391304348,0.9900990099009901,100,49,60,0.559322033898305,0.6949152542372882,0.711864406779661,3.535458,6.462367935064935,28.19997846031746,0.0,0.0,0.6,33,41,42,0.6829268292682927,0.7479674796747967,0.7073170731707317,0.688637,1.077338,5.684191,0.0,0.22058823529411764,0.9152542372881356,84,92,87
386,0.8728813559322034,0.423728813559322,0.5084745762711864,45.76326200000017,46.30712133333347,86.71787466666669,0.05555555555555555,0.92,0.9803921568627451,103,50,60,0.576271186440678,0.6271186440677966,0.711864406779661,3.614291,6.252167636363637,28.19997846031746,0.0,0.0,0.6,34,37,42,0.6666666666666666,0.7479674796747967,0.7073170731707317,0.70995,1.105669,5.684143,0.0,0.21052631578947367,0.9152542372881356,82,92,87
387,0.8728813559322034,0.423728813559322,0.5084745762711864,45.39866933333351,45.90509300000014,86.71787466666669,0.10526315789473684,0.9416666666666667,0.99,103,50,60,0.5932203389830508,0.6271186440677966,0.7288135593220338,3.473628,6.050992207792207,28.28778546031746,0.0,0.0,0.75,35,37,43,0.6666666666666666,0.7479674796747967,0.7073170731707317,0.722982,1.062293,5.690456,0.0,0.22794117647058823,0.9152542372881356,82,92,87
388,0.8813559322033898,0.423728813559322,0.5084745762711864,47.24186300000017,46.09031933333347,86.71787466666669,0.15,0.925,1.0,104,50,60,0.576271186440678,0.6440677966101694,0.7288135593220338,3.598887,6.085155636363637,28.28778546031746,0.0,0.0,0.75,34,38,43,0.6666666666666666,0.7479674796747967,0.7073170731707317,0.742942,1.0876,5.695703,0.0,0.21641791044776118,0.9152542372881356,82,92,87
389,0.8559322033898306,0.423728813559322,0.5084745762711864,47.39807900000017,47.36368600000014,85.93403300000001,0.21428571428571427,0.928,0.9900990099009901,101,50,60,0.559322033898305,0.6779661016949152,0.7288135593220338,3.305535,5.812478298701297,28.28778546031746,0.0,0.0,0.75,33,40,43,0.6585365853658537,0.7398373983739838,0.7073170731707317,0.744145,1.116933,5.6878,0.0,0.2569444444444444,0.9152542372881356,81,91,87
390,0.8728813559322034,0.423728813559322,0.5084745762711864,45.959077666666836,48.91194333333347,86.71787466666669,0.19047619047619047,0.9504132231404959,0.9803921568627451,103,50,60,0.559322033898305,0.6610169491525424,0.7288135593220338,3.385056,5.504228142857143,28.28778546031746,0.0,0.0,0.75,33,39,43,0.6666666666666666,0.7398373983739838,0.7073170731707317,0.716999,1.096719,5.687958,0.0,0.23357664233576642,0.9152542372881356,82,91,87
391,0.8559322033898306,0.423728813559322,0.5084745762711864,46.23871766666684,51.91405166666681,86.13454133333335,0.2222222222222222,0.9354838709677419,0.9900990099009901,101,50,60,0.5423728813559322,0.6779661016949152,0.7288135593220338,3.8746505714285715,6.023965318903319,28.43624546031746,0.0,0.0,0.6,32,40,43,0.6910569105691057,0.7317073170731707,0.7073170731707317,0.703708,1.129302,5.687583,0.01694915254237288,0.2318840579710145,0.9152542372881356,85,90,87
392,0.847457627118644,0.423728813559322,0.5084745762711864,44.37601466666685,49.97899833333347,86.35391100000001,0.20833333333333334,0.9672131147540983,1.0,100,50,60,0.559322033898305,0.6610169491525424,0.7288135593220338,3.773080428571429,6.223590142857144,28.43624546031746,0.0,0.020833333333333332,0.75,33,39,43,0.7154471544715447,0.7642276422764228,0.7073170731707317,0.737266,1.140037,5.684398,0.008333333333333333,0.2158273381294964,0.9180327868852459,88,94,87
393,0.864406779661017,0.423728813559322,0.5084745762711864,47.66150800000017,48.32774933333347,86.71787466666669,0.14814814814814814,0.9448818897637795,0.9900990099009901,102,50,60,0.559322033898305,0.6610169491525424,0.7288135593220338,3.966085,6.077176046176047,28.43624546031746,0.0,0.02,0.75,33,39,43,0.7154471544715447,0.7560975609756098,0.7073170731707317,0.715515,1.153649,5.683851,0.0,0.23357664233576642,0.9032258064516129,88,93,87
394,0.8898305084745762,0.423728813559322,0.5084745762711864,47.85753900000018,46.415632666666816,86.71787466666669,0.2857142857142857,0.9090909090909091,1.0,105,50,60,0.559322033898305,0.6779661016949152,0.7288135593220338,3.593829,5.904918207792208,28.43624546031746,0.0,0.020833333333333332,0.8,33,40,43,0.7073170731707317,0.7479674796747967,0.7154471544715447,0.73898,1.224476,5.692093,0.0,0.19852941176470587,0.8888888888888888,87,92,88
395,0.8559322033898306,0.423728813559322,0.5,44.50132400000018,44.901550000000135,85.92292066666668,0.1875,0.9291338582677166,0.9803921568627451,101,50,59,0.5932203389830508,0.711864406779661,0.7288135593220338,3.78012,6.288862823953824,28.43624546031746,0.0,0.0196078431372549,0.8,35,42,43,0.7154471544715447,0.7317073170731707,0.7073170731707317,0.739782,1.174938,5.682369,0.0,0.22302158273381295,0.9032258064516129,88,90,87
396,0.8389830508474576,0.423728813559322,0.5084745762711864,48.15369933333351,46.34723200000013,86.71787466666669,0.2777777777777778,0.9212598425196851,0.9803921568627451,99,50,60,0.6101694915254238,0.6101694915254238,0.7288135593220338,3.58041,5.858833935064936,28.43624546031746,0.0,0.0,0.8,36,36,43,0.7073170731707317,0.7073170731707317,0.7073170731707317,0.758043,1.259941,5.688312,0.0,0.21897810218978103,0.9032258064516129,87,87,87
397,0.8728813559322034,0.423728813559322,0.5,45.19752966666685,47.42079866666679,86.67603933333335,0.13043478260869565,0.9365079365079365,1.0,103,50,59,0.6101694915254238,0.6271186440677966,0.711864406779661,3.341398,5.8704142077922095,28.796283460317458,0.0,0.02040816326530612,0.8,36,37,42,0.6747967479674797,0.6747967479674797,0.7073170731707317,0.754591,1.271522,5.688354,0.0,0.2323943661971831,0.9032258064516129,83,83,87
398,0.8898305084745762,0.423728813559322,0.5,46.155031666666844,47.25977600000014,86.13454133333335,0.05263157894736842,0.975,0.9807692307692307,105,50,59,0.576271186440678,0.6610169491525424,0.711864406779661,3.148221,5.439752935064936,28.84148846031746,0.0,0.0,0.6153846153846154,34,39,42,0.6747967479674797,0.6504065040650406,0.6991869918699187,0.779658,1.304425,5.686001,0.0,0.23943661971830985,0.9032258064516129,83,80,86
399,0.864406779661017,0.4152542372881356,0.5084745762711864,43.97584533333352,44.7738256666668,85.84287466666669,0.23076923076923078,0.9375,0.9902912621359223,102,49,60,0.6101694915254238,0.6440677966101694,0.6949152542372882,3.193758,5.572263207792208,28.76753646031746,0.0,0.0,0.5333333333333333,36,38,41,0.6910569105691057,0.6097560975609756,0.6991869918699187,0.741382,1.295329,5.692855,0.0,0.2482758620689655,0.9032258064516129,85,75,86
400,0.8559322033898306,0.423728813559322,0.5084745762711864,44.32440900000018,47.44083700000014,86.71787466666669,0.2,0.9349593495934959,1.0,101,50,60,0.6101694915254238,0.6610169491525424,0.711864406779661,3.413818,5.509127318903319,28.71315846031746,0.0,0.0,0.5,36,39,42,0.6991869918699187,0.6178861788617886,0.6991869918699187,0.696938,1.293265,5.690543,0.0,0.2328767123287671,0.9032258064516129,86,76,86
401,0.9152542372881356,0.4322033898305085,0.5254237288135594,42.44145066666685,46.1027476666668,85.92608300000002,0.19047619047619047,0.9172932330827067,0.9615384615384616,108,51,62,0.6271186440677966,0.6779661016949152,0.7457627118644068,3.1853125714285713,5.484836207792209,28.883601460317458,0.0,0.0,0.4666666666666667,37,40,44,0.7073170731707317,0.6178861788617886,0.7235772357723578,0.72563,1.216816,5.685,0.0,0.22377622377622378,0.859375,87,76,89
402,0.847457627118644,0.4745762711864407,0.5677966101694916,42.84426500000018,47.27280000000014,88.21787466666669,0.25,0.8934426229508197,0.92,100,56,67,0.6101694915254238,0.711864406779661,0.7457627118644068,3.387075,5.550256415584417,28.99190746031746,0.0,0.0,0.26666666666666666,36,42,44,0.7073170731707317,0.6422764227642277,0.7317073170731707,0.777908,1.24896,5.686181,0.0,0.21379310344827587,0.78125,87,79,90
403,0.923728813559322,0.4745762711864407,0.5677966101694916,42.92974966666685,49.10649100000013,87.21787466666669,0.08695652173913043,0.923728813559322,0.967741935483871,109,56,67,0.6440677966101694,0.6779661016949152,0.7288135593220338,3.352253,5.951823046176048,28.92519446031746,0.0,0.0,0.25,38,40,43,0.7154471544715447,0.6504065040650406,0.7235772357723578,0.737999,1.242639,5.721648,0.0,0.18115942028985507,0.7301587301587301,88,80,89
404,0.8813559322033898,0.4661016949152542,0.576271186440678,44.46369200000019,48.94466400000014,87.71787466666669,0.0,0.9210526315789473,0.9777777777777777,104,55,68,0.6440677966101694,0.6610169491525424,0.7288135593220338,3.799953,6.266222551226551,28.89290046031746,0.0,0.0,0.25,38,39,43,0.7073170731707317,0.6829268292682927,0.7154471544715447,0.793305,1.306446,5.702225,0.0,0.1619718309859155,0.6515151515151515,87,84,88
405,0.9322033898305084,0.4745762711864407,0.576271186440678,43.731643333333515,48.48279700000014,86.62571166666669,0.0,0.9478260869565217,1.0,110,56,68,0.5932203389830508,0.6440677966101694,0.7288135593220338,3.467744,5.815401096681097,28.85690946031746,0.0,0.02,0.26666666666666666,35,38,43,0.6991869918699187,0.6747967479674797,0.7317073170731707,0.729279,1.343613,5.725161,0.008130081300813009,0.17857142857142858,0.6153846153846154,86,83,90
406,0.8728813559322034,0.4661016949152542,0.576271186440678,41.272062000000176,45.88821233333348,87.97727633333335,0.0,0.8833333333333333,0.967032967032967,103,55,68,0.5932203389830508,0.6440677966101694,0.7288135593220338,3.3746335714285713,5.480702571428573,28.903826460317458,0.0,0.02,0.25,35,38,43,0.6910569105691057,0.6829268292682927,0.7317073170731707,0.735653,1.409262,5.748141,0.0,0.16058394160583941,0.6,85,84,90
407,0.8559322033898306,0.4661016949152542,0.576271186440678,44.53932833333351,47.18794400000014,87.34287466666669,0.0,0.9035087719298246,0.967032967032967,101,55,68,0.5932203389830508,0.6440677966101694,0.7288135593220338,3.509767,5.5047182987013,28.94047346031746,0.0,0.0,0.23529411764705882,35,38,43,0.7235772357723578,0.6747967479674797,0.7398373983739838,0.739885,1.44075,5.7692,0.0,0.19014084507042253,0.5833333333333334,89,83,91
408,0.8898305084745762,0.4661016949152542,0.576271186440678,43.79864166666685,46.35501466666679,88.21787466666669,0.0,0.9292035398230089,0.9888888888888889,105,55,68,0.6101694915254238,0.6440677966101694,0.711864406779661,3.584326,6.001220935064934,29.03345646031746,0.0,0.0,0.25,36,38,42,0.7398373983739838,0.6910569105691057,0.7560975609756098,0.742445,1.413158,5.789799,0.016129032258064516,0.15,0.5373134328358209,91,85,93
409,0.923728813559322,0.4661016949152542,0.576271186440678,44.026956000000176,47.160761333333475,87.71908666666668,0.0,0.9464285714285714,1.0,109,55,68,0.6101694915254238,0.6610169491525424,0.711864406779661,3.618441,6.040308349206349,29.16543846031746,0.0,0.0,0.23529411764705882,36,39,42,0.7317073170731707,0.7073170731707317,0.7723577235772358,0.745781,1.475796,5.784398,0.008064516129032258,0.11940298507462686,0.5303030303030303,90,87,95
410,0.9067796610169492,0.4661016949152542,0.5677966101694916,41.58774933333351,47.076033000000145,86.63454133333335,0.0,0.9357798165137615,0.9375,107,55,67,0.6101694915254238,0.5932203389830508,0.7288135593220338,3.736495,6.009757480519481,29.266668793650794,0.0,0.0,0.2222222222222222,36,35,43,0.7235772357723578,0.7317073170731707,0.7642276422764228,0.734392,1.506808,5.795159,0.0,0.15714285714285714,0.5737704918032787,89,90,94
411,0.8728813559322034,0.4661016949152542,0.576271186440678,41.59445733333351,45.79738033333348,86.89186633333334,0.0,0.9380530973451328,0.9887640449438202,103,55,68,0.5932203389830508,0.5932203389830508,0.7288135593220338,3.78508,5.714849682539683,29.384828126984125,0.0,0.0,0.2222222222222222,35,35,43,0.7235772357723578,0.7073170731707317,0.7642276422764228,0.756433,1.481358,5.83467,0.0,0.16428571428571428,0.6428571428571429,89,87,94
412,0.8728813559322034,0.4745762711864407,0.576271186440678,41.91002000000018,46.872507000000134,86.63454133333335,0.0,0.8918918918918919,0.9777777777777777,103,56,68,0.6440677966101694,0.6271186440677966,0.711864406779661,3.241633,6.0743563636363636,29.25326246031746,0.0,0.0,0.2222222222222222,38,37,42,0.7154471544715447,0.7154471544715447,0.7479674796747967,0.735029,1.504978,5.784726,0.0,0.15328467153284672,0.5932203389830508,88,88,92
413,0.8728813559322034,0.4745762711864407,0.576271186440678,42.97912200000018,44.46130533333348,87.13454133333335,0.0,0.8771929824561403,1.0,103,56,68,0.6440677966101694,0.6271186440677966,0.7457627118644068,3.492799,6.2498718441558445,29.408583793650795,0.0,0.0,0.21052631578947367,38,37,44,0.7235772357723578,0.7317073170731707,0.7642276422764228,0.772501,1.463546,5.804296,0.0,0.14814814814814814,0.5932203389830508,89,90,94
414,0.9152542372881356,0.4661016949152542,0.576271186440678,42.56065400000019,46.1153916666668,87.13454133333335,0.0,0.9375,1.0,108,55,68,0.6610169491525424,0.6440677966101694,0.7627118644067796,3.292169,6.164299298701299,29.353674126984128,0.0,0.0,0.2222222222222222,39,38,45,0.7154471544715447,0.7154471544715447,0.7886178861788617,0.750018,1.4574,5.821084,0.0,0.14705882352941177,0.559322033898305,88,88,97
415,0.8728813559322034,0.4661016949152542,0.6016949152542372,42.31186800000019,46.72045900000015,87.13454133333335,0.0,0.9122807017543859,0.9550561797752809,103,55,71,0.6949152542372882,0.711864406779661,0.7796610169491526,3.85652,6.254242759018759,29.32204746031746,0.0,0.0,0.21052631578947367,41,42,46,0.7154471544715447,0.7154471544715447,0.8292682926829268,0.751068,1.459969,5.823033,0.0,0.15827338129496402,0.543859649122807,88,88,102
416,0.8728813559322034,0.5084745762711864,0.635593220338983,45.74638900000017,46.98322166666681,87.71199000000001,0.0,0.9065420560747663,0.9358974358974359,103,60,75,0.6779661016949152,0.6440677966101694,0.7966101694915254,4.106577,6.328709227994229,29.458324793650796,0.0,0.0,0.18181818181818182,40,38,47,0.7154471544715447,0.7154471544715447,0.8373983739837398,0.7129,1.47373,5.833768,0.0,0.16901408450704225,0.5102040816326531,88,88,103
417,0.8898305084745762,0.4830508474576271,0.635593220338983,44.72344500000017,49.23881400000015,87.28133166666667,0.0,0.9175257731958762,0.972972972972973,105,57,75,0.6610169491525424,0.5932203389830508,0.8135593220338984,3.716221,6.083058207792208,29.528527126984127,0.0,0.0,0.16666666666666666,39,35,48,0.7073170731707317,0.7073170731707317,0.8292682926829268,0.811726,1.473992,5.837744,0.0,0.19863013698630136,0.5208333333333334,87,87,102
418,0.8983050847457628,0.5,0.6271186440677966,44.974031333333514,48.275081333333475,88.61787466666667,0.0,0.9393939393939394,0.9605263157894737,106,59,74,0.6610169491525424,0.6101694915254238,0.7966101694915254,3.600457,6.068920935064934,29.389770460317457,0.0,0.0,0.17391304347826086,39,36,47,0.7073170731707317,0.6991869918699187,0.8373983739837398,0.725493,1.462025,5.874652,0.0,0.2,0.47058823529411764,87,86,103
419,0.8728813559322034,0.5084745762711864,0.635593220338983,43.59659233333351,48.01456966666681,88.18522433333334,0.0,0.8636363636363636,0.972972972972973,103,60,75,0.6610169491525424,0.6101694915254238,0.7966101694915254,3.853188,6.219263096681098,29.393533126984128,0.0,0.0,0.19047619047619047,39,36,47,0.7073170731707317,0.7073170731707317,0.8292682926829268,0.798792,1.435005,5.874787,0.0,0.19444444444444445,0.5306122448979592,87,87,102
420,0.8728813559322034,0.5169491525423728,0.635593220338983,46.15320200000017,47.52374633333348,88.41787466666668,0.0,0.8737864077669902,0.9726027397260274,103,61,75,0.6610169491525424,0.6440677966101694,0.7966101694915254,3.659929,6.604278298701299,29.385312460317458,0.0,0.0,0.19047619047619047,39,38,47,0.6991869918699187,0.6991869918699187,0.8292682926829268,0.804308,1.573642,5.896577,0.0,0.16546762589928057,0.4897959183673469,86,86,102
421,0.8813559322033898,0.5169491525423728,0.635593220338983,45.575294000000184,47.09991233333348,88.91787466666668,0.0,0.9019607843137255,0.9863013698630136,104,61,75,0.6779661016949152,0.6440677966101694,0.8135593220338984,3.256137,5.673403298701298,29.429551793650795,0.0,0.0,0.19047619047619047,40,38,48,0.7073170731707317,0.6991869918699187,0.8211382113821138,0.794798,1.567295,5.871374,0.0,0.19148936170212766,0.4897959183673469,87,86,101
422,0.864406779661017,0.5084745762711864,0.635593220338983,45.14836600000019,45.27821133333348,88.60266666666668,0.0,0.9142857142857143,0.9863013698630136,102,60,75,0.6610169491525424,0.6101694915254238,0.8135593220338984,3.327597,5.923401844155844,29.29807546031746,0.0,0.0,0.17391304347826086,39,36,48,0.7073170731707317,0.6747967479674797,0.8373983739837398,0.753651,1.591419,5.867511,0.0,0.14388489208633093,0.4897959183673469,87,83,103
423,0.8983050847457628,0.5084745762711864,0.6271186440677966,42.73575633333351,44.75061466666681,88.501208,0.058823529411764705,0.9223300970873787,0.9605263157894737,106,60,74,0.6779661016949152,0.6101694915254238,0.7796610169491526,3.337111,5.88664646031746,29.321916126984128,0.0,0.0,0.2,40,36,46,0.6991869918699187,0.6747967479674797,0.8536585365853658,0.792081,1.558011,5.896363,0.0,0.13432835820895522,0.5,86,83,105
424,0.9067796610169492,0.5254237288135594,0.6271186440677966,46.19696200000017,44.11583400000015,88.50120800000002,0.0,0.9494949494949495,0.9863013698630136,107,62,74,0.6610169491525424,0.6610169491525424,0.7966101694915254,3.400018,5.810989298701298,29.30469746031746,0.0,0.0,0.18181818181818182,39,39,47,0.7154471544715447,0.6829268292682927,0.8536585365853658,0.767178,1.561039,5.904989,0.0,0.11278195488721804,0.43478260869565216,88,84,105
425,0.9067796610169492,0.4915254237288136,0.6271186440677966,44.025194333333516,45.90181800000015,88.12912733333334,0.0,0.9591836734693877,0.9722222222222222,107,58,74,0.6610169491525424,0.6271186440677966,0.8135593220338984,3.474867,5.984695571428571,29.36254646031746,0.0,0.0,0.16666666666666666,39,37,48,0.7154471544715447,0.6747967479674797,0.8536585365853658,0.75505,1.575622,5.891543,0.0,0.10687022900763359,0.4318181818181818,88,83,105
426,0.9152542372881356,0.5254237288135594,0.6186440677966102,46.56766800000017,46.926830666666824,89.001208,0.0,0.8761904761904762,0.9583333333333334,108,62,73,0.6610169491525424,0.5932203389830508,0.8305084745762712,3.237065,6.245430480519479,29.73321612698413,0.0,0.0,0.18181818181818182,39,35,49,0.7154471544715447,0.6829268292682927,0.8536585365853658,0.765652,1.612891,5.891333,0.0,0.1323529411764706,0.4318181818181818,88,84,105
427,0.8728813559322034,0.5254237288135594,0.6440677966101694,44.62387300000018,47.23553100000016,89.91787466666668,0.0,0.9368421052631579,0.9583333333333334,103,62,76,0.6779661016949152,0.576271186440678,0.8305084745762712,3.506815,6.480559935064934,29.46624446031746,0.0,0.0,0.1,40,34,49,0.7317073170731707,0.6829268292682927,0.8536585365853658,0.772538,1.555018,5.866121,0.0,0.1323529411764706,0.4523809523809524,90,84,105
428,0.9152542372881356,0.5169491525423728,0.6440677966101694,45.62802533333352,47.47489600000015,90.23318833333335,0.0,0.8932038834951457,1.0,108,61,76,0.6779661016949152,0.576271186440678,0.8135593220338984,3.288615,6.314197571428571,29.429654460317458,0.0,0.0,0.09523809523809523,40,34,48,0.7317073170731707,0.6829268292682927,0.8617886178861789,0.730146,1.593555,5.88111,0.0,0.12686567164179105,0.4418604651162791,90,84,106
429,0.9067796610169492,0.5254237288135594,0.6440677966101694,46.846470333333514,45.45295500000015,89.91978133333335,0.0,0.9056603773584906,0.9571428571428572,107,62,76,0.7288135593220338,0.576271186440678,0.7966101694915254,3.409327,6.183344844155845,29.767069126984126,0.0,0.0,0.10526315789473684,43,34,47,0.7235772357723578,0.6991869918699187,0.8536585365853658,0.766901,1.583483,5.890631,0.0,0.13333333333333333,0.4634146341463415,89,86,105
430,0.8983050847457628,0.5084745762711864,0.6440677966101694,44.16878133333351,44.86230833333348,89.41787466666668,0.0,0.9484536082474226,0.9565217391304348,106,60,76,0.6949152542372882,0.576271186440678,0.8135593220338984,3.442941,5.9515372077922075,30.08720246031746,0.0,0.0,0.09523809523809523,41,34,48,0.7317073170731707,0.6991869918699187,0.8536585365853658,0.763209,1.547615,5.886653,0.0,0.12686567164179105,0.43902439024390244,90,86,105
431,0.8898305084745762,0.5084745762711864,0.635593220338983,44.98925666666684,46.48759766666681,89.501208,0.0,0.9108910891089109,0.9852941176470589,105,60,75,0.711864406779661,0.6101694915254238,0.7966101694915254,3.162433,5.9947855714285705,29.94183246031746,0.0,0.0,0.1,42,36,47,0.7154471544715447,0.6991869918699187,0.8536585365853658,0.725755,1.554369,5.887299,0.0,0.11278195488721804,0.4358974358974359,88,86,105
432,0.8983050847457628,0.5254237288135594,0.6440677966101694,46.712852000000176,46.645826666666814,88.91787466666668,0.0,0.8640776699029126,0.9705882352941176,106,62,76,0.711864406779661,0.6440677966101694,0.7796610169491526,3.363769,6.327023935064934,30.128728126984125,0.0,0.0,0.1,42,38,46,0.7073170731707317,0.6991869918699187,0.8536585365853658,0.787629,1.497603,5.901486,0.0,0.07751937984496124,0.425,87,86,105
433,0.8898305084745762,0.5084745762711864,0.6440677966101694,44.049305333333514,47.52404566666681,88.91787466666668,0.0,0.946236559139785,1.0,105,60,76,0.6949152542372882,0.6101694915254238,0.8135593220338984,3.334733,5.975123116883117,30.04350646031746,0.0,0.0,0.09090909090909091,41,36,48,0.7154471544715447,0.7073170731707317,0.8455284552845529,0.794098,1.489569,5.912607,0.0,0.0916030534351145,0.425,88,87,104
434,0.8559322033898306,0.5254237288135594,0.6440677966101694,45.69224366666685,49.85629600000015,89.91787466666668,0.0,0.9072164948453608,0.9852941176470589,101,62,76,0.711864406779661,0.5932203389830508,0.8135593220338984,3.003551,6.232459207792207,29.90174046031746,0.0,0.0,0.09523809523809523,42,35,48,0.7073170731707317,0.7073170731707317,0.8455284552845529,0.779816,1.533576,5.876305,0.0,0.1015625,0.38095238095238093,87,87,104
435,0.9067796610169492,0.5169491525423728,0.6440677966101694,43.009820666666855,47.58715933333347,89.41787466666668,0.0,0.898989898989899,0.9701492537313433,107,61,76,0.7288135593220338,0.6271186440677966,0.7966101694915254,3.370679,6.0866449350649345,29.935817126984126,0.0,0.0,0.1,43,37,47,0.7154471544715447,0.6991869918699187,0.8536585365853658,0.817913,1.564195,5.860388,0.0,0.0873015873015873,0.35714285714285715,88,86,105
436,0.8983050847457628,0.5254237288135594,0.6440677966101694,45.76704633333353,47.61405633333347,89.91787466666668,0.0,0.9183673469387755,0.9855072463768116,106,62,76,0.7288135593220338,0.6101694915254238,0.7966101694915254,3.3883,6.27471046031746,29.84720346031746,0.0,0.0,0.09090909090909091,43,36,47,0.7154471544715447,0.7073170731707317,0.8536585365853658,0.821839,1.529915,5.878745,0.0,0.088,0.40540540540540543,88,87,105
437,0.9067796610169492,0.5169491525423728,0.635593220338983,42.952276666666855,47.87710700000015,89.45775000000002,0.0,0.900990099009901,1.0,107,61,75,0.711864406779661,0.6779661016949152,0.7796610169491526,3.660544,6.003471480519481,30.096009460317457,0.0,0.0,0.09523809523809523,42,40,46,0.6910569105691057,0.7235772357723578,0.8536585365853658,0.823476,1.535877,5.882746,0.0,0.09375,0.4146341463414634,85,89,105
438,0.8728813559322034,0.5169491525423728,0.6440677966101694,44.949464000000184,47.936855666666816,89.82803666666666,0.0,0.8888888888888888,0.9130434782608695,103,61,76,0.6949152542372882,0.6779661016949152,0.7966101694915254,3.475107,6.031221682539682,30.120242096681096,0.0,0.0,0.08695652173913043,41,40,47,0.6991869918699187,0.7235772357723578,0.8536585365853658,0.801129,1.539707,5.918991,0.0,0.0873015873015873,0.42857142857142855,86,89,105
439,0.8898305084745762,0.5169491525423728,0.6440677966101694,43.77885200000017,49.01942266666682,89.501208,0.0,0.8504672897196262,0.9420289855072463,105,61,76,0.6949152542372882,0.6610169491525424,0.7966101694915254,3.130123428571429,6.556793298701298,30.139082460317457,0.0,0.0,0.09090909090909091,41,39,47,0.6910569105691057,0.7398373983739838,0.8455284552845529,0.771476,1.60955,5.934367,0.0,0.09375,0.42857142857142855,85,91,104
440,0.8898305084745762,0.5169491525423728,0.635593220338983,45.72970233333351,48.7781036666668,89.501208,0.0,0.9,0.9696969696969697,105,61,75,0.6949152542372882,0.6101694915254238,0.8135593220338984,3.5364414285714285,5.904221480519481,30.288393096681094,0.0,0.0,0.08333333333333333,41,36,48,0.6910569105691057,0.7398373983739838,0.8130081300813008,0.777985,1.54417,5.930882,0.0,0.09302325581395349,0.4186046511627907,85,91,100
441,0.8728813559322034,0.5254237288135594,0.6440677966101694,43.211703000000185,49.20016666666681,89.58454133333335,0.0,0.9032258064516129,0.9696969696969697,103,62,76,0.6949152542372882,0.6610169491525424,0.7796610169491526,3.1798504285714286,5.862057682539683,30.11077646031746,0.0,0.0,0.08333333333333333,41,39,46,0.6991869918699187,0.7398373983739838,0.8048780487804879,0.739743,1.560593,5.964928,0.0,0.06451612903225806,0.4090909090909091,86,91,99
442,0.864406779661017,0.5254237288135594,0.6440677966101694,44.754440666666845,50.1695396666668,88.92267833333334,0.0,0.9456521739130435,0.96875,102,62,76,0.6949152542372882,0.6610169491525424,0.7796610169491526,2.983071,5.989668571428571,30.120666793650795,0.0,0.0,0.09090909090909091,41,39,46,0.7073170731707317,0.7479674796747967,0.8048780487804879,0.765017,1.536113,5.985932,0.0,0.08064516129032258,0.3673469387755102,87,92,99
443,0.8559322033898306,0.5169491525423728,0.6440677966101694,43.136044666666855,49.812782000000134,89.91787466666668,0.0,0.9042553191489362,0.9552238805970149,101,61,76,0.6779661016949152,0.6949152542372882,0.7966101694915254,3.7658,6.312918207792207,30.06579982395382,0.0,0.0,0.08333333333333333,40,41,47,0.6910569105691057,0.7398373983739838,0.7967479674796748,0.75047,1.490564,5.982636,0.0,0.06557377049180328,0.4090909090909091,85,91,98
444,0.847457627118644,0.4830508474576271,0.6440677966101694,43.41652400000019,49.155572000000134,90.00617866666667,0.0,0.9166666666666666,1.0,100,57,76,0.6610169491525424,0.6440677966101694,0.7966101694915254,3.352891,5.989492207792208,29.974095793650793,0.0,0.0,0.08333333333333333,39,38,47,0.6991869918699187,0.7479674796747967,0.8048780487804879,0.759941,1.503423,5.986834,0.0,0.06451612903225806,0.4090909090909091,86,92,99
445,0.864406779661017,0.5084745762711864,0.635593220338983,44.2327020000002,49.63291766666682,90.46572266666668,0.0,0.90625,0.921875,102,60,75,0.6779661016949152,0.6101694915254238,0.7966101694915254,3.320865,5.673957207792208,30.227040430014426,0.0,0.0,0.09090909090909091,40,36,47,0.6991869918699187,0.7479674796747967,0.8292682926829268,0.758729,1.524779,5.982806,0.0,0.10687022900763359,0.375,86,92,102
446,0.8813559322033898,0.5254237288135594,0.635593220338983,44.38371933333352,48.74008733333348,90.41787466666668,0.0,0.8571428571428571,0.967741935483871,104,62,75,0.6779661016949152,0.6440677966101694,0.7627118644067796,3.401168,6.114304096681097,30.1752143997114,0.0,0.0,0.08695652173913043,40,38,45,0.6829268292682927,0.7398373983739838,0.8292682926829268,0.762011,1.583434,5.95113,0.0,0.10606060606060606,0.4,84,91,102
447,0.8305084745762712,0.5169491525423728,0.635593220338983,43.56146733333352,51.2502276666668,90.501208,0.0,0.88,0.9836065573770492,98,61,75,0.6779661016949152,0.6779661016949152,0.7796610169491526,3.471058,5.670299935064934,30.408409096681094,0.0,0.0,0.08,40,40,46,0.6829268292682927,0.7317073170731707,0.8211382113821138,0.766941,1.51888,6.018003,0.0,0.1015625,0.4,84,90,101
448,0.8220338983050848,0.5169491525423728,0.635593220338983,43.03527066666686,50.042689000000145,89.93394,0.0,0.9052631578947369,0.9836065573770492,97,61,75,0.6779661016949152,0.6779661016949152,0.7627118644067796,3.459189428571429,5.9439502077922075,30.250828430014433,0.0,0.0,0.08695652173913043,40,40,45,0.6829268292682927,0.7154471544715447,0.7967479674796748,0.792834,1.574703,6.022351,0.0,0.096,0.3673469387755102,84,88,98
449,0.8389830508474576,0.5084745762711864,0.635593220338983,43.702281666666856,48.269159333333455,89.75306166666667,0.0,0.925531914893617,0.9538461538461539,99,60,75,0.6949152542372882,0.6610169491525424,0.7966101694915254,3.470115428571429,5.789155955266955,30.145741126984127,0.0,0.0,0.07692307692307693,41,39,47,0.6910569105691057,0.7235772357723578,0.8048780487804879,0.746047,1.584859,6.025436,0.0,0.08870967741935484,0.3673469387755102,85,89,99
450,0.847457627118644,0.5084745762711864,0.635593220338983,46.28845100000019,49.43881466666681,90.08454133333335,0.0,0.86,0.967741935483871,100,60,75,0.6949152542372882,0.6440677966101694,0.7627118644067796,3.16231,6.1748799350649355,30.058935430014433,0.0,0.0,0.10526315789473684,41,38,45,0.6910569105691057,0.7154471544715447,0.7967479674796748,0.800939,1.575694,6.024365,0.0,0.088,0.3404255319148936,85,88,98
451,0.8389830508474576,0.5254237288135594,0.6271186440677966,43.99619633333352,51.28444233333347,89.91787466666668,0.0,0.9247311827956989,1.0,99,62,74,0.711864406779661,0.6101694915254238,0.7627118644067796,3.525513,6.187914480519481,30.372441793650793,0.0,0.0,0.13043478260869565,42,36,45,0.6829268292682927,0.6991869918699187,0.8048780487804879,0.731164,1.595595,6.010755,0.0,0.06722689075630252,0.32653061224489793,84,86,99
452,0.8305084745762712,0.5169491525423728,0.635593220338983,46.754042333333516,50.673265666666815,89.41787466666668,0.0,0.9052631578947369,0.96875,98,61,75,0.711864406779661,0.6779661016949152,0.7966101694915254,3.294473,6.264557096681096,30.237176096681097,0.0,0.0,0.12,42,40,47,0.6747967479674797,0.6991869918699187,0.8130081300813008,0.74631,1.553412,6.051715,0.0,0.06722689075630252,0.2978723404255319,83,86,100
453,0.8389830508474576,0.5,0.635593220338983,42.85631400000019,49.823350000000154,89.501208,0.0,0.9052631578947369,0.9841269841269841,99,59,75,0.6779661016949152,0.6610169491525424,0.7966101694915254,3.137283,6.684363571428571,30.39516446031746,0.0,0.0,0.12,40,39,47,0.6666666666666666,0.6829268292682927,0.7967479674796748,0.776553,1.557868,6.072426,0.0,0.05982905982905983,0.32558139534883723,82,84,98
454,0.8305084745762712,0.5254237288135594,0.6271186440677966,48.386294000000184,49.983972666666816,89.045136,0.0,0.8921568627450981,0.9538461538461539,98,62,74,0.6779661016949152,0.6271186440677966,0.7966101694915254,3.783804,6.319784571428571,30.242271096681094,0.0,0.0,0.12,40,37,47,0.6666666666666666,0.6747967479674797,0.7967479674796748,0.764354,1.522745,6.015202,0.0,0.06086956521739131,0.32558139534883723,82,83,98
455,0.8050847457627118,0.5084745762711864,0.6271186440677966,46.046474333333514,49.00913666666681,89.91787466666668,0.0,0.9130434782608695,0.9545454545454546,95,60,74,0.6949152542372882,0.6440677966101694,0.7796610169491526,3.672245,6.704160571428572,30.530206733044732,0.0,0.0,0.13043478260869565,41,38,46,0.6666666666666666,0.6829268292682927,0.7886178861788617,0.779236,1.55283,6.029732,0.0,0.06722689075630252,0.34146341463414637,82,84,97
456,0.8305084745762712,0.5169491525423728,0.6186440677966102,48.29911866666685,48.82185233333348,89.91787466666668,0.0,0.8514851485148515,0.9682539682539683,98,61,73,0.6779661016949152,0.6440677966101694,0.7966101694915254,3.86304,6.350548318903318,30.520205096681096,0.0,0.0,0.12,40,38,47,0.6747967479674797,0.6747967479674797,0.7967479674796748,0.785518,1.497168,5.989792,0.0,0.03571428571428571,0.30952380952380953,83,83,98
457,0.8135593220338984,0.5169491525423728,0.6186440677966102,48.087798333333524,49.41470500000015,90.41787466666668,0.0,0.9111111111111111,0.9833333333333333,96,61,73,0.6610169491525424,0.6779661016949152,0.7627118644067796,3.730124,6.428782571428572,30.577465763347764,0.0,0.0,0.125,39,40,45,0.6829268292682927,0.7154471544715447,0.8048780487804879,0.772346,1.548475,6.031598,0.0,0.042735042735042736,0.3076923076923077,84,88,99
458,0.8220338983050848,0.5254237288135594,0.6186440677966102,47.18806000000018,48.92354400000015,90.41787466666668,0.0,0.9120879120879121,1.0,97,62,73,0.6440677966101694,0.711864406779661,0.7457627118644068,3.5378885714285713,6.389918571428572,30.579636763347764,0.0,0.0,0.14285714285714285,38,42,44,0.6829268292682927,0.6829268292682927,0.7967479674796748,0.75355,1.540379,6.066237,0.0,0.036036036036036036,0.3076923076923077,84,84,98
459,0.8050847457627118,0.5,0.6101694915254238,49.88118700000019,48.735597666666806,90.45414933333335,0.0,0.9230769230769231,0.9838709677419355,95,59,72,0.6271186440677966,0.6440677966101694,0.7796610169491526,3.470394,6.3269840461760465,30.642206763347765,0.0,0.0,0.1111111111111111,37,38,46,0.6829268292682927,0.6910569105691057,0.7967479674796748,0.778659,1.543173,6.11089,0.008928571428571428,0.06086956521739131,0.2857142857142857,84,85,98
460,0.8220338983050848,0.5169491525423728,0.6186440677966102,47.677369333333516,49.35730366666681,89.41787466666668,0.0,0.8484848484848485,0.9230769230769231,97,61,73,0.6610169491525424,0.6610169491525424,0.7457627118644068,3.59476,6.634830571428573,30.565674430014433,0.0,0.0,0.15,39,39,44,0.6829268292682927,0.6910569105691057,0.8048780487804879,0.795181,1.53902,6.104676,0.008928571428571428,0.0603448275862069,0.21739130434782608,84,85,99
461,0.8050847457627118,0.5084745762711864,0.6186440677966102,48.55824166666685,49.32679666666682,88.91787466666668,0.0,0.9325842696629213,1.0,95,60,73,0.6779661016949152,0.6949152542372882,0.7966101694915254,3.878875,6.328216844155845,30.5643023997114,0.0,0.0,0.12,40,41,47,0.6829268292682927,0.6910569105691057,0.7967479674796748,0.810308,1.552225,6.071286,0.0,0.036036036036036036,0.23255813953488372,84,85,98
462,0.7966101694915254,0.5254237288135594,0.6186440677966102,46.54028466666686,46.136842333333476,88.91787466666668,0.0,0.8817204301075269,1.0,94,62,73,0.6779661016949152,0.6779661016949152,0.7457627118644068,3.743696,6.346294318903318,30.874808430014433,0.0,0.0,0.15,40,40,44,0.6910569105691057,0.6747967479674797,0.7804878048780488,0.80999,1.528705,6.074314,0.0,0.035398230088495575,0.22727272727272727,85,83,96
463,0.7966101694915254,0.5254237288135594,0.6101694915254238,47.96009666666684,48.7269136666668,89.11850366666667,0.0,0.8863636363636364,0.9508196721311475,94,62,72,0.6949152542372882,0.6949152542372882,0.7796610169491526,3.379735,6.597816935064935,30.772927096681094,0.0,0.0,0.125,41,41,46,0.6910569105691057,0.6747967479674797,0.7886178861788617,0.785969,1.538406,6.070902,0.0,0.03571428571428571,0.24390243902439024,85,83,97
464,0.7966101694915254,0.5,0.6101694915254238,44.695205666666844,50.246958333333495,89.41787466666668,0.0,0.9418604651162791,0.9076923076923077,94,59,72,0.6949152542372882,0.6949152542372882,0.7627118644067796,3.487138,6.581681207792208,30.710247460317458,0.0,0.0,0.14285714285714285,41,41,45,0.6991869918699187,0.6829268292682927,0.7886178861788617,0.811287,1.497814,6.093478,0.0,0.017857142857142856,0.2631578947368421,86,84,97
465,0.8813559322033898,0.5423728813559322,0.6186440677966102,47.46176066666685,51.19098133333349,91.91787466666668,0.0,0.8764044943820225,0.9827586206896551,104,64,73,0.7288135593220338,0.711864406779661,0.7796610169491526,3.839802,6.730015823953824,30.751990096681094,0.0,0.0,0.13636363636363635,43,42,46,0.7073170731707317,0.6910569105691057,0.8211382113821138,0.774795,1.536023,6.148445,0.0,0.026785714285714284,0.23255813953488372,87,85,101
466,0.8728813559322034,0.559322033898305,0.652542372881356,51.32516033333352,48.98267466666681,91.08415733333332,0.0,0.7843137254901961,0.90625,103,66,77,0.7288135593220338,0.7288135593220338,0.8135593220338984,3.878097,7.3609522077922085,30.70273243001443,0.0,0.0,0.11538461538461539,43,43,48,0.6991869918699187,0.6991869918699187,0.8211382113821138,0.81534,1.530051,6.154586,0.0,0.017241379310344827,0.23255813953488372,86,86,101
467,0.864406779661017,0.5677966101694916,0.652542372881356,49.97665000000019,47.498790666666814,91.53226433333333,0.0,0.9523809523809523,0.9516129032258065,102,67,77,0.711864406779661,0.7288135593220338,0.7796610169491526,3.918281,6.831650571428572,30.793171096681096,0.0,0.0,0.12,42,43,46,0.7073170731707317,0.7073170731707317,0.8048780487804879,0.744583,1.549381,6.163456,0.0,0.017094017094017096,0.23809523809523808,87,87,99
468,0.864406779661017,0.5677966101694916,0.6610169491525424,48.77826766666685,47.815694333333475,91.738637,0.0,0.8571428571428571,0.9365079365079365,102,67,78,0.7288135593220338,0.7288135593220338,0.8135593220338984,3.8593384285714287,6.8712415714285715,30.98589873304473,0.0,0.0,0.11538461538461539,43,43,48,0.7073170731707317,0.6991869918699187,0.8211382113821138,0.769365,1.526957,6.151363,0.0,0.01694915254237288,0.23809523809523808,87,86,101
469,0.864406779661017,0.576271186440678,0.6694915254237288,52.457814333333516,49.12076133333348,91.671243,0.0,0.8928571428571429,0.9508196721311475,102,68,79,0.7288135593220338,0.7288135593220338,0.8135593220338984,3.710447,6.384244571428572,30.863610763347765,0.0,0.0,0.11538461538461539,43,43,48,0.7073170731707317,0.7073170731707317,0.8292682926829268,0.793999,1.519561,6.157521,0.0,0.025210084033613446,0.23255813953488372,87,87,102
470,0.9067796610169492,0.5932203389830508,0.6864406779661016,51.10369300000019,49.87926666666682,94.886441,0.0,0.8105263157894737,0.9206349206349206,107,70,81,0.7627118644067796,0.6949152542372882,0.8135593220338984,3.848617,6.5469095714285706,31.212320096681097,0.0,0.0,0.1111111111111111,45,41,48,0.7073170731707317,0.7073170731707317,0.8536585365853658,0.747535,1.527127,6.156146,0.008264462809917356,0.017241379310344827,0.22727272727272727,87,87,105
471,0.9067796610169492,0.6101694915254238,0.7033898305084746,55.54664866666685,51.45649966666683,94.66787466666666,0.1,0.8777777777777778,0.8923076923076924,107,72,83,0.711864406779661,0.6949152542372882,0.864406779661017,4.098699,6.657953571428572,31.07386543001443,0.0,0.0,0.1111111111111111,42,41,51,0.6991869918699187,0.7073170731707317,0.8536585365853658,0.804009,1.571997,6.150739,0.0,0.0,0.22727272727272727,86,87,105
472,0.8983050847457628,0.6016949152542372,0.7033898305084746,53.59542166666685,52.64329233333349,94.80574233333334,0.1111111111111111,0.8522727272727273,0.9354838709677419,106,71,83,0.711864406779661,0.6949152542372882,0.864406779661017,3.7723015714285713,6.997221935064935,31.07117846031746,0.0,0.0,0.1111111111111111,42,41,51,0.7073170731707317,0.7073170731707317,0.8455284552845529,0.794461,1.556122,6.157891,0.0,0.01639344262295082,0.23404255319148937,87,87,104
473,0.923728813559322,0.6186440677966102,0.6694915254237288,52.74114100000019,50.77170933333347,94.49189066666666,0.10526315789473684,0.8390804597701149,0.9193548387096774,109,73,79,0.7288135593220338,0.6949152542372882,0.864406779661017,3.7605484285714286,7.0769332987013,31.709691460317458,0.0,0.0,0.125,43,41,51,0.7154471544715447,0.7154471544715447,0.8536585365853658,0.730125,1.54022,6.172039,0.0,0.016129032258064516,0.22916666666666666,88,88,105
474,0.9152542372881356,0.6101694915254238,0.6949152542372882,48.924524666666855,49.798298333333484,94.876208,0.15384615384615385,0.8674698795180723,0.8676470588235294,108,72,82,0.711864406779661,0.6779661016949152,0.8813559322033898,3.640069,7.113074844155844,31.439039096681096,0.0,0.0,0.14285714285714285,42,40,52,0.7073170731707317,0.7073170731707317,0.8617886178861789,0.788068,1.570365,6.179849,0.0,0.00819672131147541,0.2391304347826087,87,87,106
475,0.8898305084745762,0.6101694915254238,0.7033898305084746,55.47566400000019,51.22405500000015,95.95617333333333,0.047619047619047616,0.8571428571428571,0.9516129032258065,105,72,83,0.7288135593220338,0.6779661016949152,0.864406779661017,4.025626,7.277941369408368,31.520229096681096,0.0,0.0,0.13636363636363635,43,40,51,0.7154471544715447,0.6991869918699187,0.8617886178861789,0.7592,1.536755,6.217353,0.0,0.01639344262295082,0.2558139534883721,88,86,106
476,0.9152542372881356,0.6101694915254238,0.7033898305084746,48.942957000000185,50.21605233333349,95.81763766666666,0.10526315789473684,0.9156626506024096,0.8923076923076924,108,72,83,0.7457627118644068,0.7288135593220338,0.864406779661017,3.901173,7.209595571428572,31.584546096681095,0.0,0.0,0.15,44,43,51,0.7154471544715447,0.6991869918699187,0.8536585365853658,0.781231,1.573425,6.171745,0.0,0.01652892561983471,0.2558139534883721,88,86,105
477,0.9576271186440678,0.6440677966101694,0.7457627118644068,54.84070433333352,51.46452933333348,94.763346,0.08333333333333333,0.7741935483870968,0.8450704225352113,113,76,88,0.7796610169491526,0.7796610169491526,0.864406779661017,3.958122,6.647720935064936,31.686575096681096,0.0,0.0,0.16666666666666666,46,46,51,0.7073170731707317,0.6910569105691057,0.8699186991869918,0.770383,1.579599,6.220908,0.0,0.02459016393442623,0.24444444444444444,87,85,107
478,0.940677966101695,0.652542372881356,0.7457627118644068,55.16374766666685,53.477725666666814,98.058727,0.10526315789473684,0.8409090909090909,0.8939393939393939,111,77,88,0.7627118644067796,0.7288135593220338,0.8813559322033898,3.761967,6.912500207792209,31.333335096681097,0.0,0.0,0.125,45,43,52,0.7154471544715447,0.6910569105691057,0.8617886178861789,0.803587,1.557262,6.231532,0.0,0.016260162601626018,0.22448979591836735,88,85,106
479,0.9576271186440678,0.6610169491525424,0.7542372881355932,54.14838066666687,53.301558000000156,97.472817,0.09090909090909091,0.872093023255814,0.90625,113,78,89,0.7627118644067796,0.7288135593220338,0.847457627118644,4.121816571428571,7.2908896825396825,31.291663096681095,0.0,0.0,0.14285714285714285,45,43,50,0.7235772357723578,0.6991869918699187,0.8617886178861789,0.780287,1.551833,6.231311,0.0,0.0,0.22916666666666666,89,86,106
480,0.940677966101695,0.652542372881356,0.7542372881355932,53.286051000000185,52.034957333333494,97.483536,0.08695652173913043,0.8390804597701149,0.9206349206349206,111,77,89,0.7627118644067796,0.7288135593220338,0.847457627118644,3.977927,7.128908823953824,31.521267096681097,0.0,0.0,0.15,45,43,50,0.7235772357723578,0.6829268292682927,0.8699186991869918,0.755059,1.521899,6.21809,0.0,0.0,0.22916666666666666,89,84,107
481,0.9491525423728814,0.6610169491525424,0.7457627118644068,51.15509266666685,53.4886113333335,96.69197933333332,0.09090909090909091,0.8505747126436781,0.9047619047619048,112,78,88,0.7627118644067796,0.7288135593220338,0.847457627118644,4.104763,7.229521207792208,31.295040096681095,0.0,0.0,0.13636363636363635,45,43,50,0.7479674796747967,0.6829268292682927,0.8617886178861789,0.781388,1.564674,6.209147,0.0,0.0,0.23404255319148937,92,84,106
482,0.9661016949152542,0.6610169491525424,0.7457627118644068,54.628683333333534,53.299926333333495,98.376208,0.09523809523809523,0.8522727272727273,0.9206349206349206,114,78,88,0.7796610169491526,0.7457627118644068,0.847457627118644,3.659656,7.307273935064935,31.536447096681094,0.0,0.0,0.15,46,44,50,0.7398373983739838,0.6829268292682927,0.8617886178861789,0.735626,1.583849,6.202907,0.0,0.0,0.24444444444444444,91,84,106
483,0.9322033898305084,0.6610169491525424,0.7372881355932204,55.15263933333352,51.38917033333348,97.341471,0.07142857142857142,0.8131868131868132,0.9180327868852459,110,78,87,0.7457627118644068,0.7288135593220338,0.847457627118644,3.5985945714285714,6.699420935064935,31.469159096681096,0.0,0.0,0.15,44,43,50,0.7479674796747967,0.6829268292682927,0.8617886178861789,0.766846,1.538392,6.202733,0.0,0.0,0.2619047619047619,92,84,106
484,0.9745762711864406,0.6610169491525424,0.7372881355932204,55.748601666666865,52.50649966666683,98.46793266666666,0.09090909090909091,0.8823529411764706,0.875,115,78,87,0.7627118644067796,0.711864406779661,0.864406779661017,3.975973,7.276219682539682,31.401134096681094,0.0,0.0,0.13043478260869565,45,42,51,0.7479674796747967,0.6829268292682927,0.8617886178861789,0.775193,1.536616,6.183224,0.0,0.0,0.2558139534883721,92,84,106
485,0.940677966101695,0.6779661016949152,0.7542372881355932,55.26964633333353,50.79261266666682,98.176208,0.125,0.9135802469135802,0.8615384615384616,111,80,89,0.7457627118644068,0.7288135593220338,0.847457627118644,4.029034,7.270958823953823,31.582620096681097,0.0,0.0,0.15,44,43,50,0.7479674796747967,0.6747967479674797,0.8699186991869918,0.761812,1.557586,6.223357,0.0,0.0,0.2682926829268293,92,83,107
486,0.940677966101695,0.6610169491525424,0.7542372881355932,56.62668066666686,53.23183833333349,97.38885966666666,0.08695652173913043,0.8705882352941177,0.9482758620689655,111,78,89,0.7457627118644068,0.7627118644067796,0.8305084745762712,4.27311,7.235476207792209,31.672696096681097,0.0,0.0,0.15789473684210525,44,45,49,0.7398373983739838,0.6747967479674797,0.8699186991869918,0.743489,1.573073,6.204984,0.0,0.0,0.25,91,83,107
487,0.9745762711864406,0.6694915254237288,0.7457627118644068,54.32332000000019,54.500108333333486,96.65136533333333,0.11764705882352941,0.8202247191011236,0.9,115,79,88,0.7288135593220338,0.7288135593220338,0.847457627118644,3.889725,7.036427571428572,31.748456096681096,0.0,0.0,0.14285714285714285,43,43,50,0.7317073170731707,0.6829268292682927,0.8699186991869918,0.740295,1.572388,6.222223,0.0,0.0,0.22727272727272727,90,84,107
488,0.9661016949152542,0.6610169491525424,0.7457627118644068,59.81255933333353,54.292102000000156,100.35225933333335,0.058823529411764705,0.8837209302325582,0.9137931034482759,114,78,88,0.7457627118644068,0.711864406779661,0.8305084745762712,4.463029,7.500326935064936,31.721795096681095,0.0,0.0,0.14285714285714285,44,42,49,0.7235772357723578,0.6829268292682927,0.8699186991869918,0.753881,1.554482,6.243656,0.0,0.0,0.23809523809523808,89,84,107
489,0.940677966101695,0.6101694915254238,0.7457627118644068,56.487645000000185,54.77607866666684,98.11767066666665,0.0,0.8571428571428571,0.8571428571428571,111,72,88,0.7457627118644068,0.711864406779661,0.847457627118644,4.064596,6.903166682539682,31.912490985569985,0.0,0.0,0.13636363636363635,44,42,50,0.7154471544715447,0.6991869918699187,0.8780487804878049,0.783208,1.535492,6.26568,0.0,0.0,0.24390243902439024,88,86,108
490,0.9491525423728814,0.5932203389830508,0.7457627118644068,60.656475000000185,54.37473933333351,98.657038,0.0,0.8910891089108911,0.9152542372881356,112,70,88,0.7457627118644068,0.711864406779661,0.847457627118644,4.139641,6.9596018239538235,32.02197798556998,0.0,0.0,0.10526315789473684,44,42,50,0.7317073170731707,0.7154471544715447,0.8780487804878049,0.795427,1.521241,6.326435,0.0,0.0,0.2631578947368421,90,88,108
491,0.9576271186440678,0.6186440677966102,0.7288135593220338,60.75799866666686,53.85612333333351,100.24373666666668,0.0,0.883495145631068,0.9322033898305084,113,73,86,0.7966101694915254,0.7457627118644068,0.847457627118644,3.681769,6.991128207792208,31.916337985569985,0.0,0.0,0.0,47,44,50,0.7235772357723578,0.7073170731707317,0.8780487804878049,0.768207,1.521811,6.320964,0.0,0.0,0.24390243902439024,89,87,108
492,0.9661016949152542,0.576271186440678,0.7372881355932204,54.594533333333516,54.294425666666825,100.00804933333333,0.0,0.9207920792079208,0.8888888888888888,114,68,87,0.7796610169491526,0.7288135593220338,0.8305084745762712,4.0554,7.486501460317461,32.12428098556998,0.0,0.0,0.05555555555555555,46,43,49,0.7317073170731707,0.7154471544715447,0.8699186991869918,0.819826,1.52007,6.326977,0.0,0.008064516129032258,0.25,90,88,107
493,0.9576271186440678,0.5508474576271186,0.7288135593220338,56.98167633333352,55.714046333333506,100.55744133333333,0.0,0.9181818181818182,0.9047619047619048,113,65,86,0.7966101694915254,0.711864406779661,0.8813559322033898,3.632438,7.480430571428572,32.14324131890332,0.0,0.0,0.0,47,42,52,0.7317073170731707,0.7154471544715447,0.8699186991869918,0.756118,1.525788,6.360296,0.0,0.007936507936507936,0.24390243902439024,90,88,107
494,0.9576271186440678,0.5677966101694916,0.7457627118644068,58.780443000000176,53.62723066666683,99.25508266666667,0.0,0.9035087719298246,0.9016393442622951,113,67,88,0.7966101694915254,0.7457627118644068,0.8813559322033898,4.479085,7.5971205714285714,32.18752098556998,0.0,0.0,0.0,47,44,52,0.7235772357723578,0.7235772357723578,0.8780487804878049,0.758007,1.516955,6.374698,0.0,0.007936507936507936,0.25,89,89,108
495,0.9830508474576272,0.5254237288135594,0.7288135593220338,56.36092533333352,54.26374633333351,99.71461033333333,0.0,0.9026548672566371,0.8529411764705882,116,62,86,0.7966101694915254,0.7288135593220338,0.864406779661017,3.942448,7.497633935064935,32.425361985569985,0.0,0.0,0.0,47,43,51,0.7317073170731707,0.7073170731707317,0.8699186991869918,0.714533,1.515317,6.390725,0.0,0.016,0.24390243902439024,90,87,107
496,0.9491525423728814,0.5254237288135594,0.7203389830508474,56.83608633333352,53.62181566666682,100.20990466666667,0.0,0.8991596638655462,0.9508196721311475,112,62,85,0.7966101694915254,0.7288135593220338,0.847457627118644,4.194963,7.486421349206349,32.417048985569984,0.0,0.0,0.0,47,43,50,0.7398373983739838,0.7073170731707317,0.8617886178861789,0.727441,1.501373,6.416337,0.0,0.008130081300813009,0.23809523809523808,91,87,106
497,0.9661016949152542,0.5,0.7288135593220338,56.68622133333352,53.13090233333351,101.62716733333333,0.0,0.9090909090909091,0.9375,114,59,86,0.7796610169491526,0.7457627118644068,0.864406779661017,4.083943,7.407436298701298,32.35269465223665,0.0,0.0,0.0,46,44,51,0.7479674796747967,0.7154471544715447,0.8536585365853658,0.760564,1.493908,6.475417,0.0,0.008,0.2127659574468085,92,88,105
498,0.9322033898305084,0.4915254237288136,0.7203389830508474,56.521835000000195,55.52827433333349,100.20243766666667,0.0,0.8604651162790697,0.96875,110,58,85,0.7796610169491526,0.711864406779661,0.8813559322033898,3.945979,7.426786682539682,32.71280498556998,0.0,0.0,0.0,46,42,52,0.7398373983739838,0.7317073170731707,0.8617886178861789,0.737861,1.5164,6.450389,0.0,0.015748031496062992,0.21739130434782608,91,90,106
499,0.9491525423728814,0.5,0.7203389830508474,56.391754000000184,54.59183366666682,100.271513,0.0,0.936,0.9253731343283582,112,59,85,0.7627118644067796,0.6949152542372882,0.864406779661017,4.124326,7.327694844155844,32.44353531890332,0.0,0.0,0.0,45,41,51,0.7479674796747967,0.7317073170731707,0.8536585365853658,0.711927,1.546962,6.518015,0.0,0.0234375,0.24390243902439024,92,90,105
500,0.9745762711864406,0.4745762711864407,0.711864406779661,55.809382000000184,56.86869233333349,101.54383399999999,0.0,0.95,0.9393939393939394,115,56,84,0.7627118644067796,0.711864406779661,0.864406779661017,4.347656,7.49256640981241,32.76924165223665,0.0,0.0,0.0,45,42,51,0.7317073170731707,0.7235772357723578,0.8699186991869918,0.709736,1.560248,6.493321,0.0,0.023809523809523808,0.2222222222222222,90,89,107
501,0.9576271186440678,0.4915254237288136,0.7288135593220338,58.30068300000019,51.99330466666684,100.10245833333333,0.0,0.8962962962962963,0.9545454545454546,113,58,86,0.7457627118644068,0.6949152542372882,0.8813559322033898,3.833193,7.8432172077922075,32.567928985569985,0.0,0.0,0.0,44,41,52,0.7235772357723578,0.7317073170731707,0.8617886178861789,0.733948,1.577163,6.516696,0.0,0.0234375,0.2222222222222222,89,90,106
502,0.9830508474576272,0.4830508474576271,0.7203389830508474,55.33263933333354,50.94160766666683,100.967343,0.0,0.8947368421052632,0.9696969696969697,116,57,85,0.7288135593220338,0.6949152542372882,0.8983050847457628,4.267421,7.47066648051948,32.65914362193362,0.0,0.0,0.0,43,41,53,0.7235772357723578,0.7317073170731707,0.8699186991869918,0.76678,1.587092,6.521725,0.0,0.023622047244094488,0.2222222222222222,89,90,107
503,0.923728813559322,0.4830508474576271,0.7203389830508474,55.45825866666686,53.044083666666836,100.85498133333333,0.0,0.9307692307692308,0.9154929577464789,109,57,85,0.7288135593220338,0.6949152542372882,0.8813559322033898,3.766362,8.202363460317459,32.67595034920635,0.0,0.0,0.0,43,41,52,0.7154471544715447,0.7073170731707317,0.8699186991869918,0.708123,1.602593,6.52114,0.0,0.023809523809523808,0.21739130434782608,88,87,107
504,0.940677966101695,0.4661016949152542,0.7288135593220338,56.307233000000195,54.08267633333351,99.707931,0.0,0.9375,0.8985507246376812,111,55,86,0.7288135593220338,0.7288135593220338,0.8813559322033898,3.768506,7.305572046176044,32.60752998556998,0.0,0.0,0.0,43,43,52,0.7235772357723578,0.7154471544715447,0.8699186991869918,0.740599,1.64851,6.581103,0.0,0.015625,0.22727272727272727,89,88,107
505,0.9576271186440678,0.4745762711864407,0.7203389830508474,56.94515000000018,50.959004666666836,101.10076566666666,0.0,0.9147286821705426,0.96875,113,56,85,0.7288135593220338,0.711864406779661,0.864406779661017,3.74642,7.716448571428571,32.59046162193363,0.0,0.0,0.0,43,42,51,0.7235772357723578,0.7154471544715447,0.8617886178861789,0.737675,1.665381,6.617775,0.0,0.008064516129032258,0.2222222222222222,89,88,106
506,0.9491525423728814,0.4576271186440678,0.6864406779661016,56.40998433333352,53.55636700000018,101.60253633333333,0.0,0.9291338582677166,0.9850746268656716,112,54,81,0.7457627118644068,0.6949152542372882,0.864406779661017,4.279151,7.927858096681096,32.67774365223665,0.0,0.0,0.0,44,41,51,0.7317073170731707,0.7154471544715447,0.8699186991869918,0.735683,1.599119,6.674081,0.0,0.007874015748031496,0.22727272727272727,90,88,107
507,0.9491525423728814,0.4830508474576271,0.7033898305084746,56.41902733333354,54.128993666666844,99.67703233333333,0.0,0.8796992481203008,0.9066666666666666,112,57,83,0.7288135593220338,0.7288135593220338,0.864406779661017,3.835875,7.876516187590187,32.88362698556998,0.0,0.0,0.0,43,43,51,0.7235772357723578,0.7073170731707317,0.8699186991869918,0.776028,1.63944,6.657034,0.0,0.008064516129032258,0.22727272727272727,89,87,107
508,0.923728813559322,0.4915254237288136,0.7033898305084746,58.36267733333353,54.33561666666684,100.059164,0.0,0.916030534351145,0.9577464788732394,109,58,83,0.7288135593220338,0.711864406779661,0.864406779661017,3.926503,7.323306571428571,33.12246631890332,0.0,0.0,0.0,43,42,51,0.7154471544715447,0.7154471544715447,0.8699186991869918,0.76288,1.608828,6.646785,0.0,0.007936507936507936,0.21739130434782608,88,88,107
509,0.9576271186440678,0.2457627118644068,0.5338983050847458,55.06040200000019,27.174696333333433,55.745342,0.0,0.9439252336448598,0.967741935483871,113,29,63,0.711864406779661,0.23728813559322035,0.7457627118644068,4.317735,3.1542858441558455,18.68938151082251,0.0,0.0,0.0,42,14,44,0.7154471544715447,0.43902439024390244,0.7235772357723578,0.76054,0.578957,3.760818,0.0,0.0,0.23255813953488372,88,54,89
510,0.9576271186440678,0.2457627118644068,0.5423728813559322,55.0371680000002,27.699009000000103,55.463813333333334,0.0,0.8867924528301887,0.8292682926829268,113,29,64,0.711864406779661,0.23728813559322035,0.7457627118644068,4.203812,3.0012502077922085,18.612613510822513,0.0,0.0,0.0,42,14,44,0.7235772357723578,0.43902439024390244,0.7154471544715447,0.805262,0.632819,3.738636,0.0,0.0,0.21739130434782608,89,54,88
511,0.9661016949152542,0.2457627118644068,0.5423728813559322,55.03036700000018,27.170622666666763,55.17214666666666,0.0,0.9111111111111111,1.0,114,29,64,0.711864406779661,0.288135593220339,0.6949152542372882,4.139293,3.2140320966810974,18.64440451082251,0.0,0.0,0.0,42,17,41,0.7235772357723578,0.43089430894308944,0.6747967479674797,0.777453,0.654165,3.756063,0.0,0.02564102564102564,0.2127659574468085,89,53,83
512,0.9067796610169492,0.2288135593220339,0.5423728813559322,56.692335333333524,27.338000000000097,55.05614466666666,0.0,0.8363636363636363,0.96875,107,27,64,0.711864406779661,0.23728813559322035,0.6949152542372882,4.356389,3.1345772077922085,18.685268510822514,0.0,0.07407407407407407,0.0,42,14,41,0.7398373983739838,0.4065040650406504,0.6910569105691057,0.784401,0.594024,3.782476,0.0,0.1875,0.1956521739130435,91,50,85
513,0.9576271186440678,0.22033898305084745,0.5423728813559322,58.39295033333352,27.81130733333343,55.872146666666666,0.0,0.9423076923076923,0.972972972972973,113,26,64,0.6779661016949152,0.2033898305084746,0.6949152542372882,4.301148,3.2387520461760473,18.649057510822512,0.0,0.13043478260869565,0.0,40,12,41,0.7235772357723578,0.3821138211382114,0.6910569105691057,0.730752,0.673137,3.751511,0.0,0.3,0.22727272727272727,89,47,85
514,0.940677966101695,0.19491525423728814,0.5423728813559322,54.43749700000021,27.41397466666676,54.38420866666665,0.0,0.9615384615384616,1.0,111,23,64,0.6779661016949152,0.2711864406779661,0.7457627118644068,4.194244,2.965740935064936,19.000182510822512,0.0,0.08,0.0,40,16,44,0.6991869918699187,0.37398373983739835,0.7073170731707317,0.776,0.644849,3.750287,0.00819672131147541,0.36,0.2127659574468085,86,46,87
515,0.9830508474576272,0.211864406779661,0.5338983050847458,55.854467666666864,26.515944000000097,53.68420866666665,0.0,0.9215686274509803,1.0,116,25,63,0.6610169491525424,0.23728813559322035,0.6949152542372882,3.981454,3.189961733044734,18.88905751082251,0.0,0.17857142857142858,0.0,39,14,41,0.6910569105691057,0.3089430894308943,0.6991869918699187,0.745199,0.692981,3.791233,0.0,0.4077669902912621,0.2708333333333333,85,38,86
516,0.9661016949152542,0.2033898305084746,0.5254237288135594,56.12682566666685,27.76397466666677,54.38420866666665,0.14285714285714285,0.8545454545454545,0.9318181818181818,114,24,62,0.6779661016949152,0.2033898305084746,0.6949152542372882,4.37195,2.982232777777779,18.70014151082251,0.0,0.2413793103448276,0.0,40,12,41,0.6910569105691057,0.2845528455284553,0.6991869918699187,0.72586,0.704513,3.77017,0.0,0.4536082474226804,0.34146341463414637,85,35,86
517,0.9661016949152542,0.22033898305084745,0.5423728813559322,52.64702333333352,53.03527666666684,96.40068333333332,0.14285714285714285,0.9130434782608695,0.9387755102040817,114,26,64,0.6949152542372882,0.7627118644067796,0.9491525423728814,4.117186,7.128997985569984,33.64497965223665,0.0,0.09375,0.0,41,45,56,0.6991869918699187,0.4065040650406504,0.7804878048780488,0.754261,1.705411,6.805729,0.0,0.4144144144144144,0.30612244897959184,86,50,96
518,0.9576271186440678,0.4491525423728814,0.6101694915254238,53.63814833333354,53.82747366666683,95.07589599999999,0.13333333333333333,0.7372881355932204,0.8285714285714286,113,53,72,0.6949152542372882,0.6949152542372882,0.9322033898305084,3.605148,8.14640692063492,33.89295365223665,0.0,0.0975609756097561,0.0,41,41,55,0.7073170731707317,0.4796747967479675,0.8130081300813008,0.779096,1.750732,6.792133,0.0,0.3560606060606061,0.32608695652173914,87,59,100
519,0.9322033898305084,0.4576271186440678,0.6694915254237288,51.68793700000021,59.833542333333504,98.07589599999999,0.10526315789473684,0.9,0.8461538461538461,110,54,79,0.6949152542372882,0.6271186440677966,0.9152542372881356,4.233385,8.008289258297257,34.157226652236645,0.0,0.06,0.0,41,37,54,0.6991869918699187,0.5121951219512195,0.8211382113821138,0.745594,1.725191,6.868163,0.0,0.47305389221556887,0.39215686274509803,86,63,101
520,0.9322033898305084,0.4491525423728814,0.652542372881356,51.80396066666685,61.5880503333335,100.57589599999999,0.09523809523809523,0.9516129032258065,0.958904109589041,110,53,77,0.6949152542372882,0.6271186440677966,0.9322033898305084,4.205932,7.8214009855699835,34.187260652236645,0.0,0.05555555555555555,0.0,41,37,55,0.7073170731707317,0.5203252032520326,0.8130081300813008,0.773225,1.737125,6.911911,0.0,0.532967032967033,0.45614035087719296,87,64,100
521,0.940677966101695,0.4491525423728814,0.6694915254237288,52.41091633333354,61.52366200000018,99.47441999999998,0.07692307692307693,0.9696969696969697,0.9620253164556962,111,53,79,0.711864406779661,0.6101694915254238,0.9322033898305084,4.496353,8.21218371284271,34.21022065223665,0.0,0.05454545454545454,0.0,42,36,55,0.7154471544715447,0.5447154471544715,0.8048780487804879,0.811797,1.803558,6.928274,0.0,0.5425531914893617,0.5,88,67,99
522,0.9322033898305084,0.4576271186440678,0.6694915254237288,54.86769833333353,59.018727666666834,98.77316866666668,0.043478260869565216,0.9411764705882353,0.987012987012987,110,54,79,0.7288135593220338,0.5932203389830508,0.9322033898305084,4.282671,7.948492258297257,34.18163565223665,0.0,0.05357142857142857,0.0,43,35,55,0.7235772357723578,0.5609756097560976,0.8048780487804879,0.783095,1.773867,6.936956,0.0,0.5435897435897435,0.4745762711864407,89,69,99
523,0.9745762711864406,0.4491525423728814,0.6694915254237288,50.093725000000184,56.71927233333351,99.06415399999999,0.07407407407407407,0.9333333333333333,0.974025974025974,115,53,79,0.7288135593220338,0.576271186440678,0.9322033898305084,4.360451,8.081190965367963,34.43580608080808,0.0,0.05555555555555555,0.0,43,34,55,0.7154471544715447,0.5853658536585366,0.8292682926829268,0.810668,1.757752,6.969647,0.0,0.5357142857142857,0.5178571428571429,88,72,102
524,0.940677966101695,0.4576271186440678,0.6694915254237288,54.03410666666687,58.09981833333351,98.57589599999999,0.16666666666666666,0.9416058394160584,0.9629629629629629,111,54,79,0.7627118644067796,0.6440677966101694,0.8983050847457628,4.349765,7.435948874458873,34.13895965223665,0.0,0.034482758620689655,0.0,45,38,53,0.7235772357723578,0.6016260162601627,0.8455284552845529,0.752034,1.735019,7.002704,0.0,0.5263157894736842,0.47368421052631576,89,74,104
525,0.9322033898305084,0.4576271186440678,0.6610169491525424,50.73620100000019,56.11937866666685,97.89230199999999,0.09523809523809523,0.920863309352518,0.9743589743589743,110,54,78,0.7627118644067796,0.6779661016949152,0.8983050847457628,4.39242,7.825634783549781,34.12020231890332,0.0,0.038461538461538464,0.11764705882352941,45,40,53,0.7235772357723578,0.6016260162601627,0.8373983739837398,0.749748,1.77621,6.995368,0.0,0.5139664804469274,0.5094339622641509,89,74,103
526,0.9915254237288136,0.4491525423728814,0.6694915254237288,53.7956820000002,57.1895733333335,98.07589599999999,0.07142857142857142,0.9411764705882353,0.9487179487179487,117,53,79,0.7627118644067796,0.6949152542372882,0.8983050847457628,4.3158,8.344626763347762,34.15781134920635,0.0,0.03773584905660377,0.05,45,41,53,0.7154471544715447,0.5934959349593496,0.8455284552845529,0.796296,1.794908,7.010693,0.0,0.46551724137931033,0.47368421052631576,88,73,104
527,0.9576271186440678,0.4576271186440678,0.6779661016949152,54.520173666666864,57.12261400000017,97.41635799999999,0.058823529411764705,0.9347826086956522,0.9736842105263158,113,54,80,0.7966101694915254,0.6949152542372882,0.8983050847457628,4.412322,7.5616066219336195,34.24365262193363,0.0,0.03571428571428571,0.0,47,41,53,0.7235772357723578,0.6016260162601627,0.8211382113821138,0.827682,1.80686,7.111576,0.0,0.5079365079365079,0.5,89,74,101
528,0.940677966101695,0.4576271186440678,0.6694915254237288,54.35174600000018,57.814571333333504,96.57589599999999,0.04,0.9307692307692308,0.9733333333333334,111,54,79,0.7966101694915254,0.7288135593220338,0.8983050847457628,4.00474,7.75374471284271,34.29823862193362,0.0,0.04,0.058823529411764705,47,43,53,0.7235772357723578,0.6178861788617886,0.8211382113821138,0.803661,1.863464,7.02929,0.0,0.5106382978723404,0.43333333333333335,89,76,101
529,0.940677966101695,0.4491525423728814,0.6779661016949152,57.47823200000019,57.02910233333351,99.07882266666665,0.15384615384615385,0.9185185185185185,0.9605263157894737,111,53,80,0.7966101694915254,0.7457627118644068,0.8813559322033898,4.38135,8.194776005772004,34.472194621933625,0.0,0.03636363636363636,0.0,47,44,52,0.7398373983739838,0.6016260162601627,0.8373983739837398,0.786355,1.909228,7.067878,0.0,0.5191256830601093,0.4727272727272727,91,74,103
530,0.9830508474576272,0.4491525423728814,0.6779661016949152,52.76016733333352,57.915489333333504,99.07589599999999,0.11764705882352941,0.8857142857142857,0.9733333333333334,116,53,80,0.7627118644067796,0.6949152542372882,0.8983050847457628,4.18185,8.031245258297256,34.41649728860029,0.0,0.038461538461538464,0.0,45,41,53,0.7235772357723578,0.6097560975609756,0.8292682926829268,0.827208,1.894435,7.08058,0.0,0.4777777777777778,0.49056603773584906,89,75,102
531,0.9491525423728814,0.4491525423728814,0.6694915254237288,52.088019000000195,58.55755700000019,98.57589599999999,0.1,0.953125,0.9864864864864865,112,53,79,0.7627118644067796,0.6610169491525424,0.8983050847457628,4.131197,8.297165460317458,34.49670425829726,0.0,0.038461538461538464,0.0,45,39,53,0.7398373983739838,0.5772357723577236,0.8292682926829268,0.826241,1.940536,7.096143,0.0,0.5027322404371585,0.48148148148148145,91,71,102
532,0.9576271186440678,0.4491525423728814,0.6779661016949152,53.21963833333352,57.30504933333351,99.78654299999998,0.10526315789473684,0.9202898550724637,0.9863013698630136,113,53,80,0.7796610169491526,0.6610169491525424,0.9152542372881356,4.441653,8.46385771284271,34.96572662193363,0.0,0.05454545454545454,0.0,46,39,54,0.7479674796747967,0.5691056910569106,0.8292682926829268,0.808448,1.956513,7.118754,0.0,0.4946808510638298,0.48148148148148145,92,70,102
533,0.9576271186440678,0.4322033898305085,0.6610169491525424,52.34361733333354,56.664567333333515,99.65922933333333,0.13333333333333333,0.9014084507042254,0.9487179487179487,113,51,78,0.7796610169491526,0.6949152542372882,0.9322033898305084,4.833393,8.148707460317459,34.919091621933624,0.0,0.0392156862745098,0.0,46,41,55,0.7479674796747967,0.6097560975609756,0.8536585365853658,0.802098,2.058385,7.109325,0.0,0.48188405797101447,0.2375,92,75,105
534,0.9745762711864406,0.4491525423728814,0.6779661016949152,56.19482566666685,57.130328333333516,98.57589599999999,0.11764705882352941,0.9473684210526315,0.9733333333333334,115,53,80,0.7966101694915254,0.6779661016949152,0.9152542372881356,4.433594,7.943302894660893,35.238717621933624,0.0,0.03571428571428571,0.0,47,40,54,0.7398373983739838,0.5691056910569106,0.8373983739837398,0.756375,2.140444,7.124723,0.0,0.5114942528735632,0.4166666666666667,91,70,103
535,0.9745762711864406,0.4576271186440678,0.6694915254237288,54.470776333333525,56.93506866666685,98.69252233333333,0.15384615384615385,0.9130434782608695,1.0,115,54,79,0.7966101694915254,0.576271186440678,0.9322033898305084,4.683735,8.729847126984126,34.991258621933625,0.0,0.0392156862745098,0.0,47,34,55,0.7479674796747967,0.5691056910569106,0.8130081300813008,0.808325,2.118191,7.103369,0.0,0.4915254237288136,0.43333333333333335,92,70,100
536,0.9661016949152542,0.4576271186440678,0.6610169491525424,55.907385333333536,58.15143233333352,98.20471833333333,0.16666666666666666,0.9191176470588235,0.9473684210526315,114,54,78,0.7966101694915254,0.6779661016949152,0.9322033898305084,4.274284,8.022651965367961,34.87407328860028,0.0,0.03333333333333333,0.0,47,40,55,0.7479674796747967,0.5203252032520326,0.8211382113821138,0.733363,2.042349,7.109926,0.0,0.5138121546961326,0.43859649122807015,92,64,101
537,0.9576271186440678,0.4576271186440678,0.6779661016949152,52.43211533333353,57.30494466666685,98.67879599999999,0.14285714285714285,0.9548872180451128,0.9466666666666667,113,54,80,0.7966101694915254,0.6949152542372882,0.9322033898305084,4.659288,8.422096167388165,34.98774828860029,0.0,0.0196078431372549,0.0,47,41,55,0.7398373983739838,0.5691056910569106,0.8130081300813008,0.796505,2.085124,7.094805,0.0,0.4943820224719101,0.45614035087719296,91,70,100
538,0.9661016949152542,0.4576271186440678,0.6610169491525424,55.796692666666864,59.104114333333506,98.29088666666665,0.06666666666666667,0.9465648854961832,0.96,114,54,78,0.7796610169491526,0.7457627118644068,0.9322033898305084,4.032573,8.706415652236652,35.03477931890331,0.0,0.0,0.0,46,44,55,0.7154471544715447,0.6016260162601627,0.8130081300813008,0.755082,2.062632,7.089245,0.0,0.5,0.4642857142857143,88,74,100
539,0.9830508474576272,0.4491525423728814,0.6779661016949152,55.977112000000204,59.317346000000164,99.59648866666666,0.0,0.927536231884058,0.9605263157894737,116,53,80,0.7796610169491526,0.7288135593220338,0.9152542372881356,4.554869,8.46174809090909,34.79922795526695,0.0,0.0,0.0,46,43,54,0.7154471544715447,0.6016260162601627,0.8292682926829268,0.719828,2.12641,7.066005,0.0,0.5287356321839081,0.5,88,74,102
540,0.9745762711864406,0.4491525423728814,0.6864406779661016,56.87018066666687,58.457121000000186,99.61708133333333,0.0,0.9202898550724637,0.96,115,53,81,0.7796610169491526,0.7288135593220338,0.8983050847457628,4.461524,8.075315318903316,35.071458591630595,0.0,0.0,0.0,46,43,53,0.7154471544715447,0.5853658536585366,0.8373983739837398,0.780519,2.101461,7.083752,0.0,0.5290697674418605,0.5,88,72,103
541,0.9661016949152542,0.4661016949152542,0.6779661016949152,59.16880733333354,60.48467800000017,100.67982199999999,0.0,0.9323308270676691,0.958904109589041,114,55,80,0.7627118644067796,0.6779661016949152,0.9152542372881356,4.449902,8.720098147186143,34.98661862193362,0.0,0.0,0.0,45,40,54,0.7317073170731707,0.5853658536585366,0.8536585365853658,0.816807,2.049325,7.099332,0.0,0.5294117647058824,0.5098039215686274,90,72,105
542,0.9576271186440678,0.4915254237288136,0.6694915254237288,59.49820133333354,63.54281566666685,100.67982199999999,0.0,0.9015151515151515,0.96,113,58,79,0.7627118644067796,0.711864406779661,0.8983050847457628,5.418739,8.19545662193362,34.877359955266954,0.0,0.0,0.0,45,42,53,0.7317073170731707,0.6260162601626016,0.8699186991869918,0.798043,2.070787,7.095402,0.0,0.5476190476190477,0.52,90,77,107
543,0.9745762711864406,0.4830508474576271,0.6864406779661016,56.5285110000002,61.38545700000019,101.09648866666666,0.0,0.9230769230769231,0.961038961038961,115,57,81,0.7627118644067796,0.711864406779661,0.8983050847457628,4.883401,8.185267953823953,35.03006995526695,0.0,0.0,0.0,45,42,53,0.7317073170731707,0.6260162601626016,0.8699186991869918,0.764684,2.082499,7.126789,0.0,0.5748502994011976,0.5531914893617021,90,77,107
544,0.9491525423728814,0.5,0.6694915254237288,54.738798333333534,61.64612133333352,100.48681933333333,0.0,0.8787878787878788,1.0,112,59,79,0.7627118644067796,0.6779661016949152,0.8983050847457628,4.236987,8.126659985569983,34.86929995526695,0.0,0.0,0.0,45,40,53,0.7154471544715447,0.6097560975609756,0.8780487804878049,0.786878,2.092139,7.127119,0.0,0.5448717948717948,0.5416666666666666,88,75,108
545,0.9661016949152542,0.5,0.6864406779661016,58.6414880000002,60.37081033333351,102.66066799999999,0.0,0.9076923076923077,0.935064935064935,114,59,81,0.7627118644067796,0.6610169491525424,0.8813559322033898,4.622465,8.466066147186146,35.077016955266956,0.0,0.0,0.0,45,39,52,0.7398373983739838,0.6097560975609756,0.8780487804878049,0.825485,2.042594,7.128745,0.0,0.5408805031446541,0.5416666666666666,91,75,108
546,0.9661016949152542,0.5,0.6864406779661016,51.53306933333353,60.12438333333352,102.30490133333333,0.0,0.9133858267716536,0.948051948051948,114,59,81,0.7796610169491526,0.6440677966101694,0.864406779661017,4.433027,8.423463647907644,34.88522895526695,0.0,0.0,0.0,46,38,51,0.7479674796747967,0.6341463414634146,0.8780487804878049,0.829664,2.04172,7.116061,0.0,0.5151515151515151,0.5652173913043478,92,78,108
547,0.9576271186440678,0.5084745762711864,0.6779661016949152,58.16920633333353,61.81494666666685,101.32233866666665,0.0,0.8951612903225806,0.972972972972973,113,60,80,0.7796610169491526,0.6779661016949152,0.8983050847457628,4.420922,8.260877258297254,34.931138318903315,0.0,0.0,0.0,46,40,53,0.7398373983739838,0.6341463414634146,0.8780487804878049,0.811627,2.059481,7.114482,0.0,0.5365853658536586,0.5531914893617021,91,78,108
548,0.9661016949152542,0.5084745762711864,0.6779661016949152,56.820195000000204,59.714439333333516,101.03830099999999,0.0,0.9411764705882353,0.9466666666666667,114,60,80,0.7627118644067796,0.711864406779661,0.8983050847457628,4.176917,8.885383258297257,34.903281955266955,0.0,0.017857142857142856,0.0,45,42,53,0.7398373983739838,0.6260162601626016,0.8780487804878049,0.777017,2.064316,7.12851,0.0,0.4934210526315789,0.5652173913043478,91,77,108
549,0.9322033898305084,0.5084745762711864,0.6864406779661016,53.12808800000021,57.760258333333496,101.94775333333331,0.0,0.9112903225806451,0.9594594594594594,110,60,81,0.7627118644067796,0.6779661016949152,0.864406779661017,4.282416,8.877046571428568,35.05503228860029,0.0,0.0,0.0,45,40,51,0.7235772357723578,0.6260162601626016,0.8699186991869918,0.801104,2.157971,7.125829,0.0,0.48717948717948717,0.5454545454545454,89,77,107
550,0.9491525423728814,0.5084745762711864,0.6779661016949152,57.48877766666686,61.260788666666826,100.94775333333331,0.0,0.9090909090909091,1.0,112,60,80,0.7627118644067796,0.7457627118644068,0.8813559322033898,4.181536,8.81433955122655,34.955952621933626,0.0,0.0,0.0,45,44,52,0.7073170731707317,0.6341463414634146,0.8699186991869918,0.834616,2.225071,7.144384,0.0,0.4585987261146497,0.5,87,78,107
551,0.9661016949152542,0.5084745762711864,0.6779661016949152,56.96964533333353,60.86135533333351,102.53108666666665,0.0,0.9126984126984127,0.9605263157894737,114,60,80,0.7457627118644068,0.6779661016949152,0.864406779661017,4.574080571428571,8.458289783549782,34.90079195526695,0.0,0.0,0.0,44,40,51,0.7073170731707317,0.6260162601626016,0.8780487804878049,0.823211,2.155855,7.145208,0.0,0.4375,0.4897959183673469,87,77,108
552,0.9661016949152542,0.5,0.6610169491525424,58.00446866666686,61.326026666666834,101.82887999999998,0.0,0.9243697478991597,0.9726027397260274,114,59,78,0.7288135593220338,0.7796610169491526,0.847457627118644,4.241306,8.304931369408367,34.91248095526695,0.0,0.0,0.0,43,46,50,0.7073170731707317,0.6829268292682927,0.8780487804878049,0.765229,2.106224,7.154665,0.0,0.4125,0.5217391304347826,87,84,108
553,0.9322033898305084,0.5084745762711864,0.6779661016949152,61.13639500000019,58.55150566666684,101.94628933333331,0.0,0.8846153846153846,0.96,110,60,80,0.7457627118644068,0.7457627118644068,0.864406779661017,4.289095,9.029776551226549,35.301764591630594,0.0,0.0,0.0,44,44,51,0.7073170731707317,0.6666666666666666,0.8699186991869918,0.80076,2.120545,7.171254,0.0,0.4383561643835616,0.5333333333333333,87,82,107
554,0.9576271186440678,0.5084745762711864,0.6610169491525424,54.34041066666686,58.9698883333335,102.39784133333332,0.0,0.926829268292683,0.9863013698630136,113,60,78,0.7457627118644068,0.7457627118644068,0.8305084745762712,4.498664,8.165474096681093,35.20004731890331,0.0,0.0,0.0,44,44,49,0.6991869918699187,0.6666666666666666,0.8699186991869918,0.792047,2.113316,7.173041,0.0,0.4370860927152318,0.5333333333333333,86,82,107
555,0.9491525423728814,0.5254237288135594,0.7203389830508474,56.86266200000019,63.91235500000017,101.33946133333333,0.0,0.8916666666666667,0.8641975308641975,112,62,85,0.7288135593220338,0.7627118644067796,0.847457627118644,4.414112,8.149482894660892,35.018501955266956,0.0,0.0,0.0,43,45,50,0.6991869918699187,0.6666666666666666,0.8699186991869918,0.798546,2.109928,7.197013,0.0,0.4161073825503356,0.5853658536585366,86,82,107
556,0.9491525423728814,0.5508474576271186,0.7288135593220338,59.84865833333353,63.42397133333352,104.19775333333331,0.0,0.8898305084745762,0.9508196721311475,112,65,86,0.7288135593220338,0.7627118644067796,0.8135593220338984,4.788979,8.540275506493503,35.184469955266955,0.0,0.0,0.0,43,45,48,0.7073170731707317,0.6747967479674797,0.8699186991869918,0.815948,2.088944,7.233102,0.0,0.4189189189189189,0.5714285714285714,87,83,107
557,0.9491525423728814,0.5508474576271186,0.7457627118644068,56.962044666666856,61.52385033333352,104.53108666666665,0.0,0.944954128440367,0.9180327868852459,112,65,88,0.7457627118644068,0.7288135593220338,0.847457627118644,4.523594,8.60847689466089,35.16664495526695,0.0,0.0,0.0,44,43,50,0.7235772357723578,0.6666666666666666,0.8617886178861789,0.801789,2.087207,7.161245,0.0,0.4316546762589928,0.5333333333333333,89,82,106
558,0.9152542372881356,0.5338983050847458,0.7457627118644068,59.98449400000018,61.37688033333352,103.90917166666665,0.0,0.905982905982906,0.9636363636363636,108,63,88,0.7288135593220338,0.7457627118644068,0.847457627118644,4.370595,8.781268490620487,35.16842695526695,0.0,0.0,0.0,43,44,50,0.7154471544715447,0.6747967479674797,0.8617886178861789,0.809475,2.137822,7.185134,0.0,0.41496598639455784,0.5454545454545454,88,83,106
559,0.9745762711864406,0.5508474576271186,0.7457627118644068,54.740224000000204,61.836416000000185,104.23108666666666,0.0625,0.8879310344827587,0.9322033898305084,115,65,88,0.7288135593220338,0.711864406779661,0.8305084745762712,4.889866,8.526882349206343,35.10965859163059,0.0,0.0,0.0,43,42,49,0.7154471544715447,0.6829268292682927,0.8617886178861789,0.784949,2.133657,7.173723,0.0,0.4013605442176871,0.5217391304347826,88,84,106
560,0.940677966101695,0.5338983050847458,0.7457627118644068,59.49163733333353,65.62429466666686,106.64337266666665,0.0,0.9,1.0,111,63,88,0.7288135593220338,0.6779661016949152,0.847457627118644,4.8606925714285705,8.800250621933616,35.405019318903314,0.0,0.0,0.0,43,40,50,0.7073170731707317,0.6666666666666666,0.8699186991869918,0.789986,2.163137,7.20257,0.0,0.38028169014084506,0.5319148936170213,87,82,107
561,0.923728813559322,0.5338983050847458,0.7288135593220338,60.73866766666687,63.40929200000018,108.31312366666666,0.0,0.8608695652173913,0.8833333333333333,109,63,86,0.7288135593220338,0.711864406779661,0.8305084745762712,5.132685,8.874969142857138,35.618975955266954,0.0,0.0,0.0,43,42,49,0.7073170731707317,0.6747967479674797,0.8699186991869918,0.790532,2.151931,7.229712,0.0,0.36496350364963503,0.5306122448979592,87,83,107
562,0.9491525423728814,0.559322033898305,0.7372881355932204,60.415725000000194,65.91533100000018,107.42489399999998,0.0,0.9,0.9473684210526315,112,66,87,0.7288135593220338,0.7796610169491526,0.864406779661017,4.777159,8.508013349206347,35.58091728860029,0.0,0.0,0.0,43,46,51,0.6991869918699187,0.6910569105691057,0.8699186991869918,0.838455,2.176447,7.218178,0.0,0.31007751937984496,0.5454545454545454,86,85,107
563,0.9491525423728814,0.576271186440678,0.7372881355932204,63.03591166666686,62.35558466666685,109.94166266666666,0.0,0.8407079646017699,0.9137931034482759,112,68,87,0.7288135593220338,0.6779661016949152,0.8813559322033898,4.732325,8.610583880230877,35.65192695526695,0.0,0.0,0.0,43,40,52,0.7073170731707317,0.6666666666666666,0.8780487804878049,0.802243,2.190264,7.27179,0.0,0.33587786259541985,0.5714285714285714,87,82,108
564,0.9491525423728814,0.5677966101694916,0.7288135593220338,61.25895133333353,65.08935766666686,107.27988866666665,0.0,0.8611111111111112,0.9464285714285714,112,67,86,0.711864406779661,0.7627118644067796,0.8305084745762712,4.910444,8.53415589466089,35.62731795526695,0.0,0.0,0.0,42,45,49,0.7154471544715447,0.6585365853658537,0.8780487804878049,0.794108,2.237807,7.288747,0.0,0.3333333333333333,0.5581395348837209,88,81,108
565,0.9491525423728814,0.6016949152542372,0.7372881355932204,62.316124666666866,66.58399133333351,110.20125366666666,0.0,0.87,0.9107142857142857,112,71,87,0.7288135593220338,0.7796610169491526,0.8813559322033898,4.795221,8.835182349206347,35.959394621933626,0.0,0.0,0.0,43,46,52,0.7235772357723578,0.6829268292682927,0.8699186991869918,0.835531,2.194746,7.304441,0.0,0.3188405797101449,0.5454545454545454,89,84,107
566,0.9491525423728814,0.6016949152542372,0.7372881355932204,61.6931480000002,63.67997900000018,109.79987733333331,0.0,0.8529411764705882,0.9803921568627451,112,71,87,0.7457627118644068,0.7288135593220338,0.8983050847457628,5.191371,8.313088844155839,35.83538195526695,0.0,0.0,0.0,44,43,53,0.7317073170731707,0.6829268292682927,0.8780487804878049,0.840845,2.201631,7.295666,0.0,0.34814814814814815,0.5,90,84,108
567,0.923728813559322,0.5677966101694916,0.7288135593220338,61.36581566666685,61.764257000000185,107.99159799999998,0.0,0.8901098901098901,0.9,109,67,86,0.6779661016949152,0.6949152542372882,0.847457627118644,4.940127,8.139588258297254,36.12724295526695,0.0,0.0,0.0,40,41,50,0.7073170731707317,0.6666666666666666,0.8536585365853658,0.854326,2.214688,7.305507,0.0,0.34328358208955223,0.5476190476190477,87,82,105
568,0.923728813559322,0.5847457627118644,0.7288135593220338,62.619096666666856,64.92938866666685,109.21127566666665,0.0,0.8764044943820225,0.8636363636363636,109,69,86,0.6949152542372882,0.711864406779661,0.8305084745762712,4.765092,8.507016349206346,35.91480138383839,0.0,0.0,0.0,41,42,49,0.6910569105691057,0.6422764227642277,0.8536585365853658,0.852359,2.24128,7.292427,0.0,0.34328358208955223,0.45,85,79,105
569,0.8983050847457628,0.576271186440678,0.7288135593220338,60.03892266666687,65.22580166666685,108.28108666666665,0.0,0.8297872340425532,0.8571428571428571,106,68,86,0.6949152542372882,0.7457627118644068,0.847457627118644,4.804757,8.524168718614716,36.24915938383838,0.0,0.0,0.0,41,44,50,0.6991869918699187,0.6341463414634146,0.8699186991869918,0.829836,2.247251,7.343697,0.0,0.3284671532846715,0.46153846153846156,86,78,107
570,0.9152542372881356,0.6101694915254238,0.7372881355932204,59.37869400000019,65.39921533333352,109.35320733333333,0.0,0.8191489361702128,0.8571428571428571,108,72,87,0.6779661016949152,0.6779661016949152,0.847457627118644,4.598364,8.436328096681091,36.42450238383839,0.0,0.0,0.0,40,40,50,0.6910569105691057,0.6341463414634146,0.8536585365853658,0.80709,2.238575,7.317664,0.0,0.34782608695652173,0.46153846153846156,85,78,105
571,0.923728813559322,0.576271186440678,0.7457627118644068,63.13122666666686,66.89341166666686,111.05839333333333,0.0,0.9125,0.9047619047619048,109,68,88,0.6779661016949152,0.6440677966101694,0.847457627118644,4.587444,8.954551258297254,36.24216495526695,0.0,0.0,0.0,40,38,50,0.6991869918699187,0.6341463414634146,0.8617886178861789,0.804262,2.205435,7.343602,0.0,0.3208955223880597,0.4358974358974359,86,78,106
572,0.8898305084745762,0.5932203389830508,0.7457627118644068,61.73806433333352,64.24713666666686,108.42070133333331,0.0,0.8089887640449438,0.926829268292683,105,70,88,0.6779661016949152,0.6610169491525424,0.847457627118644,5.133864,8.871864823953821,36.36884638383839,0.0,0.0,0.0,40,39,50,0.6991869918699187,0.6504065040650406,0.8617886178861789,0.80087,2.226963,7.349019,0.0,0.3,0.47058823529411764,86,80,106
573,0.9322033898305084,0.5932203389830508,0.7372881355932204,60.32345133333353,64.4199620000002,107.78108666666665,0.1,0.8372093023255814,0.8913043478260869,110,70,87,0.6610169491525424,0.7627118644067796,0.8305084745762712,4.833225,8.40124584415584,36.245921383838386,0.0,0.0,0.0,39,45,49,0.6910569105691057,0.6422764227642277,0.8617886178861789,0.840497,2.190303,7.351791,0.0,0.30656934306569344,0.47058823529411764,85,79,106
574,0.923728813559322,0.6101694915254238,0.7457627118644068,63.17017466666686,66.82620266666686,107.78108666666665,0.0,0.8488372093023255,0.8367346938775511,109,72,88,0.6610169491525424,0.7288135593220338,0.8305084745762712,4.684144,8.52576619336219,36.19584038383839,0.0,0.0,0.0,39,43,49,0.6829268292682927,0.6504065040650406,0.8617886178861789,0.845318,2.228827,7.352426,0.0,0.31386861313868614,0.45714285714285713,84,80,106
575,0.9067796610169492,0.6101694915254238,0.7457627118644068,62.92878266666686,65.06334033333353,107.59816766666665,0.0,0.8795180722891566,0.9767441860465116,107,72,88,0.6779661016949152,0.7288135593220338,0.8305084745762712,4.721138,8.991920924963921,36.76182638383838,0.0,0.0,0.0,40,43,49,0.6910569105691057,0.6260162601626016,0.8617886178861789,0.857455,2.218445,7.378054,0.0,0.3383458646616541,0.47058823529411764,85,77,106
576,0.8898305084745762,0.5847457627118644,0.7457627118644068,61.17644000000019,67.0636350000002,107.08877233333332,0.0,0.8488372093023255,0.9767441860465116,105,69,88,0.6949152542372882,0.6440677966101694,0.8305084745762712,4.880722,8.561822369408365,36.575529383838386,0.0,0.0,0.0,41,38,49,0.6991869918699187,0.5853658536585366,0.8780487804878049,0.898538,2.160704,7.390254,0.0,0.29838709677419356,0.45714285714285713,86,72,108
577,0.9322033898305084,0.6016949152542372,0.7372881355932204,64.59083366666685,67.25326433333353,106.78108666666665,0.0,0.8674698795180723,0.9767441860465116,110,71,87,0.711864406779661,0.6610169491525424,0.8305084745762712,4.936634,8.723791985569983,36.96920638383838,0.0,0.0,0.0,42,39,49,0.6991869918699187,0.6097560975609756,0.8536585365853658,0.858119,2.202194,7.409564,0.0,0.3404255319148936,0.32,86,75,105
578,0.8898305084745762,0.6016949152542372,0.7372881355932204,62.76041800000019,67.04821833333351,107.02685766666666,0.0,0.8928571428571429,0.9111111111111111,105,71,87,0.7288135593220338,0.7627118644067796,0.8135593220338984,5.140683,8.847152985569982,36.821908383838384,0.0,0.0,0.0,43,45,48,0.6991869918699187,0.6341463414634146,0.8536585365853658,0.886939,2.244686,7.437141,0.0,0.3103448275862069,0.2608695652173913,86,78,105
579,0.9322033898305084,0.6016949152542372,0.7457627118644068,59.290024000000194,66.3321270000002,107.86442,0.0,0.8604651162790697,0.8936170212765957,110,71,88,0.7288135593220338,0.7288135593220338,0.8305084745762712,4.764372,8.367337621933618,36.90954038383838,0.0,0.0,0.0,43,43,49,0.6829268292682927,0.6585365853658537,0.8617886178861789,0.8612,2.240641,7.422319,0.0,0.3287671232876712,0.25,84,81,106
580,0.9067796610169492,0.6016949152542372,0.7457627118644068,61.61721133333352,65.85852733333353,107.86442,0.0,0.8651685393258427,0.8936170212765957,107,71,88,0.7288135593220338,0.6271186440677966,0.8305084745762712,4.621511,8.947412939393937,36.815736383838384,0.0,0.0,0.0,43,37,49,0.6829268292682927,0.6829268292682927,0.8617886178861789,0.874615,2.279224,7.476152,0.0,0.2740740740740741,0.3333333333333333,84,84,106
581,0.923728813559322,0.5847457627118644,0.7372881355932204,63.498094000000194,62.94958633333353,107.44775333333332,0.0,0.7916666666666666,0.9767441860465116,109,69,87,0.6949152542372882,0.6440677966101694,0.8305084745762712,4.488799,8.608121318903315,36.933621383838386,0.0,0.0,0.0,41,38,49,0.6910569105691057,0.7154471544715447,0.8617886178861789,0.847741,2.268387,7.455201,0.0,0.2556390977443609,0.2857142857142857,85,88,106
582,0.8728813559322034,0.5847457627118644,0.7288135593220338,61.392151666666855,63.68003933333353,108.49809233333333,0.0,0.9047619047619048,0.9545454545454546,103,69,86,0.6949152542372882,0.7288135593220338,0.8135593220338984,4.629376,8.784841116883115,37.32979538383839,0.0,0.06,0.0,41,43,48,0.6829268292682927,0.6829268292682927,0.8617886178861789,0.839915,2.319708,7.453995,0.0,0.26153846153846155,0.3076923076923077,84,84,106
583,0.8898305084745762,0.5932203389830508,0.7203389830508474,60.106329666666866,65.39076433333352,108.03108666666665,0.0,0.8275862068965517,0.9545454545454546,105,70,85,0.6949152542372882,0.711864406779661,0.7966101694915254,5.024962,8.434970460317457,36.926326383838386,0.0,0.038461538461538464,0.0,41,42,47,0.6666666666666666,0.7073170731707317,0.8536585365853658,0.850131,2.286855,7.529621,0.0,0.21804511278195488,0.3870967741935484,82,87,105
584,0.9152542372881356,0.5932203389830508,0.7203389830508474,60.8353070000002,65.82507833333354,107.94775333333332,0.0,0.8641975308641975,0.9523809523809523,108,70,85,0.6610169491525424,0.6949152542372882,0.7966101694915254,4.710188,8.36667365223665,36.91992238383838,0.0,0.038461538461538464,0.0,39,41,47,0.6666666666666666,0.6991869918699187,0.8536585365853658,0.820545,2.29231,7.515927,0.0,0.21804511278195488,0.3939393939393939,82,86,105
585,0.9067796610169492,0.5932203389830508,0.7288135593220338,62.60149533333353,65.3169080000002,107.94775333333332,0.0,0.8202247191011236,0.975609756097561,107,70,86,0.6610169491525424,0.711864406779661,0.7966101694915254,4.846068,8.493752621933618,37.34322695526695,0.0,0.020833333333333332,0.0,39,42,47,0.6504065040650406,0.7317073170731707,0.8536585365853658,0.881093,2.265764,7.541943,0.0,0.21428571428571427,0.375,80,90,105
586,0.8983050847457628,0.6016949152542372,0.7203389830508474,61.78011333333353,66.08523566666688,108.44775333333332,0.0,0.8690476190476191,0.9111111111111111,106,71,85,0.6610169491525424,0.7457627118644068,0.7966101694915254,4.380139,8.553617874458872,37.133496383838384,0.0,0.0,0.0,39,44,47,0.6504065040650406,0.7642276422764228,0.8617886178861789,0.895233,2.339681,7.545622,0.0,0.2198581560283688,0.38235294117647056,80,94,106
587,0.8728813559322034,0.5847457627118644,0.7288135593220338,60.92962966666686,65.68032533333353,107.33685233333333,0.0,0.9259259259259259,0.9333333333333333,103,69,86,0.6779661016949152,0.711864406779661,0.8135593220338984,4.301478,8.120286894660891,37.17898438383838,0.0,0.0,0.0,40,42,48,0.6666666666666666,0.7804878048780488,0.8617886178861789,0.88927,2.314158,7.546442,0.0,0.19402985074626866,0.4117647058823529,82,96,106
588,0.8983050847457628,0.5932203389830508,0.7288135593220338,62.75991033333353,64.08762533333352,108.78925866666665,0.0,0.9024390243902439,0.9565217391304348,106,70,86,0.6949152542372882,0.6610169491525424,0.8135593220338984,4.750325,8.575139985569981,37.20153338383839,0.0,0.0,0.0,41,39,48,0.6585365853658537,0.7886178861788617,0.8617886178861789,0.908489,2.30238,7.568157,0.0,0.23741007194244604,0.4411764705882353,81,97,106
589,0.8983050847457628,0.5932203389830508,0.7288135593220338,59.81077133333352,65.50268866666686,107.94775333333332,0.0,0.8333333333333334,0.9361702127659575,106,70,86,0.711864406779661,0.711864406779661,0.8135593220338984,4.790201,8.501248460317457,37.034418383838386,0.0,0.018867924528301886,0.0,42,42,48,0.6666666666666666,0.7886178861788617,0.8617886178861789,0.859565,2.29675,7.571445,0.0,0.13934426229508196,0.4166666666666667,82,97,106
590,0.8898305084745762,0.6016949152542372,0.7203389830508474,63.62873133333352,64.33519866666687,108.06683933333333,0.0,0.925,0.9777777777777777,105,71,85,0.7288135593220338,0.711864406779661,0.8135593220338984,4.746495,8.638993096681093,37.18159249494949,0.0,0.02040816326530612,0.0,43,42,48,0.6666666666666666,0.7967479674796748,0.8617886178861789,0.898163,2.306033,7.572498,0.0,0.16,0.45454545454545453,82,98,106
591,0.9067796610169492,0.6101694915254238,0.711864406779661,66.1991850000002,65.45330733333353,108.49390533333333,0.0,0.8214285714285714,0.9361702127659575,107,72,84,0.7288135593220338,0.6610169491525424,0.8135593220338984,4.88162,8.565070460317457,37.51151938383838,0.0,0.043478260869565216,0.0,43,39,48,0.6829268292682927,0.7967479674796748,0.8536585365853658,0.85838,2.284454,7.620803,0.0,0.15254237288135594,0.40540540540540543,84,98,105
592,0.8813559322033898,0.5847457627118644,0.7203389830508474,62.9967410000002,64.68301966666687,107.94775333333332,0.0,0.8641975308641975,0.9565217391304348,104,69,85,0.7288135593220338,0.711864406779661,0.7966101694915254,4.532605,8.674688349206347,37.30299438383839,0.0,0.0,0.0,43,42,47,0.6747967479674797,0.7642276422764228,0.8536585365853658,0.883273,2.360627,7.623298,0.0,0.1452991452991453,0.38461538461538464,83,94,105
593,0.8898305084745762,0.6101694915254238,0.711864406779661,62.3104670000002,66.56860766666685,107.31677833333333,0.0,0.8658536585365854,0.9777777777777777,105,72,84,0.7288135593220338,0.7288135593220338,0.7966101694915254,4.913712,8.540555894660892,37.103824383838386,0.0,0.0196078431372549,0.0,43,43,47,0.6829268292682927,0.7479674796747967,0.8536585365853658,0.881953,2.333653,7.642486,0.0,0.1440677966101695,0.40540540540540543,84,92,105
594,0.847457627118644,0.6016949152542372,0.7203389830508474,59.4148910000002,66.81804766666686,107.94775333333332,0.0,0.8875,0.9148936170212766,100,71,85,0.7457627118644068,0.711864406779661,0.8135593220338984,4.692435,8.831839349206348,37.12460438383839,0.0,0.041666666666666664,0.0,44,42,48,0.6991869918699187,0.7317073170731707,0.8536585365853658,0.870209,2.33013,7.641519,0.0,0.12605042016806722,0.40540540540540543,86,90,105
595,0.8813559322033898,0.5932203389830508,0.7203389830508474,60.67102300000021,66.77026900000021,106.17490166666667,0.0625,0.8452380952380952,0.8936170212765957,104,70,85,0.7288135593220338,0.711864406779661,0.8305084745762712,4.884596,8.99502473304473,37.076709383838384,0.0,0.02,0.0,43,42,49,0.6991869918699187,0.7073170731707317,0.8536585365853658,0.87636,2.379413,7.628267,0.0,0.15447154471544716,0.42857142857142855,86,87,105
596,0.847457627118644,0.5847457627118644,0.7203389830508474,60.06255066666687,65.32363866666687,107.67490166666667,0.18181818181818182,0.9102564102564102,0.9565217391304348,100,69,85,0.6949152542372882,0.6949152542372882,0.8135593220338984,4.663228,8.362289531024528,37.10178638383839,0.0,0.0625,0.0,41,41,48,0.6991869918699187,0.6747967479674797,0.8292682926829268,0.867304,2.308006,7.639631,0.0,0.16666666666666666,0.3888888888888889,86,83,102
597,0.8135593220338984,0.576271186440678,0.7033898305084746,59.42632333333353,64.30328533333352,110.95906166666667,0.043478260869565216,0.8450704225352113,0.972972972972973,96,68,83,0.6949152542372882,0.6779661016949152,0.7966101694915254,4.489758,8.740782733044728,37.29759738383839,0.0,0.020833333333333332,0.0,41,40,47,0.6829268292682927,0.6585365853658537,0.8211382113821138,0.854168,2.300221,7.640787,0.0,0.1452991452991453,0.38235294117647056,84,81,101
598,0.847457627118644,0.576271186440678,0.7033898305084746,58.344266000000204,67.24478133333353,110.87508566666668,0.15,0.8082191780821918,0.8571428571428571,100,68,83,0.6949152542372882,0.6779661016949152,0.7966101694915254,4.50727,8.569394985569982,37.41707624098124,0.0,0.03636363636363636,0.0,41,40,47,0.6910569105691057,0.6178861788617886,0.8211382113821138,0.839496,2.323047,7.640377,0.0,0.12931034482758622,0.38235294117647056,85,76,101
599,0.8220338983050848,0.5677966101694916,0.7033898305084746,54.5602570000002,66.22853033333354,110.33855866666667,0.0,0.855072463768116,0.972972972972973,97,67,83,0.711864406779661,0.6440677966101694,0.7966101694915254,4.540869,8.72600364213564,37.14918881240981,0.0,0.043478260869565216,0.0,42,38,47,0.6829268292682927,0.6260162601626016,0.8211382113821138,0.798913,2.30803,7.645932,0.0,0.1487603305785124,0.3611111111111111,84,77,101
