Time_Sec,embb_Norm_availability,embb_Fault_availability,embb_Res_availability,embb_Norm_throughput,embb_Fault_throughput,embb_Res_throughput,embb_Norm_blocking,embb_Fault_blocking,embb_Res_blocking,embb_Norm_connected_count,embb_Fault_connected_count,embb_Res_connected_count,urllc_Norm_availability,urllc_Fault_availability,urllc_Res_availability,urllc_Norm_throughput,urllc_Fault_throughput,urllc_Res_throughput,urllc_Norm_blocking,urllc_Fault_blocking,urllc_Res_blocking,urllc_Norm_connected_count,urllc_Fault_connected_count,urllc_Res_connected_count,mmtc_Norm_availability,mmtc_Fault_availability,mmtc_Res_availability,mmtc_Norm_throughput,mmtc_Fault_throughput,mmtc_Res_throughput,mmtc_Norm_blocking,mmtc_Fault_blocking,mmtc_Res_blocking,mmtc_Norm_connected_count,mmtc_Fault_connected_count,mmtc_Res_connected_count
0,0.0,0.26903553299492383,0.26903553299492383,0.0,0.0,0.0,0.0,0.05357142857142857,0.05357142857142857,0,53,53,0.0,0.2830188679245283,0.2830188679245283,0.0,0.0,0.0,0.0,0.0,0.0,0,30,30,0.0,0.20304568527918782,0.20304568527918782,0.0,0.0,0.0,0.0,0.0,0.0,0,40,40
1,0.38578680203045684,0.40609137055837563,0.40609137055837563,0.0,36.4,48.835761,0.3090909090909091,0.8536585365853658,0.8536585365853658,76,80,80,0.46226415094339623,0.6981132075471698,0.6981132075471698,0.0,2.023456,2.06313853968254,0.0,0.030303030303030304,0.0,49,74,74,0.4467005076142132,0.5888324873096447,0.5989847715736041,0.0,0.423295,0.469962,0.011235955056179775,0.2577777777777778,0.21182266009852216,88,116,118
2,0.40609137055837563,0.40609137055837563,0.40609137055837563,45.5,36.044953,48.697914,0.9748743718592965,0.98989898989899,0.8909090909090909,80,80,80,0.5377358490566038,0.6981132075471698,0.6792452830188679,0.5927557936507936,2.756925555555555,2.616769571428571,0.047058823529411764,0.0,0.0,57,74,72,0.5786802030456852,0.6192893401015228,0.6700507614213198,0.34122,0.440076,0.502358,0.2903225806451613,0.19339622641509435,0.14646464646464646,114,122,132
3,0.40609137055837563,0.40609137055837563,0.39086294416243655,42.585005,33.695289,34.184008,0.9850746268656716,0.9292452830188679,0.9074889867841409,80,80,77,0.5566037735849056,0.660377358490566,0.6792452830188679,2.1800813174603175,1.949032111111111,1.981387303030303,0.020202020202020204,0.03125,0.0,59,70,72,0.6345177664974619,0.6294416243654822,0.6954314720812182,0.478235,0.57666,0.504223,0.2807017543859649,0.20187793427230047,0.04864864864864865,125,124,137
4,0.40609137055837563,0.40609137055837563,0.39593908629441626,37.238971,27.75294,33.773944,0.9395348837209302,0.8973214285714286,0.9136363636363637,80,80,78,0.5660377358490566,0.7075471698113207,0.7169811320754716,2.043698888888889,2.3763589999999994,2.530475,0.0,0.0,0.0,60,75,76,0.700507614213198,0.6243654822335025,0.7258883248730964,0.533028,0.635387,0.639901,0.22429906542056074,0.1722488038277512,0.0374331550802139,138,123,143
5,0.40609137055837563,0.40609137055837563,0.4010152284263959,25.481348,25.322939,34.020939,0.9004524886877828,0.9351851851851852,0.8620689655172413,80,80,79,0.5660377358490566,0.7075471698113207,0.7169811320754716,1.891053,2.956416,2.9975493434343434,0.0,0.0,0.0,60,75,76,0.7461928934010152,0.6243654822335025,0.7309644670050761,0.699577,0.67375,0.680749,0.22380952380952382,0.1822429906542056,0.016483516483516484,147,123,144
6,0.40609137055837563,0.4010152284263959,0.40609137055837563,19.667729666666666,23.899548666666668,37.968312,0.8959276018099548,0.8859649122807017,0.8981481481481481,80,79,80,0.5943396226415094,0.6981132075471698,0.7169811320754716,1.465718,2.473336,2.340356888888889,0.0,0.010101010101010102,0.0,63,74,76,0.7461928934010152,0.6345177664974619,0.7157360406091371,0.841351,0.655232,0.640913,0.22815533980582525,0.17289719626168223,0.00558659217877095,147,125,141
7,0.40609137055837563,0.39593908629441626,0.4010152284263959,19.58718,26.505973,34.348335,0.8831168831168831,0.8834080717488789,0.8904109589041096,80,78,79,0.6037735849056604,0.6981132075471698,0.6981132075471698,2.0332180317460318,2.7524914285714286,2.7762539538239537,0.0,0.0,0.0,64,74,74,0.7208121827411168,0.6446700507614214,0.6954314720812182,0.927484,0.759183,0.693535,0.215,0.16587677725118483,0.011235955056179775,142,127,137
8,0.40609137055837563,0.39086294416243655,0.4010152284263959,21.019076,28.245972,34.940732,0.919047619047619,0.9516908212560387,0.8909090909090909,80,77,79,0.6037735849056604,0.7358490566037735,0.7264150943396226,2.494092,2.6414200317460317,2.4182994761904757,0.0,0.0,0.0,64,78,77,0.6852791878172588,0.6243654822335025,0.6802030456852792,0.957476,0.80458,0.715103,0.19696969696969696,0.15865384615384615,0.022222222222222223,135,123,134
9,0.40609137055837563,0.38578680203045684,0.39593908629441626,19.930061,28.10398766666667,36.950928,0.92018779342723,0.9144144144144144,0.9136363636363637,80,76,78,0.6132075471698113,0.7358490566037735,0.7452830188679245,1.9427396825396823,2.6877904285714287,2.6077877922077923,0.0,0.01020408163265306,0.0,65,78,79,0.6243654822335025,0.6192893401015228,0.6751269035532995,1.029148,0.843197,0.715137,0.22439024390243903,0.15639810426540285,0.021739130434782608,123,122,133
10,0.39593908629441626,0.40609137055837563,0.39593908629441626,26.045197,28.09194833333333,36.029535,0.9146919431279621,0.9305555555555556,0.8930232558139535,78,80,78,0.6037735849056604,0.7264150943396226,0.7264150943396226,2.812728317460317,2.240458682539683,2.4821524603174603,0.0,0.010526315789473684,0.0,64,77,77,0.5634517766497462,0.6192893401015228,0.6649746192893401,0.992383,0.829828,0.709201,0.19095477386934673,0.13658536585365855,0.03783783783783784,111,122,131
11,0.39593908629441626,0.39593908629441626,0.39086294416243655,27.758188,28.216993,29.69855,0.9305555555555556,0.90625,0.8663793103448276,78,78,77,0.5943396226415094,0.7358490566037735,0.7075471698113207,2.660740793650793,3.246830666666667,3.320195095238095,0.0,0.0,0.0,63,78,75,0.5279187817258884,0.6192893401015228,0.6700507614213198,0.934942,0.900544,0.641491,0.2171945701357466,0.12871287128712872,0.0213903743315508,104,122,132
12,0.4010152284263959,0.4010152284263959,0.4010152284263959,26.348168333333334,28.592637,30.70894,0.8820960698689956,0.91324200913242,0.8666666666666667,79,79,79,0.5849056603773585,0.7169811320754716,0.6886792452830188,2.917032650793651,3.2147314603174606,2.8433244603174597,0.0,0.010416666666666666,0.0,62,76,73,0.49238578680203043,0.5989847715736041,0.6649746192893401,0.761641,0.974087,0.682053,0.22767857142857142,0.12871287128712872,0.02717391304347826,97,118,131
13,0.4010152284263959,0.4010152284263959,0.39086294416243655,27.608196,25.997395,37.645064,0.9181818181818182,0.9569377990430622,0.8818181818181818,79,79,77,0.6037735849056604,0.7547169811320755,0.7169811320754716,3.086894222222222,3.022099317460318,2.7615587474747474,0.0,0.020833333333333332,0.0,64,80,76,0.49238578680203043,0.6040609137055838,0.6751269035532995,0.699366,0.944386,0.651445,0.22767857142857142,0.10256410256410256,0.022222222222222223,97,119,133
14,0.4010152284263959,0.4010152284263959,0.39593908629441626,22.49215,23.494129,31.353974,0.9354838709677419,0.8836206896551724,0.908256880733945,79,79,78,0.6320754716981132,0.7452830188679245,0.7641509433962265,3.1970925396825396,2.8419431111111115,2.8684346623376618,0.0,0.020833333333333332,0.0,67,79,81,0.5228426395939086,0.6192893401015228,0.6954314720812182,0.602944,0.902833,0.604823,0.21973094170403587,0.078125,0.04395604395604396,103,122,137
15,0.4010152284263959,0.38578680203045684,0.38578680203045684,22.905635,22.221669,36.404103,0.911504424778761,0.9209302325581395,0.8837209302325582,79,76,76,0.6320754716981132,0.7547169811320755,0.7452830188679245,2.925312253968254,3.0364677777777787,2.87868611111111,0.01098901098901099,0.019801980198019802,0.0,67,80,79,0.583756345177665,0.6192893401015228,0.6954314720812182,0.539307,0.913808,0.632354,0.2391304347826087,0.08994708994708994,0.02247191011235955,115,122,137
16,0.38071065989847713,0.39593908629441626,0.39086294416243655,23.14970033333333,25.745002333333332,38.449015,0.9339622641509434,0.9241706161137441,0.9212962962962963,75,78,77,0.6415094339622641,0.6981132075471698,0.6981132075471698,3.6285574603174604,2.5914426825396832,3.1288599538239525,0.021052631578947368,0.0,0.0,68,74,74,0.6649746192893401,0.6243654822335025,0.700507614213198,0.541561,0.833021,0.629187,0.23766816143497757,0.06914893617021277,0.00558659217877095,131,123,138
17,0.4010152284263959,0.39593908629441626,0.39593908629441626,24.01967033333333,22.852888,38.993182,0.90625,0.9230769230769231,0.9,79,78,78,0.6415094339622641,0.7075471698113207,0.7358490566037735,3.6363050952380953,3.4102871111111126,3.0492134747474724,0.01020408163265306,0.030612244897959183,0.0,68,75,78,0.700507614213198,0.6294416243654822,0.700507614213198,0.589714,0.852846,0.610672,0.2706422018348624,0.07446808510638298,0.0,138,124,138
18,0.39086294416243655,0.39593908629441626,0.39593908629441626,27.235481333333333,26.11306833333333,34.781728,0.9112149532710281,0.9269406392694064,0.9045454545454545,77,78,78,0.6509433962264151,0.7264150943396226,0.7547169811320755,2.962734,3.3355574603174616,3.2045412669552653,0.031578947368421054,0.02040816326530612,0.0,69,77,80,0.7157360406091371,0.6192893401015228,0.6954314720812182,0.615115,0.95472,0.607425,0.26540284360189575,0.08465608465608465,0.005555555555555556,141,122,137
19,0.4010152284263959,0.39593908629441626,0.39593908629441626,31.098116333333333,29.315456333333334,35.579024,0.9308755760368663,0.9209302325581395,0.8789237668161435,79,78,78,0.6415094339622641,0.7641509433962265,0.7830188679245284,3.1804355396825392,3.457390206349208,3.1558530225330204,0.043478260869565216,0.047619047619047616,0.0,68,81,83,0.700507614213198,0.6294416243654822,0.6903553299492385,0.730132,0.986021,0.639076,0.25742574257425743,0.07731958762886598,0.005494505494505495,138,124,136
20,0.4010152284263959,0.39086294416243655,0.39593908629441626,25.476474,28.11550433333333,34.58574,0.9403669724770642,0.918552036199095,0.8935185185185185,79,77,78,0.6320754716981132,0.7358490566037735,0.7452830188679245,2.8817431111111107,3.4925061111111124,3.119954984126981,0.020618556701030927,0.020833333333333332,0.0,67,78,79,0.6751269035532995,0.6294416243654822,0.6802030456852792,0.920234,0.96306,0.637897,0.21243523316062177,0.09844559585492228,0.005681818181818182,133,124,134
21,0.39593908629441626,0.4010152284263959,0.39086294416243655,27.630148,29.717908,36.878029,0.9144144144144144,0.9124423963133641,0.9209302325581395,78,79,77,0.6509433962264151,0.7264150943396226,0.7264150943396226,3.2882973333333325,3.3109140000000012,3.1007395252525223,0.02127659574468085,0.020618556701030927,0.0,69,77,77,0.6345177664974619,0.6192893401015228,0.6751269035532995,0.907378,0.882688,0.572421,0.22388059701492538,0.12,0.0111731843575419,125,122,133
22,0.39086294416243655,0.4010152284263959,0.4010152284263959,25.734618333333334,26.67346433333333,34.252586,0.9357798165137615,0.9398148148148148,0.8854625550660793,77,79,79,0.6509433962264151,0.7452830188679245,0.7358490566037735,3.1074638888888884,3.3340175714285727,2.885583935064932,0.0,0.020202020202020204,0.0,69,79,78,0.5583756345177665,0.6091370558375635,0.6700507614213198,0.920913,0.883221,0.63077,0.22277227722772278,0.1116751269035533,0.011111111111111112,110,120,132
23,0.4010152284263959,0.4010152284263959,0.4010152284263959,22.011978666666668,28.651670666666664,35.353952,0.9107142857142857,0.9181818181818182,0.9099099099099099,79,79,79,0.6320754716981132,0.7358490566037735,0.7358490566037735,2.6996442222222217,3.7766909682539698,3.000393044733042,0.0,0.030612244897959183,0.0,67,78,78,0.5126903553299492,0.6243654822335025,0.6852791878172588,0.91827,0.866928,0.616496,0.21256038647342995,0.14903846153846154,0.021621621621621623,101,123,135
24,0.39086294416243655,0.39086294416243655,0.38578680203045684,23.96847633333333,26.971095,34.303396,0.9321266968325792,0.9292452830188679,0.9036697247706422,77,77,76,0.6037735849056604,0.7169811320754716,0.7075471698113207,3.061057793650793,3.5713566825396836,2.771923682539679,0.011494252873563218,0.0,0.0,64,76,75,0.4873096446700508,0.6395939086294417,0.6852791878172588,0.76736,0.883105,0.593626,0.20930232558139536,0.1218274111675127,0.011111111111111112,96,126,135
25,0.4010152284263959,0.39593908629441626,0.39086294416243655,24.318547,28.94674,38.685764,0.9279279279279279,0.9248826291079812,0.9227272727272727,79,78,77,0.6415094339622641,0.6698113207547169,0.7264150943396226,3.5088698888888885,3.8226382222222233,3.1365169191919153,0.0,0.0,0.0,68,71,77,0.49746192893401014,0.6395939086294417,0.700507614213198,0.662053,0.894511,0.644718,0.24242424242424243,0.1457286432160804,0.01092896174863388,98,126,138
26,0.39593908629441626,0.4010152284263959,0.4010152284263959,23.000507,26.566762,35.635216,0.9493087557603687,0.9411764705882353,0.8831168831168831,78,79,79,0.6226415094339622,0.6886792452830188,0.7452830188679245,3.0594559999999995,4.3693955238095255,3.629715888888885,0.0,0.0,0.0,66,73,79,0.5736040609137056,0.6446700507614214,0.6903553299492385,0.594143,0.9162,0.632398,0.2314410480349345,0.12435233160621761,0.0,113,127,136
27,0.4010152284263959,0.39593908629441626,0.39593908629441626,23.053125,27.13634,33.183081,0.9264069264069265,0.9485981308411215,0.8995633187772926,79,78,78,0.6320754716981132,0.7075471698113207,0.7264150943396226,3.4659891111111105,3.53238542857143,3.424440571428568,0.0,0.0,0.0,67,75,77,0.6446700507614214,0.6446700507614214,0.6954314720812182,0.625069,0.957061,0.615311,0.3135593220338983,0.14795918367346939,0.005555555555555556,127,127,137
28,0.39593908629441626,0.39593908629441626,0.39086294416243655,22.867108333333334,24.045087666666667,37.143589,0.8995633187772926,0.9027777777777778,0.9178082191780822,78,78,77,0.6320754716981132,0.7358490566037735,0.7264150943396226,3.4711722857142853,3.5885607777777793,3.621888126984124,0.0,0.0,0.0,67,78,77,0.6700507614213198,0.6446700507614214,0.6852791878172588,0.786117,1.000481,0.676027,0.3194444444444444,0.11458333333333333,0.0,132,127,135
29,0.4010152284263959,0.39593908629441626,0.4010152284263959,25.226295,24.453270333333336,37.940144,0.92,0.9174311926605505,0.9126637554585153,79,78,79,0.6320754716981132,0.7169811320754716,0.7264150943396226,2.898400761904761,3.0152957777777796,2.604451126984124,0.0,0.0,0.0,67,76,77,0.6598984771573604,0.6395939086294417,0.6802030456852792,1.010264,0.963603,0.641117,0.32038834951456313,0.14795918367346939,0.016853932584269662,130,126,134
30,0.39086294416243655,0.4010152284263959,0.4010152284263959,27.541801,27.12292933333333,41.422849,0.9672897196261683,0.9333333333333333,0.908695652173913,77,79,79,0.6320754716981132,0.6886792452830188,0.6886792452830188,3.277927444444444,3.070494000000002,2.7306187777777753,0.0,0.0,0.0,67,73,73,0.5786802030456852,0.6395939086294417,0.6700507614213198,1.106198,0.993174,0.621784,0.30097087378640774,0.17412935323383086,0.0,114,126,132
31,0.39593908629441626,0.39593908629441626,0.4010152284263959,29.414013,26.413173333333333,40.392689,0.9241071428571429,0.9342723004694836,0.8951965065502183,78,78,79,0.6886792452830188,0.6981132075471698,0.6698113207547169,2.8647925396825387,3.89544777777778,3.4145808730158707,0.02127659574468085,0.0,0.0,73,74,71,0.5228426395939086,0.6345177664974619,0.6751269035532995,0.951195,1.065303,0.635348,0.2616822429906542,0.1724137931034483,0.0,103,125,133
32,0.4010152284263959,0.39593908629441626,0.4010152284263959,30.31927,26.05408033333333,36.126487,0.9217391304347826,0.9049773755656109,0.896551724137931,79,78,79,0.6792452830188679,0.7075471698113207,0.6792452830188679,3.1960007777777766,3.312396571428573,3.0912373189033158,0.031914893617021274,0.0,0.0,72,75,72,0.5177664974619289,0.6091370558375635,0.6802030456852792,0.842999,0.995046,0.650061,0.2599118942731278,0.1641025641025641,0.00558659217877095,102,120,134
33,0.39593908629441626,0.4010152284263959,0.39593908629441626,27.227514,28.425813,35.868966,0.9272727272727272,0.9414634146341463,0.9066666666666666,78,79,78,0.6509433962264151,0.6792452830188679,0.6886792452830188,2.95554957142857,3.0910596825396843,3.235467238095235,0.02127659574468085,0.0,0.0,69,72,73,0.5888324873096447,0.6091370558375635,0.6802030456852792,0.823142,1.083647,0.642213,0.27896995708154504,0.19523809523809524,0.01639344262295082,116,120,134
34,0.4010152284263959,0.4010152284263959,0.4010152284263959,23.420879,28.360721,35.860567,0.9188034188034188,0.9252336448598131,0.8944954128440367,79,79,79,0.6509433962264151,0.660377358490566,0.6698113207547169,3.073514222222221,3.5264244603174624,3.127595428571426,0.022222222222222223,0.0,0.0,69,70,71,0.6395939086294417,0.5939086294416244,0.6954314720812182,0.858785,1.051833,0.605748,0.32608695652173914,0.18840579710144928,0.02197802197802198,126,117,137
35,0.39593908629441626,0.4010152284263959,0.39086294416243655,21.085411,28.912818,42.021832,0.9495412844036697,0.9433962264150944,0.9043478260869565,78,79,77,0.6509433962264151,0.660377358490566,0.6792452830188679,2.870884142857142,3.578336460317462,3.2396619350649325,0.01098901098901099,0.0,0.0,69,70,72,0.6548223350253807,0.5939086294416244,0.7106598984771574,1.010712,1.13909,0.638804,0.3452914798206278,0.20574162679425836,0.0335195530726257,129,117,140
36,0.4010152284263959,0.4010152284263959,0.39593908629441626,24.648724,26.498278,39.118076,0.9366515837104072,0.9170506912442397,0.9110169491525424,79,79,78,0.6792452830188679,0.6698113207547169,0.6698113207547169,3.709260984126983,3.43322977777778,3.4219452063492035,0.0,0.0,0.0,72,71,71,0.649746192893401,0.5532994923857868,0.7157360406091371,1.233866,1.106351,0.606653,0.3427230046948357,0.22857142857142856,0.027472527472527472,128,109,141
37,0.39593908629441626,0.4010152284263959,0.39593908629441626,25.638889666666667,30.171564,35.783163,0.9267241379310345,0.9315068493150684,0.8931623931623932,78,79,78,0.6698113207547169,0.6792452830188679,0.6698113207547169,3.0973752222222206,3.390341000000002,3.0043733333333296,0.0,0.0,0.0,71,72,71,0.583756345177665,0.5482233502538071,0.7208121827411168,1.18532,1.050276,0.632014,0.3054187192118227,0.22274881516587677,0.028409090909090908,115,108,142
38,0.4010152284263959,0.4010152284263959,0.4010152284263959,24.19413,30.699809,40.430075,0.9547511312217195,0.9311926605504587,0.92,79,79,79,0.6886792452830188,0.6792452830188679,0.6886792452830188,2.8399678888888875,3.7397825396825417,3.776927968253965,0.010416666666666666,0.0,0.0,73,72,73,0.5025380710659898,0.5685279187817259,0.6852791878172588,1.175495,0.942034,0.624404,0.28169014084507044,0.23766816143497757,0.023121387283236993,99,112,135
39,0.39086294416243655,0.4010152284263959,0.39086294416243655,22.541051,29.080089,34.824311,0.9203539823008849,0.944954128440367,0.8991596638655462,77,79,77,0.6792452830188679,0.6886792452830188,0.7169811320754716,3.437418682539681,3.2920966825396842,3.203061747474744,0.0,0.010416666666666666,0.0,72,73,76,0.4873096446700508,0.6091370558375635,0.6852791878172588,0.935398,0.992117,0.700557,0.2974137931034483,0.2222222222222222,0.011299435028248588,96,120,135
40,0.4010152284263959,0.4010152284263959,0.39086294416243655,24.307322,26.583622,35.849477,0.9488372093023256,0.8831168831168831,0.9134199134199135,79,79,77,0.6886792452830188,0.6886792452830188,0.6792452830188679,3.736244317460317,3.6870141111111128,3.3144208383838354,0.011111111111111112,0.0,0.0,73,73,72,0.5076142131979695,0.6345177664974619,0.7106598984771574,0.871257,1.123789,0.626022,0.3153526970954357,0.22641509433962265,0.00546448087431694,100,125,140
41,0.4010152284263959,0.4010152284263959,0.39593908629441626,26.593867,29.137829,38.488772,0.905829596412556,0.9711538461538461,0.8978723404255319,79,79,78,0.6886792452830188,0.6886792452830188,0.6698113207547169,3.0149849999999985,4.02351931746032,3.079759190476188,0.0,0.0,0.0,73,73,71,0.5583756345177665,0.6243654822335025,0.6852791878172588,0.861291,1.045974,0.643728,0.30042918454935624,0.22274881516587677,0.011299435028248588,110,123,135
42,0.4010152284263959,0.38578680203045684,0.38578680203045684,29.888907,28.44615,39.179867,0.9495412844036697,0.9295774647887324,0.9078947368421053,79,76,76,0.6698113207547169,0.6886792452830188,0.6792452830188679,3.5004354285714276,3.703358523809526,3.128775681096679,0.0,0.0,0.0,71,73,72,0.5888324873096447,0.6395939086294417,0.6802030456852792,0.983316,1.056654,0.599964,0.29333333333333333,0.21904761904761905,0.005714285714285714,116,126,134
43,0.39086294416243655,0.39593908629441626,0.4010152284263959,30.118748,29.272002,37.849828,0.9587155963302753,0.9082969432314411,0.8760330578512396,77,78,79,0.6698113207547169,0.6886792452830188,0.6698113207547169,3.6072826825396813,3.5888146031746055,3.158553174603172,0.0,0.0,0.0,71,73,71,0.5888324873096447,0.6345177664974619,0.6598984771573604,0.985434,1.123694,0.606686,0.3574468085106383,0.22926829268292684,0.011428571428571429,116,125,130
44,0.39593908629441626,0.39593908629441626,0.4010152284263959,26.542185,29.765107,37.182372,0.9282511210762332,0.9493087557603687,0.8739495798319328,78,78,79,0.660377358490566,0.6886792452830188,0.6698113207547169,3.419475539682539,3.9564698888888907,3.6123789090909075,0.0,0.0,0.0,70,73,71,0.5736040609137056,0.6345177664974619,0.649746192893401,1.111915,1.153999,0.60099,0.3125,0.21568627450980393,0.011363636363636364,113,125,128
45,0.39593908629441626,0.4010152284263959,0.39593908629441626,26.885275333333333,26.270122,38.769104,0.9389671361502347,0.9327354260089686,0.9223744292237442,78,79,78,0.6792452830188679,0.6698113207547169,0.6415094339622641,3.253342349206348,3.8795413174603195,4.059933585858584,0.0,0.0,0.0,72,71,68,0.5482233502538071,0.6598984771573604,0.6345177664974619,1.12151,1.119746,0.626998,0.3628691983122363,0.2777777777777778,0.011494252873563218,108,130,125
46,0.4010152284263959,0.39593908629441626,0.39086294416243655,22.69114,23.710936,41.54385,0.9196428571428571,0.9252336448598131,0.9237668161434978,79,78,77,0.6792452830188679,0.6698113207547169,0.6698113207547169,3.151808476190475,3.302262142857145,3.2625727922077896,0.0,0.0,0.0,72,71,71,0.5279187817258884,0.6700507614213198,0.6345177664974619,1.20306,1.233434,0.578092,0.3230088495575221,0.24644549763033174,0.011494252873563218,104,132,125
47,0.4010152284263959,0.4010152284263959,0.39593908629441626,23.978985,30.298641,36.911627,0.9078341013824884,0.9363636363636364,0.8781512605042017,79,79,78,0.6698113207547169,0.660377358490566,0.7264150943396226,3.852959777777777,3.1511979047619065,2.90905268253968,0.0,0.0,0.0,71,70,77,0.5076142131979695,0.6700507614213198,0.6142131979695431,1.205621,1.315041,0.625696,0.3217391304347826,0.2616822429906542,0.017142857142857144,100,132,121
48,0.39593908629441626,0.4010152284263959,0.39593908629441626,26.367346,29.482496333333337,37.059526,0.9583333333333334,0.9174311926605505,0.8883928571428571,78,79,78,0.660377358490566,0.6698113207547169,0.6981132075471698,3.8732289682539673,3.2666574603174627,3.309147874458872,0.021052631578947368,0.0,0.0,70,71,74,0.49238578680203043,0.6700507614213198,0.6192893401015228,1.252659,1.328949,0.650275,0.34334763948497854,0.29357798165137616,0.044444444444444446,97,132,122
49,0.4010152284263959,0.39593908629441626,0.39593908629441626,27.00938933333333,30.204001,36.933442,0.9436619718309859,0.9351851851851852,0.8826086956521739,79,78,78,0.6886792452830188,0.6698113207547169,0.6509433962264151,3.8887952539682527,3.934384428571431,3.5257657460317433,0.010752688172043012,0.0,0.0,73,71,69,0.5076142131979695,0.6446700507614214,0.6192893401015228,1.143259,1.454499,0.683824,0.3203463203463203,0.3101851851851852,0.028089887640449437,100,127,122
50,0.4010152284263959,0.39593908629441626,0.39593908629441626,23.99720333333333,28.764105,37.382073,0.9192825112107623,0.9400921658986175,0.8983050847457628,79,78,78,0.6698113207547169,0.660377358490566,0.6509433962264151,4.024130904761903,3.9575490000000024,3.314936111111108,0.0,0.0,0.0,71,70,69,0.5482233502538071,0.6345177664974619,0.649746192893401,1.177475,1.465302,0.714184,0.32051282051282054,0.3024390243902439,0.016666666666666666,108,125,128
51,0.39593908629441626,0.39593908629441626,0.38578680203045684,27.065024666666663,27.68532066666667,38.088276,0.918918918918919,0.9457013574660633,0.8841201716738197,78,78,76,0.7264150943396226,0.6415094339622641,0.6415094339622641,4.481719888888888,3.579821111111113,3.365114525252523,0.0,0.0,0.0,77,68,68,0.5939086294416244,0.6142131979695431,0.6294416243654822,1.187863,1.54816,0.679317,0.33047210300429186,0.2955665024630542,0.005780346820809248,117,121,124
52,0.4010152284263959,0.39593908629441626,0.39593908629441626,27.924056,28.43647533333333,44.333404,0.9363636363636364,0.9279279279279279,0.8951965065502183,79,78,78,0.6886792452830188,0.6509433962264151,0.6415094339622641,4.143948999999998,4.034891650793654,3.8107419177489152,0.0,0.0,0.0,73,69,68,0.6243654822335025,0.5888324873096447,0.6345177664974619,1.134447,1.604532,0.671023,0.3739495798319328,0.2766990291262136,0.005780346820809248,123,116,125
53,0.39593908629441626,0.4010152284263959,0.4010152284263959,28.577423,28.716306,38.771895,0.9579439252336449,0.9136363636363637,0.9078947368421053,78,79,79,0.6509433962264151,0.6415094339622641,0.6320754716981132,3.7709415714285703,3.6054444285714315,3.4044353636363605,0.0,0.0,0.0,69,68,67,0.6395939086294417,0.5583756345177665,0.6345177664974619,1.156066,1.588104,0.692557,0.3644067796610169,0.29292929292929293,0.011627906976744186,126,110,125
54,0.4010152284263959,0.39593908629441626,0.39593908629441626,25.200977666666667,26.482013,36.60969,0.95260663507109,0.9196428571428571,0.8851063829787233,79,78,78,0.660377358490566,0.6981132075471698,0.6792452830188679,4.00510311111111,3.5367501428571457,3.0888916825396806,0.0,0.0,0.0,70,74,72,0.6345177664974619,0.5329949238578681,0.6598984771573604,1.108486,1.516466,0.719368,0.375,0.3150684931506849,0.027932960893854747,125,105,130
55,0.4010152284263959,0.4010152284263959,0.39593908629441626,22.175419,25.016217,38.695217,0.8973214285714286,0.9022222222222223,0.9047619047619048,79,79,78,0.6698113207547169,0.660377358490566,0.6792452830188679,4.195809428571428,3.908297222222225,3.6427665396825373,0.0,0.0,0.0,71,70,72,0.6345177664974619,0.49238578680203043,0.6598984771573604,1.150808,1.444031,0.745207,0.35398230088495575,0.29493087557603687,0.017045454545454544,125,97,130
56,0.4010152284263959,0.4010152284263959,0.39593908629441626,22.18356,26.061317,33.243424,0.9162790697674419,0.9348837209302325,0.8860759493670886,79,79,78,0.6698113207547169,0.6320754716981132,0.6320754716981132,4.512293666666666,3.762148428571432,3.1447115396825374,0.0,0.0,0.0,71,67,67,0.5736040609137056,0.5126903553299492,0.649746192893401,1.165307,1.378029,0.71085,0.3561643835616438,0.2767857142857143,0.0,113,101,128
57,0.39593908629441626,0.39593908629441626,0.38578680203045684,22.740022,27.005383,36.951704,0.9386792452830188,0.95260663507109,0.8782608695652174,78,78,76,0.6509433962264151,0.6320754716981132,0.6320754716981132,4.16302865079365,3.6914621111111146,3.249786111111109,0.0,0.0,0.0,69,67,67,0.5329949238578681,0.5431472081218274,0.6446700507614214,1.147027,1.390242,0.719701,0.35555555555555557,0.3090128755364807,0.0,105,107,127
58,0.4010152284263959,0.4010152284263959,0.39593908629441626,26.539221666666663,27.870687,39.915597,0.9299065420560748,0.9078341013824884,0.9276018099547512,79,79,78,0.6320754716981132,0.6415094339622641,0.660377358490566,3.9151022222222216,3.5439415396825433,3.5118407619047605,0.0,0.0,0.0,67,68,70,0.49238578680203043,0.5380710659898477,0.6598984771573604,1.077633,1.379656,0.752011,0.33185840707964603,0.33047210300429186,0.005649717514124294,97,106,130
59,0.38071065989847713,0.4010152284263959,0.39593908629441626,27.021514,29.23093,35.790953,0.9278846153846154,0.9078341013824884,0.8760683760683761,75,79,78,0.6037735849056604,0.6981132075471698,0.6415094339622641,4.140677428571428,3.650159857142861,3.8930778888888873,0.0,0.010638297872340425,0.0,64,74,68,0.4873096446700508,0.5532994923857868,0.6548223350253807,1.019208,1.355484,0.760736,0.3445378151260504,0.31718061674008813,0.0,96,109,129
60,0.39086294416243655,0.4010152284263959,0.4010152284263959,24.521109,28.108925,33.825236,0.9248826291079812,0.9013452914798207,0.8913043478260869,77,79,79,0.6320754716981132,0.6698113207547169,0.6320754716981132,4.275275539682539,3.3329421428571466,3.584286999999998,0.0,0.0,0.0,67,71,67,0.49238578680203043,0.5482233502538071,0.649746192893401,1.021351,1.366274,0.726001,0.3673469387755102,0.3230088495575221,0.005649717514124294,97,108,128
61,0.39593908629441626,0.39593908629441626,0.39593908629441626,23.220093,28.159597,40.431318,0.92018779342723,0.9658536585365853,0.9170506912442397,78,78,78,0.6226415094339622,0.6509433962264151,0.6320754716981132,4.396474,3.653964571428575,3.88508357142857,0.0,0.0,0.0,66,69,67,0.5076142131979695,0.5279187817258884,0.6446700507614214,1.091833,1.334728,0.752144,0.37815126050420167,0.3125,0.0,100,104,127
62,0.4010152284263959,0.39593908629441626,0.4010152284263959,23.67356966666667,27.733109,38.874189,0.9227053140096618,0.9162790697674419,0.8940092165898618,79,78,79,0.6320754716981132,0.6698113207547169,0.6509433962264151,4.527779428571429,3.436212571428575,3.7588608571428557,0.0,0.0,0.0,67,71,69,0.5380710659898477,0.5482233502538071,0.6345177664974619,1.067152,1.360731,0.762979,0.3648068669527897,0.31555555555555553,0.0056179775280898875,106,108,125
63,0.39593908629441626,0.39086294416243655,0.39086294416243655,24.84631733333333,27.470312,37.799128,0.9095238095238095,0.9558823529411765,0.8805309734513275,78,77,77,0.6509433962264151,0.6226415094339622,0.5849056603773585,3.941313666666667,3.482879539682543,3.6978663333333315,0.0,0.0,0.0,69,66,62,0.5532994923857868,0.5329949238578681,0.6142131979695431,1.143881,1.388935,0.799283,0.38016528925619836,0.3377777777777778,0.005649717514124294,109,105,121
64,0.4010152284263959,0.39593908629441626,0.4010152284263959,23.27981533333333,25.327995,35.052269,0.9154929577464789,0.8952380952380953,0.8839285714285714,79,78,79,0.6886792452830188,0.6509433962264151,0.6509433962264151,3.5773535714285707,3.9893695396825435,3.8314159999999986,0.0,0.0,0.0,73,69,69,0.5736040609137056,0.5126903553299492,0.6192893401015228,1.148304,1.321806,0.741208,0.354978354978355,0.3333333333333333,0.0055248618784530384,113,101,122
65,0.39593908629441626,0.4010152284263959,0.38578680203045684,25.112308,22.033504,38.579091,0.9264705882352942,0.8944954128440367,0.9078341013824884,78,79,76,0.7075471698113207,0.6698113207547169,0.6792452830188679,3.9943239999999993,3.8438150000000038,3.831180460317459,0.010638297872340425,0.0,0.0,75,71,72,0.5888324873096447,0.4873096446700508,0.6294416243654822,1.307382,1.372936,0.712046,0.37446808510638296,0.30985915492957744,0.0055248618784530384,116,96,124
66,0.4010152284263959,0.39593908629441626,0.39593908629441626,26.51964,26.810122,41.929419,0.9365853658536586,0.9384615384615385,0.8805309734513275,79,78,78,0.6886792452830188,0.6415094339622641,0.6226415094339622,3.8395769999999994,3.5868434285714326,3.5308401111111096,0.021505376344086023,0.011111111111111112,0.0,73,68,66,0.5786802030456852,0.49746192893401014,0.6345177664974619,1.247131,1.342884,0.722487,0.38524590163934425,0.30180180180180183,0.005555555555555556,114,98,125
67,0.39593908629441626,0.39593908629441626,0.39593908629441626,26.440862,29.152184,40.410101,0.9261083743842364,0.9353233830845771,0.8772727272727273,78,78,78,0.6886792452830188,0.6415094339622641,0.660377358490566,4.192199031746032,3.5066013174603214,3.486179142857141,0.011235955056179775,0.010638297872340425,0.0,73,68,70,0.5888324873096447,0.4873096446700508,0.6243654822335025,1.219594,1.239092,0.71928,0.3775933609958506,0.2863636363636364,0.011299435028248588,116,96,123
68,0.39593908629441626,0.39593908629441626,0.39086294416243655,28.097488,30.757994,37.73501,0.9024390243902439,0.9317073170731708,0.9023255813953488,78,78,77,0.6886792452830188,0.660377358490566,0.6792452830188679,4.270508571428571,3.6011217936507975,3.8224282380952364,0.02247191011235955,0.011111111111111112,0.0,73,70,72,0.6091370558375635,0.5380710659898477,0.6091370558375635,1.155462,1.167894,0.694137,0.39919354838709675,0.3053097345132743,0.005681818181818182,120,106,120
69,0.4010152284263959,0.4010152284263959,0.39593908629441626,28.157658,27.356935,39.402294,0.9343434343434344,0.9207920792079208,0.9068627450980392,79,79,78,0.6792452830188679,0.6415094339622641,0.6415094339622641,4.096040428571428,3.9318568888888925,3.912260650793649,0.021739130434782608,0.0,0.0,72,68,68,0.6040609137055838,0.5634517766497462,0.6091370558375635,1.238802,1.175179,0.689437,0.4050632911392405,0.3185840707964602,0.01092896174863388,119,111,120
70,0.41624365482233505,0.4263959390862944,0.4263959390862944,24.170264,26.191149666666668,44.922229,0.9195979899497487,0.8888888888888888,0.880184331797235,82,84,84,0.6886792452830188,0.6698113207547169,0.6698113207547169,4.064195492063491,4.060884571428575,3.5531168888888875,0.02197802197802198,0.0,0.0,73,71,71,0.6040609137055838,0.5888324873096447,0.6192893401015228,1.338021,1.085522,0.711137,0.37117903930131,0.2909090909090909,0.011235955056179775,119,116,122
71,0.4263959390862944,0.4263959390862944,0.4213197969543147,27.492769000000003,28.026235,41.782569,0.8932038834951457,0.92,0.8840579710144928,84,84,83,0.6792452830188679,0.660377358490566,0.6509433962264151,4.024368682539682,3.7563131111111145,4.13706976190476,0.0,0.0,0.0,72,70,69,0.5685279187817259,0.583756345177665,0.6446700507614214,1.411939,1.063087,0.742521,0.36936936936936937,0.29385964912280704,0.01092896174863388,112,115,127
72,0.4213197969543147,0.4213197969543147,0.4263959390862944,29.314143000000005,29.356708,29.134736,0.9396984924623115,0.9396984924623115,0.8846153846153846,83,83,84,0.6509433962264151,0.660377358490566,0.6415094339622641,3.867904968253968,3.4337703333333374,3.964794777777777,0.0,0.0,0.0,69,70,68,0.5380710659898477,0.5888324873096447,0.6446700507614214,1.422018,1.088957,0.731287,0.3103448275862069,0.2857142857142857,0.0111731843575419,106,116,127
73,0.4213197969543147,0.4263959390862944,0.4263959390862944,28.881582,29.13672,39.329496,0.9489795918367347,0.9289340101522843,0.863849765258216,83,84,84,0.6698113207547169,0.6509433962264151,0.6509433962264151,4.347015142857142,4.063771428571433,3.9047431111111095,0.021739130434782608,0.0,0.0,71,69,69,0.5228426395939086,0.5634517766497462,0.649746192893401,1.352588,1.042422,0.742739,0.2920353982300885,0.31877729257641924,0.011235955056179775,103,111,128
74,0.4263959390862944,0.4263959390862944,0.4213197969543147,30.825234333333334,27.879176,45.315078,0.9024390243902439,0.9137055837563451,0.8743961352657005,84,84,83,0.6698113207547169,0.6698113207547169,0.6886792452830188,4.334475888888888,4.409822079365083,4.156813428571427,0.010752688172043012,0.0,0.0,71,71,73,0.5380710659898477,0.5989847715736041,0.6446700507614214,1.224597,1.147028,0.722864,0.3037974683544304,0.2645739910313901,0.0055248618784530384,106,118,127
75,0.4213197969543147,0.4263959390862944,0.4213197969543147,30.287631,28.988605,42.744042,0.9346733668341709,0.9113300492610837,0.8872549019607843,83,84,83,0.6792452830188679,0.6698113207547169,0.6792452830188679,4.47575646031746,4.109695777777782,3.598701777777776,0.01098901098901099,0.0,0.0,72,71,72,0.5685279187817259,0.5939086294416244,0.649746192893401,1.225662,1.264487,0.69832,0.28888888888888886,0.29596412556053814,0.00546448087431694,112,117,128
76,0.4263959390862944,0.4263959390862944,0.41624365482233505,28.824949,28.667086,43.732789,0.9130434782608695,0.9257425742574258,0.8857142857142857,84,84,82,0.660377358490566,0.6415094339622641,0.6415094339622641,4.436849571428571,3.8695711111111146,3.708428333333332,0.0,0.0,0.0,70,68,68,0.5685279187817259,0.6040609137055838,0.649746192893401,1.264389,1.198465,0.747909,0.3130434782608696,0.23222748815165878,0.011111111111111112,112,119,128
77,0.4263959390862944,0.4213197969543147,0.4213197969543147,29.894669,30.745063,47.073312,0.9242424242424242,0.9187817258883249,0.8857142857142857,84,83,83,0.6698113207547169,0.6509433962264151,0.6509433962264151,4.702437968253968,3.807627539682543,3.373177333333332,0.041666666666666664,0.0,0.0,71,69,69,0.5685279187817259,0.5989847715736041,0.6598984771573604,1.363933,1.141011,0.726798,0.31363636363636366,0.26635514018691586,0.005434782608695652,112,118,130
78,0.4263959390862944,0.4263959390862944,0.41624365482233505,28.399286,29.648531,39.309428,0.9438775510204082,0.9117647058823529,0.8820754716981132,84,84,82,0.6981132075471698,0.6320754716981132,0.6698113207547169,4.626087222222221,3.3719241428571465,4.000740888888888,0.031914893617021274,0.010869565217391304,0.0,74,67,71,0.5736040609137056,0.5939086294416244,0.6700507614213198,1.364724,1.12416,0.727875,0.314410480349345,0.28,0.01098901098901099,113,117,132
79,0.4263959390862944,0.4263959390862944,0.4213197969543147,29.312256,28.339599,40.458864,0.96875,0.9207920792079208,0.8915094339622641,84,84,83,0.6886792452830188,0.6698113207547169,0.6792452830188679,4.875442571428571,3.7446964285714324,3.6028073492063486,0.011494252873563218,0.0,0.0,73,71,72,0.5888324873096447,0.5685279187817259,0.6802030456852792,1.397232,1.223432,0.716473,0.33189655172413796,0.2616822429906542,0.01092896174863388,116,112,134
80,0.4213197969543147,0.4263959390862944,0.41624365482233505,28.096092,28.404753,38.293574,0.9014778325123153,0.915,0.883177570093458,83,84,82,0.660377358490566,0.6415094339622641,0.6509433962264151,4.57497411111111,4.193803888888893,3.8714414603174596,0.021052631578947368,0.0,0.0,70,68,69,0.5532994923857868,0.5634517766497462,0.6751269035532995,1.365961,1.168331,0.702736,0.30180180180180183,0.2465753424657534,0.0111731843575419,109,111,133
81,0.4263959390862944,0.4263959390862944,0.4213197969543147,29.534431,27.745908,39.484315,0.9068627450980392,0.9130434782608695,0.8930232558139535,84,84,83,0.660377358490566,0.6509433962264151,0.6226415094339622,3.7265574603174603,3.9536124285714322,3.7303965714285705,0.05319148936170213,0.0,0.0,70,69,66,0.5329949238578681,0.5736040609137056,0.6700507614213198,1.369681,1.220475,0.733487,0.33031674208144796,0.2850877192982456,0.0056179775280898875,105,113,132
82,0.4263959390862944,0.4263959390862944,0.41116751269035534,28.351396666666666,29.570727,34.435505,0.9073170731707317,0.9121951219512195,0.8909952606635071,84,84,81,0.6792452830188679,0.660377358490566,0.6320754716981132,3.9365448253968247,3.4909807936507975,4.306450556998556,0.05434782608695652,0.0,0.0,72,70,67,0.5888324873096447,0.5939086294416244,0.6700507614213198,1.355902,1.214649,0.685832,0.3080357142857143,0.27111111111111114,0.0,116,117,132
83,0.4263959390862944,0.4263959390862944,0.41624365482233505,30.734605333333334,31.538952,40.524111,0.9591836734693877,0.9359605911330049,0.8807339449541285,84,84,82,0.6415094339622641,0.660377358490566,0.6698113207547169,4.45418711111111,4.047507888888894,3.9456949999999984,0.03260869565217391,0.0,0.0,68,70,71,0.5736040609137056,0.5786802030456852,0.6548223350253807,1.388959,1.213792,0.69267,0.3665158371040724,0.28125,0.0,113,114,129
84,0.4263959390862944,0.4263959390862944,0.41624365482233505,28.531993,32.001565,44.624462,0.9215686274509803,0.9223300970873787,0.9036697247706422,84,84,82,0.6509433962264151,0.6698113207547169,0.660377358490566,4.356176428571427,3.8420170000000042,4.150257206349205,0.03225806451612903,0.0,0.0,69,71,70,0.5989847715736041,0.583756345177665,0.6598984771573604,1.385401,1.159077,0.724654,0.3656387665198238,0.24423963133640553,0.011111111111111112,118,115,130
85,0.4263959390862944,0.4263959390862944,0.40609137055837563,29.393520000000002,31.023759,43.66608,0.9108910891089109,0.9095238095238095,0.8986784140969163,84,84,80,0.6132075471698113,0.660377358490566,0.6509433962264151,4.472997111111111,3.7391925714285756,3.2489835714285706,0.04395604395604396,0.0,0.0,65,70,69,0.5634517766497462,0.5939086294416244,0.6598984771573604,1.400961,1.103626,0.709615,0.37168141592920356,0.2636363636363636,0.0,111,117,130
86,0.4213197969543147,0.4213197969543147,0.41624365482233505,29.465697,33.152995,43.293446,0.9227053140096618,0.9264705882352942,0.8805309734513275,83,83,82,0.6415094339622641,0.6698113207547169,0.6415094339622641,4.471416428571428,4.281340142857148,4.087499079365078,0.031914893617021274,0.0,0.0,68,71,68,0.5685279187817259,0.6142131979695431,0.6649746192893401,1.319388,1.118856,0.76468,0.36554621848739494,0.2304147465437788,0.0,112,121,131
87,0.4213197969543147,0.4213197969543147,0.4213197969543147,28.335752666666668,34.337747,40.801931,0.9543147208121827,0.9166666666666666,0.9130434782608695,83,83,83,0.6792452830188679,0.660377358490566,0.6509433962264151,4.40569953968254,4.176487539682544,3.3184001111111097,0.022727272727272728,0.010752688172043012,0.0,72,70,69,0.5685279187817259,0.6345177664974619,0.6548223350253807,1.403212,1.084261,0.738173,0.34649122807017546,0.24663677130044842,0.0,112,125,129
88,0.41624365482233505,0.4263959390862944,0.41624365482233505,27.799234,32.189825,47.337878,0.9227053140096618,0.9077669902912622,0.919047619047619,82,84,82,0.6698113207547169,0.6792452830188679,0.660377358490566,4.42958453968254,4.1299440000000045,3.904064888888888,0.044444444444444446,0.01020408163265306,0.0,71,72,70,0.5482233502538071,0.6548223350253807,0.6598984771573604,1.38071,1.05609,0.756884,0.34497816593886466,0.2943722943722944,0.00558659217877095,108,129,130
89,0.41624365482233505,0.4263959390862944,0.41624365482233505,29.631893333333334,32.064633,42.640017,0.9359605911330049,0.9264705882352942,0.8986175115207373,82,84,82,0.6981132075471698,0.7075471698113207,0.6509433962264151,4.693295111111111,3.842995000000004,3.9501729999999986,0.011111111111111112,0.010638297872340425,0.0,74,75,69,0.5482233502538071,0.6598984771573604,0.6751269035532995,1.280079,1.121023,0.727455,0.34913793103448276,0.27927927927927926,0.005494505494505495,108,130,133
90,0.4263959390862944,0.4263959390862944,0.41624365482233505,30.758965000000003,30.664802,40.573451,0.8873239436619719,0.9170731707317074,0.8868778280542986,84,84,82,0.6981132075471698,0.6792452830188679,0.6320754716981132,4.519686333333334,3.311289777777782,3.2899629999999984,0.0425531914893617,0.0,0.0,74,72,67,0.5532994923857868,0.649746192893401,0.6751269035532995,1.277945,1.172809,0.749343,0.3474576271186441,0.25688073394495414,0.016304347826086956,109,128,133
91,0.4213197969543147,0.4263959390862944,0.41116751269035534,27.980088,33.28457866666667,45.983799,0.949238578680203,0.9326923076923077,0.8867924528301887,83,84,81,0.6792452830188679,0.6792452830188679,0.6415094339622641,4.575662317460317,3.4046220000000043,3.1547782222222205,0.044444444444444446,0.0,0.0,72,72,68,0.5888324873096447,0.6548223350253807,0.6598984771573604,1.278067,1.147024,0.717486,0.3497942386831276,0.2556053811659193,0.016216216216216217,116,129,130
92,0.4213197969543147,0.4263959390862944,0.4213197969543147,28.992243000000002,31.026762666666666,45.815197,0.9547738693467337,0.9077669902912622,0.9205607476635514,83,84,83,0.6886792452830188,0.6981132075471698,0.6698113207547169,4.693434,3.984332317460322,3.6218581111111097,0.052083333333333336,0.0,0.0,73,74,71,0.5939086294416244,0.649746192893401,0.649746192893401,1.280533,1.180977,0.670944,0.38396624472573837,0.28193832599118945,0.00558659217877095,117,128,128
93,0.4263959390862944,0.41624365482233505,0.41116751269035534,32.52823,31.279494,38.583361,0.9234449760765551,0.9112149532710281,0.8904109589041096,84,82,81,0.6792452830188679,0.6981132075471698,0.6698113207547169,4.099272349206349,3.6899250317460357,3.5244843636363625,0.052083333333333336,0.0,0.0,72,74,71,0.5888324873096447,0.649746192893401,0.6446700507614214,1.433128,1.186949,0.691696,0.37916666666666665,0.2894736842105263,0.00558659217877095,116,128,127
94,0.4213197969543147,0.4263959390862944,0.41624365482233505,31.665058666666667,29.455779333333332,45.076023,0.9146919431279621,0.9601990049751243,0.9112149532710281,83,84,82,0.6886792452830188,0.7075471698113207,0.6415094339622641,4.611093571428571,3.854182000000004,3.630680539682538,0.020618556701030927,0.010526315789473684,0.0,73,75,68,0.5888324873096447,0.6040609137055838,0.6395939086294417,1.491566,1.261674,0.667305,0.3277310924369748,0.2850678733031674,0.0055248618784530384,116,119,126
95,0.41624365482233505,0.4213197969543147,0.4213197969543147,29.380406333333337,27.823188,43.22129,0.926829268292683,0.9162790697674419,0.8976744186046511,82,83,83,0.6981132075471698,0.7264150943396226,0.6792452830188679,4.277263571428571,3.7481827936507974,4.056748636363635,0.021052631578947368,0.0,0.0,74,77,72,0.6142131979695431,0.5939086294416244,0.6345177664974619,1.426971,1.230853,0.602307,0.35968379446640314,0.22325581395348837,0.005494505494505495,121,117,125
96,0.4263959390862944,0.41624365482233505,0.41116751269035534,27.482386000000005,33.513681,46.05611,0.9326923076923077,0.9146919431279621,0.919047619047619,84,82,81,0.6981132075471698,0.7264150943396226,0.6509433962264151,4.348152682539681,4.376847571428575,4.186622428571427,0.022222222222222223,0.010869565217391304,0.0,74,77,69,0.5939086294416244,0.5888324873096447,0.6294416243654822,1.386631,1.134658,0.642743,0.3943089430894309,0.26548672566371684,0.0056179775280898875,117,116,124
97,0.4263959390862944,0.4263959390862944,0.4213197969543147,27.957938,31.938709333333332,43.659028,0.9362745098039216,0.9198113207547169,0.9138755980861244,84,84,83,0.6792452830188679,0.6981132075471698,0.6509433962264151,4.537472682539682,3.535441000000004,3.79162616161616,0.06382978723404255,0.03225806451612903,0.0,72,74,69,0.5888324873096447,0.5685279187817259,0.6345177664974619,1.548077,1.266409,0.642414,0.3656387665198238,0.2813852813852814,0.0,116,112,125
98,0.4263959390862944,0.4263959390862944,0.41116751269035534,29.63139,33.138737,39.062883,0.9552238805970149,0.9658536585365853,0.8933333333333333,84,84,81,0.660377358490566,0.7169811320754716,0.6698113207547169,4.420551,3.994596111111115,3.5192395555555542,0.04395604395604396,0.010526315789473684,0.0,70,76,71,0.5329949238578681,0.5939086294416244,0.6395939086294417,1.536919,1.196477,0.614793,0.3209302325581395,0.2445414847161572,0.01092896174863388,105,117,126
99,0.4213197969543147,0.4213197969543147,0.41624365482233505,30.811444,32.829692,46.31783,0.9414634146341463,0.9033816425120773,0.9078341013824884,83,83,82,0.6698113207547169,0.7452830188679245,0.6981132075471698,4.749784968253968,4.199456888888893,4.285482525252524,0.06382978723404255,0.02197802197802198,0.0,71,79,74,0.5228426395939086,0.6345177664974619,0.6345177664974619,1.471674,1.163572,0.606761,0.350597609561753,0.2791666666666667,0.005376344086021506,103,125,125
100,0.4213197969543147,0.4213197969543147,0.4213197969543147,31.439355,30.755531666666666,48.490694,0.9278846153846154,0.9124423963133641,0.919047619047619,83,83,83,0.6981132075471698,0.7264150943396226,0.7075471698113207,5.210829888888888,4.503875571428575,3.8511216666666654,0.07291666666666667,0.021505376344086023,0.0,74,77,75,0.5482233502538071,0.6395939086294417,0.6294416243654822,1.438519,1.27527,0.616316,0.36507936507936506,0.2813852813852814,0.0,108,126,124
101,0.4263959390862944,0.4213197969543147,0.4213197969543147,32.885214,29.996038666666667,43.488382,0.9292452830188679,0.9326923076923077,0.9078341013824884,84,83,83,0.6886792452830188,0.6981132075471698,0.7075471698113207,5.067025571428571,4.259823460317465,4.2017942727272715,0.052083333333333336,0.010752688172043012,0.0,73,74,75,0.5634517766497462,0.6395939086294417,0.649746192893401,1.482655,1.248405,0.615479,0.36947791164658633,0.3130081300813008,0.0,111,126,128
102,0.4213197969543147,0.4263959390862944,0.4213197969543147,33.042405,32.97444166666667,42.639772,0.9154929577464789,0.9371980676328503,0.8842592592592593,83,84,83,0.6792452830188679,0.7264150943396226,0.6981132075471698,4.9554934603174585,4.533295000000003,3.762027272727272,0.021052631578947368,0.010869565217391304,0.0,72,77,74,0.5634517766497462,0.6548223350253807,0.6446700507614214,1.44377,1.305657,0.585273,0.40239043824701193,0.3153526970954357,0.0,111,129,127
103,0.4263959390862944,0.4263959390862944,0.4213197969543147,32.11744433333334,33.626003,44.570442,0.9018691588785047,0.9466019417475728,0.9144144144144144,84,84,83,0.6698113207547169,0.7358490566037735,0.7075471698113207,3.9546075396825398,4.1797824603174645,3.4016501717171708,0.0425531914893617,0.0,0.0,71,78,75,0.583756345177665,0.6446700507614214,0.6700507614213198,1.343057,1.249251,0.626401,0.38,0.3017241379310345,0.0,115,127,132
104,0.4263959390862944,0.4213197969543147,0.4213197969543147,30.408223,34.10215933333333,37.340625,0.945,0.9248826291079812,0.8899082568807339,84,83,83,0.6698113207547169,0.7075471698113207,0.6509433962264151,4.474793079365079,3.903799222222226,3.253128111111109,0.031914893617021274,0.0,0.0,71,75,69,0.5989847715736041,0.649746192893401,0.6700507614213198,1.365428,1.290695,0.647322,0.3821138211382114,0.30833333333333335,0.0,118,128,132
105,0.4213197969543147,0.4263959390862944,0.4213197969543147,30.054086,33.041432,44.469635,0.9402985074626866,0.9014084507042254,0.9013452914798207,83,84,83,0.6792452830188679,0.7169811320754716,0.6792452830188679,4.664552142857142,4.4574330000000035,3.4563954747474734,0.05154639175257732,0.0,0.0,72,76,72,0.5888324873096447,0.6649746192893401,0.6700507614213198,1.34157,1.286213,0.672673,0.388,0.3247863247863248,0.00546448087431694,116,131,132
106,0.41624365482233505,0.40609137055837563,0.4213197969543147,29.960243,35.263975666666674,36.425817,0.9368932038834952,0.9241706161137441,0.9223744292237442,82,80,83,0.7075471698113207,0.7169811320754716,0.6981132075471698,5.614879206349207,4.196863000000004,3.159453858585857,0.04040404040404041,0.0,0.0,75,76,74,0.5939086294416244,0.6192893401015228,0.6649746192893401,1.323518,1.263657,0.678763,0.3937007874015748,0.2981651376146789,0.0055248618784530384,117,122,131
107,0.4213197969543147,0.4263959390862944,0.41116751269035534,30.627432000000002,33.06321,39.101166,0.9082125603864735,0.9170506912442397,0.909952606635071,83,84,81,0.7169811320754716,0.7264150943396226,0.7169811320754716,4.87650465079365,4.275879968253972,3.8442845714285694,0.05263157894736842,0.0,0.0,76,77,76,0.6091370558375635,0.5939086294416244,0.6700507614213198,1.250379,1.292168,0.666124,0.3870967741935484,0.2972972972972973,0.0,120,117,132
108,0.4263959390862944,0.4213197969543147,0.41116751269035534,32.25422,32.52549633333333,38.600105,0.9257425742574258,0.9519230769230769,0.8847926267281107,84,83,81,0.7169811320754716,0.7264150943396226,0.6981132075471698,5.104916174603176,4.71353774603175,3.471987398268396,0.041237113402061855,0.0,0.0,76,77,74,0.6192893401015228,0.5939086294416244,0.6751269035532995,1.368576,1.324477,0.651001,0.40239043824701193,0.27631578947368424,0.0,122,117,133
109,0.4213197969543147,0.4213197969543147,0.4213197969543147,32.708841,34.444061,44.960033,0.9507389162561576,0.919047619047619,0.9103139013452914,83,83,83,0.6981132075471698,0.6981132075471698,0.7452830188679245,4.6295870952380955,3.2586502222222262,4.274404193362191,0.044444444444444446,0.02197802197802198,0.0,74,74,79,0.6040609137055838,0.5786802030456852,0.6598984771573604,1.302263,1.2072,0.655087,0.388,0.33064516129032256,0.0,119,114,130
110,0.41624365482233505,0.4263959390862944,0.41624365482233505,32.799991000000006,31.990892,43.282245,0.9215686274509803,0.9227053140096618,0.9061032863849765,82,84,82,0.7075471698113207,0.7358490566037735,0.7169811320754716,5.349909317460318,4.115339555555559,4.28322636363636,0.05154639175257732,0.023529411764705882,0.0,75,78,76,0.5888324873096447,0.6040609137055838,0.6649746192893401,1.290782,1.244488,0.687621,0.36909871244635195,0.28205128205128205,0.0,116,119,131
111,0.4213197969543147,0.4213197969543147,0.41624365482233505,30.729067000000004,32.438042,43.952437,0.9241706161137441,0.9371980676328503,0.8981481481481481,83,83,82,0.6981132075471698,0.7452830188679245,0.6886792452830188,4.5643423174603175,4.90976055555556,3.3688856363636335,0.04395604395604396,0.010309278350515464,0.0,74,79,73,0.5634517766497462,0.5939086294416244,0.6700507614213198,1.295342,1.257091,0.681166,0.404,0.30434782608695654,0.005494505494505495,111,117,132
112,0.4213197969543147,0.4213197969543147,0.4213197969543147,29.919750000000022,30.25288,45.538442,0.9238095238095239,0.9056603773584906,0.9140271493212669,83,83,83,0.7264150943396226,0.6981132075471698,0.6698113207547169,4.461269174603175,3.6373336825396865,3.629959620490618,0.010526315789473684,0.03225806451612903,0.0,77,74,71,0.583756345177665,0.5989847715736041,0.6548223350253807,1.334709,1.230665,0.688212,0.36363636363636365,0.2975206611570248,0.0,115,118,129
113,0.4263959390862944,0.4213197969543147,0.4213197969543147,31.078527000000005,34.52702,38.996729,0.9326923076923077,0.9368932038834952,0.8940092165898618,84,83,83,0.7075471698113207,0.7358490566037735,0.6981132075471698,5.030315539682539,4.3373734603174645,3.896041096681094,0.010869565217391304,0.010869565217391304,0.0,75,78,74,0.6142131979695431,0.6243654822335025,0.649746192893401,1.323861,1.188146,0.69034,0.42738589211618255,0.308,0.0,121,123,128
114,0.4263959390862944,0.4213197969543147,0.4213197969543147,28.495593000000003,31.811056,43.9046,0.9509803921568627,0.92018779342723,0.916256157635468,84,83,83,0.7075471698113207,0.7169811320754716,0.6981132075471698,4.818595682539682,3.6931795714285753,3.2327406969696946,0.07692307692307693,0.020833333333333332,0.0,75,76,74,0.6243654822335025,0.6395939086294417,0.649746192893401,1.366259,1.229959,0.713563,0.4188034188034188,0.3130081300813008,0.0,123,126,128
115,0.4213197969543147,0.4213197969543147,0.41624365482233505,29.242029000000002,31.937413,41.575449,0.946078431372549,0.9375,0.926829268292683,83,83,82,0.7264150943396226,0.7075471698113207,0.660377358490566,4.862789317460317,3.951242111111115,3.7504837474747448,0.03125,0.010638297872340425,0.0,77,75,70,0.6192893401015228,0.6294416243654822,0.6548223350253807,1.369171,1.180805,0.731383,0.405982905982906,0.3140495867768595,0.0,122,124,129
116,0.4213197969543147,0.4263959390862944,0.4213197969543147,31.160604000000003,30.970947,43.730675,0.9278846153846154,0.8976744186046511,0.9120370370370371,83,84,83,0.7264150943396226,0.6981132075471698,0.6792452830188679,4.826551111111111,3.8609784603174644,3.9904326969696946,0.021052631578947368,0.0,0.0,77,74,72,0.5736040609137056,0.6345177664974619,0.6598984771573604,1.462909,1.257998,0.789701,0.4230769230769231,0.31932773109243695,0.0,113,125,130
117,0.4416243654822335,0.43147208121827413,0.4416243654822335,30.992760000000004,32.581723,44.683929,0.8976744186046511,0.9342723004694836,0.883177570093458,87,85,87,0.7169811320754716,0.7075471698113207,0.7169811320754716,4.844925,4.4311272222222255,4.5464989033189,0.011363636363636364,0.02197802197802198,0.0,76,75,76,0.5989847715736041,0.6243654822335025,0.6548223350253807,1.474182,1.400483,0.787605,0.42105263157894735,0.3236514522821577,0.00546448087431694,118,123,129
118,0.4517766497461929,0.4517766497461929,0.4365482233502538,32.120936,36.975191,50.298537,0.9489795918367347,0.8985507246376812,0.9130434782608695,89,89,86,0.6886792452830188,0.7075471698113207,0.6981132075471698,4.808228682539682,4.803349111111116,3.9872099350649313,0.010752688172043012,0.0,0.0,73,75,74,0.6294416243654822,0.5989847715736041,0.649746192893401,1.47531,1.376138,0.768935,0.42231075697211157,0.3054393305439331,0.005376344086021506,124,118,128
119,0.4365482233502538,0.4467005076142132,0.4416243654822335,31.539896,34.98984766666667,52.21309,0.9414893617021277,0.9090909090909091,0.914572864321608,86,88,87,0.7075471698113207,0.7264150943396226,0.6981132075471698,4.512684317460318,5.078979968253972,3.879002414141411,0.0,0.0,0.0,75,77,74,0.6040609137055838,0.6040609137055838,0.649746192893401,1.579658,1.453072,0.748789,0.4533898305084746,0.2875536480686695,0.00546448087431694,119,119,128
120,0.4416243654822335,0.4517766497461929,0.4467005076142132,29.975601,36.99159666666667,50.887679,0.9336734693877551,0.923469387755102,0.8916256157635468,87,89,88,0.6981132075471698,0.7169811320754716,0.7169811320754716,4.530366317460318,4.736244968253972,4.217554585858583,0.0,0.0,0.0,74,76,76,0.5736040609137056,0.6091370558375635,0.649746192893401,1.538821,1.44626,0.732771,0.411522633744856,0.25327510917030566,0.005494505494505495,113,120,128
121,0.4517766497461929,0.4467005076142132,0.4365482233502538,29.73982,33.71383433333333,49.480148,0.92,0.9261083743842364,0.9043062200956937,89,88,86,0.6792452830188679,0.6981132075471698,0.7075471698113207,4.115199682539682,4.044830777777782,4.207000268398264,0.0,0.0,0.0,72,74,75,0.5329949238578681,0.6040609137055838,0.6345177664974619,1.572969,1.360471,0.690758,0.3832599118942731,0.2727272727272727,0.005434782608695652,105,119,125
122,0.4416243654822335,0.4416243654822335,0.4467005076142132,27.992462000000003,35.127202,48.38433,0.9438775510204082,0.9073170731707317,0.8840579710144928,87,87,88,0.6886792452830188,0.6886792452830188,0.6698113207547169,4.780983460317461,4.325714000000004,4.120934191919188,0.010416666666666666,0.0,0.0,73,73,71,0.5786802030456852,0.6548223350253807,0.6395939086294417,1.425071,1.317246,0.690273,0.36904761904761907,0.2764227642276423,0.00546448087431694,114,129,126
123,0.4467005076142132,0.4517766497461929,0.4416243654822335,29.9776973333333,34.02842766666667,50.344616,0.8829268292682927,0.92,0.8829268292682927,88,89,87,0.6981132075471698,0.6698113207547169,0.6509433962264151,5.034487888888888,4.099902111111115,4.46240595382395,0.0,0.0,0.0,74,71,69,0.5888324873096447,0.6548223350253807,0.649746192893401,1.504434,1.349991,0.687581,0.4246031746031746,0.28205128205128205,0.0,116,129,128
124,0.4467005076142132,0.4467005076142132,0.4365482233502538,28.675720666666667,34.23995933333333,44.69384,0.927461139896373,0.9333333333333333,0.9038461538461539,88,88,86,0.6981132075471698,0.6886792452830188,0.6792452830188679,4.949447253968254,4.748362539682543,4.5461354141414105,0.0,0.0,0.0,74,73,72,0.5939086294416244,0.6700507614213198,0.649746192893401,1.568225,1.42132,0.706241,0.42410714285714285,0.2923728813559322,0.0,117,132,128
125,0.4467005076142132,0.4517766497461929,0.4467005076142132,32.73353166666667,29.545657,47.755898,0.9319371727748691,0.9108910891089109,0.8888888888888888,88,89,88,0.6698113207547169,0.6792452830188679,0.6981132075471698,5.0052239682539685,5.000094888888894,4.644252838383835,0.0,0.0,0.0,71,72,74,0.5786802030456852,0.6598984771573604,0.649746192893401,1.535223,1.463144,0.634691,0.4144144144144144,0.27631578947368424,0.00546448087431694,114,130,128
126,0.4467005076142132,0.4416243654822335,0.4416243654822335,31.393916,32.962261,51.481493,0.9528795811518325,0.9253731343283582,0.93,88,87,87,0.6509433962264151,0.6792452830188679,0.6792452830188679,4.6821205714285705,4.856879000000004,3.9182908888888845,0.0,0.0,0.0,69,72,72,0.5634517766497462,0.6649746192893401,0.6649746192893401,1.515083,1.422998,0.686997,0.4107142857142857,0.28991596638655465,0.01639344262295082,111,131,131
127,0.4467005076142132,0.4517766497461929,0.4467005076142132,28.536678,36.79375766666667,45.642368,0.9270833333333334,0.9038461538461539,0.8726415094339622,88,89,88,0.6698113207547169,0.6698113207547169,0.6792452830188679,5.511972571428571,4.4702603333333375,3.5345392727272693,0.0,0.0,0.0,71,71,72,0.5634517766497462,0.6700507614213198,0.6649746192893401,1.493161,1.524362,0.725908,0.3936651583710407,0.2775330396475771,0.016483516483516484,111,132,131
128,0.4517766497461929,0.4517766497461929,0.4416243654822335,29.580939,34.467481,47.635351,0.9183673469387755,0.9222797927461139,0.8926829268292683,89,89,87,0.6698113207547169,0.6792452830188679,0.6792452830188679,6.20981688888889,5.058522777777782,4.283307682539679,0.0,0.0,0.0,71,72,72,0.5989847715736041,0.6802030456852792,0.6802030456852792,1.522249,1.52081,0.756261,0.39090909090909093,0.28444444444444444,0.01092896174863388,118,134,134
129,0.4467005076142132,0.4517766497461929,0.4416243654822335,30.204766333333264,34.902766333333325,49.819866,0.9322916666666666,0.9329896907216495,0.9359605911330049,88,89,87,0.6509433962264151,0.6981132075471698,0.6509433962264151,5.158026,5.065989000000004,4.040227636363633,0.0,0.0,0.0,69,74,69,0.5888324873096447,0.6395939086294417,0.6700507614213198,1.602557,1.61209,0.733444,0.4055299539170507,0.28440366972477066,0.0,116,126,132
130,0.4467005076142132,0.4517766497461929,0.4467005076142132,30.361665333333306,33.847628,50.759941,0.898989898989899,0.9117647058823529,0.8930232558139535,88,89,88,0.660377358490566,0.6981132075471698,0.6886792452830188,5.18686611111111,4.946496968253972,4.136134191919188,0.0,0.0,0.0,70,74,73,0.5888324873096447,0.6192893401015228,0.6649746192893401,1.621976,1.549576,0.722225,0.3674418604651163,0.2727272727272727,0.0,116,122,131
131,0.45685279187817257,0.47715736040609136,0.45685279187817257,32.363533,33.929029,44.064325,0.9086294416243654,0.896551724137931,0.9090909090909091,90,94,90,0.6792452830188679,0.7169811320754716,0.7452830188679245,5.64376311111111,5.213080428571433,4.542071545454541,0.0,0.0,0.0,72,76,79,0.6142131979695431,0.6395939086294417,0.6598984771573604,1.694239,1.582952,0.689113,0.3411214953271028,0.2602739726027397,0.0,121,126,130
132,0.4619289340101523,0.47715736040609136,0.4517766497461929,34.86283933333333,31.28317666666667,44.689369,0.9148936170212766,0.9067357512953368,0.8960396039603961,91,94,89,0.6792452830188679,0.7169811320754716,0.7547169811320755,6.406171,4.541484777777781,4.151500141414137,0.0,0.0,0.0,72,76,80,0.5939086294416244,0.6548223350253807,0.6700507614213198,1.67277,1.602318,0.678205,0.2736318407960199,0.24074074074074073,0.0,117,129,132
133,0.4720812182741117,0.4720812182741117,0.45685279187817257,33.53306066666667,32.868505,45.796774,0.900523560209424,0.9259259259259259,0.9132653061224489,93,93,90,0.6698113207547169,0.7358490566037735,0.7358490566037735,5.916407,5.545162571428575,4.695719999999995,0.0,0.0,0.0,71,78,78,0.5888324873096447,0.6802030456852792,0.6751269035532995,1.60745,1.573004,0.697756,0.30092592592592593,0.23853211009174313,0.0,116,134,133
134,0.47715736040609136,0.4720812182741117,0.4619289340101523,32.84484366666659,33.19995233333333,48.312373,0.9395604395604396,0.9247311827956989,0.8717948717948718,94,93,91,0.6509433962264151,0.7452830188679245,0.7075471698113207,6.329835,5.359688000000004,4.311419525252521,0.0,0.0,0.0,69,79,75,0.6040609137055838,0.6954314720812182,0.6700507614213198,1.671637,1.561835,0.682898,0.2927927927927928,0.24056603773584906,0.0,119,137,132
135,0.467005076142132,0.4720812182741117,0.4467005076142132,33.59553766666667,36.693232,48.148749,0.8865979381443299,0.9032258064516129,0.8888888888888888,92,93,88,0.660377358490566,0.7169811320754716,0.7358490566037735,5.578888428571429,5.092715317460321,4.151625636363632,0.0,0.0,0.0,70,76,78,0.6345177664974619,0.6802030456852792,0.6751269035532995,1.663668,1.609246,0.689978,0.2777777777777778,0.22815533980582525,0.0,125,134,133
136,0.4720812182741117,0.47715736040609136,0.45685279187817257,34.07425866666667,35.988306333333334,49.334265,0.9047619047619048,0.9067357512953368,0.8994974874371859,93,94,90,0.6792452830188679,0.7075471698113207,0.7075471698113207,5.967472174603175,4.775078111111115,4.463582792207787,0.0,0.0,0.0,72,75,75,0.6548223350253807,0.6954314720812182,0.6700507614213198,1.610603,1.684866,0.639091,0.2558139534883721,0.2535211267605634,0.0,129,137,132
137,0.47715736040609136,0.4720812182741117,0.4619289340101523,32.92138133333318,37.150183,50.642493,0.9144385026737968,0.9438202247191011,0.8861386138613861,94,93,91,0.6698113207547169,0.7264150943396226,0.7169811320754716,5.582943793650793,4.147178111111115,4.227505318903314,0.0,0.01098901098901099,0.0,71,77,76,0.6700507614213198,0.6954314720812182,0.6751269035532995,1.63092,1.714965,0.67644,0.29411764705882354,0.2706422018348624,0.0,132,137,133
138,0.47715736040609136,0.4720812182741117,0.4619289340101523,27.957974666666665,32.65426166666667,46.655947,0.9105263157894737,0.9289617486338798,0.9035532994923858,94,93,91,0.6981132075471698,0.7169811320754716,0.7547169811320755,5.863121571428572,5.523416888888893,4.783271090909086,0.0,0.0,0.0,74,76,80,0.6903553299492385,0.6700507614213198,0.6649746192893401,1.641147,1.739405,0.653645,0.25806451612903225,0.21951219512195122,0.0,136,132,131
139,0.4720812182741117,0.4720812182741117,0.45685279187817257,31.133617333333135,31.899746,48.477649,0.9137931034482759,0.8817733990147784,0.9214659685863874,93,93,90,0.6792452830188679,0.7169811320754716,0.7358490566037735,4.976767428571427,5.134527968253972,4.518088428571423,0.0,0.0,0.0,72,76,78,0.700507614213198,0.6700507614213198,0.6548223350253807,1.600671,1.760522,0.681494,0.2535211267605634,0.22966507177033493,0.0,138,132,129
140,0.467005076142132,0.4619289340101523,0.4619289340101523,33.99643133333357,32.021145,47.114764,0.9005524861878453,0.9285714285714286,0.898989898989899,92,91,91,0.6792452830188679,0.6886792452830188,0.7075471698113207,5.40539746031746,4.895509349206352,4.3156276046176,0.0,0.0,0.0,72,73,75,0.6903553299492385,0.649746192893401,0.6548223350253807,1.67215,1.688514,0.640238,0.30493273542600896,0.2336448598130841,0.0,136,128,129
141,0.4720812182741117,0.467005076142132,0.45685279187817257,33.06873400000006,35.757992666666674,49.071674,0.9371428571428572,0.9285714285714286,0.9144385026737968,93,92,90,0.6886792452830188,0.6886792452830188,0.7075471698113207,5.396640920634921,5.218933650793655,4.5960253636363575,0.0,0.0,0.0,73,73,75,0.6903553299492385,0.6345177664974619,0.6598984771573604,1.697157,1.735553,0.670437,0.2909090909090909,0.22857142857142856,0.0,136,125,130
142,0.47715736040609136,0.4720812182741117,0.4619289340101523,31.267961666667148,36.50632733333334,44.701895,0.9016393442622951,0.8900523560209425,0.900523560209424,94,93,91,0.6792452830188679,0.7075471698113207,0.6981132075471698,5.622781571428571,4.508356000000004,4.526278493506489,0.0,0.0,0.0,72,75,74,0.6903553299492385,0.6243654822335025,0.6751269035532995,1.707998,1.677361,0.639443,0.3169642857142857,0.23255813953488372,0.0,136,123,133
143,0.467005076142132,0.4720812182741117,0.4619289340101523,33.37721966666667,33.226552,45.173959,0.9273743016759777,0.9050279329608939,0.9157894736842105,92,93,91,0.6981132075471698,0.6981132075471698,0.6886792452830188,5.476225857142857,4.535891777777782,4.149007636363631,0.0,0.0,0.0,74,74,73,0.6700507614213198,0.6142131979695431,0.6751269035532995,1.744324,1.685096,0.681228,0.3257918552036199,0.22641509433962265,0.0,132,121,133
144,0.4720812182741117,0.47715736040609136,0.4517766497461929,33.080632666666666,34.209264,51.440862,0.9027027027027027,0.907608695652174,0.8958333333333334,93,94,89,0.7075471698113207,0.6886792452830188,0.6792452830188679,4.90577746031746,4.554408888888894,4.203320333333328,0.0,0.0,0.0,75,73,72,0.6598984771573604,0.6040609137055838,0.6903553299492385,1.685397,1.726937,0.635374,0.2981651376146789,0.2300469483568075,0.0,130,119,136
145,0.4720812182741117,0.467005076142132,0.4619289340101523,31.252200999999975,33.28585966666667,51.664117,0.9181286549707602,0.9378531073446328,0.921875,93,92,91,0.6981132075471698,0.6886792452830188,0.6981132075471698,5.165449,4.262313888888894,4.6001238888888825,0.0,0.0,0.0,74,73,74,0.6700507614213198,0.583756345177665,0.6802030456852792,1.803328,1.700752,0.641523,0.3153153153153153,0.23444976076555024,0.0,132,115,134
146,0.467005076142132,0.47715736040609136,0.4619289340101523,32.31119533333328,31.483220666666668,48.556179,0.9147727272727273,0.8770053475935828,0.9042553191489362,92,94,91,0.6981132075471698,0.6886792452830188,0.6792452830188679,5.202073142857142,4.420832111111116,4.181077888888883,0.0,0.0,0.0,74,73,72,0.6395939086294417,0.5888324873096447,0.6700507614213198,1.783068,1.6541,0.714388,0.29107981220657275,0.2169811320754717,0.0,126,116,132
147,0.4720812182741117,0.47715736040609136,0.4517766497461929,31.371657999999975,32.54177766666667,45.872714,0.9217877094972067,0.9186046511627907,0.893048128342246,93,94,89,0.7075471698113207,0.6415094339622641,0.660377358490566,4.688367682539682,4.869792428571433,3.9434658888888823,0.0,0.0,0.0,75,68,70,0.6345177664974619,0.583756345177665,0.6751269035532995,1.729283,1.630611,0.65784,0.314410480349345,0.21287128712871287,0.0,125,115,133
148,0.47715736040609136,0.4720812182741117,0.467005076142132,30.891120666666634,32.65166966666667,50.919211,0.9060773480662984,0.8852459016393442,0.907608695652174,94,93,92,0.6886792452830188,0.660377358490566,0.6698113207547169,4.687881571428571,4.126250222222226,3.6955905555555484,0.0,0.0,0.0,73,70,71,0.6142131979695431,0.5989847715736041,0.6598984771573604,1.672159,1.653158,0.672536,0.3317757009345794,0.22966507177033493,0.0,121,118,130
149,0.467005076142132,0.47715736040609136,0.467005076142132,33.75657966666664,36.43153566666666,52.993829,0.8944444444444445,0.9005524861878453,0.9277777777777778,92,94,92,0.6698113207547169,0.660377358490566,0.6415094339622641,4.822053317460317,4.486616000000004,4.313281050505044,0.0,0.0,0.0,71,70,68,0.6243654822335025,0.5736040609137056,0.6548223350253807,1.703887,1.698459,0.694611,0.2930232558139535,0.20388349514563106,0.0,123,113,129
150,0.4720812182741117,0.4619289340101523,0.4619289340101523,32.65726966666689,34.22486666666667,50.304563,0.9166666666666666,0.9195402298850575,0.9005524861878453,93,91,91,0.6886792452830188,0.6509433962264151,0.6320754716981132,5.002905571428571,4.483163428571433,4.658973539682532,0.0,0.0,0.0,73,69,67,0.5786802030456852,0.5736040609137056,0.6446700507614214,1.737711,1.684903,0.652038,0.3515981735159817,0.1708542713567839,0.0,114,113,127
151,0.47715736040609136,0.467005076142132,0.467005076142132,34.02310999999997,37.37646833333332,48.726808,0.8956043956043956,0.8926553672316384,0.9065934065934066,94,92,92,0.6792452830188679,0.6415094339622641,0.6415094339622641,4.615713031746033,4.267667904761908,4.33932872727272,0.0,0.0,0.0,72,68,68,0.5888324873096447,0.5888324873096447,0.649746192893401,1.650719,1.711013,0.66949,0.3108108108108108,0.17,0.0056179775280898875,116,116,128
152,0.4720812182741117,0.467005076142132,0.45685279187817257,33.03752899999997,35.457366666666665,42.851797,0.9470588235294117,0.8839779005524862,0.8911917098445595,93,92,90,0.6698113207547169,0.6509433962264151,0.660377358490566,5.22126711111111,4.948855111111116,4.32945572727272,0.0,0.0,0.0,71,69,70,0.5989847715736041,0.5989847715736041,0.649746192893401,1.605701,1.648474,0.681752,0.3318777292576419,0.15920398009950248,0.0,118,118,128
153,0.4720812182741117,0.47715736040609136,0.45685279187817257,31.78396933333265,31.570022,42.684241,0.9055555555555556,0.875,0.8947368421052632,93,94,90,0.660377358490566,0.6132075471698113,0.6226415094339622,5.438255539682539,4.399038460317464,4.40040285714285,0.0,0.0,0.0,70,65,66,0.6548223350253807,0.6345177664974619,0.6345177664974619,1.557331,1.629528,0.689595,0.2895927601809955,0.17733990147783252,0.0,129,125,125
154,0.4720812182741117,0.47715736040609136,0.4720812182741117,32.18944333333205,31.447853,40.345917,0.9152542372881356,0.9090909090909091,0.8877005347593583,93,94,93,0.6509433962264151,0.6509433962264151,0.6320754716981132,4.943583714285714,4.712513317460321,4.5509648744588675,0.0,0.0,0.0,69,69,67,0.649746192893401,0.6548223350253807,0.6345177664974619,1.579684,1.584628,0.723279,0.3406113537117904,0.18134715025906736,0.0,128,129,125
155,0.467005076142132,0.47715736040609136,0.467005076142132,32.92223666666598,33.62964466666667,49.029015,0.9027027027027027,0.9261363636363636,0.8967391304347826,92,94,92,0.6792452830188679,0.6320754716981132,0.6226415094339622,5.30862946031746,4.702859317460321,4.009279349206342,0.0,0.0,0.0,72,67,66,0.6294416243654822,0.6700507614213198,0.6446700507614214,1.616242,1.545169,0.727267,0.2938388625592417,0.1717171717171717,0.0,124,132,127
156,0.47715736040609136,0.4720812182741117,0.467005076142132,29.577983666665983,35.94237433333333,44.534802,0.8864864864864865,0.8729281767955801,0.9060773480662984,94,93,92,0.660377358490566,0.6415094339622641,0.6415094339622641,4.874490571428571,4.775613460317465,4.000578670995663,0.0,0.0,0.0,70,68,68,0.6091370558375635,0.6751269035532995,0.649746192893401,1.513999,1.649545,0.719746,0.29245283018867924,0.19801980198019803,0.0,120,133,128
157,0.47715736040609136,0.47715736040609136,0.4619289340101523,28.687398,36.73028133333333,45.16434,0.9349112426035503,0.9166666666666666,0.8956043956043956,94,94,91,0.6886792452830188,0.6509433962264151,0.6320754716981132,4.9472624285714275,4.4186205714285745,4.11258718759018,0.0,0.0,0.0,73,69,67,0.6345177664974619,0.6802030456852792,0.6548223350253807,1.462677,1.618006,0.735692,0.2706422018348624,0.17391304347826086,0.0,125,134,129
158,0.4720812182741117,0.47715736040609136,0.467005076142132,27.982337333333334,34.658649,41.570365,0.9298245614035088,0.884393063583815,0.9050279329608939,93,94,92,0.6886792452830188,0.6792452830188679,0.6415094339622641,5.092180714285715,5.351760317460321,4.632337428571421,0.0,0.0,0.0,73,72,68,0.6243654822335025,0.6751269035532995,0.649746192893401,1.436955,1.609525,0.665213,0.2626728110599078,0.18137254901960784,0.005714285714285714,123,133,128
159,0.4720812182741117,0.47715736040609136,0.467005076142132,30.86154,36.445534,42.04588,0.9147727272727273,0.9080459770114943,0.8994413407821229,93,94,92,0.6886792452830188,0.660377358490566,0.6320754716981132,5.169942793650794,4.591355888888893,4.425992414141407,0.0,0.0,0.0,73,70,67,0.6142131979695431,0.6649746192893401,0.6395939086294417,1.466226,1.632594,0.706985,0.2857142857142857,0.17857142857142858,0.0,121,131,126
160,0.47715736040609136,0.4720812182741117,0.4619289340101523,31.332587,37.38315833333333,49.715809,0.9467455621301775,0.9050279329608939,0.8953488372093024,94,93,91,0.6792452830188679,0.6415094339622641,0.6509433962264151,5.478746,4.206924111111116,3.8942651111111037,0.0,0.0,0.0,72,68,69,0.6345177664974619,0.6548223350253807,0.6345177664974619,1.418166,1.72422,0.763086,0.3317757009345794,0.15306122448979592,0.005780346820809248,125,129,125
161,0.4720812182741117,0.4720812182741117,0.4720812182741117,31.793730666667354,33.53677033333333,50.380903,0.9298245614035088,0.8797814207650273,0.8907103825136612,93,93,93,0.6792452830188679,0.6792452830188679,0.6509433962264151,5.337934714285715,4.812232904761909,4.254270046176038,0.0,0.0,0.0,72,72,69,0.649746192893401,0.6548223350253807,0.6243654822335025,1.412115,1.670885,0.751636,0.3269230769230769,0.15816326530612246,0.0,128,129,123
162,0.4720812182741117,0.47715736040609136,0.4619289340101523,30.86238000000069,32.76853,49.008787,0.9137931034482759,0.9152542372881356,0.9069767441860465,93,94,91,0.7075471698113207,0.6320754716981132,0.6509433962264151,5.623315428571429,4.895428888888894,4.351367428571421,0.0,0.0,0.0,75,67,69,0.6294416243654822,0.649746192893401,0.6294416243654822,1.479577,1.653182,0.725226,0.29797979797979796,0.14507772020725387,0.0,124,128,124
163,0.48223350253807107,0.49746192893401014,0.48223350253807107,29.325686666666698,32.25065933333334,44.666461,0.8947368421052632,0.898876404494382,0.8540540540540541,95,98,95,0.7264150943396226,0.6320754716981132,0.6509433962264151,5.420321682539683,4.8276454603174646,4.560756083694076,0.0,0.0,0.0,77,67,69,0.6598984771573604,0.6446700507614214,0.6446700507614214,1.52903,1.672339,0.712595,0.2904761904761905,0.13020833333333334,0.0,130,127,127
164,0.5025380710659898,0.5025380710659898,0.48223350253807107,30.986502000000005,34.96532833333334,52.035073,0.8971428571428571,0.9142857142857143,0.9010989010989011,99,99,95,0.7264150943396226,0.660377358490566,0.6415094339622641,5.225440571428571,4.246968888888894,4.263736460317452,0.0,0.0,0.0,77,70,68,0.6548223350253807,0.6598984771573604,0.6345177664974619,1.516502,1.670637,0.775897,0.3023255813953488,0.09644670050761421,0.0,129,130,125
165,0.5279187817258884,0.5279187817258884,0.5126903553299492,32.23433033333333,36.571696333333335,51.208745,0.9065934065934066,0.8421052631578947,0.8622448979591837,104,104,101,0.6981132075471698,0.6792452830188679,0.6792452830188679,5.730002714285715,4.303670111111115,3.9654535858585778,0.0,0.0,0.0,74,72,72,0.6598984771573604,0.6954314720812182,0.6649746192893401,1.554803,1.670628,0.786612,0.30288461538461536,0.11650485436893204,0.0,130,137,131
166,0.5228426395939086,0.5279187817258884,0.5177664974619289,36.59091366666667,40.34749399999999,46.442245,0.9421052631578948,0.9010416666666666,0.8970588235294118,103,104,102,0.7075471698113207,0.6509433962264151,0.6886792452830188,5.8884299206349215,4.551373888888894,4.310236919191911,0.0,0.0,0.0,75,69,73,0.6548223350253807,0.6954314720812182,0.6751269035532995,1.631656,1.652278,0.779787,0.2903225806451613,0.10144927536231885,0.030456852791878174,129,137,133
167,0.5228426395939086,0.5076142131979695,0.5177664974619289,36.448510333334504,39.51320666666666,49.930321,0.9191919191919192,0.9572192513368984,0.9,103,100,102,0.7264150943396226,0.6886792452830188,0.6886792452830188,5.368004793650793,4.230941682539687,3.9919382539682453,0.0,0.0,0.0,77,73,73,0.6852791878172588,0.6903553299492385,0.6852791878172588,1.675154,1.605715,0.802987,0.2590909090909091,0.11428571428571428,0.035175879396984924,135,136,135
168,0.5532994923857868,0.5482233502538071,0.5431472081218274,36.39714766666667,46.95889733333333,51.856536,0.895,0.8578199052132701,0.8743718592964824,109,108,107,0.7452830188679245,0.6981132075471698,0.7264150943396226,5.972033682539682,5.070594888888894,4.807275839826832,0.0,0.0,0.0,79,74,77,0.7157360406091371,0.7106598984771574,0.7258883248730964,1.653678,1.626619,0.802676,0.3103448275862069,0.1324200913242009,0.024875621890547265,141,140,143
169,0.5482233502538071,0.5482233502538071,0.5482233502538071,39.03523066666667,42.85185466666666,55.120388,0.8923076923076924,0.885,0.8974358974358975,108,108,108,0.7452830188679245,0.7264150943396226,0.7075471698113207,5.875257142857143,5.48737374603175,5.433899842712836,0.0,0.0,0.0,79,77,75,0.700507614213198,0.7106598984771574,0.7360406091370558,1.650218,1.605239,0.789665,0.2672413793103448,0.13636363636363635,0.019704433497536946,138,140,145
170,0.5482233502538071,0.5380710659898477,0.5228426395939086,39.901841,25.624574,57.343015,0.9354838709677419,0.8960396039603961,0.9037433155080213,108,106,103,0.7452830188679245,0.7358490566037735,0.7169811320754716,5.473516571428571,4.919851571428577,4.267216969696961,0.0,0.0,0.0,79,78,76,0.6548223350253807,0.7360406091370558,0.7563451776649747,1.621524,1.657551,0.819742,0.24537037037037038,0.1111111111111111,0.019704433497536946,129,145,149
171,0.5532994923857868,0.5380710659898477,0.49746192893401014,38.534404,26.429574,49.48105,0.9095744680851063,0.9732620320855615,0.9502762430939227,109,106,98,0.7358490566037735,0.7075471698113207,0.7264150943396226,6.108398142857143,4.958127428571434,4.897035617604609,0.0,0.0,0.0,78,75,77,0.6649746192893401,0.7208121827411168,0.7563451776649747,1.60367,1.697648,0.791601,0.25213675213675213,0.11574074074074074,0.024875621890547265,131,142,149
172,0.5482233502538071,0.5380710659898477,0.48223350253807107,37.098926333332166,27.588033,51.65233,0.9206349206349206,0.967741935483871,0.9137931034482759,108,106,95,0.7547169811320755,0.6886792452830188,0.7169811320754716,5.672319920634922,4.9116172539682585,5.031586001442993,0.0,0.0,0.0,80,73,76,0.6598984771573604,0.7309644670050761,0.766497461928934,1.690364,1.655372,0.824611,0.22666666666666666,0.13004484304932734,0.035,130,144,151
173,0.5482233502538071,0.5380710659898477,0.47715736040609136,36.512534,26.963285,50.295362,0.8947368421052632,0.9732620320855615,0.9142857142857143,108,106,94,0.7452830188679245,0.7075471698113207,0.7452830188679245,6.269191571428571,4.9429472222222275,5.562573919191911,0.0,0.0,0.0,79,75,79,0.6649746192893401,0.7258883248730964,0.7817258883248731,1.711766,1.677314,0.810034,0.2324561403508772,0.13761467889908258,0.02,131,143,154
174,0.5482233502538071,0.5380710659898477,0.47715736040609136,37.27914866666667,25.85823,52.045362,0.90625,0.988950276243094,0.9341317365269461,108,106,94,0.7641509433962265,0.7264150943396226,0.7735849056603774,5.951380920634921,5.526225666666671,5.291916111111103,0.0,0.0,0.0,81,77,82,0.6598984771573604,0.7208121827411168,0.7766497461928934,1.718643,1.693726,0.817119,0.24152542372881355,0.16228070175438597,0.01015228426395939,130,142,153
175,0.5431472081218274,0.5380710659898477,0.4720812182741117,39.025381,28.055677,51.605047,0.9052631578947369,0.9562841530054644,0.9685534591194969,107,106,93,0.7641509433962265,0.7547169811320755,0.7641509433962265,5.734542476190477,5.026868000000006,5.3652492222222135,0.0,0.0,0.0,81,80,81,0.6700507614213198,0.7157360406091371,0.7614213197969543,1.771781,1.711939,0.759291,0.24686192468619247,0.16299559471365638,0.01015228426395939,132,141,150
176,0.5532994923857868,0.5380710659898477,0.47715736040609136,39.82089866666667,28.553065,50.447894,0.9120879120879121,1.0,0.967948717948718,109,106,94,0.7830188679245284,0.7452830188679245,0.7452830188679245,5.897741428571428,5.232678888888894,5.2159889999999915,0.0,0.0,0.0,83,79,79,0.6802030456852792,0.7157360406091371,0.751269035532995,1.71641,1.650454,0.782194,0.23529411764705882,0.13716814159292035,0.01015228426395939,134,141,148
177,0.5431472081218274,0.5380710659898477,0.47715736040609136,39.61705366666667,26.478521,51.470534,0.9214659685863874,0.9723756906077348,0.9620253164556962,107,106,94,0.7358490566037735,0.7452830188679245,0.7075471698113207,5.902341031746032,5.129447682539687,5.617780474747466,0.0,0.0,0.0,78,79,75,0.6852791878172588,0.7055837563451777,0.7411167512690355,1.698655,1.61773,0.794588,0.24796747967479674,0.13392857142857142,0.01015228426395939,135,139,146
178,0.5532994923857868,0.5380710659898477,0.4720812182741117,41.551768666666675,26.383213,50.740449,0.8652849740932642,0.9833333333333333,0.8959537572254336,109,106,93,0.7264150943396226,0.7169811320754716,0.7452830188679245,5.58831111111111,5.207305222222228,5.451422999999991,0.0,0.0,0.0,77,76,79,0.7157360406091371,0.7055837563451777,0.7411167512690355,1.714659,1.691462,0.776122,0.23043478260869565,0.11711711711711711,0.015151515151515152,141,139,146
179,0.5482233502538071,0.5380710659898477,0.4720812182741117,41.91898366666667,25.831735,52.11858,0.9297297297297298,0.9887005649717514,0.9161676646706587,108,106,93,0.7264150943396226,0.7169811320754716,0.7641509433962265,5.802794571428571,5.5903065714285765,5.434391636363628,0.0,0.0,0.0,77,76,81,0.7106598984771574,0.6954314720812182,0.7411167512690355,1.67889,1.609815,0.776412,0.23076923076923078,0.10328638497652583,0.015228426395939087,140,137,146
180,0.5431472081218274,0.5279187817258884,0.4720812182741117,43.25824466666667,26.48741,54.291136,0.9447513812154696,0.978021978021978,0.8895348837209303,107,104,93,0.7358490566037735,0.6981132075471698,0.7358490566037735,5.46742046031746,5.692061777777783,5.331301747474741,0.01,0.0,0.0,78,74,78,0.700507614213198,0.6802030456852792,0.7309644670050761,1.744056,1.662787,0.762856,0.23423423423423423,0.12442396313364056,0.010101010101010102,138,134,144
181,0.5482233502538071,0.5279187817258884,0.4720812182741117,36.78784433333334,27.262455,52.541136,0.8669950738916257,0.9836065573770492,0.893491124260355,108,104,93,0.7358490566037735,0.7169811320754716,0.7264150943396226,5.944122571428573,4.921668111111115,4.862494206349199,0.0,0.0,0.0,78,76,77,0.700507614213198,0.6700507614213198,0.7309644670050761,1.771058,1.68268,0.810769,0.24444444444444444,0.15454545454545454,0.005025125628140704,138,132,144
182,0.5431472081218274,0.5279187817258884,0.4720812182741117,36.848615333333335,27.489218,50.791136,0.918918918918919,0.9781420765027322,0.9024390243902439,107,104,93,0.7264150943396226,0.7452830188679245,0.7547169811320755,5.985435,5.237721206349212,4.925904844155836,0.0,0.0,0.0,77,79,80,0.7208121827411168,0.6649746192893401,0.7309644670050761,1.783539,1.629187,0.791066,0.28820960698689957,0.16216216216216217,0.005050505050505051,142,131,144
183,0.5431472081218274,0.5279187817258884,0.47715736040609136,38.85756466666667,28.074003,54.291136,0.8947368421052632,0.994475138121547,0.8957055214723927,107,104,94,0.7358490566037735,0.7075471698113207,0.7169811320754716,5.546289285714286,5.435372222222227,5.108575206349197,0.009708737864077669,0.0,0.0,78,75,76,0.7309644670050761,0.6802030456852792,0.7411167512690355,1.792549,1.634639,0.850422,0.273542600896861,0.13574660633484162,0.0049504950495049506,144,134,146
184,0.5482233502538071,0.5279187817258884,0.467005076142132,39.133622333333335,26.795937,50.791136,0.9095744680851063,0.9838709677419355,0.9012345679012346,108,104,92,0.7452830188679245,0.7075471698113207,0.7452830188679245,6.312190428571429,5.952407571428576,5.1796299999999915,0.0,0.0,0.0,79,75,79,0.7411167512690355,0.7208121827411168,0.7360406091370558,1.855805,1.627762,0.83289,0.3067226890756303,0.15217391304347827,0.0,146,142,145
185,0.5532994923857868,0.5279187817258884,0.47715736040609136,37.770334999999015,28.495097,51.041136,0.9114583333333334,0.9891891891891892,0.8855421686746988,109,104,94,0.7358490566037735,0.7452830188679245,0.7641509433962265,5.681555428571429,5.598875000000004,4.971392058608051,0.0,0.0,0.0,78,79,81,0.7411167512690355,0.7309644670050761,0.7614213197969543,1.883939,1.716911,0.753656,0.2882882882882883,0.16071428571428573,0.019704433497536946,146,144,150
186,0.5431472081218274,0.5279187817258884,0.47715736040609136,34.71232233333236,27.795097,54.443541,0.8967391304347826,0.9945945945945946,0.9113924050632911,107,104,94,0.7452830188679245,0.7358490566037735,0.7358490566037735,6.375800571428573,5.011153428571433,5.210756735042728,0.0,0.0,0.0,79,78,78,0.7157360406091371,0.7208121827411168,0.751269035532995,1.981947,1.689442,0.792528,0.2676056338028169,0.11848341232227488,0.005050505050505051,141,142,148
187,0.5431472081218274,0.5279187817258884,0.467005076142132,37.336769333332356,26.451763,52.36858,0.9289617486338798,0.9891891891891892,0.9119496855345912,107,104,92,0.7358490566037735,0.6886792452830188,0.7547169811320755,5.981174857142858,5.499613888888893,4.945373999999991,0.009900990099009901,0.0,0.0,78,73,80,0.6852791878172588,0.7309644670050761,0.751269035532995,1.980691,1.717133,0.811769,0.2706422018348624,0.15555555555555556,0.005076142131979695,135,144,148
188,0.5786802030456852,0.5279187817258884,0.4873096446700508,38.03431233333333,27.694405,54.185343,0.9042553191489362,0.9891891891891892,0.8902439024390244,114,104,96,0.7358490566037735,0.6792452830188679,0.7358490566037735,5.617123460317461,5.150545428571433,5.1264805396825315,0.0,0.0,0.0,78,72,78,0.7157360406091371,0.751269035532995,0.7614213197969543,1.988435,1.80746,0.752883,0.22380952380952382,0.14798206278026907,0.0,141,148,150
189,0.5736040609137056,0.5279187817258884,0.48223350253807107,40.178756333333325,28.892254,55.86858,0.896551724137931,0.978494623655914,0.8580246913580247,113,104,95,0.7452830188679245,0.6981132075471698,0.7358490566037735,5.728614428571429,5.093345000000004,4.572759888888881,0.0,0.0,0.0,79,74,78,0.6852791878172588,0.7868020304568528,0.7715736040609137,2.063615,1.842704,0.832149,0.23809523809523808,0.12962962962962962,0.0,135,155,152
190,0.5634517766497462,0.5279187817258884,0.48223350253807107,38.80039633333333,30.646969,52.36858,0.9261363636363636,0.9838709677419355,0.85625,111,104,95,0.7169811320754716,0.6886792452830188,0.7169811320754716,5.548992571428571,5.165069000000005,5.331835636363628,0.0,0.0,0.0,76,73,76,0.6802030456852792,0.8020304568527918,0.7715736040609137,1.950581,1.813366,0.780365,0.2465753424657534,0.085,0.0,134,158,152
191,0.5736040609137056,0.5279187817258884,0.48223350253807107,38.52693933333333,29.134702,54.11858,0.8378378378378378,0.9840425531914894,0.84472049689441,113,104,95,0.7169811320754716,0.7264150943396226,0.7169811320754716,5.908888428571429,5.606915682539687,4.7083864430014355,0.0,0.0,0.0,76,77,76,0.6751269035532995,0.8071065989847716,0.7817258883248731,1.935065,1.945801,0.869043,0.23148148148148148,0.10426540284360189,0.0,133,159,154
192,0.5786802030456852,0.5279187817258884,0.48223350253807107,38.52842233334069,29.421169,54.11858,0.9289940828402367,0.9945652173913043,0.8518518518518519,114,104,95,0.7358490566037735,0.7264150943396226,0.7452830188679245,6.169197571428571,5.853689428571433,5.1206899538239465,0.0,0.0,0.0,78,77,79,0.6852791878172588,0.8121827411167513,0.7766497461928934,2.020896,1.921994,0.83817,0.24186046511627907,0.10648148148148148,0.0,135,160,153
193,0.5786802030456852,0.5228426395939086,0.47715736040609136,41.283534,27.26947966666667,52.36858,0.9122807017543859,0.983957219251337,0.8313253012048193,114,103,94,0.7264150943396226,0.7358490566037735,0.7264150943396226,6.008413142857144,5.663921428571433,4.969480307914301,0.0,0.0,0.0,77,78,77,0.6852791878172588,0.8121827411167513,0.7766497461928934,2.03956,1.883109,0.832349,0.22535211267605634,0.08878504672897196,0.0,135,160,153
194,0.5736040609137056,0.5228426395939086,0.47715736040609136,39.05410433333333,27.798249,52.36858,0.9457831325301205,0.973404255319149,0.8154761904761905,113,103,94,0.6981132075471698,0.6981132075471698,0.6886792452830188,5.931986571428573,5.437227888888894,4.586374331890325,0.0,0.0,0.0,74,74,73,0.700507614213198,0.8020304568527918,0.7868020304568528,1.989326,1.832029,0.842051,0.23148148148148148,0.05365853658536585,0.0,138,158,155
195,0.5736040609137056,0.5228426395939086,0.4720812182741117,36.75293733333333,28.424057,54.11858,0.9230769230769231,0.9732620320855615,0.8322981366459627,113,103,93,0.6981132075471698,0.7358490566037735,0.7358490566037735,5.6666832539682535,4.880650222222226,5.257380603174597,0.0,0.0,0.0,74,78,78,0.7106598984771574,0.8121827411167513,0.7766497461928934,2.042203,1.930769,0.813738,0.24663677130044842,0.07109004739336493,0.005076142131979695,140,160,153
196,0.5685279187817259,0.5177664974619289,0.47715736040609136,36.45164633333333,28.62079566666667,56.566945,0.8839779005524862,0.9838709677419355,0.8159509202453987,112,102,94,0.6698113207547169,0.7452830188679245,0.7264150943396226,6.191064,5.1412831111111155,4.943367142857137,0.0,0.0,0.0,71,79,77,0.6954314720812182,0.8020304568527918,0.7817258883248731,2.114309,1.871776,0.867955,0.24669603524229075,0.08018867924528301,0.005050505050505051,137,158,154
197,0.5736040609137056,0.5126903553299492,0.467005076142132,35.83180366666667,30.082739,55.29964,0.8971428571428571,1.0,0.8301886792452831,113,101,92,0.6792452830188679,0.7547169811320755,0.7264150943396226,6.273175857142857,5.709888777777782,4.901309509712504,0.0,0.009433962264150943,0.0,72,80,77,0.6802030456852792,0.8020304568527918,0.7614213197969543,2.135375,1.997465,0.868474,0.19626168224299065,0.09767441860465116,0.005050505050505051,134,158,150
198,0.5736040609137056,0.5126903553299492,0.4720812182741117,36.36476133333333,30.384707,55.86858,0.9578313253012049,0.9947368421052631,0.8354430379746836,113,101,93,0.7169811320754716,0.7358490566037735,0.7358490566037735,5.99425388888889,5.767800111111115,5.336889363636359,0.0,0.009708737864077669,0.0,76,78,78,0.6802030456852792,0.8020304568527918,0.7715736040609137,2.219399,1.894338,0.916987,0.16587677725118483,0.10762331838565023,0.005,134,158,152
199,0.5685279187817259,0.5126903553299492,0.467005076142132,36.834702333333325,29.406649,54.11858,0.8938547486033519,0.9791666666666666,0.8451612903225807,112,101,92,0.7452830188679245,0.7169811320754716,0.7735849056603774,5.926638571428571,5.591016428571433,4.613021809523803,0.0,0.0,0.0,79,76,82,0.700507614213198,0.7918781725888325,0.7817258883248731,2.212781,1.886511,0.910926,0.1894273127753304,0.11467889908256881,0.005025125628140704,138,156,154
200,0.5685279187817259,0.5025380710659898,0.4720812182741117,38.151639,28.806331,54.11858,0.893048128342246,0.979381443298969,0.8451612903225807,112,99,93,0.7169811320754716,0.37735849056603776,0.4528301886792453,5.795411857142858,2.090780460317461,2.798391525252523,0.0,0.010526315789473684,0.0,76,40,48,0.700507614213198,0.7766497461928934,0.7868020304568528,2.218295,1.865202,0.916801,0.2,0.10232558139534884,0.005050505050505051,138,153,155
201,0.5685279187817259,0.5025380710659898,0.4720812182741117,35.234386666666666,29.332058333333336,55.86858,0.9034090909090909,0.979381443298969,0.8407643312101911,112,99,93,0.7169811320754716,0.39622641509433965,0.46226415094339623,5.832859142857144,2.194868460317461,3.1626903174603154,0.0,0.0,0.0,76,42,49,0.7309644670050761,0.7614213197969543,0.7766497461928934,2.136521,1.817985,0.948311,0.1872146118721461,0.10599078341013825,0.010101010101010102,144,150,153
202,0.5634517766497462,0.49238578680203043,0.4619289340101523,36.777212,27.99554966666667,54.920072,0.9111111111111111,0.9653465346534653,0.8301886792452831,111,97,91,0.7264150943396226,0.42452830188679247,0.4056603773584906,5.503035,2.415970460317461,2.3812138888888867,0.0,0.0,0.0,77,45,43,0.7258883248730964,0.7563451776649747,0.7766497461928934,2.124125,1.858589,0.955802,0.18981481481481483,0.07906976744186046,0.0,143,149,153
203,0.5685279187817259,0.49238578680203043,0.467005076142132,34.289249,27.318947666666666,54.920072,0.92,0.9949238578680203,0.825,112,97,92,0.7452830188679245,0.4528301886792453,0.4339622641509434,5.625711857142858,2.3547004603174613,2.5684572063492044,0.0,0.0,0.0,79,48,46,0.7309644670050761,0.7461928934010152,0.7715736040609137,2.207201,1.89229,0.91746,0.18396226415094338,0.09302325581395349,0.0,144,147,152
204,0.5634517766497462,0.49238578680203043,0.467005076142132,38.07991266666667,28.318056666666667,55.86858,0.8783068783068783,0.9796954314720813,0.8109756097560976,111,97,92,0.7358490566037735,0.3867924528301887,0.42452830188679247,5.451835714285714,2.36354434920635,2.6753227777777755,0.0,0.08196721311475409,0.0,78,41,45,0.7208121827411168,0.7360406091370558,0.7563451776649747,2.235918,1.777976,0.898021,0.21182266009852216,0.1095890410958904,0.0,142,145,149
205,0.5736040609137056,0.49238578680203043,0.467005076142132,36.41893866666667,28.58765766666667,54.920072,0.9302325581395349,0.9702970297029703,0.8035714285714286,113,97,92,0.7264150943396226,0.4056603773584906,0.3867924528301887,5.8937888253968245,2.205701126984128,2.345028525252523,0.0,0.05660377358490566,0.0,77,43,41,0.7411167512690355,0.7258883248730964,0.751269035532995,2.327322,1.761259,0.920321,0.2037914691943128,0.07075471698113207,0.005076142131979695,146,143,148
206,0.5786802030456852,0.4873096446700508,0.4619289340101523,35.86937433333333,30.40078766666667,54.920072,0.8695652173913043,0.9949238578680203,0.8170731707317073,114,96,91,0.7264150943396226,0.3584905660377358,0.36792452830188677,5.679538000000001,1.9403544603174616,2.139684176046174,0.0,0.14545454545454545,0.0,77,38,39,0.6903553299492385,0.7157360406091371,0.766497461928934,2.354111,1.785345,0.916228,0.19902912621359223,0.09216589861751152,0.0,136,141,151
207,0.5736040609137056,0.4873096446700508,0.4619289340101523,37.07452766666667,30.23806666666667,55.86858,0.9081081081081082,0.9849246231155779,0.8427672955974843,113,96,91,0.7358490566037735,0.3113207547169811,0.44339622641509435,5.933641571428572,1.6348234603174616,2.1719890193140166,0.0,0.3,0.0,78,33,47,0.700507614213198,0.7106598984771574,0.751269035532995,2.426131,1.73411,0.929993,0.20187793427230047,0.10091743119266056,0.0,138,140,148
208,0.5736040609137056,0.4873096446700508,0.467005076142132,37.13557766666667,30.214018666666668,55.86858,0.9261363636363636,0.9949238578680203,0.8481012658227848,113,96,92,0.7264150943396226,0.33962264150943394,0.4716981132075472,5.999872000000001,1.7415474603174617,2.190360201465199,0.0,0.3880597014925373,0.0,77,36,50,0.6903553299492385,0.700507614213198,0.7614213197969543,2.497104,1.687298,0.901751,0.18571428571428572,0.11261261261261261,0.0,136,138,150
209,0.5634517766497462,0.4873096446700508,0.4619289340101523,35.24309466666667,28.81401866666667,55.86858,0.9081081081081082,0.9900990099009901,0.8481012658227848,111,96,91,0.7452830188679245,0.32075471698113206,0.39622641509433965,6.08916542857143,1.8707087936507947,2.394252238095235,0.0,0.453125,0.0,79,34,42,0.6345177664974619,0.700507614213198,0.7411167512690355,2.455051,1.731737,0.914556,0.2102803738317757,0.13452914798206278,0.0,125,138,146
210,0.5786802030456852,0.48223350253807107,0.4619289340101523,35.25323933333333,26.810049,55.86858,0.8858695652173914,0.98,0.8490566037735849,114,95,91,0.7358490566037735,0.3018867924528302,0.4528301886792453,6.383020571428572,2.3882851269841283,2.175952623931621,0.0,0.417910447761194,0.018867924528301886,78,32,48,0.6395939086294417,0.3756345177664975,0.8578680203045685,2.404166,1.643633,0.9994611212121214,0.18807339449541285,0.4946808510638298,0.0,126,74,169
211,0.5736040609137056,0.48223350253807107,0.4619289340101523,33.95818566666667,27.684172,55.86858,0.8670212765957447,0.9851485148514851,0.85,113,95,91,0.7452830188679245,0.22641509433962265,0.44339622641509435,6.405913571428572,1.7691683492063508,2.10094572205572,0.0,0.5652173913043478,0.06896551724137931,79,24,47,0.6903553299492385,0.4263959390862944,0.8324873096446701,2.386819,1.7190365555555556,0.936045406926407,0.1743119266055046,0.703125,0.0,136,84,164
212,0.5736040609137056,0.48223350253807107,0.4619289340101523,35.59718633333333,27.684172,55.86858,0.9425287356321839,0.995049504950495,0.8509316770186336,113,95,91,0.7452830188679245,0.2358490566037736,0.41509433962264153,6.000395746031748,2.2534133492063506,2.415923599955598,0.0,0.625,0.14516129032258066,79,25,44,0.7055837563451777,0.350253807106599,0.751269035532995,2.399875,1.675532,0.8682989783549784,0.182648401826484,0.7378640776699029,0.0,139,69,148
213,0.5634517766497462,0.48223350253807107,0.4619289340101523,35.07192566666667,27.692922,55.86858,0.9050279329608939,0.995049504950495,0.85,111,95,91,0.7735849056603774,0.24528301886792453,0.3867924528301887,6.385648,2.19602323809524,2.5611661396381376,0.0,0.6164383561643836,0.14814814814814814,82,26,41,0.766497461928934,0.3604060913705584,0.7614213197969543,2.39131,1.567697,0.9141868571428572,0.15178571428571427,0.7191358024691358,0.0,151,71,150
214,0.5736040609137056,0.48223350253807107,0.4619289340101523,37.05699233333333,27.823686,55.86858,0.9042553191489362,0.9901960784313726,0.85,113,95,91,0.7547169811320755,0.2169811320754717,0.3584905660377358,6.100491111111111,2.356156793650795,2.6908584285714263,0.0,0.6438356164383562,0.1694915254237288,80,23,38,0.7563451776649747,0.3147208121827411,0.751269035532995,2.455865,1.6042992222222223,0.889401,0.14215686274509803,0.7957957957957958,0.0,149,62,148
215,0.5634517766497462,0.5431472081218274,0.5482233502538071,37.573506666666674,41.27053,66.01394,0.8882978723404256,0.9238095238095239,0.7675675675675676,111,107,108,0.7547169811320755,0.6981132075471698,0.8018867924528302,6.5481240000000005,4.443824888888893,3.9989655760905705,0.0,0.34615384615384615,0.08943089430894309,80,74,85,0.7563451776649747,0.27411167512690354,0.7563451776649747,2.356161,1.59175,0.8654857142857143,0.13270142180094788,0.830945558739255,0.0,149,54,149
216,0.5736040609137056,0.5431472081218274,0.5583756345177665,36.48213033333334,41.98948766666667,64.644455,0.9021739130434783,0.9312169312169312,0.8894736842105263,113,107,110,0.7641509433962265,0.7075471698113207,0.8113207547169812,6.12963742857143,4.708425000000004,5.091924464313458,0.0,0.3058823529411765,0.025974025974025976,81,75,86,0.7563451776649747,0.20304568527918782,0.7817258883248731,2.44137,1.583677,0.8986226666666667,0.14354066985645933,0.8694444444444445,0.0,149,40,154
217,0.5786802030456852,0.5329949238578681,0.5532994923857868,37.01029333333334,46.659056,65.462463,0.9162011173184358,0.8792270531400966,0.9226519337016574,114,105,109,0.7641509433962265,0.7452830188679245,0.7735849056603774,6.618925000000001,4.775495222222226,4.602776884226879,0.0,0.34782608695652173,0.03409090909090909,81,79,82,0.7563451776649747,0.2182741116751269,0.7715736040609137,2.526243,1.612203,0.8319773333333333,0.1643192488262911,0.8722826086956522,0.0,149,43,152
218,0.5736040609137056,0.5380710659898477,0.5583756345177665,36.61502766666667,44.59556466666666,63.954289,0.8852459016393442,0.905,0.890625,113,106,110,0.7641509433962265,0.7452830188679245,0.7452830188679245,6.026701571428572,5.116217000000003,4.106861339660333,0.0,0.3418803418803419,0.04395604395604396,81,79,79,0.7817258883248731,0.17258883248730963,0.7563451776649747,2.488412,1.585045,0.8553845324675324,0.15859030837004406,0.9088541666666666,0.0,154,34,149
219,0.5634517766497462,0.5380710659898477,0.5634517766497462,36.34113466666667,41.02066666666666,63.362059,0.9298245614035088,0.8689320388349514,0.8860103626943006,111,106,111,0.7452830188679245,0.7075471698113207,0.8018867924528302,6.521730714285716,4.142160460317465,5.005667167499162,0.0,0.3391304347826087,0.05747126436781609,79,75,85,0.766497461928934,0.19289340101522842,0.7563451776649747,2.384102,1.6499742222222222,0.8589261428571427,0.18468468468468469,0.896551724137931,0.0,151,38,149
220,0.5786802030456852,0.5228426395939086,0.5482233502538071,36.34635933333334,40.02600366666666,65.357131,0.9086021505376344,0.9081632653061225,0.9171270718232044,114,103,108,0.7735849056603774,0.6886792452830188,0.8679245283018868,5.802179825396825,4.83157966666667,4.906875608058603,0.0,0.3669724770642202,0.0392156862745098,82,73,92,0.7766497461928934,0.17258883248730963,0.7614213197969543,2.380893,1.636392,0.9091779523809523,0.19911504424778761,0.8882978723404256,0.0,153,34,150
221,0.5736040609137056,0.5431472081218274,0.5583756345177665,36.742252,40.350906,63.35233,0.8978494623655914,0.8557692307692307,0.9095744680851063,113,107,110,0.7641509433962265,0.7075471698113207,0.7452830188679245,6.279501174603174,5.025427777777781,4.574843909645905,0.0,0.25862068965517243,0.024096385542168676,81,75,79,0.7360406091370558,0.19289340101522842,0.7868020304568528,2.465335,1.604462,0.8346143809523808,0.2100456621004566,0.8921052631578947,0.005649717514124294,145,38,155
222,0.5736040609137056,0.5329949238578681,0.5532994923857868,37.463447,41.45109266666667,62.210885,0.9111111111111111,0.8755980861244019,0.8952879581151832,113,105,109,0.7452830188679245,0.7452830188679245,0.8018867924528302,6.382568142857143,4.946343888888894,4.758621530691526,0.0,0.26495726495726496,0.022988505747126436,79,79,85,0.7309644670050761,0.17766497461928935,0.7918781725888325,2.539383,1.607256,0.8362363246753247,0.17889908256880735,0.8986666666666666,0.0,144,35,156
223,0.5634517766497462,0.5380710659898477,0.5583756345177665,38.08501366666667,39.542244333333336,59.269245,0.898876404494382,0.9226804123711341,0.8882978723404256,111,106,110,0.7358490566037735,0.7452830188679245,0.8584905660377359,6.045563317460318,4.684185428571431,4.570926088911084,0.0,0.25862068965517243,0.020833333333333332,78,79,91,0.7055837563451777,0.17258883248730963,0.7766497461928934,2.528093,1.622668,0.8431992857142857,0.1735159817351598,0.9002770083102493,0.005714285714285714,139,34,153
224,0.5736040609137056,0.5329949238578681,0.5583756345177665,36.454428,40.047497,64.157898,0.8783068783068783,0.8866995073891626,0.9152542372881356,113,105,110,0.7169811320754716,0.7452830188679245,0.7641509433962265,6.382516571428572,4.525474682539687,4.667874311355307,0.0,0.27522935779816515,0.012048192771084338,76,79,81,0.6903553299492385,0.18274111675126903,0.7766497461928934,2.491388,1.614705,0.8629845714285715,0.1956521739130435,0.8940217391304348,0.0,136,36,153
225,0.5736040609137056,0.5329949238578681,0.5634517766497462,37.43097133333334,41.37205133333334,63.64168,0.9425287356321839,0.917098445595855,0.9101123595505618,113,105,111,0.7358490566037735,0.6886792452830188,0.8018867924528302,6.179697571428572,5.129798095238099,4.467983277944273,0.0,0.27358490566037735,0.011363636363636364,78,73,85,0.6852791878172588,0.17766497461928935,0.7563451776649747,2.448543,1.631794,0.9327053809523809,0.20425531914893616,0.8953168044077136,0.005714285714285714,135,35,149
226,0.5634517766497462,0.5279187817258884,0.5532994923857868,37.938831,42.356895,65.564077,0.8961748633879781,0.9158415841584159,0.8723404255319149,111,104,109,0.7547169811320755,0.6981132075471698,0.7641509433962265,6.253473857142858,4.463524222222226,4.572838298701294,0.0,0.2719298245614035,0.0,80,74,81,0.6852791878172588,0.17766497461928935,0.766497461928934,2.38369,1.624792,0.9471468095238094,0.16017316017316016,0.9193548387096774,0.005747126436781609,135,35,151
227,0.5634517766497462,0.5431472081218274,0.5634517766497462,37.354938,44.696568,60.515394,0.9044943820224719,0.8497652582159625,0.8972972972972973,111,107,111,0.7641509433962265,0.7641509433962265,0.8207547169811321,6.597987317460318,5.059661777777782,4.777119351648347,0.0,0.28448275862068967,0.011235955056179775,81,81,87,0.6954314720812182,0.15736040609137056,0.766497461928934,2.425168,1.644354,0.8835878571428573,0.17543859649122806,0.9202127659574468,0.0,137,31,151
228,0.5736040609137056,0.5329949238578681,0.5634517766497462,39.440273,43.10029266666666,64.317244,0.8907103825136612,0.89,0.8967391304347826,113,105,111,0.7830188679245284,0.6886792452830188,0.8301886792452831,6.4297103174603185,4.153066777777782,4.902608535020529,0.0,0.24752475247524752,0.010752688172043012,83,73,88,0.6852791878172588,0.16751269035532995,0.7868020304568528,2.33391,1.643757,0.9816372857142858,0.1782608695652174,0.907103825136612,0.0,135,33,155
229,0.5685279187817259,0.5380710659898477,0.5583756345177665,36.52048766666666,43.136825,66.331316,0.8870967741935484,0.9,0.9060773480662984,112,106,110,0.8113207547169812,0.6792452830188679,0.7735849056603774,6.511625000000001,4.187173000000004,4.8125313223443165,0.0,0.30434782608695654,0.0,86,72,82,0.6802030456852792,0.17258883248730963,0.7868020304568528,2.356286,1.645282,0.9888582380952381,0.19913419913419914,0.9102902374670184,0.0,134,34,155
230,0.5634517766497462,0.5380710659898477,0.5634517766497462,36.95446366666666,42.922586,67.88614,0.9195402298850575,0.9119170984455959,0.9021739130434783,111,106,111,0.8301886792452831,0.7264150943396226,0.7924528301886793,6.428411539682541,4.9234733174603225,4.660596329670324,0.0,0.2982456140350877,0.0,88,77,84,0.6954314720812182,0.4213197969543147,0.751269035532995,2.450289,1.790726,1.0173527142857142,0.18340611353711792,0.7873417721518987,0.0,137,83,148
231,0.5786802030456852,0.5228426395939086,0.5583756345177665,37.99657766666667,43.333966,61.033641,0.8994413407821229,0.8969072164948454,0.9081081081081082,114,103,110,0.7924528301886793,0.6886792452830188,0.839622641509434,6.793619650793652,5.682216555555559,4.541948631479626,0.0,0.26956521739130435,0.0,84,73,89,0.700507614213198,0.47715736040609136,0.7461928934010152,2.408571,1.704285,1.093927,0.19736842105263158,0.6696696696696697,0.0,138,94,147
232,0.5736040609137056,0.5380710659898477,0.5634517766497462,39.169584333333326,39.244813,59.667025,0.9142857142857143,0.875,0.8677248677248677,113,106,111,0.7735849056603774,0.7075471698113207,0.8301886792452831,6.652857650793652,5.670233904761909,4.778406304806299,0.0,0.3017241379310345,0.0,82,75,88,0.6700507614213198,0.47715736040609136,0.7411167512690355,2.401101,1.843978,1.0383937142857143,0.21929824561403508,0.6395759717314488,0.0,132,94,146
233,0.5685279187817259,0.5431472081218274,0.5634517766497462,39.247289,46.34142966666666,61.44348,0.9375,0.8955223880597015,0.8983050847457628,112,107,111,0.7641509433962265,0.7264150943396226,0.7924528301886793,6.384176746031748,6.602784888888892,4.685210417582411,0.009615384615384616,0.25217391304347825,0.0,81,77,84,0.6649746192893401,0.43147208121827413,0.7360406091370558,2.358719,1.813911,1.003223,0.20087336244541484,0.6112956810631229,0.0,131,85,145
234,0.5786802030456852,0.5380710659898477,0.5583756345177665,37.528862,46.458864,62.283516,0.8864864864864865,0.9123711340206185,0.9217877094972067,114,106,110,0.7641509433962265,0.6886792452830188,0.7924528301886793,6.62169953968254,5.116872444444447,4.288728042957037,0.0,0.25471698113207547,0.0,81,73,84,0.649746192893401,0.4467005076142132,0.7461928934010152,2.425249,1.754642,1.033845,0.19909502262443438,0.5794392523364486,0.0,128,88,147
235,0.5786802030456852,0.5431472081218274,0.5583756345177665,37.58387,43.35432266666667,61.661633,0.9273743016759777,0.8994974874371859,0.9050279329608939,114,107,110,0.7547169811320755,0.7264150943396226,0.8113207547169812,6.463642888888889,6.320991333333338,4.2820909255189195,0.0,0.3185840707964602,0.0,80,77,86,0.6598984771573604,0.4720812182741117,0.751269035532995,2.427665,1.756534,1.052637,0.19383259911894274,0.625,0.0,130,93,148
236,0.5685279187817259,0.5380710659898477,0.5634517766497462,39.46654733333334,40.748932333333336,62.449323,0.9529411764705882,0.9081632653061225,0.9042553191489362,112,106,111,0.7735849056603774,0.7169811320754716,0.7830188679245284,6.472912571428572,5.941893111111115,5.238476671550666,0.0,0.27358490566037735,0.0,82,76,83,0.6548223350253807,0.4467005076142132,0.7614213197969543,2.474933,1.870589,1.073166,0.1917808219178082,0.6333333333333333,0.0,129,88,150
237,0.5736040609137056,0.5431472081218274,0.5634517766497462,39.248131,41.030756,60.234422,0.9479768786127167,0.9139784946236559,0.9081081081081082,113,107,111,0.7830188679245284,0.6792452830188679,0.8207547169811321,7.1752177460317474,6.83412766666667,4.866680151404145,0.0,0.30357142857142855,0.0,83,72,87,0.6649746192893401,0.43147208121827413,0.766497461928934,2.407829,1.895155,1.011485,0.19823788546255505,0.5856164383561644,0.0,131,85,151
238,0.5736040609137056,0.5431472081218274,0.5634517766497462,37.36564166666666,45.389699,56.151482,0.8820224719101124,0.8701923076923077,0.903954802259887,113,107,111,0.8113207547169812,0.7358490566037735,0.7924528301886793,6.9268155714285715,6.549167460317465,5.136943256410251,0.0,0.25210084033613445,0.011764705882352941,86,78,84,0.6903553299492385,0.4365482233502538,0.766497461928934,2.420768,1.741701,1.022414,0.1956521739130435,0.5896656534954408,0.0,136,86,151
239,0.5736040609137056,0.5329949238578681,0.5532994923857868,37.62596,47.911229,64.681993,0.9060773480662984,0.9128205128205128,0.935672514619883,113,105,109,0.7924528301886793,0.7452830188679245,0.8207547169811321,6.62792746031746,6.001753190476194,4.929093774336769,0.0,0.25,0.0,84,79,87,0.7055837563451777,0.4720812182741117,0.751269035532995,2.422202,1.786447,1.047245,0.18222222222222223,0.627831715210356,0.0,139,93,148
240,0.5634517766497462,0.5279187817258884,0.5634517766497462,38.330437,45.00518066666666,66.02368,0.9217877094972067,0.8762376237623762,0.9021739130434783,111,104,111,0.7924528301886793,0.7358490566037735,0.7830188679245284,7.086461873015874,5.589074777777782,4.4061795460095405,0.0,0.27358490566037735,0.0,84,78,83,0.700507614213198,0.4517766497461929,0.751269035532995,2.433108,1.9413682222222222,1.064415,0.1981981981981982,0.63,0.0,138,89,148
241,0.6192893401015228,0.5888324873096447,0.5989847715736041,38.46906733333333,44.712077,64.129613,0.893048128342246,0.848780487804878,0.8823529411764706,122,116,118,0.7735849056603774,0.7169811320754716,0.8113207547169812,6.318723428571428,6.13710055555556,5.209226162171157,0.0,0.2894736842105263,0.0,82,76,86,0.7157360406091371,0.4619289340101523,0.7614213197969543,2.477691,1.9777177777777777,1.002947,0.18141592920353983,0.592948717948718,0.0,141,91,150
242,0.6243654822335025,0.583756345177665,0.6142131979695431,42.28854533333333,44.739591,69.831486,0.8963414634146342,0.9047619047619048,0.8855421686746988,123,115,121,0.7830188679245284,0.7075471698113207,0.8301886792452831,6.459513571428571,7.0546277777777835,4.704784814407811,0.0,0.26666666666666666,0.0,83,75,88,0.6954314720812182,0.4720812182741117,0.7614213197969543,2.431092,2.0153205555555553,1.052768,0.14220183486238533,0.597444089456869,0.0,137,93,150
243,0.6142131979695431,0.5888324873096447,0.6040609137055838,42.909844333333325,47.07608033333334,66.015332,0.8860759493670886,0.8833333333333333,0.8902439024390244,121,116,119,0.7924528301886793,0.7264150943396226,0.8490566037735849,6.849530857142858,7.022753841269845,5.073199182595177,0.0,0.2,0.0,84,77,90,0.6903553299492385,0.5025380710659898,0.7563451776649747,2.3914,2.033569,1.00677,0.1318181818181818,0.5369127516778524,0.0,136,99,149
244,0.6294416243654822,0.583756345177665,0.6091370558375635,42.27917466666667,48.44995666666667,72.756154,0.8846153846153846,0.8888888888888888,0.8571428571428571,124,115,120,0.7830188679245284,0.7358490566037735,0.8207547169811321,6.864814571428572,5.802779222222226,4.931872075924071,0.0,0.21568627450980393,0.0,83,78,87,0.7208121827411168,0.5177664974619289,0.7563451776649747,2.366374,1.900644,1.047692,0.12149532710280374,0.527027027027027,0.0,142,102,149
245,0.6040609137055838,0.5939086294416244,0.6091370558375635,42.973568,48.560731333333344,69.947642,0.9038461538461539,0.8777777777777778,0.8719512195121951,119,117,120,0.7924528301886793,0.7641509433962265,0.7830188679245284,7.07138688888889,6.449787793650798,5.060422707958702,0.0,0.19047619047619047,0.0,84,81,83,0.7157360406091371,0.5431472081218274,0.7563451776649747,2.312348,1.928621,1.042153,0.10476190476190476,0.5418060200668896,0.0,141,107,149
246,0.6243654822335025,0.5888324873096447,0.6142131979695431,44.578546666666654,46.562591,73.266674,0.9032258064516129,0.8806818181818182,0.8606060606060606,123,116,121,0.7735849056603774,0.7169811320754716,0.8113207547169812,7.338942682539683,6.783989380952384,5.211621220224215,0.0,0.23076923076923078,0.0,82,76,86,0.6954314720812182,0.5380710659898477,0.7411167512690355,2.346044,2.028946,1.06187,0.107981220657277,0.5412186379928315,0.0,137,106,146
247,0.6243654822335025,0.5786802030456852,0.6040609137055838,42.528007,45.19685333333333,69.215676,0.8853503184713376,0.9298245614035088,0.8848484848484849,123,114,119,0.7735849056603774,0.7264150943396226,0.8867924528301887,6.883196111111111,7.094138000000004,5.407751997668992,0.0,0.18446601941747573,0.0,82,77,94,0.6802030456852792,0.5025380710659898,0.751269035532995,2.272551,2.051488,0.970758,0.07211538461538461,0.4963768115942029,0.0,134,99,148
248,0.6243654822335025,0.583756345177665,0.6142131979695431,39.004407,42.09879433333334,71.952561,0.9054054054054054,0.8707865168539326,0.8727272727272727,123,115,121,0.7830188679245284,0.7358490566037735,0.7735849056603774,7.384949000000001,7.152441238095243,5.294253160173152,0.0,0.17475728155339806,0.0,83,78,82,0.6852791878172588,0.5279187817258884,0.7563451776649747,2.247545,1.951445,0.964169,0.07729468599033816,0.4882154882154882,0.0,135,104,149
249,0.6294416243654822,0.5736040609137056,0.6091370558375635,40.82008033333333,42.973787,64.406579,0.8703703703703703,0.875,0.8373493975903614,124,113,120,0.7735849056603774,0.7169811320754716,0.8018867924528302,7.021856142857143,7.287326777777782,4.652106499833494,0.0,0.1485148514851485,0.0,82,76,85,0.6903553299492385,0.5482233502538071,0.766497461928934,2.202659,1.94069,1.008794,0.05853658536585366,0.5337837837837838,0.0,136,108,151
250,0.6294416243654822,0.583756345177665,0.5989847715736041,43.125507,39.94334,72.486808,0.9054054054054054,0.8538011695906432,0.8819875776397516,124,115,118,0.7735849056603774,0.7547169811320755,0.8679245283018868,7.3866190000000005,6.8130977142857185,5.431362063492056,0.0,0.21052631578947367,0.0,82,80,92,0.6852791878172588,0.5736040609137056,0.7766497461928934,2.138046,2.051445,0.98608,0.09047619047619047,0.516245487364621,0.0,135,113,153
251,0.6040609137055838,0.5736040609137056,0.6142131979695431,44.58254866666665,44.74199266666667,69.523527,0.903448275862069,0.8647058823529412,0.874251497005988,119,113,121,0.7924528301886793,0.7830188679245284,0.8018867924528302,7.65823153968254,6.165224682539686,5.169864730158723,0.0,0.2336448598130841,0.0,84,83,85,0.6852791878172588,0.5431472081218274,0.7715736040609137,2.131639,2.114489,0.970849,0.07729468599033816,0.5036764705882353,0.0,135,107,152
252,0.6243654822335025,0.5888324873096447,0.6040609137055838,44.349982,48.392518666666675,69.374181,0.9271523178807947,0.8786127167630058,0.8827160493827161,123,116,119,0.7924528301886793,0.7641509433962265,0.7924528301886793,7.355807777777777,6.388343238095243,5.357117484293478,0.0,0.205607476635514,0.0,84,81,84,0.6751269035532995,0.5228426395939086,0.751269035532995,2.151136,2.054201,0.977941,0.06403940886699508,0.48375451263537905,0.0,133,103,148
253,0.6243654822335025,0.5888324873096447,0.6091370558375635,43.47059266666666,46.163759000000006,68.546347,0.9090909090909091,0.8994082840236687,0.875,123,116,120,0.8113207547169812,0.7547169811320755,0.8301886792452831,6.874020682539682,6.672985539682543,4.776945580419574,0.0,0.19811320754716982,0.0,86,80,88,0.6852791878172588,0.5228426395939086,0.7360406091370558,2.139584,2.049348,0.994812,0.08173076923076923,0.5135135135135135,0.0,135,103,145
254,0.6192893401015228,0.5888324873096447,0.6040609137055838,43.79364633333333,45.78138,71.850184,0.874251497005988,0.8715083798882681,0.8726114649681529,122,116,119,0.8018867924528302,0.7641509433962265,0.7547169811320755,6.335018111111111,6.76923866666667,4.625795414363406,0.0,0.19811320754716982,0.0,85,81,80,0.6700507614213198,0.5279187817258884,0.7461928934010152,2.125327,2.097813,1.003872,0.09090909090909091,0.5190311418685121,0.0,132,104,147
255,0.6345177664974619,0.5989847715736041,0.6345177664974619,42.72370100000016,52.61636933333334,70.069275,0.8734939759036144,0.8361581920903954,0.8654970760233918,125,118,125,0.7830188679245284,0.7358490566037735,0.7830188679245284,6.839538888888889,7.635268238095242,4.6076237789987715,0.0,0.18627450980392157,0.0,83,78,83,0.6954314720812182,0.5431472081218274,0.7461928934010152,2.172992,2.104425,0.998685,0.08780487804878048,0.5,0.0,137,107,147
256,0.6395939086294417,0.6192893401015228,0.6294416243654822,47.875967,51.303707666666675,70.699031,0.8853503184713376,0.84,0.8291139240506329,126,122,124,0.7830188679245284,0.6886792452830188,0.7924528301886793,6.585673,7.114740333333338,5.452519042735033,0.0,0.19626168224299065,0.0,83,73,84,0.6649746192893401,0.5431472081218274,0.751269035532995,2.108049,1.927273,0.961227,0.09,0.49328859060402686,0.0,131,107,148
257,0.649746192893401,0.6091370558375635,0.6294416243654822,46.064453999999984,49.923868000000006,73.034048,0.8767123287671232,0.875,0.8589743589743589,128,120,124,0.7547169811320755,0.7075471698113207,0.8207547169811321,6.180775888888889,7.069749333333338,5.383538044955038,0.0,0.20192307692307693,0.0,80,75,87,0.6802030456852792,0.5532994923857868,0.7461928934010152,2.219118,1.944514,0.973887,0.07317073170731707,0.5017667844522968,0.0,134,109,147
258,0.649746192893401,0.6142131979695431,0.6395939086294417,45.564038333333315,51.30849100000001,70.351689,0.9148936170212766,0.8622754491017964,0.8074534161490683,128,121,126,0.7735849056603774,0.6886792452830188,0.839622641509434,7.125040634920635,7.214318777777781,4.850237375846367,0.0,0.17647058823529413,0.0,82,73,89,0.6802030456852792,0.5685279187817259,0.7461928934010152,2.147533,2.041897,0.981462,0.07881773399014778,0.4729241877256318,0.0,134,112,147
259,0.6548223350253807,0.6142131979695431,0.6345177664974619,43.133923333333314,51.11567300000001,72.102023,0.86,0.8596491228070176,0.8866666666666667,129,121,125,0.7641509433962265,0.7264150943396226,0.839622641509434,6.543315015873016,7.064488873015879,4.966357636363626,0.0,0.18867924528301888,0.0,81,77,89,0.6802030456852792,0.5634517766497462,0.7614213197969543,2.162756,2.070661,1.022244,0.06896551724137931,0.4634146341463415,0.0,134,111,150
260,0.6446700507614214,0.6142131979695431,0.6345177664974619,41.662186666666656,46.660817333333334,70.979509,0.9047619047619048,0.8705882352941177,0.8805031446540881,127,121,125,0.7735849056603774,0.7547169811320755,0.8679245283018868,6.508627888888889,7.1132572063492105,5.182582339438328,0.0,0.19827586206896552,0.0,82,80,92,0.700507614213198,0.5989847715736041,0.766497461928934,2.122905,1.971104,0.998543,0.06930693069306931,0.4623287671232877,0.0,138,118,151
261,0.6345177664974619,0.5939086294416244,0.6294416243654822,45.319896000000014,46.55150033333334,71.495324,0.864516129032258,0.861271676300578,0.8376623376623377,125,117,124,0.7547169811320755,0.7169811320754716,0.7924528301886793,7.000152428571428,7.380581000000004,4.462556396270386,0.0,0.1926605504587156,0.0,80,76,84,0.7055837563451777,0.6142131979695431,0.751269035532995,2.17181,1.941732,1.060911,0.07653061224489796,0.4812286689419795,0.0,139,121,148
262,0.6548223350253807,0.6040609137055838,0.6345177664974619,46.13946766666667,51.436685000000004,74.051933,0.8933333333333333,0.8411764705882353,0.8598726114649682,129,119,125,0.7641509433962265,0.7264150943396226,0.7924528301886793,6.616766285714284,6.711836460317465,4.976371852480841,0.0,0.20909090909090908,0.0,81,77,84,0.7157360406091371,0.6091370558375635,0.7461928934010152,2.178308,2.011865,0.99435,0.05339805825242718,0.4701492537313433,0.0,141,120,147
263,0.6446700507614214,0.6142131979695431,0.6345177664974619,46.62383633333333,52.48408400000001,72.879822,0.8657718120805369,0.8963414634146342,0.8113207547169812,127,121,125,0.7830188679245284,0.6981132075471698,0.7830188679245284,7.253608111111111,7.071716349206352,5.032731213897204,0.0,0.18556701030927836,0.0,83,74,83,0.7461928934010152,0.5736040609137056,0.7461928934010152,2.184463,2.136534,1.059089,0.08878504672897196,0.4482758620689655,0.0,147,113,147
264,0.6395939086294417,0.6192893401015228,0.6345177664974619,46.3774149999999,51.694624000000005,72.687041,0.8523489932885906,0.8522727272727273,0.864516129032258,126,122,125,0.7547169811320755,0.7641509433962265,0.8018867924528302,6.927863857142857,8.28174155555556,4.96518643956043,0.0,0.1388888888888889,0.0,80,81,85,0.7157360406091371,0.5177664974619289,0.7461928934010152,2.156167,2.1876242222222224,1.090067,0.08737864077669903,0.44814814814814813,0.0,141,102,147
265,0.6446700507614214,0.6091370558375635,0.6395939086294417,47.114999666666655,51.61413400000001,72.662888,0.8819444444444444,0.8950617283950617,0.8048780487804879,127,120,126,0.7452830188679245,0.7452830188679245,0.8113207547169812,6.787714317460317,7.064207206349211,5.029652746253735,0.0,0.12871287128712872,0.0,79,79,86,0.7208121827411168,0.4720812182741117,0.7309644670050761,2.11309,2.028462,0.996572,0.08173076923076923,0.41379310344827586,0.0,142,93,144
266,0.6649746192893401,0.6243654822335025,0.6395939086294417,51.16446833333333,52.976950666666674,80.310197,0.8289473684210527,0.8284023668639053,0.8823529411764706,131,123,126,0.7641509433962265,0.6981132075471698,0.8113207547169812,7.137774904761904,7.374446222222225,4.802368777777767,0.0,0.16666666666666666,0.0,81,74,86,0.6954314720812182,0.5025380710659898,0.7208121827411168,2.097251,2.008599222222222,1.032596,0.0966183574879227,0.3880597014925373,0.0,137,99,142
267,0.6751269035532995,0.6395939086294417,0.6548223350253807,51.56059100000002,54.575398,73.331895,0.8857142857142857,0.8490566037735849,0.806060606060606,133,126,129,0.7830188679245284,0.7264150943396226,0.8018867924528302,7.67933211111111,8.050863317460323,5.333554474969462,0.0,0.16161616161616163,0.011764705882352941,83,77,85,0.7055837563451777,0.5583756345177665,0.7309644670050761,2.091268,1.9711032222222222,1.006919,0.09813084112149532,0.4121863799283154,0.0,139,110,144
268,0.6700507614213198,0.6446700507614214,0.6598984771573604,49.42745700000005,53.758762000000004,74.029118,0.8931297709923665,0.8385093167701864,0.8129032258064516,132,127,130,0.7735849056603774,0.7264150943396226,0.8113207547169812,7.376966761904759,7.564343777777782,5.42674797313796,0.0,0.13861386138613863,0.0,82,77,86,0.700507614213198,0.6142131979695431,0.7309644670050761,2.145256,2.0185964444444444,1.016656,0.08173076923076923,0.4197080291970803,0.0,138,121,144
269,0.6700507614213198,0.6446700507614214,0.6598984771573604,46.49165,51.94072133333333,72.564264,0.8561151079136691,0.8726114649681529,0.8421052631578947,132,127,130,0.7358490566037735,0.6792452830188679,0.7641509433962265,7.194916682539681,7.219480365079369,5.547457790209777,0.0,0.22115384615384615,0.01098901098901099,78,72,81,0.6954314720812182,0.649746192893401,0.7208121827411168,2.095743,2.0213994444444445,1.03385,0.0861244019138756,0.41825095057034223,0.0,137,128,142
270,0.6700507614213198,0.6345177664974619,0.6598984771573604,43.82526133333333,52.778661,73.955515,0.8113207547169812,0.85625,0.84,132,125,130,0.7641509433962265,0.6981132075471698,0.8018867924528302,8.102944238095237,7.718970000000004,5.834687731601718,0.0,0.18627450980392157,0.0,81,74,85,0.6954314720812182,0.649746192893401,0.7157360406091371,2.108248,2.0455092222222224,1.061874,0.0821256038647343,0.43478260869565216,0.0,137,128,141
271,0.6700507614213198,0.6243654822335025,0.6446700507614214,48.22158533333316,55.20562933333333,76.858498,0.9097744360902256,0.845679012345679,0.84,132,123,127,0.7641509433962265,0.7075471698113207,0.8584905660377359,7.213236222222222,7.21183655555556,5.441120224220211,0.0,0.16822429906542055,0.0,81,75,91,0.700507614213198,0.6294416243654822,0.7055837563451777,2.093335,2.0251644444444445,1.019994,0.08962264150943396,0.4061302681992337,0.0,138,124,139
272,0.6802030456852792,0.6395939086294417,0.6649746192893401,46.04909633333332,57.15935333333333,71.545341,0.8206896551724138,0.8614457831325302,0.8355263157894737,134,126,131,0.7264150943396226,0.7735849056603774,0.8207547169811321,7.095109365079364,7.296500333333338,5.394585249084236,0.0,0.17592592592592593,0.0,77,82,87,0.700507614213198,0.6243654822335025,0.7106598984771574,2.096952,1.9946414444444445,1.045102,0.10849056603773585,0.4246031746031746,0.0,138,123,140
273,0.6649746192893401,0.6294416243654822,0.6395939086294417,48.23236000000001,56.339440999999994,72.196475,0.9,0.8313253012048193,0.8759124087591241,131,124,126,0.7358490566037735,0.7547169811320755,0.7641509433962265,8.510832539682538,7.439428095238099,5.650174152847139,0.0,0.14814814814814814,0.0,78,80,81,0.700507614213198,0.6294416243654822,0.7157360406091371,2.123457,2.081524,1.082347,0.0947867298578199,0.42084942084942084,0.0,138,124,141
274,0.6751269035532995,0.6345177664974619,0.6649746192893401,49.51824133333334,58.22144199999999,72.697236,0.8260869565217391,0.8780487804878049,0.8152866242038217,133,125,131,0.7264150943396226,0.7358490566037735,0.7924528301886793,8.326643222222222,7.167394460317465,5.4605625304695184,0.0,0.13725490196078433,0.0,77,78,84,0.6954314720812182,0.5888324873096447,0.7055837563451777,2.093769,2.199768444444445,1.075377,0.08695652173913043,0.41796875,0.0,137,116,139
275,0.6751269035532995,0.6395939086294417,0.6548223350253807,49.07844133333339,53.984699666666664,72.833101,0.8439716312056738,0.8580246913580247,0.8,133,126,129,0.7547169811320755,0.7264150943396226,0.7830188679245284,8.220772682539682,7.192648793650799,5.342863737706725,0.0,0.11458333333333333,0.0,80,77,83,0.6903553299492385,0.5228426395939086,0.6954314720812182,2.075619,2.1955006666666668,1.031564,0.08695652173913043,0.3992248062015504,0.0,136,103,137
276,0.6700507614213198,0.6446700507614214,0.6598984771573604,49.34772466666664,56.10296633333333,72.633524,0.8897058823529411,0.84375,0.8639455782312925,132,127,130,0.7452830188679245,0.7358490566037735,0.8113207547169812,7.773396682539682,8.162940000000006,5.320203908202895,0.0,0.11764705882352941,0.0,79,78,86,0.7157360406091371,0.5228426395939086,0.700507614213198,2.11705,2.071039111111111,1.104998,0.07582938388625593,0.3903345724907063,0.0,141,103,138
277,0.6700507614213198,0.6395939086294417,0.6548223350253807,47.18315866666665,56.018151333333336,72.142062,0.8413793103448276,0.8481012658227848,0.8141025641025641,132,126,129,0.7452830188679245,0.7169811320754716,0.8301886792452831,7.4012672539682525,7.934943761904765,5.386822033744019,0.0,0.08333333333333333,0.0,79,76,88,0.7157360406091371,0.5431472081218274,0.700507614213198,2.118272,2.0298924444444446,1.040826,0.07729468599033816,0.3940520446096654,0.0,141,107,138
278,0.6700507614213198,0.6243654822335025,0.6649746192893401,48.669244666666664,55.955579333333326,72.971542,0.8223684210526315,0.9403973509933775,0.8175675675675675,132,123,131,0.7452830188679245,0.7358490566037735,0.7735849056603774,7.55139111111111,7.616902666666672,5.281541967365953,0.0,0.10101010101010101,0.0,79,78,82,0.7106598984771574,0.5786802030456852,0.6802030456852792,2.069905,1.9851924444444444,1.03355,0.06403940886699508,0.41935483870967744,0.0,140,114,134
279,0.6700507614213198,0.6395939086294417,0.6446700507614214,48.63438933333333,51.520172333333335,81.732142,0.8540145985401459,0.7722222222222223,0.8466666666666667,132,126,127,0.7547169811320755,0.7452830188679245,0.7169811320754716,7.097069857142856,7.111876412698416,5.160084916860904,0.0,0.11224489795918367,0.0,80,79,76,0.6852791878172588,0.6040609137055838,0.6802030456852792,2.088294,2.033778777777778,1.016048,0.054187192118226604,0.4232209737827715,0.0,135,119,134
280,0.6598984771573604,0.6395939086294417,0.6598984771573604,47.894946999999924,56.057309333333336,77.747959,0.8923076923076924,0.8717948717948718,0.8301886792452831,130,126,130,0.7924528301886793,0.7264150943396226,0.7452830188679245,7.587452285714286,7.18053912698413,5.689463247308233,0.0,0.09183673469387756,0.0,84,77,79,0.6802030456852792,0.583756345177665,0.6802030456852792,2.089924,2.0897125555555554,1.007359,0.06403940886699508,0.42578125,0.0,134,115,134
281,0.6751269035532995,0.6243654822335025,0.6548223350253807,48.15007033333316,53.954555666666664,67.101032,0.85,0.8910256410256411,0.8193548387096774,133,123,129,0.7830188679245284,0.7547169811320755,0.7830188679245284,7.2439974285714275,7.926817888888894,5.73458533455432,0.0,0.0851063829787234,0.0,83,80,83,0.6903553299492385,0.5583756345177665,0.6700507614213198,2.103294,2.137731555555556,0.968461,0.0594059405940594,0.40625,0.0,136,110,132
282,0.6598984771573604,0.6395939086294417,0.649746192893401,47.88136399999982,52.81353733333333,73.017529,0.8244274809160306,0.8154761904761905,0.8092105263157895,130,126,128,0.7075471698113207,0.7264150943396226,0.7358490566037735,7.159054888888888,7.33171374603175,5.634884501831489,0.0,0.10101010101010101,0.0,75,77,78,0.6751269035532995,0.5583756345177665,0.6700507614213198,2.06562,2.0039593333333334,0.960698,0.0594059405940594,0.37174721189591076,0.0,133,110,132
283,0.6446700507614214,0.6345177664974619,0.6345177664974619,49.8465423333331,56.711845333333336,72.765912,0.9322033898305084,0.8951048951048951,0.7986111111111112,127,125,125,0.6886792452830188,0.6981132075471698,0.6792452830188679,7.673149206349206,7.618916428571433,4.899150602064589,0.0,0.07228915662650602,0.0,73,74,72,0.6903553299492385,0.583756345177665,0.6649746192893401,2.175072,2.0112755555555557,0.940246,0.05472636815920398,0.4031620553359684,0.0,136,115,131
284,0.6395939086294417,0.6345177664974619,0.6446700507614214,50.57786433333321,55.566670333333334,75.761968,0.8405797101449275,0.8620689655172413,0.8223684210526315,126,125,127,0.7264150943396226,0.7169811320754716,0.6981132075471698,7.352043206349206,7.6799382063492105,5.1139072141192,0.0,0.045454545454545456,0.0,77,76,74,0.7055837563451777,0.583756345177665,0.6700507614213198,2.11758,2.034150222222222,0.978939,0.04591836734693878,0.4007936507936508,0.0,139,115,132
285,0.6395939086294417,0.6142131979695431,0.6446700507614214,50.51947833333332,54.89438599999998,72.315431,0.8380281690140845,0.831081081081081,0.7922077922077922,126,121,127,0.7169811320754716,0.6792452830188679,0.7358490566037735,7.0046762539682526,7.1363347777777815,5.001236369408356,0.0,0.03409090909090909,0.0,76,72,78,0.6954314720812182,0.5888324873096447,0.6751269035532995,2.106995,2.0646376666666666,0.900596,0.03723404255319149,0.40725806451612906,0.0,137,116,133
286,0.6548223350253807,0.6294416243654822,0.6091370558375635,46.60011166666675,55.611912333333336,71.436013,0.8308823529411765,0.863013698630137,0.8333333333333334,129,124,120,0.7169811320754716,0.660377358490566,0.7169811320754716,6.787559999999999,7.056236539682545,4.906736418803403,0.0,0.08235294117647059,0.0,76,70,76,0.700507614213198,0.5380710659898477,0.6700507614213198,2.171428,2.112957555555556,1.008209,0.05128205128205128,0.4274193548387097,0.0,138,106,132
287,0.649746192893401,0.6294416243654822,0.6395939086294417,46.56458833333319,53.28226033333333,77.86423,0.8538461538461538,0.8819444444444444,0.8012820512820513,128,124,126,0.6698113207547169,0.7169811320754716,0.7547169811320755,6.701388,7.419927222222228,5.461420911088897,0.0,0.03571428571428571,0.0,71,76,80,0.6751269035532995,0.5076142131979695,0.6700507614213198,2.156262,2.112037666666667,1.014083,0.043010752688172046,0.4186046511627907,0.0,133,100,132
288,0.6395939086294417,0.6294416243654822,0.6395939086294417,48.04758833333332,54.582627,76.889425,0.8778625954198473,0.8368794326241135,0.7888198757763976,126,124,126,0.6698113207547169,0.7735849056603774,0.7358490566037735,6.946081999999999,7.6908876666666695,5.17971033477632,0.0,0.06315789473684211,0.0,71,82,78,0.6802030456852792,0.5228426395939086,0.6649746192893401,2.134817,2.161305555555556,1.009253,0.035897435897435895,0.38095238095238093,0.0,134,103,131
289,0.6294416243654822,0.6243654822335025,0.6345177664974619,50.53025633333367,54.972608666666666,76.925226,0.8625954198473282,0.8881118881118881,0.8275862068965517,124,123,125,0.660377358490566,0.7547169811320755,0.7358490566037735,6.9211724285714284,7.502910888888894,5.3595399442779295,0.0,0.022222222222222223,0.0,70,80,78,0.6700507614213198,0.5532994923857868,0.6548223350253807,2.110333,2.155689,1.021568,0.016042780748663103,0.39080459770114945,0.005291005291005291,132,109,129
290,0.6446700507614214,0.6294416243654822,0.6294416243654822,53.838366000000434,54.495762000000006,73.237184,0.7931034482758621,0.82,0.8027210884353742,127,124,124,0.6415094339622641,0.7452830188679245,0.8113207547169812,6.881114999999999,6.7435638571428616,5.808488721611706,0.0,0.056179775280898875,0.0,68,79,86,0.6649746192893401,0.583756345177665,0.6598984771573604,2.20271,2.177475444444445,1.014393,0.036458333333333336,0.4085603112840467,0.010471204188481676,131,115,130
291,0.649746192893401,0.6192893401015228,0.6243654822335025,53.042520333333584,52.38695066666663,72.263574,0.8951612903225806,0.8705035971223022,0.8085106382978723,128,122,123,0.6698113207547169,0.7358490566037735,0.8207547169811321,6.9289904603174595,7.390494682539685,5.71178748451547,0.0,0.044444444444444446,0.0,71,78,87,0.6852791878172588,0.583756345177665,0.6598984771573604,2.136011,2.267844,1.026653,0.045454545454545456,0.40711462450592883,0.0051813471502590676,135,115,130
292,0.6548223350253807,0.6345177664974619,0.6294416243654822,51.46572633333392,53.313481333333335,74.58147,0.8780487804878049,0.8951048951048951,0.7947019867549668,129,125,124,0.6698113207547169,0.6886792452830188,0.7924528301886793,6.320974999999999,8.021910777777782,5.472846843267827,0.0,0.03896103896103896,0.0,71,73,84,0.6649746192893401,0.583756345177665,0.6700507614213198,2.171188,2.332535,1.023253,0.05641025641025641,0.38492063492063494,0.015625,131,115,132
293,0.6294416243654822,0.5939086294416244,0.6294416243654822,49.94842766666719,54.194339666666664,79.627112,0.8,0.8962962962962963,0.7933333333333333,124,117,124,0.660377358490566,0.6981132075471698,0.7547169811320755,6.751125999999999,7.9381750952380985,5.54038490476189,0.0,0.08421052631578947,0.0,70,74,80,0.6395939086294417,0.5380710659898477,0.6548223350253807,2.102322,2.336323555555556,0.982056,0.031578947368421054,0.38306451612903225,0.010471204188481676,126,106,129
294,0.5989847715736041,0.5685279187817259,0.6142131979695431,51.139878000000245,50.424193,74.92599,0.8319327731092437,0.8540145985401459,0.7969924812030075,118,112,121,0.6509433962264151,0.6509433962264151,0.7547169811320755,6.619000999999999,7.591155793650796,5.363180714285699,0.0,0.06666666666666667,0.0,69,69,80,0.6091370558375635,0.5583756345177665,0.649746192893401,2.094083,2.210501555555556,1.010901,0.017142857142857144,0.4025423728813559,0.016483516483516484,120,110,128
295,0.6091370558375635,0.5685279187817259,0.6142131979695431,50.82477899999978,50.616533,75.294778,0.8809523809523809,0.8731343283582089,0.872,120,112,121,0.6320754716981132,0.6509433962264151,0.7830188679245284,6.707153111111111,7.550457206349209,5.556382154068136,0.0,0.07777777777777778,0.0,67,69,83,0.6091370558375635,0.5634517766497462,0.6700507614213198,2.161764,2.276418,0.966401,0.02857142857142857,0.416289592760181,0.021621621621621623,120,111,132
296,0.6040609137055838,0.5786802030456852,0.6142131979695431,53.03947966666699,53.471719999999955,75.766295,0.8372093023255814,0.8396946564885496,0.84251968503937,119,114,121,0.6415094339622641,0.6415094339622641,0.7452830188679245,6.286433571428571,7.063851698412703,5.825482289155272,0.0,0.0449438202247191,0.0,68,68,79,0.6040609137055838,0.5177664974619289,0.6649746192893401,2.114608,2.272880555555556,0.99894,0.027932960893854747,0.41228070175438597,0.0,119,102,131
297,0.5939086294416244,0.5634517766497462,0.6040609137055838,49.48420033333359,52.404432333333325,78.442578,0.8615384615384616,0.8778625954198473,0.8615384615384616,117,111,119,0.6509433962264151,0.6509433962264151,0.6792452830188679,6.586330428571428,7.246839555555559,5.332727487845471,0.010416666666666666,0.06521739130434782,0.0,69,69,72,0.6192893401015228,0.49238578680203043,0.649746192893401,2.016239,2.165468111111111,1.048325,0.042328042328042326,0.39148936170212767,0.0,122,97,128
298,0.5888324873096447,0.5634517766497462,0.5888324873096447,50.61229600000047,54.171651999999966,71.722815,0.875,0.8652482269503546,0.8372093023255814,116,111,116,0.6509433962264151,0.660377358490566,0.7169811320754716,6.405401571428571,7.54896420634921,5.56034739704738,0.04395604395604396,0.056818181818181816,0.0,69,70,76,0.6192893401015228,0.5177664974619289,0.6598984771573604,2.047538,2.076694,0.985893,0.058823529411764705,0.3775933609958506,0.0055248618784530384,122,102,130
299,0.583756345177665,0.5482233502538071,0.5888324873096447,47.42635066666692,55.567412333333316,74.277985,0.8629032258064516,0.8962962962962963,0.7769784172661871,115,108,116,0.6415094339622641,0.7075471698113207,0.7358490566037735,6.666072999999999,7.098562460317463,5.010790609501592,0.043478260869565216,0.07608695652173914,0.0,68,75,78,0.6142131979695431,0.5532994923857868,0.6700507614213198,2.050811,2.165211555555556,1.024364,0.06914893617021277,0.37339055793991416,0.0055248618784530384,121,109,132
300,0.5786802030456852,0.5634517766497462,0.5888324873096447,49.20943100000004,53.372462000000056,77.669019,0.8760330578512396,0.8714285714285714,0.8484848484848485,114,111,116,0.6509433962264151,0.660377358490566,0.6981132075471698,6.646580571428571,7.601599888888893,5.098812889110873,0.011363636363636364,0.09302325581395349,0.0,69,70,74,0.6345177664974619,0.5532994923857868,0.6649746192893401,2.151747,2.149923666666667,1.104543,0.06842105263157895,0.42677824267782427,0.005555555555555556,125,109,131
301,0.5786802030456852,0.5583756345177665,0.6040609137055838,50.45168700000026,54.049889333333326,74.027771,0.8503937007874016,0.8450704225352113,0.8615384615384616,114,110,119,0.6886792452830188,0.7264150943396226,0.6981132075471698,6.804144746031746,7.867453428571433,5.637437049950034,0.021052631578947368,0.061224489795918366,0.0,73,77,74,0.6548223350253807,0.5685279187817259,0.6751269035532995,2.126434,2.219416,1.102674,0.06315789473684211,0.4297872340425532,0.0,129,112,133
302,0.5888324873096447,0.5532994923857868,0.5989847715736041,51.99391133333382,51.18443033333331,69.975968,0.8629032258064516,0.8661971830985915,0.8106060606060606,116,109,118,0.660377358490566,0.6509433962264151,0.7169811320754716,7.025189126984126,7.322546666666671,5.1554782171162,0.022988505747126436,0.058823529411764705,0.0,70,69,76,0.649746192893401,0.5736040609137056,0.6548223350253807,2.152128,2.2756394444444443,1.065686,0.07407407407407407,0.4334763948497854,0.0056179775280898875,128,113,129
303,0.5888324873096447,0.5583756345177665,0.5939086294416244,53.49080399999983,52.786230999999994,70.862209,0.8548387096774194,0.8540145985401459,0.8461538461538461,116,110,117,0.6792452830188679,0.6415094339622641,0.7358490566037735,6.704352730158728,6.872407666666672,5.025293799755784,0.011494252873563218,0.05813953488372093,0.0,72,68,78,0.6446700507614214,0.5634517766497462,0.649746192893401,2.034023,2.369956777777778,1.061292,0.059782608695652176,0.44214876033057854,0.0,127,111,128
304,0.5736040609137056,0.5634517766497462,0.5989847715736041,51.627718666666695,51.39703699999999,76.477593,0.864,0.8714285714285714,0.8257575757575758,113,111,118,0.6792452830188679,0.6320754716981132,0.7452830188679245,7.135564349206348,6.946890000000003,5.162635063270049,0.011235955056179775,0.04878048780487805,0.0,72,67,79,0.6700507614213198,0.5329949238578681,0.6294416243654822,2.148374,2.3069285555555554,1.037968,0.03783783783783784,0.41350210970464135,0.0056179775280898875,132,105,124
305,0.5786802030456852,0.5482233502538071,0.5939086294416244,51.08327933333364,52.783139999999996,73.752721,0.8650793650793651,0.8676470588235294,0.8082191780821918,114,108,117,0.6698113207547169,0.6792452830188679,0.7169811320754716,6.414227238095237,8.037877873015876,5.606186577755563,0.010869565217391304,0.045454545454545456,0.0,71,72,76,0.6649746192893401,0.48223350253807107,0.6243654822335025,2.154522,2.232331444444445,1.084681,0.03763440860215054,0.4340425531914894,0.005649717514124294,131,95,123
306,0.5888324873096447,0.5583756345177665,0.5989847715736041,50.62052500000003,53.71453799999999,74.868689,0.8796992481203008,0.8652482269503546,0.7971014492753623,116,110,118,0.660377358490566,0.6509433962264151,0.7075471698113207,6.709537746031747,7.910227666666672,5.097942998001981,0.012345679012345678,0.047058823529411764,0.0,70,69,75,0.6700507614213198,0.5380710659898477,0.6243654822335025,2.034782,2.118378666666667,1.105812,0.03208556149732621,0.4067796610169492,0.0,132,106,123
307,0.5888324873096447,0.5583756345177665,0.5989847715736041,48.850407666666925,55.08840399999999,78.552135,0.9212598425196851,0.8819444444444444,0.8222222222222222,116,110,118,0.660377358490566,0.6509433962264151,0.7641509433962265,6.889842428571428,7.549751317460323,5.315367458097443,0.0,0.04819277108433735,0.0,70,69,81,0.6802030456852792,0.5279187817258884,0.5989847715736041,2.054883,2.177749666666667,1.109567,0.022099447513812154,0.4444444444444444,0.0,134,104,118
308,0.583756345177665,0.5583756345177665,0.5989847715736041,51.998447333333374,54.46645433333337,69.989651,0.890625,0.8740740740740741,0.8082191780821918,115,110,118,0.6320754716981132,0.6792452830188679,0.7452830188679245,7.026872904761904,7.699916333333338,5.510867412698397,0.0,0.04395604395604396,0.0,67,72,79,0.6598984771573604,0.5329949238578681,0.6142131979695431,2.065315,2.2575402222222225,1.061562,0.011235955056179775,0.43162393162393164,0.0,130,105,121
309,0.5888324873096447,0.5634517766497462,0.5989847715736041,52.43884466666692,56.35964733333331,74.096405,0.8846153846153846,0.8489208633093526,0.8028169014084507,116,111,118,0.6698113207547169,0.6792452830188679,0.7075471698113207,6.793242301587301,7.852381206349211,5.306022307914293,0.0,0.09090909090909091,0.0,71,72,75,0.6548223350253807,0.5380710659898477,0.6192893401015228,2.087032,2.2387308888888895,0.970423,0.021739130434782608,0.430327868852459,0.0,129,106,122
310,0.5888324873096447,0.5583756345177665,0.5989847715736041,51.77796699999999,55.69387799999999,77.531507,0.8571428571428571,0.8972602739726028,0.8790322580645161,116,110,118,0.6698113207547169,0.6981132075471698,0.7264150943396226,6.408405428571428,8.31944620634921,4.753664520812506,0.010869565217391304,0.04597701149425287,0.0,71,74,77,0.6598984771573604,0.5532994923857868,0.6142131979695431,2.117901,2.2210723333333338,1.035341,0.03804347826086957,0.44635193133047213,0.0,130,109,121
311,0.583756345177665,0.5634517766497462,0.5989847715736041,50.397345666666915,53.48245266666664,75.471684,0.8770491803278688,0.8705035971223022,0.8,115,111,118,0.6415094339622641,0.6981132075471698,0.6886792452830188,6.423171428571428,8.213759206349211,5.091318064935049,0.0,0.03296703296703297,0.0,68,74,73,0.6649746192893401,0.5177664974619289,0.6142131979695431,2.003564,2.229035333333334,1.053621,0.02717391304347826,0.46875,0.0,131,102,121
312,0.5888324873096447,0.5482233502538071,0.5939086294416244,51.88284600000003,52.07957900000016,71.398346,0.8384615384615385,0.8783783783783784,0.835820895522388,116,108,117,0.6320754716981132,0.6981132075471698,0.6698113207547169,6.557922253968253,8.033013873015877,5.492411718947704,0.011494252873563218,0.022988505747126436,0.0,67,74,71,0.6548223350253807,0.49238578680203043,0.6091370558375635,2.042063,2.2868333333333335,1.065244,0.016666666666666666,0.44144144144144143,0.0,129,97,120
313,0.5786802030456852,0.5583756345177665,0.5989847715736041,51.85694200000025,55.340259666666626,68.629925,0.9032258064516129,0.8581560283687943,0.8333333333333334,114,110,118,0.660377358490566,0.7547169811320755,0.7264150943396226,6.7921647301587305,8.31771466666667,5.060854979464964,0.01098901098901099,0.022988505747126436,0.011494252873563218,70,80,77,0.6395939086294417,0.4720812182741117,0.6091370558375635,2.062551,2.196200222222223,1.090868,0.005747126436781609,0.4291845493562232,0.005780346820809248,126,93,120
314,0.583756345177665,0.5583756345177665,0.5989847715736041,52.48395300000003,53.94941133333394,72.813997,0.9147286821705426,0.9124087591240876,0.7762237762237763,115,110,118,0.660377358490566,0.6981132075471698,0.7547169811320755,6.591016206349206,7.6402707936507985,4.9447546265956115,0.0,0.04597701149425287,0.0,70,74,80,0.649746192893401,0.49746192893401014,0.5888324873096447,2.090968,2.2210802222222226,1.027612,0.017045454545454544,0.42424242424242425,0.005847953216374269,128,98,116
315,0.5888324873096447,0.5583756345177665,0.5939086294416244,52.28479166666692,55.43017166666677,72.431858,0.8992248062015504,0.8680555555555556,0.8540145985401459,116,110,117,0.6886792452830188,0.7075471698113207,0.6792452830188679,6.356414682539682,8.076052523809524,4.731641301587286,0.021739130434782608,0.05063291139240506,0.0,73,75,72,0.6548223350253807,0.5228426395939086,0.6091370558375635,2.100955,2.214219,1.0441,0.027472527472527472,0.44782608695652176,0.005714285714285714,129,103,120
316,0.5786802030456852,0.5532994923857868,0.5989847715736041,51.03927866666666,53.83207766666678,77.520335,0.8823529411764706,0.8355263157894737,0.8115942028985508,114,109,118,0.6698113207547169,0.7075471698113207,0.6698113207547169,6.266630460317458,7.82552774603175,4.738045661227645,0.0,0.0449438202247191,0.0,71,75,71,0.6649746192893401,0.5431472081218274,0.6091370558375635,2.051945,2.277327222222222,1.038883,0.03278688524590164,0.4353448275862069,0.0,131,107,120
317,0.583756345177665,0.5634517766497462,0.6040609137055838,50.63270466666666,53.89463833333313,78.916778,0.9037037037037037,0.8811188811188811,0.8661417322834646,115,111,119,0.6792452830188679,0.660377358490566,0.6509433962264151,6.427010682539682,7.772958777777782,4.837626680541665,0.0,0.05434782608695652,0.0,72,70,69,0.6700507614213198,0.5482233502538071,0.6091370558375635,2.057487,2.2761995555555545,1.093798,0.06315789473684211,0.41818181818181815,0.0,132,108,120
318,0.583756345177665,0.5532994923857868,0.5939086294416244,50.836801666666915,51.01461366666664,73.605458,0.8846153846153846,0.8835616438356164,0.8571428571428571,115,109,117,0.6792452830188679,0.6981132075471698,0.660377358490566,6.583346111111111,7.50678674603175,5.367046315462298,0.0,0.046511627906976744,0.0125,72,74,70,0.6649746192893401,0.5482233502538071,0.6040609137055838,2.082001,2.307678,1.013468,0.06315789473684211,0.42342342342342343,0.01694915254237288,131,108,119
319,0.583756345177665,0.5634517766497462,0.5989847715736041,52.05466566666671,53.349181666666645,73.560382,0.905511811023622,0.8581081081081081,0.7986111111111112,115,111,118,0.6415094339622641,0.6981132075471698,0.6792452830188679,6.799746222222222,8.018803317460321,5.117542356976341,0.023529411764705882,0.047619047619047616,0.0,68,74,72,0.6751269035532995,0.5532994923857868,0.6142131979695431,2.07678,2.327868,0.973614,0.05319148936170213,0.4036697247706422,0.0,133,109,121
320,0.5888324873096447,0.5482233502538071,0.5989847715736041,49.45460966666692,56.60087466666663,75.784987,0.875,0.8985507246376812,0.8432835820895522,116,108,118,0.660377358490566,0.6698113207547169,0.6415094339622641,7.157017333333333,7.7117273492063525,5.783540249084233,0.022727272727272728,0.058823529411764705,0.012658227848101266,70,71,68,0.6751269035532995,0.5532994923857868,0.6192893401015228,2.104936,2.3723477777777813,1.011863,0.08602150537634409,0.4125560538116592,0.005747126436781609,133,109,122
321,0.583756345177665,0.5583756345177665,0.5989847715736041,51.41005066667259,56.07245799999996,74.473764,0.9291338582677166,0.896551724137931,0.8740740740740741,115,110,118,0.660377358490566,0.6792452830188679,0.6415094339622641,6.400200888888888,7.645485222222225,5.0585578661338495,0.0,0.04395604395604396,0.0,70,72,68,0.7055837563451777,0.5532994923857868,0.6395939086294417,2.072561,2.384834888888889,1.04452,0.08717948717948718,0.4027777777777778,0.005681818181818182,139,109,126
322,0.5888324873096447,0.5634517766497462,0.5989847715736041,51.059716666666915,56.63731833333352,73.711422,0.8848920863309353,0.9027777777777778,0.8571428571428571,116,111,118,0.6320754716981132,0.6415094339622641,0.6886792452830188,6.6823809999999995,7.077209460317465,5.217602453990438,0.011363636363636364,0.08235294117647059,0.0,67,68,73,0.6700507614213198,0.5329949238578681,0.6395939086294417,2.000578,2.413267888888889,1.004351,0.0918918918918919,0.4018264840182648,0.0,132,105,126
323,0.5888324873096447,0.5634517766497462,0.5989847715736041,50.54480166666692,55.9330373333333,76.918815,0.9457364341085271,0.8486842105263158,0.8263888888888888,116,111,118,0.6226415094339622,0.6698113207547169,0.7358490566037735,6.649062365079365,7.564625206349211,5.446147385836369,0.01098901098901099,0.056179775280898875,0.0,66,71,78,0.6649746192893401,0.5329949238578681,0.6446700507614214,2.043574,2.421549888888889,1.056472,0.0898876404494382,0.3930131004366812,0.0,131,105,127
324,0.5786802030456852,0.5583756345177665,0.6040609137055838,49.931440000000244,54.29235099999922,70.358579,0.9111111111111111,0.8775510204081632,0.8636363636363636,114,110,119,0.6320754716981132,0.660377358490566,0.6886792452830188,6.917492888888889,7.592802777777782,5.216439325785309,0.0,0.06741573033707865,0.0,67,70,73,0.6852791878172588,0.5329949238578681,0.649746192893401,2.031275,2.408800888888889,1.023325,0.05913978494623656,0.39316239316239315,0.0,135,105,128
325,0.5888324873096447,0.5634517766497462,0.5888324873096447,49.01795966666692,55.5884726666674,73.353946,0.8705035971223022,0.8807947019867549,0.8308823529411765,116,111,116,0.6415094339622641,0.6886792452830188,0.6698113207547169,6.84303157142857,7.631425412698418,5.190171329892314,0.011111111111111112,0.03529411764705882,0.0,68,73,71,0.6903553299492385,0.5380710659898477,0.6548223350253807,2.044153,2.441586888888889,0.987581,0.09895833333333333,0.4043478260869565,0.0,136,106,129
326,0.5736040609137056,0.5532994923857868,0.5989847715736041,51.68967033333359,53.072664999999965,70.551811,0.8955223880597015,0.9047619047619048,0.831081081081081,113,109,118,0.6415094339622641,0.660377358490566,0.7358490566037735,7.272395428571429,7.356589238095243,5.26130047674546,0.011363636363636364,0.06593406593406594,0.0,68,70,78,0.6903553299492385,0.5482233502538071,0.6598984771573604,1.984914,2.483197888888889,1.025078,0.10526315789473684,0.40454545454545454,0.0,136,108,130
327,0.5888324873096447,0.5583756345177665,0.5939086294416244,48.90118066666692,53.9591253333333,73.095301,0.8872180451127819,0.8831168831168831,0.8201438848920863,116,110,117,0.6415094339622641,0.6698113207547169,0.6792452830188679,6.858028746031746,7.654025539682545,5.419742599733584,0.0,0.07526881720430108,0.0,68,71,72,0.7106598984771574,0.5380710659898477,0.649746192893401,2.03891,2.493400888888889,1.08333,0.09326424870466321,0.4009216589861751,0.0,140,106,128
328,0.5888324873096447,0.5634517766497462,0.5939086294416244,50.36961966666692,56.6324803333333,70.878104,0.9291338582677166,0.9166666666666666,0.795774647887324,116,111,117,0.6132075471698113,0.6320754716981132,0.6792452830188679,6.947748999999999,7.6228730158730205,4.989657187035172,0.022727272727272728,0.10843373493975904,0.0,65,67,72,0.7055837563451777,0.5025380710659898,0.649746192893401,2.045218,2.470201888888889,1.031422,0.11518324607329843,0.40444444444444444,0.0,139,99,128
329,0.583756345177665,0.5583756345177665,0.5939086294416244,51.87682566666692,54.13856933333366,71.993308,0.9133858267716536,0.8888888888888888,0.8582089552238806,115,110,117,0.6509433962264151,0.6226415094339622,0.6886792452830188,6.878617111111111,7.775504095238101,4.802430405150389,0.0,0.05813953488372093,0.0,69,66,73,0.6954314720812182,0.5177664974619289,0.649746192893401,2.051094,2.448162,1.09485,0.1358695652173913,0.40816326530612246,0.0,137,102,128
330,0.5888324873096447,0.5583756345177665,0.5786802030456852,50.61363966666692,56.319489999999675,71.808094,0.9236641221374046,0.875,0.875968992248062,116,110,114,0.6415094339622641,0.660377358490566,0.6792452830188679,6.870718999999999,7.559430873015877,4.835698999999985,0.0,0.0641025641025641,0.0,68,70,72,0.6954314720812182,0.5736040609137056,0.6345177664974619,2.159937,2.448364888888889,1.065728,0.10160427807486631,0.42448979591836733,0.0,137,113,125
331,0.583756345177665,0.5634517766497462,0.6040609137055838,52.53549866666692,57.244347333334794,73.61792,0.9185185185185185,0.910958904109589,0.7972972972972973,115,111,119,0.6226415094339622,0.7075471698113207,0.660377358490566,7.172755999999999,8.011858349206355,4.680355972915959,0.0,0.056818181818181816,0.0,66,75,70,0.6852791878172588,0.5736040609137056,0.6446700507614214,2.115544,2.441968888888889,1.017854,0.12234042553191489,0.47540983606557374,0.0,135,113,127
332,0.5888324873096447,0.5583756345177665,0.5989847715736041,49.52886466666692,54.8421990000014,73.513215,0.8848920863309353,0.8940397350993378,0.8428571428571429,116,110,118,0.6415094339622641,0.6981132075471698,0.6509433962264151,6.855273634920636,7.868278539682545,5.1426886265956115,0.0,0.09195402298850575,0.0,68,74,69,0.6700507614213198,0.5583756345177665,0.649746192893401,2.209989,2.465230888888889,1.091492,0.13705583756345177,0.43171806167400884,0.0,132,110,128
333,0.583756345177665,0.5532994923857868,0.583756345177665,47.883459666666916,55.87588833333331,74.980692,0.9242424242424242,0.920863309352518,0.8551724137931035,115,109,115,0.6698113207547169,0.6226415094339622,0.6886792452830188,6.868053365079365,7.67373101587302,5.11445894572093,0.0,0.05813953488372093,0.0,71,66,73,0.6649746192893401,0.5177664974619289,0.6548223350253807,2.159805,2.474965,1.059291,0.15,0.43243243243243246,0.0,131,102,129
334,0.5888324873096447,0.5532994923857868,0.6040609137055838,48.20116366666644,56.017913333333304,73.535751,0.8636363636363636,0.8543046357615894,0.8356164383561644,116,109,119,0.6886792452830188,0.6509433962264151,0.6132075471698113,7.121186111111111,6.866580000000005,5.028524141414126,0.0,0.023255813953488372,0.0,73,69,65,0.6751269035532995,0.5076142131979695,0.6598984771573604,2.177435,2.519269777777778,1.078542,0.13131313131313133,0.3991228070175439,0.0055248618784530384,133,100,130
335,0.5786802030456852,0.5634517766497462,0.583756345177665,51.89065366666493,54.35454599999998,71.513224,0.9253731343283582,0.8636363636363636,0.8129496402877698,114,111,115,0.6698113207547169,0.6509433962264151,0.6226415094339622,7.136470428571428,7.317591682539686,5.022967017316002,0.0,0.02531645569620253,0.0,71,69,66,0.6700507614213198,0.5228426395939086,0.6446700507614214,2.216309,2.512357888888889,1.038932,0.12041884816753927,0.39826839826839827,0.005681818181818182,132,103,127
336,0.5786802030456852,0.5634517766497462,0.5888324873096447,51.509608666669145,55.598337333334804,73.484259,0.8928571428571429,0.916083916083916,0.821917808219178,114,111,116,0.6792452830188679,0.6415094339622641,0.6226415094339622,7.126808999999999,7.547257333333338,5.050244522588507,0.0,0.012658227848101266,0.0,72,68,66,0.6548223350253807,0.5177664974619289,0.6345177664974619,2.198238,2.48347255555556,1.018872,0.10582010582010581,0.4396551724137931,0.0,129,102,125
337,0.583756345177665,0.5482233502538071,0.5989847715736041,51.51535633333357,57.11804833333814,72.417897,0.916030534351145,0.8671328671328671,0.821917808219178,115,108,118,0.660377358490566,0.6226415094339622,0.6698113207547169,7.087710111111111,7.765990555555562,4.8570718964368815,0.0,0.0,0.0,70,66,71,0.6751269035532995,0.5177664974619289,0.6446700507614214,2.288434,2.531919,0.993678,0.0962566844919786,0.40930232558139534,0.0,133,102,127
338,0.5786802030456852,0.5532994923857868,0.6040609137055838,50.4260163333316,55.63646733333999,66.806561,0.8571428571428571,0.86,0.8461538461538461,114,109,119,0.6415094339622641,0.6320754716981132,0.6792452830188679,6.725766317460316,6.934480349206354,4.353876888888873,0.0,0.0,0.0,68,67,72,0.6598984771573604,0.5076142131979695,0.6395939086294417,2.231396,2.593999,0.948034,0.1099476439790576,0.4246575342465753,0.0,130,100,126
339,0.5888324873096447,0.5532994923857868,0.5939086294416244,50.83979966666913,54.62746433333331,67.546663,0.8759124087591241,0.881578947368421,0.8382352941176471,116,109,117,0.660377358490566,0.6226415094339622,0.6698113207547169,7.325242,7.00144514285715,5.026919214119199,0.0,0.0,0.0,70,66,71,0.6802030456852792,0.5025380710659898,0.6091370558375635,2.271177,2.508646888888889,0.972771,0.0967741935483871,0.40444444444444444,0.005847953216374269,134,99,120
340,0.5888324873096447,0.5634517766497462,0.5989847715736041,50.66707266666689,52.39482400000034,71.275686,0.8955223880597015,0.9041095890410958,0.8705035971223022,116,111,118,0.660377358490566,0.5943396226415094,0.6415094339622641,6.633835349206348,7.106675000000005,5.072050798534782,0.0,0.0,0.0,70,63,68,0.649746192893401,0.5076142131979695,0.6091370558375635,2.288895,2.515855888888889,0.910798,0.10270270270270271,0.4052863436123348,0.0,128,100,120
341,0.5685279187817259,0.5634517766497462,0.5939086294416244,47.769480666664016,51.937027666666715,71.733374,0.8787878787878788,0.8774193548387097,0.8095238095238095,112,111,117,0.7075471698113207,0.5943396226415094,0.6320754716981132,7.140706999999999,7.130036888888895,4.9429292871572725,0.0,0.0,0.0,75,63,67,0.6649746192893401,0.5177664974619289,0.6091370558375635,2.214952,2.510856888888889,0.972377,0.07407407407407407,0.41596638655462187,0.0,131,102,120
342,0.5786802030456852,0.5583756345177665,0.6040609137055838,52.32152666666913,51.57935866666701,69.178149,0.8405797101449275,0.916083916083916,0.851063829787234,114,110,119,0.7075471698113207,0.5849056603773585,0.6698113207547169,6.928670888888887,7.114107920634927,5.2373958378288235,0.010752688172043012,0.0,0.0,75,62,71,0.6751269035532995,0.5279187817258884,0.6142131979695431,2.273261,2.548579888888889,0.927471,0.11055276381909548,0.4406779661016949,0.0,133,104,121
343,0.5888324873096447,0.5634517766497462,0.5888324873096447,50.60166966670164,55.34742766666701,68.727707,0.9064748201438849,0.8819444444444444,0.8082191780821918,116,111,116,0.6226415094339622,0.6509433962264151,0.660377358490566,7.125203698412696,7.0906961587301645,4.754685112554098,0.0,0.0,0.0,66,69,70,0.6649746192893401,0.5126903553299492,0.6345177664974619,2.321321,2.555709,0.98306,0.09895833333333333,0.4155844155844156,0.0,131,101,125
344,0.5786802030456852,0.5532994923857868,0.6040609137055838,49.11122799999808,55.00585500000071,74.946941,0.8540145985401459,0.8993288590604027,0.8450704225352113,114,109,119,0.6132075471698113,0.6698113207547169,0.6226415094339622,6.823018253968253,7.489519888888894,4.610729006326991,0.0,0.0,0.0,65,71,66,0.6802030456852792,0.5076142131979695,0.6243654822335025,2.292283,2.5157329999999956,0.940767,0.11442786069651742,0.42081447963800905,0.0,134,100,123
345,0.583756345177665,0.5482233502538071,0.5989847715736041,50.02541200000107,53.72636433333368,69.000411,0.8731343283582089,0.912751677852349,0.8671328671328671,115,108,118,0.6132075471698113,0.6320754716981132,0.6509433962264151,7.100643063492062,7.035875000000008,5.077385499833485,0.011235955056179775,0.0,0.0,65,67,69,0.6751269035532995,0.5279187817258884,0.6091370558375635,2.324593,2.442185,0.967607,0.09693877551020408,0.3783783783783784,0.005813953488372093,133,104,120
346,0.5888324873096447,0.5482233502538071,0.5736040609137056,51.29154133333355,55.06143766665735,69.387912,0.8489208633093526,0.868421052631579,0.8424657534246576,116,108,113,0.6037735849056604,0.6509433962264151,0.6981132075471698,7.082019793650792,7.275265888888893,4.864240641247628,0.0,0.011764705882352941,0.0,64,69,74,0.6751269035532995,0.5380710659898477,0.6091370558375635,2.342289,2.522970888888889,0.904572,0.105,0.41818181818181815,0.0,133,106,120
347,0.583756345177665,0.5532994923857868,0.5989847715736041,50.00246666666426,51.38991799999998,72.228687,0.8880597014925373,0.8993288590604027,0.7908496732026143,115,109,118,0.6320754716981132,0.6698113207547169,0.6415094339622641,7.274966206349206,7.41075890476191,4.6083575376845225,0.012195121951219513,0.07228915662650602,0.0,67,71,68,0.6852791878172588,0.5329949238578681,0.6142131979695431,2.444558,2.541714888888889,0.939999,0.12437810945273632,0.43119266055045874,0.005780346820809248,135,105,121
348,0.583756345177665,0.5532994923857868,0.6040609137055838,52.12184500000246,52.375146666666645,71.243725,0.8740740740740741,0.8986486486486487,0.7872340425531915,115,109,119,0.6132075471698113,0.660377358490566,0.6415094339622641,7.4123826190476185,7.35288620634921,5.275348168276152,0.0,0.047058823529411764,0.0,65,70,68,0.6802030456852792,0.5177664974619289,0.6142131979695431,2.402116,2.561783888888889,0.929501,0.10714285714285714,0.40825688073394495,0.005847953216374269,134,102,121
349,0.583756345177665,0.5634517766497462,0.5989847715736041,48.908077000036585,52.21812033333331,75.284384,0.8285714285714286,0.8767123287671232,0.841726618705036,115,111,118,0.6415094339622641,0.6415094339622641,0.6415094339622641,7.351454809523807,7.018067777777784,5.284175821955808,0.0,0.06896551724137931,0.0,68,68,68,0.700507614213198,0.49746192893401014,0.6040609137055838,2.385066,2.548444888888889,0.922111,0.115,0.41935483870967744,0.017241379310344827,138,98,119
350,0.5786802030456852,0.5431472081218274,0.5989847715736041,48.125460666664225,53.683855999995885,76.461612,0.9,0.8827586206896552,0.7756410256410257,114,107,118,0.6132075471698113,0.5943396226415094,0.6415094339622641,6.770160682539682,7.426246777777783,5.328944898656884,0.0,0.024390243902439025,0.0,65,63,68,0.6954314720812182,0.5329949238578681,0.5939086294416244,2.425382,2.544168888888889,0.994545,0.12121212121212122,0.3615023474178404,0.022988505747126436,137,105,117
351,0.5888324873096447,0.5634517766497462,0.5989847715736041,48.14807800000026,54.24262399999552,75.369037,0.8656716417910447,0.8356164383561644,0.8181818181818182,116,111,118,0.6415094339622641,0.6415094339622641,0.5754716981132075,6.903811682539682,7.397959666666673,4.67088502342101,0.0,0.05813953488372093,0.0,68,68,61,0.6700507614213198,0.5685279187817259,0.5939086294416244,2.428269,2.505998333333333,0.951166,0.08648648648648649,0.41379310344827586,0.017241379310344827,132,112,117
352,0.5786802030456852,0.5583756345177665,0.5989847715736041,48.526491000036614,55.73786233333109,71.74113,0.9274193548387096,0.9285714285714286,0.8794326241134752,114,110,118,0.6320754716981132,0.6509433962264151,0.6698113207547169,6.913873015873014,7.223772539682545,5.429297811188797,0.0,0.03409090909090909,0.0,67,69,71,0.6395939086294417,0.5736040609137056,0.5888324873096447,2.446156,2.583653888888889,1.028208,0.11458333333333333,0.4429223744292237,0.011627906976744186,126,113,116
353,0.583756345177665,0.5482233502538071,0.5786802030456852,47.88286666666494,53.63116266666665,71.053242,0.8529411764705882,0.8888888888888888,0.7941176470588235,115,108,114,0.6037735849056604,0.6415094339622641,0.660377358490566,6.888864253968252,7.330698571428578,4.858335160173145,0.011494252873563218,0.0125,0.0,64,68,70,0.6598984771573604,0.5685279187817259,0.5939086294416244,2.431685,2.618538888888889,1.005009,0.08205128205128205,0.4221105527638191,0.011560693641618497,130,112,117
354,0.5888324873096447,0.5431472081218274,0.6040609137055838,48.984391999999964,54.616871666664416,71.474227,0.8823529411764706,0.868421052631579,0.7960526315789473,116,107,119,0.6132075471698113,0.6698113207547169,0.6132075471698113,6.929014857142857,7.627715888888895,5.6510211091130955,0.022727272727272728,0.0,0.0,65,71,65,0.6548223350253807,0.49238578680203043,0.6040609137055838,2.451163,2.610945888888889,1.044455,0.09895833333333333,0.4020618556701031,0.017142857142857144,129,97,119
355,0.5888324873096447,0.5532994923857868,0.6040609137055838,49.04768499985897,51.291781333333304,79.016842,0.849624060150376,0.8918918918918919,0.8235294117647058,116,109,119,0.5849056603773585,0.6226415094339622,0.5943396226415094,7.189794888888887,7.440424666666671,5.163085919635907,0.0,0.012048192771084338,0.0,62,66,63,0.6446700507614214,0.4517766497461929,0.5989847715736041,2.515333,2.521729999999997,1.086277,0.1116751269035533,0.39705882352941174,0.011494252873563218,127,89,118
356,0.5888324873096447,0.5532994923857868,0.5939086294416244,49.92140733354603,52.867701333331084,78.100221,0.855072463768116,0.8794326241134752,0.8287671232876712,116,109,117,0.5849056603773585,0.6509433962264151,0.5943396226415094,7.408599317460318,7.596232206349213,4.605579658341644,0.011111111111111112,0.011904761904761904,0.0,62,69,63,0.649746192893401,0.4873096446700508,0.6040609137055838,2.482915,2.554736888888889,1.05245,0.10152284263959391,0.3783783783783784,0.005649717514124294,128,96,119
357,0.5888324873096447,0.5634517766497462,0.6040609137055838,52.29049966670129,54.35254433333109,77.89788,0.8731343283582089,0.8503401360544217,0.8187919463087249,116,111,119,0.5566037735849056,0.6886792452830188,0.6415094339622641,7.129924142857141,7.049686793650799,5.149586288378274,0.0,0.03488372093023256,0.0,59,73,68,0.649746192893401,0.5583756345177665,0.6142131979695431,2.449839,2.587475,1.02602,0.125,0.41150442477876104,0.0,128,110,121
358,0.583756345177665,0.5634517766497462,0.6040609137055838,48.84374500003463,53.10709366666441,74.666216,0.8604651162790697,0.9142857142857143,0.8263888888888888,115,111,119,0.5471698113207547,0.6509433962264151,0.660377358490566,7.047997428571428,7.471320682539688,5.645295454212442,0.011363636363636364,0.037037037037037035,0.0,58,69,70,0.6802030456852792,0.5532994923857868,0.6091370558375635,2.48476,2.518922444444447,1.046952,0.13705583756345177,0.4380952380952381,0.0,134,109,120
359,0.5786802030456852,0.5431472081218274,0.6040609137055838,51.49935433336797,51.50973633331827,76.948313,0.9193548387096774,0.896551724137931,0.8478260869565217,114,107,119,0.5566037735849056,0.6226415094339622,0.6132075471698113,7.29773468253968,7.877973444444452,5.20268930303029,0.0,0.06741573033707865,0.0,59,66,65,0.6802030456852792,0.5177664974619289,0.6091370558375635,2.472333,2.613244444444447,1.025002,0.09239130434782608,0.417910447761194,0.0,134,102,120
360,0.5786802030456852,0.5634517766497462,0.5888324873096447,48.89573533336796,53.234040999997745,76.121222,0.8561151079136691,0.8775510204081632,0.8602941176470589,114,111,116,0.5754716981132075,0.6509433962264151,0.6509433962264151,7.484380000000001,7.158886206349212,5.083277893772881,0.0,0.06976744186046512,0.0,61,69,69,0.6395939086294417,0.5076142131979695,0.6040609137055838,2.481858,2.576718,1.039904,0.0989010989010989,0.42857142857142855,0.0,126,100,119
361,0.583756345177665,0.5583756345177665,0.5989847715736041,48.163796000034594,52.357623666677675,75.790435,0.8794326241134752,0.8689655172413793,0.82,115,110,118,0.5754716981132075,0.660377358490566,0.6509433962264151,7.23318946031746,7.1439254444444495,5.534724619047607,0.010869565217391304,0.06818181818181818,0.0,61,70,69,0.6598984771573604,0.48223350253807107,0.6091370558375635,2.491337,2.553609,1.044806,0.09090909090909091,0.4084507042253521,0.0,130,95,120
362,0.5888324873096447,0.5583756345177665,0.5989847715736041,47.293383000034616,51.86744099999665,75.151039,0.8646616541353384,0.8986486486486487,0.8345323741007195,116,110,118,0.6132075471698113,0.660377358490566,0.6132075471698113,7.08048057142857,7.239175428571435,5.695127669552658,0.01098901098901099,0.06818181818181818,0.0,65,70,65,0.6548223350253807,0.5025380710659898,0.6091370558375635,2.479808,2.5510552222222276,1.094977,0.049723756906077346,0.4055299539170507,0.0,129,99,120
363,0.5888324873096447,0.5634517766497462,0.6040609137055838,47.46788866669988,50.97393433333037,77.113232,0.9024390243902439,0.9347826086956522,0.8478260869565217,116,111,119,0.5660377358490566,0.6415094339622641,0.6698113207547169,6.9952533333333315,6.747432761904767,5.7752062224442104,0.0,0.08139534883720931,0.0,60,68,71,0.6598984771573604,0.5685279187817259,0.6142131979695431,2.49833,2.630581,1.05099,0.08108108108108109,0.41228070175438597,0.0,130,112,121
364,0.5786802030456852,0.5532994923857868,0.5939086294416244,48.706706333365695,54.40830833333296,73.669393,0.8740157480314961,0.8811188811188811,0.8455882352941176,114,109,117,0.5943396226415094,0.6226415094339622,0.6132075471698113,6.784859222222222,7.34570052380953,5.692597515484502,0.0,0.07954545454545454,0.0,63,66,65,0.6548223350253807,0.5583756345177665,0.6192893401015228,2.508612,2.649869888888889,1.086585,0.09392265193370165,0.4129353233830846,0.0,129,110,122
365,0.583756345177665,0.5380710659898477,0.583756345177665,51.319503000034615,43.42774399999776,69.192015,0.8582089552238806,0.8802816901408451,0.8473282442748091,115,106,115,0.5660377358490566,0.330188679245283,0.41509433962264153,7.406378428571428,5.101990984126989,3.49093479076478,0.0,0.08571428571428572,0.0,60,35,44,0.6446700507614214,0.5431472081218274,0.6243654822335025,2.575354,2.699655888888889,1.064291,0.09239130434782608,0.43349753694581283,0.0,127,107,123
366,0.6142131979695431,0.5634517766497462,0.583756345177665,52.41471466673564,48.52611099999962,75.468588,0.8115942028985508,0.950354609929078,0.872,121,111,115,0.5660377358490566,0.33962264150943394,0.4056603773584906,6.435887888888888,5.3023624761904795,3.2908528860028765,0.010638297872340425,0.022222222222222223,0.0,60,36,43,0.649746192893401,0.5939086294416244,0.6446700507614214,2.622047,2.650812888888889,1.049717,0.06111111111111111,0.39906103286384975,0.005494505494505495,128,117,127
367,0.6091370558375635,0.5634517766497462,0.5786802030456852,54.90546000000096,48.09161166666443,71.777488,0.865546218487395,0.9710144927536232,0.8677685950413223,120,111,114,0.6698113207547169,0.3584905660377358,0.32075471698113206,6.491343999999999,4.937596984126989,3.312506438117428,0.02127659574468085,0.14754098360655737,0.0,71,38,34,0.6446700507614214,0.5786802030456852,0.6548223350253807,2.549905,2.660390444444445,1.127267,0.07446808510638298,0.42152466367713004,0.02702702702702703,127,114,129
368,0.6142131979695431,0.5634517766497462,0.5736040609137056,51.371208666632235,48.84812499999962,73.941315,0.864,0.9777777777777777,0.875,121,111,113,0.6509433962264151,0.27358490566037735,0.37735849056603776,6.8363968888888875,4.7930886507936545,3.134294689199679,0.010752688172043012,0.3225806451612903,0.0,69,29,40,0.6548223350253807,0.5685279187817259,0.6598984771573604,2.646823,2.6690138888888875,1.040562,0.08247422680412371,0.42105263157894735,0.016216216216216217,129,112,130
369,0.6091370558375635,0.5634517766497462,0.5786802030456852,50.83307900003427,48.51528466666406,75.662197,0.8503937007874016,0.9637681159420289,0.9528301886792453,120,111,114,0.6320754716981132,0.3018867924528302,0.41509433962264153,6.812726111111111,5.04476155555556,3.2568409592629495,0.02247191011235955,0.3442622950819672,0.015625,67,32,44,0.6548223350253807,0.5177664974619289,0.6548223350253807,2.568075,2.655755,0.96703,0.07894736842105263,0.4026548672566372,0.016483516483516484,129,102,129
370,0.6142131979695431,0.5634517766497462,0.5786802030456852,49.47517266663224,48.46829466666406,75.686063,0.859504132231405,0.9496402877697842,0.9444444444444444,121,111,114,0.6415094339622641,0.24528301886792453,0.3490566037735849,6.916904428571429,4.9978106666666715,3.2462397700077603,0.0,0.3787878787878788,0.03773584905660377,68,26,37,0.6751269035532995,0.5634517766497462,0.6598984771573604,2.618477,2.63815,1.01439,0.08247422680412371,0.4050632911392405,0.016483516483516484,133,111,130
371,0.6142131979695431,0.5634517766497462,0.5786802030456852,53.03109900000029,48.229737333330725,74.239803,0.7967479674796748,0.9558823529411765,0.9203539823008849,121,111,114,0.6226415094339622,0.24528301886792453,0.3490566037735849,7.144533380952381,4.783534666666672,3.344844433788424,0.011363636363636364,0.49295774647887325,0.14814814814814814,66,26,37,0.6649746192893401,0.5786802030456852,0.6700507614213198,2.637706,2.631618,0.979721,0.03804347826086957,0.3665158371040724,0.016304347826086956,131,114,132
372,0.6091370558375635,0.5634517766497462,0.5634517766497462,52.8926263333336,47.75706233327291,75.662197,0.8916666666666667,0.9777777777777777,0.9158878504672897,120,111,111,0.5943396226415094,0.22641509433962265,0.33962264150943394,6.80212365079365,5.451225333333338,3.2891803209013113,0.011363636363636364,0.5833333333333334,0.21311475409836064,63,24,36,0.6548223350253807,0.583756345177665,0.6852791878172588,2.62792,2.612027,0.95004,0.06878306878306878,0.35185185185185186,0.021739130434782608,129,115,135
373,0.6142131979695431,0.5634517766497462,0.5685279187817259,50.40121666666694,48.01828133327291,74.300214,0.8359375,0.9781021897810219,0.9035087719298246,121,111,112,0.6320754716981132,0.18867924528301888,0.33962264150943394,6.906903365079365,5.188055555555562,3.6492949079808987,0.03333333333333333,0.620253164556962,0.3,67,20,36,0.6751269035532995,0.5888324873096447,0.6852791878172588,2.607989,2.618888,0.940728,0.07253886010362694,0.3805309734513274,0.0,133,116,135
374,0.6091370558375635,0.5634517766497462,0.5685279187817259,53.83657333329891,48.29426066677966,75.623023,0.8770491803278688,0.9496402877697842,0.8803418803418803,120,111,112,0.660377358490566,0.16037735849056603,0.29245283018867924,6.797590063492063,5.4098065555555594,3.393870658896649,0.0449438202247191,0.6896551724137931,0.3548387096774194,70,17,31,0.6751269035532995,0.6091370558375635,0.7055837563451777,2.618828,2.683122888888889,0.978793,0.08900523560209424,0.38666666666666666,0.010810810810810811,133,120,139
375,0.5989847715736041,0.5634517766497462,0.5685279187817259,52.84167900000027,48.117613333333324,74.927819,0.8372093023255814,0.9781021897810219,0.9357798165137615,118,111,112,0.6132075471698113,0.1792452830188679,0.3018867924528302,7.085756761904762,5.2592565555555595,3.5980135477855377,0.021739130434782608,0.75,0.42857142857142855,65,19,32,0.6751269035532995,0.583756345177665,0.7157360406091371,2.652096,2.770453111111111,0.972348,0.078125,0.39908256880733944,0.00546448087431694,133,115,141
376,0.6091370558375635,0.5583756345177665,0.5685279187817259,51.71278899902729,47.823775666664055,75.623023,0.8581560283687943,0.95,0.9090909090909091,120,110,112,0.6320754716981132,0.16037735849056603,0.2358490566037736,6.940823999999999,5.775076555555562,3.443360552669543,0.022988505747126436,0.7397260273972602,0.4603174603174603,67,17,25,0.6446700507614214,0.5329949238578681,0.7055837563451777,2.672113,2.759980666666667,0.982254,0.0748663101604278,0.3738738738738739,0.011049723756906077,127,105,139
377,0.6091370558375635,0.5532994923857868,0.5685279187817259,50.9077606666669,48.30801666666406,75.623023,0.872,0.9782608695652174,0.8981481481481481,120,109,112,0.6132075471698113,0.16981132075471697,0.18867924528301888,7.017547666666667,5.62613055555556,3.2808647541347447,0.01098901098901099,0.7439024390243902,0.5454545454545454,65,18,20,0.6192893401015228,0.5329949238578681,0.7106598984771574,2.709721,2.699792666666667,0.956069,0.08287292817679558,0.3872340425531915,0.011049723756906077,122,105,140
378,0.6091370558375635,0.5532994923857868,0.5685279187817259,54.003713334271865,48.93597166666406,74.927819,0.837037037037037,0.9574468085106383,0.8623853211009175,120,109,112,0.6132075471698113,0.14150943396226415,0.1792452830188679,6.653439888888889,5.60943844444445,3.3952386588966497,0.02247191011235955,0.7532467532467533,0.5666666666666667,65,15,19,0.6142131979695431,0.5482233502538071,0.7106598984771574,2.725876,2.6443833333333324,0.960121,0.08152173913043478,0.37339055793991416,0.005649717514124294,121,108,140
379,0.6142131979695431,0.5532994923857868,0.5685279187817259,53.05300966666693,46.23442933333073,75.623023,0.8968253968253969,0.9574468085106383,0.8648648648648649,121,109,112,0.5754716981132075,0.14150943396226415,0.2169811320754717,6.629651317460318,5.847513444444449,3.295868706515696,0.03488372093023256,0.8333333333333334,0.6190476190476191,61,15,23,0.6243654822335025,0.5583756345177665,0.7106598984771574,2.772661,2.6541856666666668,0.901421,0.07650273224043716,0.4194915254237288,0.0,123,110,140
380,0.6142131979695431,0.5482233502538071,0.5685279187817259,51.49045066663223,48.70751733333332,75.599157,0.8823529411764706,0.9517241379310345,0.8727272727272727,121,108,112,0.5943396226415094,0.4811320754716981,0.6415094339622641,6.643465793650792,7.79239344444445,5.314482842712829,0.03225806451612903,0.48412698412698413,0.2608695652173913,63,51,68,0.6548223350253807,0.3248730964467005,0.8020304568527918,2.746646,2.708245666666667,1.0875815470085473,0.08465608465608465,0.6220238095238095,0.004291845493562232,129,64,158
381,0.6142131979695431,0.5532994923857868,0.5685279187817259,49.43350500000024,48.04581033333593,75.599157,0.8489208633093526,0.958904109589041,0.8899082568807339,121,109,112,0.6415094339622641,0.4811320754716981,0.6320754716981132,7.245879238095237,7.631899126984132,5.286957937950927,0.011111111111111112,0.6203703703703703,0.2631578947368421,68,51,67,0.6446700507614214,0.3299492385786802,0.7918781725888325,2.669745,2.732975277777778,1.029017813852814,0.10160427807486631,0.8058608058608059,0.0,127,65,156
382,0.6142131979695431,0.5431472081218274,0.5685279187817259,49.229376333333605,48.10439533333332,75.599157,0.8244274809160306,0.9666666666666667,0.8918918918918919,121,107,112,0.6509433962264151,0.4811320754716981,0.6320754716981132,7.083086809523808,6.970976888888895,5.287226486624475,0.021739130434782608,0.6611570247933884,0.225,69,51,67,0.6548223350253807,0.29441624365482233,0.7461928934010152,2.751436,2.727412444444445,0.9531909407259408,0.09947643979057591,0.8051948051948052,0.0,129,58,147
383,0.6142131979695431,0.5431472081218274,0.5685279187817259,51.42688933243002,48.54785600000259,75.936063,0.8461538461538461,0.9731543624161074,0.8706896551724138,121,107,112,0.6698113207547169,0.4716981132075472,0.6320754716981132,7.613267571428572,7.923544777777783,5.277868027084017,0.02197802197802198,0.6074074074074074,0.2717391304347826,71,50,67,0.6345177664974619,0.27411167512690354,0.7157360406091371,2.754192,2.675104444444445,0.9802838095238097,0.10638297872340426,0.8155339805825242,0.0,125,54,141
384,0.6091370558375635,0.5380710659898477,0.5634517766497462,49.460545000000266,48.024091333333324,75.209181,0.8931297709923665,0.9736842105263158,0.8728813559322034,120,106,111,0.6509433962264151,0.4716981132075472,0.6698113207547169,7.446294682539681,7.6302576666666715,5.211818806082794,0.03409090909090909,0.60431654676259,0.17721518987341772,69,50,71,0.6548223350253807,0.24873096446700507,0.7106598984771574,2.768074,2.636571999999998,0.9661870852480852,0.1,0.85625,0.0,129,49,140
385,0.6091370558375635,0.5431472081218274,0.5634517766497462,49.229089333333604,46.63101733352772,75.473877,0.8592592592592593,0.9487179487179487,0.8813559322033898,120,107,111,0.660377358490566,0.5,0.6698113207547169,7.459795460317457,7.6236785555555615,5.338960873237862,0.03296703296703297,0.624113475177305,0.17857142857142858,70,53,71,0.6446700507614214,0.20304568527918782,0.7461928934010152,2.779241,2.618065666666667,0.9664197445887446,0.09836065573770492,0.8888888888888888,0.0,127,40,147
386,0.6091370558375635,0.5431472081218274,0.5634517766497462,52.98353799996557,47.00229133352772,74.802539,0.890625,0.9932432432432432,0.8770491803278688,120,107,111,0.6415094339622641,0.49056603773584906,0.6792452830188679,7.696449365079363,7.720958888888895,5.436415859806848,0.034482758620689655,0.6060606060606061,0.1927710843373494,68,52,72,0.6598984771573604,0.19796954314720813,0.6903553299492385,2.817483,2.673579666666667,0.98452129004329,0.08602150537634409,0.9044776119402985,0.0,130,39,136
387,0.6142131979695431,0.5431472081218274,0.5634517766497462,51.39944800000027,46.80244033352772,74.802539,0.8297872340425532,0.9798657718120806,0.9016393442622951,121,107,111,0.6981132075471698,0.4716981132075472,0.7075471698113207,7.092796190476189,7.409059095238101,5.0923412077921935,0.010416666666666666,0.6204379562043796,0.17073170731707318,74,50,75,0.6598984771573604,0.17766497461928935,0.7106598984771574,2.812604,2.594365833333333,0.9977874259074261,0.07865168539325842,0.899135446685879,0.0,130,35,140
388,0.6091370558375635,0.5431472081218274,0.5634517766497462,49.48015366565927,46.561007000391385,75.599157,0.8482758620689655,0.9473684210526315,0.9067796610169492,120,107,111,0.6792452830188679,0.4716981132075472,0.6792452830188679,7.087199428571427,7.403747888888893,5.451346009767998,0.0,0.6165413533834586,0.1728395061728395,72,50,72,0.6395939086294417,0.18274111675126903,0.7157360406091371,2.826959,2.6157307222222244,0.9552595264735266,0.11917098445595854,0.8991097922848664,0.0,126,36,141
389,0.6142131979695431,0.5431472081218274,0.5583756345177665,49.78893133333359,45.625358333333324,75.006959,0.8759124087591241,0.9605263157894737,0.9152542372881356,121,107,110,0.6792452830188679,0.4528301886792453,0.6981132075471698,6.991735920634919,7.607760555555561,5.500538376290366,0.0,0.6397058823529411,0.14666666666666667,72,48,74,0.649746192893401,0.15228426395939088,0.7157360406091371,2.833851,2.649934888888891,0.9736122410922411,0.12626262626262627,0.8982035928143712,0.0,128,30,141
390,0.6142131979695431,0.5380710659898477,0.5634517766497462,52.56660733232594,46.33896233313892,75.599157,0.8661971830985915,0.9477124183006536,0.896551724137931,121,106,111,0.6792452830188679,0.4811320754716981,0.7169811320754716,6.941031984126983,7.505257206349213,5.413500075924064,0.0,0.6153846153846154,0.12941176470588237,72,51,76,0.6649746192893401,0.16243654822335024,0.7309644670050761,2.807346,2.642232222222232,0.9678320606060605,0.10606060606060606,0.8922155688622755,0.0,131,32,144
391,0.6091370558375635,0.5431472081218274,0.5634517766497462,53.437353333333604,46.913165666666664,75.599157,0.8931297709923665,0.9671052631578947,0.8974358974358975,120,107,111,0.660377358490566,0.49056603773584906,0.6509433962264151,7.216752444444444,7.873302777777783,5.5115447999777905,0.0,0.6617647058823529,0.136986301369863,70,52,69,0.6751269035532995,0.15736040609137056,0.7055837563451777,2.766904,2.6238782222222343,0.9688595411255411,0.08808290155440414,0.9107142857142857,0.0,133,31,139
392,0.6142131979695431,0.5431472081218274,0.5583756345177665,52.2535039970817,47.96441933333332,75.599157,0.8811188811188811,0.9666666666666667,0.8739495798319328,121,107,110,0.6792452830188679,0.4811320754716981,0.7358490566037735,6.926645349206347,8.169112777777784,5.544677763347753,0.010638297872340425,0.6293706293706294,0.06578947368421052,72,51,78,0.6700507614213198,0.17258883248730963,0.7055837563451777,2.818239,2.6080512222222323,0.9910101255411257,0.06486486486486487,0.8982558139534884,0.0,132,34,139
393,0.6091370558375635,0.5431472081218274,0.5583756345177665,50.469980332325946,47.58327833333332,74.927819,0.9117647058823529,0.961038961038961,0.9043478260869565,120,107,110,0.6886792452830188,0.46226415094339623,0.6981132075471698,7.0536184920634915,7.899671000000006,5.5838822395382275,0.011627906976744186,0.6666666666666666,0.07894736842105263,73,49,74,0.6700507614213198,0.14720812182741116,0.7055837563451777,2.794429,2.6315932222222322,0.982228800865801,0.06951871657754011,0.9077380952380952,0.0,132,29,139
394,0.6091370558375635,0.5431472081218274,0.5583756345177665,47.75832666565928,47.58327833333332,75.599157,0.8648648648648649,0.9801324503311258,0.9122807017543859,120,107,110,0.6415094339622641,0.46226415094339623,0.6509433962264151,7.562815126984126,8.106388000000006,5.405418880785871,0.011494252873563218,0.644927536231884,0.03225806451612903,68,49,69,0.649746192893401,0.12690355329949238,0.7208121827411168,2.818952,2.6239282222222324,0.9655503030303032,0.06593406593406594,0.9246376811594202,0.0,128,25,142
395,0.6142131979695431,0.5431472081218274,0.5583756345177665,50.57962566565928,48.8933053335121,75.599157,0.8731343283582089,0.967948717948718,0.9043478260869565,121,107,110,0.660377358490566,0.5,0.7169811320754716,7.434337714285713,7.639575777777783,5.386302187812177,0.021505376344086023,0.6458333333333334,0.023529411764705882,70,53,76,0.6243654822335025,0.14213197969543148,0.6903553299492385,2.774953,2.6466272222222322,1.043929517815518,0.07936507936507936,0.9075144508670521,0.0,123,28,136
396,0.6091370558375635,0.5431472081218274,0.5583756345177665,52.56080166565926,46.943068666664054,74.927819,0.8714285714285714,0.9745222929936306,0.8771929824561403,120,107,110,0.7264150943396226,0.44339622641509435,0.6981132075471698,7.914293936507935,7.9114071111111155,5.325514815850806,0.030612244897959183,0.6492537313432836,0.06153846153846154,77,47,74,0.6142131979695431,0.14720812182741116,0.7106598984771574,2.763353,2.5737652222222343,0.996925416916417,0.0851063829787234,0.9221902017291066,0.0,121,29,140
397,0.6091370558375635,0.5431472081218274,0.5583756345177665,50.456170998992604,45.848827666858455,75.599157,0.8503401360544217,0.9559748427672956,0.8849557522123894,120,107,110,0.6415094339622641,0.42452830188679247,0.7264150943396226,7.025803555555554,8.057836888888895,5.490678614385603,0.011363636363636364,0.6390977443609023,0.0375,68,45,77,0.5989847715736041,0.1218274111675127,0.700507614213198,2.778635,2.674858222222232,0.9585059047619049,0.08021390374331551,0.9307228915662651,0.0,118,24,138
398,0.6142131979695431,0.5431472081218274,0.5532994923857868,53.34717733232588,47.74914833333332,75.599157,0.8561151079136691,0.9806451612903225,0.8859649122807017,121,107,109,0.7169811320754716,0.4528301886792453,0.7452830188679245,7.327167492063491,8.068487888888896,5.137996904761894,0.021505376344086023,0.6412213740458015,0.05555555555555555,76,48,79,0.6091370558375635,0.1319796954314721,0.700507614213198,2.742102,2.632709222222237,0.9994035484515482,0.1065989847715736,0.9235294117647059,0.0,120,26,138
399,0.6040609137055838,0.5329949238578681,0.5583756345177665,53.32529399899259,46.10859999946105,74.927819,0.8958333333333334,0.9681528662420382,0.8793103448275862,119,105,110,0.6698113207547169,0.46226415094339623,0.7075471698113207,7.021546603174602,8.519690777777782,5.685267325008312,0.045454545454545456,0.5882352941176471,0.0273972602739726,71,49,75,0.6091370558375635,0.1319796954314721,0.7208121827411168,2.757018,2.6371162222222324,1.023792696969697,0.10606060606060606,0.9269005847953217,0.0,120,26,142
400,0.6040609137055838,0.5431472081218274,0.5583756345177665,46.693611334341256,44.914697666669255,75.599157,0.8344370860927153,0.93125,0.8833333333333333,119,107,110,0.6886792452830188,0.4716981132075472,0.7641509433962265,7.0321750158730145,7.897076777777784,5.401571705960694,0.049019607843137254,0.6131386861313869,0.05333333333333334,73,50,81,0.5939086294416244,0.37055837563451777,0.6649746192893401,2.679808,2.6451472222221932,1.0436556363636365,0.12,0.803763440860215,0.0,117,73,131
401,0.6294416243654822,0.5685279187817259,0.5685279187817259,48.75685033434126,45.39687433333332,75.599157,0.8439716312056738,0.9363057324840764,0.865546218487395,124,112,112,0.6792452830188679,0.4811320754716981,0.7358490566037735,7.329278904761902,8.618369238095243,5.3623369702519605,0.06666666666666667,0.6356589147286822,0.014285714285714285,72,51,78,0.6040609137055838,0.41624365482233505,0.6598984771573604,2.754268,2.655868888888891,1.1152076666666668,0.12121212121212122,0.7335526315789473,0.005434782608695652,119,82,130
402,0.6294416243654822,0.5685279187817259,0.5786802030456852,50.00579533538409,47.48922333333332,78.427819,0.815068493150685,0.9731543624161074,0.8429752066115702,124,112,114,0.6886792452830188,0.4528301886792453,0.7735849056603774,7.9195644444444415,9.085170222222228,5.042083165057154,0.030927835051546393,0.6230769230769231,0.05063291139240506,73,48,82,0.6243654822335025,0.40609137055837563,0.6598984771573604,2.668874,2.820001222222221,1.1318360000000003,0.09424083769633508,0.6966292134831461,0.00546448087431694,123,80,130
403,0.6345177664974619,0.5685279187817259,0.5736040609137056,50.81432400205081,47.60954066666406,79.099157,0.9354838709677419,0.9662162162162162,0.8461538461538461,125,112,113,0.6886792452830188,0.4528301886792453,0.7641509433962265,7.571433095238096,9.143598777777784,5.33070409035408,0.029411764705882353,0.6015037593984962,0.0410958904109589,73,48,81,0.6142131979695431,0.39086294416243655,0.6598984771573604,2.726429,2.8072012222222225,1.1654030000000002,0.1218274111675127,0.6725978647686833,0.0,121,77,130
404,0.6294416243654822,0.5634517766497462,0.5736040609137056,50.15202066767458,48.15736433333332,79.099157,0.8560606060606061,0.9530201342281879,0.847457627118644,124,111,113,0.6792452830188679,0.4528301886792453,0.7452830188679245,7.7479144603174595,8.642306666666672,5.493842609501598,0.010638297872340425,0.5746268656716418,0.013888888888888888,72,48,79,0.6243654822335025,0.4263959390862944,0.6700507614213198,2.706658,2.7399042222222225,1.0993770000000003,0.09326424870466321,0.6610738255033557,0.0,123,84,132
405,0.6243654822335025,0.5685279187817259,0.5786802030456852,53.13601033434126,48.124978333333324,78.427819,0.8769230769230769,0.9333333333333333,0.8448275862068966,123,112,114,0.6981132075471698,0.4811320754716981,0.7547169811320755,7.635423746031745,8.426974777777783,5.483349980685971,0.039603960396039604,0.6131386861313869,0.012987012987012988,74,51,80,0.5989847715736041,0.4213197969543147,0.6700507614213198,2.662241,2.8363592222222227,1.0972070000000003,0.11917098445595854,0.6886446886446886,0.00546448087431694,118,83,132
406,0.6395939086294417,0.5685279187817259,0.5736040609137056,55.31853331991624,48.67316533333332,77.599157,0.8571428571428571,0.9539473684210527,0.8416666666666667,126,112,113,0.7075471698113207,0.4339622641509434,0.7358490566037735,7.8573189999999995,8.612363000000006,4.966386439782429,0.030612244897959183,0.5984251968503937,0.0,75,46,78,0.6142131979695431,0.40609137055837563,0.6751269035532995,2.628073,2.9450152222222226,1.1618710000000003,0.10606060606060606,0.6765799256505576,0.0,121,80,133
407,0.6345177664974619,0.5685279187817259,0.5736040609137056,54.44191599319053,47.66551033333332,77.599157,0.8308823529411765,0.9419354838709677,0.8547008547008547,125,112,113,0.6792452830188679,0.4811320754716981,0.6981132075471698,7.4904342380952365,8.440184777777784,5.567482820512808,0.022222222222222223,0.5522388059701493,0.0,72,51,74,0.6243654822335025,0.4213197969543147,0.6852791878172588,2.696327,2.8272202222222225,1.1779630000000003,0.11055276381909548,0.6530612244897959,0.0,123,83,135
408,0.6294416243654822,0.5634517766497462,0.5786802030456852,53.473025006809706,47.43773666666406,76.927819,0.8682170542635659,0.9607843137254902,0.8512396694214877,124,111,114,0.6320754716981132,0.46226415094339623,0.6981132075471698,7.870593888888888,8.58644652380953,5.354817365301356,0.010638297872340425,0.6171875,0.0,67,49,74,0.6192893401015228,0.4365482233502538,0.700507614213198,2.675889,2.816476222222224,1.1649050000000003,0.10309278350515463,0.6749116607773852,0.005376344086021506,122,86,138
409,0.6345177664974619,0.5634517766497462,0.5736040609137056,53.285397669090344,45.69842433333332,77.599157,0.841726618705036,0.954248366013072,0.8666666666666667,125,111,113,0.6509433962264151,0.41509433962264153,0.7547169811320755,7.853792999999998,8.590078317460323,5.665946750915739,0.010638297872340425,0.6638655462184874,0.0,69,44,80,0.6345177664974619,0.4365482233502538,0.700507614213198,2.614808,2.8679982222222224,1.1220210000000002,0.1065989847715736,0.684981684981685,0.0,125,86,138
410,0.6294416243654822,0.5989847715736041,0.6446700507614214,51.67003233135272,52.678922666689836,82.62475,0.8473282442748091,0.8846153846153846,0.7785714285714286,124,118,127,0.6981132075471698,0.46226415094339623,0.7169811320754716,7.732439555555554,9.010795349206354,5.238078255633245,0.06,0.6231884057971014,0.0,74,49,76,0.6192893401015228,0.4213197969543147,0.7055837563451777,2.576939,2.8993582222222223,1.1847800000000002,0.115,0.6483516483516484,0.0,122,83,139
411,0.6395939086294417,0.5939086294416244,0.6345177664974619,51.74195500590685,52.312672333330816,82.955456,0.837037037037037,0.8843537414965986,0.873015873015873,126,117,125,0.6698113207547169,0.44339622641509435,0.7264150943396226,7.075097888888888,9.301402111111118,5.131395453213443,0.021052631578947368,0.6412213740458015,0.0,71,47,77,0.6345177664974619,0.4213197969543147,0.7157360406091371,2.622727,2.8599652222222223,1.1379270000000001,0.13043478260869565,0.6840277777777778,0.0,125,83,141
412,0.6345177664974619,0.5939086294416244,0.6395939086294417,54.4454400000347,55.384473000000085,81.599936,0.8512396694214877,0.8466666666666667,0.8222222222222222,125,117,126,0.6886792452830188,0.4811320754716981,0.7075471698113207,7.041385222222221,9.483365666666671,5.081711880785872,0.02040816326530612,0.609375,0.0,73,51,75,0.6294416243654822,0.43147208121827413,0.7258883248730964,2.673838,2.891975,1.1169100000000003,0.14354066985645933,0.6816608996539792,0.0,124,85,143
413,0.6345177664974619,0.5939086294416244,0.649746192893401,52.137949319675236,54.83762133333342,85.899675,0.8699186991869918,0.85625,0.8560606060606061,125,117,128,0.6698113207547169,0.44339622641509435,0.6415094339622641,7.271274460317459,9.402846111111117,5.576074142857134,0.02127659574468085,0.624,0.0,71,47,68,0.6345177664974619,0.4263959390862944,0.7208121827411168,2.664132,2.906187,1.1120140000000003,0.1523809523809524,0.6885813148788927,0.005405405405405406,125,84,142
414,0.6345177664974619,0.5989847715736041,0.649746192893401,55.08773365498916,50.63260400000051,85.473241,0.8813559322033898,0.8333333333333334,0.8270676691729323,125,118,128,0.660377358490566,0.41509433962264153,0.7358490566037735,7.453033888888887,9.573649111111118,5.063617196803186,0.0,0.6147540983606558,0.0,70,44,78,0.649746192893401,0.43147208121827413,0.7208121827411168,2.630933,3.041829,1.1114550000000003,0.14423076923076922,0.6702508960573477,0.0,128,85,142
415,0.6243654822335025,0.6243654822335025,0.6802030456852792,55.41116164213259,51.664338666666765,83.040405,0.8270676691729323,0.7947019867549668,0.7985074626865671,123,123,134,0.6792452830188679,0.49056603773584906,0.8018867924528302,6.906377349206348,9.305850777777781,5.423588636363626,0.02,0.5419847328244275,0.0,72,52,85,0.6751269035532995,0.45685279187817257,0.7360406091370558,2.696513,2.917102,1.093084,0.1320754716981132,0.6511627906976745,0.0,133,90,145
416,0.6548223350253807,0.6142131979695431,0.6751269035532995,54.79774799555179,54.67713766666675,86.332586,0.8257575757575758,0.8623188405797102,0.8333333333333334,129,121,133,0.660377358490566,0.5377358490566038,0.7452830188679245,7.179757539682539,9.355108888888896,5.4654536729936645,0.01098901098901099,0.52,0.0,70,57,79,0.6903553299492385,0.4619289340101523,0.7258883248730964,2.719125,2.98459,1.1604100000000002,0.10747663551401869,0.6420664206642066,0.0,136,91,143
417,0.6294416243654822,0.6243654822335025,0.6802030456852792,53.518737999443566,55.225123000000124,86.528293,0.923728813559322,0.8445945945945946,0.8376068376068376,124,123,134,0.6698113207547169,0.5188679245283019,0.7169811320754716,7.524473460317458,9.604148777777784,5.469737002885994,0.020618556701030927,0.5166666666666667,0.0,71,55,76,0.6802030456852792,0.4873096446700508,0.7106598984771574,2.650096,3.008963,1.136116,0.107981220657277,0.6086956521739131,0.0,134,96,140
418,0.6446700507614214,0.6294416243654822,0.6751269035532995,52.56762033236064,58.272890000000174,88.781407,0.8188405797101449,0.8079470198675497,0.8524590163934426,127,124,133,0.6698113207547169,0.5471698113207547,0.7264150943396226,7.437333888888889,9.869853460317469,5.656651255411247,0.020618556701030927,0.5,0.013157894736842105,71,58,77,0.6700507614213198,0.4873096446700508,0.7106598984771574,2.716492,3.077329,1.1659030000000001,0.12735849056603774,0.6436781609195402,0.0,132,96,140
419,0.6345177664974619,0.6192893401015228,0.6802030456852792,52.95967803016671,52.74990699999962,86.239544,0.8671875,0.8235294117647058,0.7727272727272727,125,122,134,0.6981132075471698,0.5471698113207547,0.7641509433962265,7.163918142857144,10.03028098412699,5.385166266400257,0.020833333333333332,0.5038759689922481,0.0,74,58,81,0.6954314720812182,0.4720812182741117,0.7106598984771574,2.708794,3.058148,1.145934,0.07881773399014778,0.64,0.0,137,93,140
420,0.6446700507614214,0.6243654822335025,0.6802030456852792,52.66156966569399,52.48594266666676,87.429464,0.84375,0.8503401360544217,0.8211382113821138,127,123,134,0.6509433962264151,0.5094339622641509,0.7641509433962265,6.8722993174603175,9.638759031746039,5.2182120392940305,0.02127659574468085,0.5583333333333333,0.0,69,54,81,0.700507614213198,0.4873096446700508,0.7106598984771574,2.739744,2.961023,1.133623,0.0845771144278607,0.6131147540983607,0.0,138,96,140
421,0.6395939086294417,0.6142131979695431,0.6649746192893401,53.66797566666693,55.690734000000084,87.077973,0.88,0.8686131386861314,0.8017241379310345,126,121,131,0.660377358490566,0.5377358490566038,0.7075471698113207,6.760161317460317,9.732433777777786,5.176802568209559,0.021739130434782608,0.5258620689655172,0.0,70,57,75,0.700507614213198,0.4619289340101523,0.7157360406091371,2.801049,2.984267,1.142769,0.11374407582938388,0.6319444444444444,0.0,138,91,141
422,0.649746192893401,0.6192893401015228,0.6802030456852792,53.515620664721034,55.185947000000084,86.044492,0.8629032258064516,0.7945205479452054,0.8660714285714286,128,122,134,0.6792452830188679,0.5471698113207547,0.7358490566037735,7.037795317460317,9.760430126984135,5.757363339438331,0.020833333333333332,0.48,0.01282051282051282,72,58,78,0.6954314720812182,0.4517766497461929,0.7106598984771574,2.77113,3.030026,1.1659020000000002,0.09900990099009901,0.6373239436619719,0.0,137,89,140
423,0.6446700507614214,0.6294416243654822,0.6700507614213198,53.226689344728044,56.640540000000094,88.303458,0.7985074626865671,0.8156028368794326,0.8205128205128205,127,124,132,0.6698113207547169,0.5471698113207547,0.7358490566037735,7.219091174603175,9.691480666666674,5.409538387279376,0.021052631578947368,0.5078125,0.0379746835443038,71,58,78,0.6802030456852792,0.4619289340101523,0.7208121827411168,2.756471,3.019142,1.107116,0.09137055837563451,0.6040955631399317,0.0,134,91,142
424,0.6345177664974619,0.6243654822335025,0.6700507614213198,53.02141279714221,57.290956333333426,83.346722,0.84,0.8837209302325582,0.8130081300813008,125,123,132,0.6415094339622641,0.5660377358490566,0.7547169811320755,7.161255571428571,9.853317555555563,5.591698812409803,0.02127659574468085,0.488,0.01282051282051282,68,60,80,0.7055837563451777,0.4619289340101523,0.7258883248730964,2.833097,2.962862,1.123879,0.09223300970873786,0.6433566433566433,0.0,139,91,143
425,0.6446700507614214,0.6192893401015228,0.6700507614213198,55.035166666250674,55.7393740000001,82.935285,0.8615384615384616,0.8439716312056738,0.7894736842105263,127,122,132,0.6509433962264151,0.5754716981132075,0.8018867924528302,6.799570888888889,9.755745777777783,5.285251090576081,0.02197802197802198,0.47107438016528924,0.0,69,61,85,0.6954314720812182,0.4517766497461929,0.7157360406091371,2.848847,2.910319,1.039015,0.09900990099009901,0.6187050359712231,0.0,137,89,141
426,0.6395939086294417,0.6243654822335025,0.6649746192893401,54.51051866666693,56.327719000000094,85.503692,0.8699186991869918,0.8623188405797102,0.8461538461538461,126,123,131,0.6415094339622641,0.5471698113207547,0.6981132075471698,6.801042746031745,9.790287238095246,5.866567189033179,0.02040816326530612,0.48760330578512395,0.027777777777777776,68,58,74,0.6954314720812182,0.4517766497461929,0.7157360406091371,2.805737,2.952254,1.062626,0.07881773399014778,0.6267123287671232,0.0,137,89,141
427,0.6446700507614214,0.6243654822335025,0.6751269035532995,51.10626899902732,53.7709550000001,83.335355,0.8503937007874016,0.8243243243243243,0.7868852459016393,127,123,133,0.6226415094339622,0.5566037735849056,0.7358490566037735,7.18637503174603,9.236098888888895,5.188554339660331,0.02127659574468085,0.5042016806722689,0.03571428571428571,66,59,78,0.6903553299492385,0.48223350253807107,0.7106598984771574,2.879241,2.893051,1.131464,0.0707070707070707,0.5910652920962199,0.0,136,95,140
428,0.6446700507614214,0.6142131979695431,0.6700507614213198,51.010994332360646,54.314646666666754,82.111757,0.8888888888888888,0.8378378378378378,0.8608695652173913,127,121,132,0.6415094339622641,0.5283018867924528,0.7641509433962265,7.453607428571429,9.278142888888896,5.3471668392718295,0.021505376344086023,0.5041322314049587,0.022727272727272728,68,56,81,0.6700507614213198,0.48223350253807107,0.7055837563451777,2.850319,2.920543,1.071181,0.09547738693467336,0.6132404181184669,0.005434782608695652,132,95,139
429,0.6192893401015228,0.6294416243654822,0.6700507614213198,50.140579320680196,56.007615000000094,86.03835,0.816,0.8208955223880597,0.8559322033898306,122,124,132,0.6509433962264151,0.5471698113207547,0.6792452830188679,7.50084892063492,9.732822206349212,5.378217698634688,0.02040816326530612,0.5210084033613446,0.03076923076923077,69,58,72,0.6395939086294417,0.48223350253807107,0.6954314720812182,2.848152,2.987339,1.12274,0.12682926829268293,0.6153846153846154,0.0,126,95,137
430,0.649746192893401,0.6192893401015228,0.6751269035532995,49.30954110493175,57.9805870000001,83.077769,0.781021897810219,0.8257575757575758,0.7916666666666666,128,122,133,0.6132075471698113,0.5283018867924528,0.7169811320754716,7.14939311111111,9.552784666666675,5.165310388944379,0.021052631578947368,0.5573770491803278,0.03614457831325301,65,56,76,0.6395939086294417,0.467005076142132,0.7106598984771574,2.802131,2.926507,1.1730750000000003,0.1111111111111111,0.6083916083916084,0.0,126,92,140
431,0.6446700507614214,0.6091370558375635,0.6598984771573604,49.180163647970296,57.33927200000009,80.058611,0.8512396694214877,0.8592592592592593,0.8053097345132744,127,120,130,0.660377358490566,0.5660377358490566,0.7358490566037735,7.084338,9.632347539682547,5.126429614163605,0.020618556701030927,0.5206611570247934,0.02702702702702703,70,60,78,0.6192893401015228,0.467005076142132,0.700507614213198,2.797653,2.9597798888888103,1.1410640000000003,0.09950248756218906,0.6223776223776224,0.0,122,92,138
432,0.6446700507614214,0.6142131979695431,0.6598984771573604,51.25814631408028,55.87473500000009,84.71461,0.8632478632478633,0.8444444444444444,0.8220338983050848,127,121,130,0.6509433962264151,0.5566037735849056,0.7358490566037735,7.106235888888888,9.89935603174604,5.5302010429570325,0.010309278350515464,0.4830508474576271,0.05,69,59,78,0.6395939086294417,0.467005076142132,0.7157360406091371,2.848419,2.927544,1.118038,0.1073170731707317,0.6033333333333334,0.0106951871657754,126,92,141
433,0.649746192893401,0.6294416243654822,0.6700507614213198,53.59703098324952,57.23013766666676,86.163402,0.8813559322033898,0.8,0.76,128,124,132,0.6792452830188679,0.5849056603773585,0.7075471698113207,6.952714317460317,9.166906571428578,5.344585171162161,0.019801980198019802,0.5365853658536586,0.08860759493670886,72,62,75,0.6294416243654822,0.4619289340101523,0.7208121827411168,2.902993,2.999461,1.101968,0.1111111111111111,0.6272401433691757,0.005405405405405406,124,91,142
434,0.649746192893401,0.6192893401015228,0.6751269035532995,51.57919896205057,53.91137600000008,83.791495,0.8512396694214877,0.8382352941176471,0.7916666666666666,128,122,133,0.6509433962264151,0.4811320754716981,0.660377358490566,6.92073003174603,9.635930777777785,5.297540896436887,0.021505376344086023,0.5377358490566038,0.0,69,51,70,0.6446700507614214,0.47715736040609136,0.7208121827411168,2.789328,2.970737,1.101027,0.0825242718446602,0.628158844765343,0.0,127,94,142
435,0.6243654822335025,0.6142131979695431,0.6700507614213198,50.589972983384925,53.241321333333424,86.715369,0.813953488372093,0.85,0.8173913043478261,123,121,132,0.6509433962264151,0.5660377358490566,0.6981132075471698,6.9893212222222205,9.71303044444445,5.481327421245413,0.01020408163265306,0.4596774193548387,0.023529411764705882,69,60,74,0.6548223350253807,0.48223350253807107,0.7106598984771574,2.764007,2.916881,1.127854,0.0825242718446602,0.6356877323420075,0.0,129,95,140
436,0.6395939086294417,0.6243654822335025,0.6548223350253807,52.417826334306284,52.20121266666677,87.345224,0.8064516129032258,0.8226950354609929,0.8623853211009175,126,123,129,0.6226415094339622,0.5849056603773585,0.7452830188679245,6.689919,9.241216777777783,5.227390896436885,0.021052631578947368,0.5083333333333333,0.0,66,62,79,0.6548223350253807,0.467005076142132,0.7055837563451777,2.712938,2.960223,1.07181,0.06598984771573604,0.6791044776119403,0.005434782608695652,129,92,139
437,0.6446700507614214,0.6142131979695431,0.6700507614213198,53.272978611825785,54.99415599999743,87.003669,0.8429752066115702,0.8796992481203008,0.8301886792452831,127,121,132,0.6320754716981132,0.5188679245283019,0.6981132075471698,6.906412206349205,9.50528171428572,5.474747993339984,0.0,0.5042735042735043,0.02631578947368421,67,55,74,0.6548223350253807,0.45685279187817257,0.7106598984771574,2.755191,2.974568,1.112853,0.07142857142857142,0.6188679245283019,0.0,129,90,140
438,0.6548223350253807,0.6243654822335025,0.6700507614213198,50.93351764644065,53.44247866666675,85.864639,0.8677685950413223,0.8321167883211679,0.831858407079646,129,123,132,0.6320754716981132,0.5660377358490566,0.7075471698113207,7.110797,9.243728809523816,4.934328707958699,0.0,0.496,0.0,67,60,75,0.6751269035532995,0.467005076142132,0.7258883248730964,2.797615,2.919837,1.115341,0.07960199004975124,0.6151079136690647,0.005376344086021506,133,92,143
439,0.6395939086294417,0.6243654822335025,0.6598984771573604,50.806213998054375,50.724496000000094,84.885321,0.8521739130434782,0.7794117647058824,0.7478991596638656,126,123,130,0.6226415094339622,0.5566037735849056,0.7358490566037735,7.2487974603174585,9.223632317460325,5.5360605301365196,0.0,0.49166666666666664,0.024096385542168676,66,59,78,0.6649746192893401,0.467005076142132,0.7309644670050761,2.798297,2.853429,1.060259,0.08542713567839195,0.6357142857142857,0.0,131,92,144
440,0.6395939086294417,0.6192893401015228,0.6700507614213198,48.55849566569399,54.91415866666675,82.442691,0.7923076923076923,0.8181818181818182,0.8125,126,122,132,0.6320754716981132,0.5283018867924528,0.7547169811320755,7.179449349206348,9.227600666666673,5.1759840456210355,0.0,0.5,0.024096385542168676,67,56,80,0.6751269035532995,0.4720812182741117,0.7157360406091371,2.780245,2.880872,1.084835,0.1111111111111111,0.6541353383458647,0.0,133,93,141
441,0.6446700507614214,0.6243654822335025,0.6598984771573604,51.12586599902732,56.28015200000009,85.835251,0.8278688524590164,0.85,0.831858407079646,127,123,130,0.6415094339622641,0.5188679245283019,0.7452830188679245,7.117173603174602,9.266597666666673,5.279037145521135,0.0,0.48214285714285715,0.0,68,55,79,0.6852791878172588,0.4619289340101523,0.700507614213198,2.737089,2.9014528888888105,1.1382700000000003,0.06091370558375635,0.6380597014925373,0.0,135,91,138
442,0.6345177664974619,0.6243654822335025,0.6700507614213198,49.26755266444521,57.4883320000001,84.868636,0.8508771929824561,0.8613138686131386,0.7916666666666666,125,123,132,0.6320754716981132,0.5377358490566038,0.6886792452830188,7.1646397777777775,9.493256777777784,5.1602758937728845,0.0,0.4661016949152542,0.012658227848101266,67,57,73,0.6649746192893401,0.43147208121827413,0.6903553299492385,2.700684,2.847106,1.036531,0.07142857142857142,0.608058608058608,0.0,131,85,136
443,0.6446700507614214,0.6142131979695431,0.6751269035532995,49.13147944746278,53.69423466666675,84.221309,0.8048780487804879,0.8507462686567164,0.8017241379310345,127,121,133,0.6509433962264151,0.5094339622641509,0.7547169811320755,6.582272317460317,9.428964444444452,5.202351014652004,0.0,0.5192307692307693,0.0,69,54,80,0.6598984771573604,0.4416243654822335,0.6852791878172588,2.786738,2.743877,1.095866,0.07142857142857142,0.6153846153846154,0.0,130,87,135
444,0.6446700507614214,0.6294416243654822,0.6751269035532995,52.61486733152814,57.02650200000008,85.327304,0.8348623853211009,0.7793103448275862,0.8303571428571429,127,124,133,0.660377358490566,0.5471698113207547,0.7264150943396226,7.165216888888888,9.760829777777785,5.122630834165823,0.0,0.4778761061946903,0.0,70,58,77,0.6446700507614214,0.4517766497461929,0.6954314720812182,2.738789,2.835658,1.070563,0.07692307692307693,0.5962962962962963,0.0,127,89,137
445,0.6446700507614214,0.6243654822335025,0.6649746192893401,54.44049166527773,54.765218666666755,88.677129,0.7563025210084033,0.8175182481751825,0.7909090909090909,127,123,131,0.6509433962264151,0.5377358490566038,0.6981132075471698,7.374734666666665,9.757827777777784,5.308942653679644,0.0,0.5045045045045045,0.0,69,57,74,0.649746192893401,0.4517766497461929,0.700507614213198,2.791478,2.797241,1.065822,0.0582010582010582,0.6156583629893239,0.0,128,89,138
446,0.6446700507614214,0.6243654822335025,0.6751269035532995,54.26526299861108,51.69079100000008,88.561794,0.8673469387755102,0.8870967741935484,0.7796610169491526,127,123,133,0.6509433962264151,0.5,0.7358490566037735,7.249481650793651,9.663359555555564,5.058874023643013,0.0,0.5192307692307693,0.0379746835443038,69,53,78,0.649746192893401,0.45685279187817257,0.6954314720812182,2.767473,2.798755,1.068388,0.05789473684210526,0.6125461254612546,0.0,128,90,137
447,0.6446700507614214,0.6294416243654822,0.6598984771573604,51.26895466569399,54.04810866666676,84.259564,0.8214285714285714,0.8515625,0.8504672897196262,127,124,130,0.6792452830188679,0.5566037735849056,0.7452830188679245,7.217218317460316,9.6400140952381,5.6541160669330575,0.02040816326530612,0.4642857142857143,0.0375,72,59,79,0.649746192893401,0.4263959390862944,0.700507614213198,2.845589,2.7770081111111895,1.013529,0.05789473684210526,0.6102941176470589,0.0,128,84,138
448,0.6446700507614214,0.6091370558375635,0.6751269035532995,51.25138699944357,56.96453233333342,80.133835,0.7719298245614035,0.8057553956834532,0.7478991596638656,127,120,133,0.6792452830188679,0.5849056603773585,0.7264150943396226,6.963569777777778,9.696160317460325,5.057949885447876,0.0,0.5,0.05952380952380952,72,62,77,0.6446700507614214,0.4619289340101523,0.7208121827411168,2.845842,2.8730918888888106,1.105771,0.09137055837563451,0.572463768115942,0.0,127,91,142
449,0.649746192893401,0.6294416243654822,0.6751269035532995,53.12878999944357,56.57725266666675,88.231659,0.8181818181818182,0.8098591549295775,0.8640776699029126,128,124,133,0.660377358490566,0.5849056603773585,0.6792452830188679,6.934258539682539,9.420771206349214,5.245105279054269,0.0,0.41509433962264153,0.07142857142857142,70,62,72,0.6294416243654822,0.467005076142132,0.7106598984771574,2.760605,2.831200888888811,1.033323,0.09137055837563451,0.5880281690140845,0.0,124,92,140
450,0.6548223350253807,0.6243654822335025,0.6649746192893401,51.21105799902731,55.215594000000095,84.797773,0.7833333333333333,0.8650793650793651,0.8165137614678899,129,123,131,0.6886792452830188,0.5471698113207547,0.7264150943396226,7.489323777777776,10.063397650793659,5.165381874458864,0.0,0.5,0.047058823529411764,73,58,77,0.6142131979695431,0.467005076142132,0.700507614213198,2.788417,2.881858888888811,1.034395,0.11940298507462686,0.6228373702422145,0.0,121,92,138
451,0.6548223350253807,0.6192893401015228,0.6548223350253807,49.462494996946106,53.360878000000085,83.817955,0.8613861386138614,0.889763779527559,0.8245614035087719,129,122,129,0.6886792452830188,0.6132075471698113,0.7830188679245284,7.546306460317459,10.131972714285723,5.050527911088902,0.0,0.40869565217391307,0.024691358024691357,73,65,83,0.6091370558375635,0.4416243654822335,0.7106598984771574,2.745622,2.8306388888888105,1.087686,0.12376237623762376,0.625,0.0,120,87,140
452,0.6446700507614214,0.6142131979695431,0.6700507614213198,49.158291999027334,53.54962966666679,86.649612,0.7456140350877193,0.8048780487804879,0.8130081300813008,127,121,132,0.7169811320754716,0.5849056603773585,0.6981132075471698,7.322913174603173,10.077578206349212,5.0233888598068495,0.0,0.514018691588785,0.0273972602739726,76,62,74,0.6243654822335025,0.4263959390862944,0.7106598984771574,2.736188,2.883746888888811,1.033556,0.12437810945273632,0.5826771653543307,0.005555555555555556,123,84,140
453,0.6395939086294417,0.6294416243654822,0.6751269035532995,51.79252599944358,56.149789666666756,84.928373,0.8490566037735849,0.7894736842105263,0.8018018018018018,126,124,133,0.6792452830188679,0.5471698113207547,0.6886792452830188,7.1547040317460295,10.843939873015879,5.540773580419569,0.0,0.47,0.04,72,58,73,0.6243654822335025,0.43147208121827413,0.7258883248730964,2.71615,2.8488988888888107,1.1488920000000002,0.0979381443298969,0.5740740740740741,0.0,123,85,143
454,0.6446700507614214,0.6192893401015228,0.6649746192893401,52.29649384325807,56.39456633333342,89.466874,0.8272727272727273,0.823076923076923,0.8070175438596491,127,122,131,0.660377358490566,0.6037735849056604,0.7169811320754716,7.873028571428572,10.198012841269852,5.760568947718938,0.0,0.45081967213114754,0.024096385542168676,70,64,76,0.649746192893401,0.4517766497461929,0.7258883248730964,2.738442,2.852677888888811,1.121185,0.1218274111675127,0.5740740740740741,0.0,128,89,143
455,0.6345177664974619,0.6091370558375635,0.6598984771573604,52.47385466708287,55.33483366667506,87.626976,0.8611111111111112,0.8145161290322581,0.8260869565217391,125,120,130,0.6698113207547169,0.6132075471698113,0.7169811320754716,8.779136444444443,10.543227984126991,5.488125922077912,0.0,0.5135135135135135,0.02702702702702703,71,65,76,0.6142131979695431,0.47715736040609136,0.7309644670050761,2.715248,2.891161888888811,1.1815420000000003,0.13297872340425532,0.6059479553903345,0.0,121,94,144
456,0.6446700507614214,0.6192893401015228,0.6751269035532995,50.22173133236069,55.126346666666755,85.054066,0.8076923076923077,0.8503937007874016,0.743801652892562,127,122,133,0.6792452830188679,0.5754716981132075,0.6981132075471698,7.1664642222222215,10.58139976190477,5.332206515484504,0.0,0.45,0.07894736842105263,72,61,74,0.6345177664974619,0.4517766497461929,0.7461928934010152,2.72121,2.8735118888888107,1.1728290000000003,0.09326424870466321,0.5916030534351145,0.0,125,89,147
457,0.6548223350253807,0.6142131979695431,0.6446700507614214,48.99148666569395,53.270813666666754,82.582641,0.7522935779816514,0.8095238095238095,0.8571428571428571,129,121,127,0.6698113207547169,0.5754716981132075,0.7169811320754716,7.616797999999999,10.412535015873022,5.456541398268389,0.0,0.4824561403508772,0.07228915662650602,71,61,76,0.6192893401015228,0.4619289340101523,0.7258883248730964,2.746271,2.842049888888811,1.112142,0.09782608695652174,0.5827067669172933,0.0,122,91,143
458,0.649746192893401,0.6294416243654822,0.6700507614213198,54.94472433194437,55.32202399999885,82.737835,0.7864077669902912,0.803030303030303,0.775,128,124,132,0.6792452830188679,0.5377358490566038,0.7264150943396226,7.954836777777779,10.674960761904767,5.272204490842481,0.0,0.4954128440366973,0.036585365853658534,72,57,77,0.6091370558375635,0.45685279187817257,0.7258883248730964,2.703334,2.861477888888811,1.1538180000000002,0.08021390374331551,0.5817490494296578,0.00546448087431694,120,90,143
459,0.6446700507614214,0.6294416243654822,0.6700507614213198,52.82501466444521,52.61128666704083,83.72568,0.8380952380952381,0.8188976377952756,0.7739130434782608,127,124,132,0.6698113207547169,0.5754716981132075,0.6981132075471698,7.3567711428571405,10.72017998412699,4.93031898068597,0.0,0.4336283185840708,0.0,71,61,74,0.6243654822335025,0.4619289340101523,0.7157360406091371,2.66898,2.8812978888888106,1.1743770000000002,0.11979166666666667,0.5763358778625954,0.00558659217877095,123,91,141
460,0.6446700507614214,0.6243654822335025,0.6649746192893401,51.46688533277687,51.88392033409443,84.445257,0.8365384615384616,0.8416666666666667,0.8198198198198198,127,123,131,0.6792452830188679,0.6037735849056604,0.660377358490566,7.966568777777779,10.36166233333334,5.34800298068597,0.0,0.4661016949152542,0.0,72,64,70,0.6243654822335025,0.4517766497461929,0.7106598984771574,2.696408,2.879993,1.1488800000000001,0.08196721311475409,0.5919117647058824,0.00558659217877095,123,89,140
461,0.649746192893401,0.6192893401015228,0.6700507614213198,53.56862200069227,52.3631630000001,80.633591,0.7614678899082569,0.7401574803149606,0.7672413793103449,128,122,132,0.6886792452830188,0.5849056603773585,0.7075471698113207,8.01174811111111,10.37594498412699,5.540102127206118,0.0,0.48,0.0,73,62,75,0.6243654822335025,0.4619289340101523,0.7208121827411168,2.665209,2.923862,1.084311,0.08900523560209424,0.5708955223880597,0.01092896174863388,123,91,142
462,0.6548223350253807,0.6192893401015228,0.6700507614213198,50.3581233340256,54.73131733333342,84.814089,0.7904761904761904,0.825,0.7868852459016393,129,122,132,0.6698113207547169,0.6132075471698113,0.7169811320754716,8.562119174603174,10.617356428571435,5.352559345987335,0.0,0.4117647058823529,0.0,71,65,76,0.6243654822335025,0.4619289340101523,0.7055837563451777,2.714359,2.836539,1.097763,0.08196721311475409,0.562962962962963,0.005681818181818182,123,91,139
463,0.6548223350253807,0.6192893401015228,0.6649746192893401,50.21390099902732,55.65781033333342,82.04805,0.8333333333333334,0.853448275862069,0.7522123893805309,129,122,131,0.6415094339622641,0.6037735849056604,0.6792452830188679,7.77157346031746,10.503254571428585,5.419711082251073,0.0,0.42718446601941745,0.0,68,64,72,0.6243654822335025,0.48223350253807107,0.6852791878172588,2.706278,2.886229,1.075441,0.07222222222222222,0.5884615384615385,0.017045454545454544,123,95,135
464,0.6446700507614214,0.6142131979695431,0.6649746192893401,49.983934664445485,54.34132933333343,83.828829,0.8217821782178217,0.765625,0.7606837606837606,127,121,131,0.660377358490566,0.5754716981132075,0.7358490566037735,7.414185142857143,10.452523761904766,5.332947493506483,0.0,0.4166666666666667,0.012987012987012988,70,61,78,0.6243654822335025,0.4619289340101523,0.6446700507614214,2.695498,2.964738,1.1792700000000003,0.034482758620689655,0.5846774193548387,0.03932584269662921,123,91,127
465,0.6598984771573604,0.6395939086294417,0.6802030456852792,54.39971799902741,54.19617033333343,87.199434,0.7307692307692307,0.78125,0.7477477477477478,130,126,134,0.6792452830188679,0.6415094339622641,0.7264150943396226,7.292046888888889,10.497461650793655,5.381757006326996,0.0,0.37383177570093457,0.012987012987012988,72,68,77,0.6294416243654822,0.4873096446700508,0.6598984771573604,2.690141,2.926718,1.1970350000000003,0.03977272727272727,0.5606060606060606,0.043243243243243246,124,96,130
466,0.6649746192893401,0.649746192893401,0.6802030456852792,55.345222338396226,54.385539333713915,89.578166,0.8181818181818182,0.8278688524590164,0.7596153846153846,131,128,134,0.6698113207547169,0.6320754716981132,0.7169811320754716,7.283978539682538,10.250929761904766,5.1377226473526365,0.0,0.4074074074074074,0.012345679012345678,71,67,76,0.6395939086294417,0.48223350253807107,0.6598984771573604,2.695856,2.799945,1.1785300000000003,0.03296703296703297,0.5471698113207547,0.016129032258064516,126,95,130
467,0.6649746192893401,0.6446700507614214,0.6903553299492385,55.777902666110194,54.75622433333286,89.267336,0.7758620689655172,0.847457627118644,0.7207207207207207,131,127,136,0.6981132075471698,0.6698113207547169,0.6886792452830188,7.049978,10.504611206349212,5.119229423909414,0.0,0.36082474226804123,0.01282051282051282,74,71,73,0.6395939086294417,0.5126903553299492,0.6548223350253807,2.70237,2.931301,1.12373,0.047872340425531915,0.5714285714285714,0.010869565217391304,126,101,129
468,0.6751269035532995,0.6345177664974619,0.6852791878172588,55.0984306644452,53.469604666676496,87.923854,0.83,0.7846153846153846,0.7524752475247525,133,125,135,0.6981132075471698,0.6509433962264151,0.7264150943396226,6.791661682539682,10.463974841269847,5.470307104229094,0.0,0.3229166666666667,0.0,74,69,77,0.6649746192893401,0.5177664974619289,0.6700507614213198,2.747164,2.881422,1.1307050000000003,0.05759162303664921,0.57421875,0.01639344262295082,131,102,132
469,0.6751269035532995,0.6446700507614214,0.6852791878172588,52.99773999902688,54.31997099999467,91.489096,0.85,0.8278688524590164,0.7410714285714286,133,127,135,0.6886792452830188,0.660377358490566,0.7075471698113207,7.032799999999999,10.481233857142861,5.298998423909414,0.0,0.32038834951456313,0.0,73,70,75,0.6446700507614214,0.5279187817258884,0.6751269035532995,2.75591,2.810241,1.095026,0.0582010582010582,0.5576923076923077,0.0,127,104,133
470,0.6852791878172588,0.6548223350253807,0.7106598984771574,53.13877099777846,56.1805496685692,87.874707,0.7345132743362832,0.7443609022556391,0.7407407407407407,135,129,140,0.7169811320754716,0.6509433962264151,0.6981132075471698,7.635028571428572,10.695323746031761,5.046171249084239,0.0,0.3541666666666667,0.0,76,69,74,0.6802030456852792,0.5380710659898477,0.7055837563451777,2.699521,2.964113,1.133407,0.055,0.5772357723577236,0.005291005291005291,134,106,139
471,0.7055837563451777,0.6649746192893401,0.7208121827411168,57.13317897696642,58.84571666666674,89.500228,0.811965811965812,0.7676056338028169,0.7768595041322314,139,131,142,0.6981132075471698,0.6792452830188679,0.7547169811320755,7.37682234920635,11.39681452380953,5.4912271794871685,0.0,0.2653061224489796,0.0,74,72,80,0.6903553299492385,0.5126903553299492,0.7055837563451777,2.789138,2.938788,1.084302,0.041666666666666664,0.5057471264367817,0.0,136,101,139
472,0.6903553299492385,0.6700507614213198,0.7157360406091371,57.612203667358735,56.619797000380565,93.003103,0.7851239669421488,0.8195488721804511,0.7459016393442623,136,132,141,0.6981132075471698,0.6886792452830188,0.7169811320754716,7.403678682539682,10.644283746031748,5.529775863469853,0.0,0.29473684210526313,0.0,74,73,76,0.6802030456852792,0.5482233502538071,0.7055837563451777,2.746342,2.861348,1.041877,0.021739130434782608,0.49097472924187724,0.005263157894736842,134,108,139
473,0.7055837563451777,0.6751269035532995,0.7258883248730964,56.74941733111187,58.85760366932795,89.023312,0.7416666666666667,0.8467741935483871,0.808695652173913,139,133,143,0.6886792452830188,0.6886792452830188,0.7830188679245284,7.549166031746031,10.792151650793661,5.31197559973359,0.0,0.32222222222222224,0.0,73,73,83,0.700507614213198,0.5634517766497462,0.7258883248730964,2.777127,2.812689,1.1219700000000001,0.03571428571428571,0.5201465201465202,0.005263157894736842,138,111,143
474,0.6802030456852792,0.6700507614213198,0.7157360406091371,55.98257232736559,56.482722669329235,94.424684,0.8333333333333334,0.8359375,0.811965811965812,134,132,141,0.660377358490566,0.6415094339622641,0.7358490566037735,7.901515174603175,11.103757222222226,5.2037066127206,0.0,0.28888888888888886,0.0,70,68,78,0.7106598984771574,0.5583756345177665,0.7106598984771574,2.788742,2.880674,1.106528,0.05670103092783505,0.5210727969348659,0.010582010582010581,140,110,140
475,0.6852791878172588,0.6700507614213198,0.7106598984771574,56.80859300901722,54.55888766704725,90.282347,0.7916666666666666,0.8134328358208955,0.7459016393442623,135,132,140,0.6886792452830188,0.7075471698113207,0.7547169811320755,7.58356503174603,10.697023222222228,5.547823785547775,0.0,0.28125,0.0,73,75,80,0.7106598984771574,0.5685279187817259,0.7157360406091371,2.785402,2.827873,1.062573,0.057291666666666664,0.5190839694656488,0.0,140,112,141
476,0.7055837563451777,0.6802030456852792,0.7208121827411168,54.40682499902732,53.099518000379284,95.772644,0.7380952380952381,0.7226277372262774,0.768595041322314,139,134,142,0.7075471698113207,0.6886792452830188,0.7452830188679245,7.877498603174604,10.86572466666667,5.411972047619037,0.0,0.2839506172839506,0.022988505747126436,75,73,79,0.7309644670050761,0.5532994923857868,0.7106598984771574,2.798018,2.86816,1.09999,0.06565656565656566,0.5387453874538746,0.0,144,109,140
477,0.7258883248730964,0.6598984771573604,0.7411167512690355,56.73426799902744,61.833208666666756,91.29876,0.7909090909090909,0.78125,0.8198198198198198,143,130,146,0.660377358490566,0.7264150943396226,0.7452830188679245,7.48215242857143,11.220717142857154,4.659883017316007,0.0,0.2631578947368421,0.0,70,77,79,0.7309644670050761,0.5685279187817259,0.7258883248730964,2.795374,2.84322,1.1171830000000003,0.07179487179487179,0.5095785440613027,0.0051813471502590676,144,112,143
478,0.7157360406091371,0.6802030456852792,0.7411167512690355,58.90355466569399,64.39068933333341,95.607004,0.856,0.7905405405405406,0.788135593220339,141,134,146,0.7075471698113207,0.7735849056603774,0.7924528301886793,7.538195428571428,11.368120365079365,5.395216989010979,0.0,0.27,0.023255813953488372,75,82,84,0.7461928934010152,0.5532994923857868,0.7208121827411168,2.824513,2.822204,1.1422730000000003,0.06403940886699508,0.516728624535316,0.005076142131979695,147,109,142
479,0.700507614213198,0.6954314720812182,0.7309644670050761,55.90313766569399,58.89636033333222,93.089573,0.8195488721804511,0.8275862068965517,0.7837837837837838,138,137,144,0.7075471698113207,0.7264150943396226,0.7452830188679245,7.93159357142857,10.866357174603186,5.2800551235431135,0.0,0.27956989247311825,0.021505376344086023,75,77,79,0.7461928934010152,0.5380710659898477,0.7208121827411168,2.814227,2.76628,1.1398040000000003,0.08333333333333333,0.5,0.015228426395939087,147,106,142
480,0.7106598984771574,0.6954314720812182,0.751269035532995,54.32645833236061,57.15485333333314,91.426875,0.7819548872180451,0.7769784172661871,0.7461538461538462,140,137,148,0.7075471698113207,0.7169811320754716,0.7452830188679245,8.270025095238097,11.167122301587304,5.363593164835155,0.0,0.25,0.011494252873563218,75,76,79,0.7563451776649747,0.5736040609137056,0.7360406091370558,2.811148,2.752804,1.084539,0.06091370558375635,0.48134328358208955,0.005,149,113,145
481,0.7208121827411168,0.6903553299492385,0.7461928934010152,53.45172732068848,57.49318800000148,89.212316,0.8333333333333334,0.8014705882352942,0.7796610169491526,142,136,147,0.6981132075471698,0.7452830188679245,0.7547169811320755,7.801727777777779,11.11460233333334,5.65748848984348,0.0,0.25773195876288657,0.0,74,79,80,0.751269035532995,0.583756345177665,0.7309644670050761,2.897264,2.709868,1.0906970000000002,0.06091370558375635,0.4944237918215613,0.01015228426395939,148,115,144
482,0.7157360406091371,0.700507614213198,0.7411167512690355,52.468678328469935,59.71981933333332,87.923193,0.7633587786259542,0.8082191780821918,0.7338709677419355,141,138,146,0.6792452830188679,0.7641509433962265,0.7547169811320755,7.6874688253968255,10.765608666666674,5.43375433966033,0.0,0.2828282828282828,0.0,72,81,80,0.7563451776649747,0.5939086294416244,0.7258883248730964,2.922623,2.824674,1.0987950000000002,0.04477611940298507,0.4797047970479705,0.010309278350515464,149,117,143
483,0.7258883248730964,0.7055837563451777,0.7411167512690355,53.27981432846994,60.27459499999999,92.98997,0.8211382113821138,0.777027027027027,0.7631578947368421,143,139,146,0.6698113207547169,0.7452830188679245,0.7735849056603774,7.763391777777779,11.40882433333334,5.4298332554112445,0.0,0.23404255319148937,0.0,71,79,82,0.751269035532995,0.5685279187817259,0.7258883248730964,2.903883,2.950976,1.0841500000000002,0.03553299492385787,0.46923076923076923,0.0051813471502590676,148,112,143
484,0.7055837563451777,0.6903553299492385,0.7360406091370558,57.16098866180328,60.21691100038048,96.238241,0.8130081300813008,0.92,0.7863247863247863,139,136,145,0.6792452830188679,0.7735849056603774,0.7075471698113207,7.826659317460318,11.104594984126996,5.6261567985347885,0.0,0.21568627450980393,0.0,72,82,75,0.7360406091370558,0.5431472081218274,0.751269035532995,2.875258,2.946155,1.0735030000000003,0.04145077720207254,0.46332046332046334,0.015384615384615385,145,107,148
485,0.7208121827411168,0.6954314720812182,0.751269035532995,54.848924328470105,55.90442567009107,91.172474,0.7874015748031497,0.7569444444444444,0.6793893129770993,142,137,148,0.7169811320754716,0.7735849056603774,0.7452830188679245,8.09311788888889,11.09701368253969,5.7206752104562,0.0,0.1958762886597938,0.0,76,82,79,0.7461928934010152,0.5583756345177665,0.7817258883248731,2.839484,2.836099,1.1422380000000003,0.05970149253731343,0.44765342960288806,0.04040404040404041,147,110,154
486,0.7208121827411168,0.6802030456852792,0.7360406091370558,55.732079658057074,58.685974000760964,92.029908,0.853448275862069,0.8088235294117647,0.8415841584158416,142,134,145,0.7264150943396226,0.7735849056603774,0.7641509433962265,8.25854188888889,11.252187888888908,5.977557358974349,0.0,0.25,0.03296703296703297,77,82,81,0.7461928934010152,0.5888324873096447,0.7918781725888325,2.852908,2.79656,1.1042860000000003,0.058823529411764705,0.4729241877256318,0.015306122448979591,147,116,156
487,0.7258883248730964,0.6903553299492385,0.7309644670050761,54.373270995136615,61.60842931963763,96.992698,0.8278688524590164,0.832,0.6991869918699187,143,136,144,0.6981132075471698,0.8018867924528302,0.7735849056603774,7.911814746031747,11.37693395238096,5.719468969696959,0.0,0.18556701030927836,0.03333333333333333,74,85,82,0.7461928934010152,0.5888324873096447,0.7918781725888325,2.916257,2.844153,1.1475760000000002,0.04060913705583756,0.4943820224719101,0.015228426395939087,147,116,156
488,0.7309644670050761,0.7106598984771574,0.7411167512690355,54.98303165805711,62.732289986304295,95.034431,0.7786259541984732,0.8267716535433071,0.8048780487804879,144,140,146,0.7075471698113207,0.8018867924528302,0.7452830188679245,7.880025888888891,11.603963222222232,5.404686127206117,0.0,0.18478260869565216,0.031914893617021274,75,85,79,0.7360406091370558,0.5786802030456852,0.7817258883248731,2.926345,2.965945,1.1968860000000003,0.04060913705583756,0.4689922480620155,0.00510204081632653,145,114,154
489,0.7461928934010152,0.7208121827411168,0.7715736040609137,55.849931995136615,59.957112319637616,90.072672,0.7777777777777778,0.7687074829931972,0.728,147,142,152,0.7264150943396226,0.7452830188679245,0.7924528301886793,7.6060548571428575,11.597498000000007,5.974329545787535,0.0,0.2692307692307692,0.045454545454545456,77,79,84,0.7208121827411168,0.5228426395939086,0.7817258883248731,2.902029,2.928513,1.1812650000000002,0.054455445544554455,0.4296577946768061,0.010050251256281407,142,103,154
490,0.751269035532995,0.7208121827411168,0.7614213197969543,55.96056132846994,62.761453319637624,88.548055,0.8214285714285714,0.8,0.7767857142857143,148,142,150,0.7169811320754716,0.7735849056603774,0.7641509433962265,8.571960031746034,12.057529555555561,5.479834737928727,0.0,0.18085106382978725,0.011235955056179775,76,82,81,0.7055837563451777,0.5583756345177665,0.8020304568527918,2.885444,2.872333,1.2187180000000002,0.041025641025641026,0.4377224199288256,0.01,139,110,158
491,0.7360406091370558,0.7309644670050761,0.7411167512690355,52.57561134844975,63.42133131963763,92.07166,0.8545454545454545,0.7984496124031008,0.7413793103448276,145,144,146,0.7358490566037735,0.7264150943396226,0.7547169811320755,7.8786738888888905,11.86586501587302,6.20082602197801,0.0,0.23711340206185566,0.044444444444444446,78,77,80,0.7208121827411168,0.6040609137055838,0.7969543147208121,2.915882,2.897426,1.2512800000000002,0.05970149253731343,0.46296296296296297,0.005128205128205128,142,119,157
492,0.7258883248730964,0.7258883248730964,0.7563451776649747,51.10627060927866,64.7643499863043,99.015525,0.7692307692307693,0.8559322033898306,0.725,143,143,149,0.6792452830188679,0.7452830188679245,0.7830188679245284,8.234524571428572,12.030090666666673,5.79061735064934,0.0,0.21739130434782608,0.021505376344086023,72,79,83,0.7208121827411168,0.6142131979695431,0.8071065989847716,2.898046,3.026228,1.1915900000000001,0.04522613065326633,0.45977011494252873,0.0,142,121,159
493,0.7461928934010152,0.6903553299492385,0.7563451776649747,54.147362275945326,64.2910629863043,91.518727,0.788135593220339,0.8225806451612904,0.7235772357723578,147,136,149,0.660377358490566,0.7641509433962265,0.7830188679245284,7.578340317460317,12.40877076190477,5.788928097902086,0.0,0.21782178217821782,0.01098901098901099,70,81,83,0.7309644670050761,0.6040609137055838,0.8121827411167513,2.902282,3.097007,1.1853830000000003,0.041666666666666664,0.4398496240601504,0.0,144,119,160
494,0.751269035532995,0.7208121827411168,0.7614213197969543,54.093797609278674,60.5280439863043,92.794318,0.8303571428571429,0.7318840579710145,0.717948717948718,148,142,150,0.6886792452830188,0.7735849056603774,0.7641509433962265,7.761489460317462,11.524749920634926,5.484993387279379,0.0,0.22916666666666666,0.034482758620689655,73,82,81,0.7360406091370558,0.6040609137055838,0.8121827411167513,2.899764,3.134015,1.1781780000000002,0.046632124352331605,0.42748091603053434,0.004975124378109453,145,119,160
495,0.7208121827411168,0.7106598984771574,0.7614213197969543,56.65148527261535,58.90233366666674,93.530331,0.8090909090909091,0.8181818181818182,0.7798165137614679,142,140,150,0.7075471698113207,0.7735849056603774,0.7735849056603774,8.393250888888891,11.815716666666672,5.595252369963361,0.0,0.1836734693877551,0.03333333333333333,75,82,82,0.7106598984771574,0.5736040609137056,0.8121827411167513,2.937329,3.174545,1.1987090000000002,0.03763440860215054,0.4230769230769231,0.0,140,113,160
496,0.7360406091370558,0.7258883248730964,0.7411167512690355,56.26541227261535,57.734240666666736,90.353283,0.7286821705426356,0.8188976377952756,0.7413793103448276,145,143,146,0.7075471698113207,0.7735849056603774,0.7641509433962265,7.529617888888889,12.309935349206354,6.148447380952371,0.0,0.19540229885057472,0.010638297872340425,75,82,81,0.7258883248730964,0.5786802030456852,0.817258883248731,2.882621,3.095903,1.2182920000000002,0.07216494845360824,0.40601503759398494,0.0,143,114,161
497,0.7461928934010152,0.7106598984771574,0.751269035532995,54.018373609278655,60.66086267161262,89.657803,0.7787610619469026,0.8,0.7685185185185185,147,140,148,0.7358490566037735,0.7924528301886793,0.7830188679245284,7.896304317460318,12.114683761904766,5.983324619047608,0.0,0.16304347826086957,0.020833333333333332,78,84,83,0.7360406091370558,0.5888324873096447,0.8071065989847716,2.861196,3.094794,1.2528980000000003,0.04040404040404041,0.4188679245283019,0.0,145,116,159
498,0.7461928934010152,0.7157360406091371,0.7614213197969543,57.610988959261825,63.59596771650374,92.450008,0.8363636363636363,0.7923076923076923,0.7094017094017094,147,141,150,0.7264150943396226,0.7735849056603774,0.7641509433962265,8.04167188888889,12.103565888888891,5.923253469863459,0.0,0.23232323232323232,0.03409090909090909,77,82,81,0.7563451776649747,0.5888324873096447,0.7969543147208121,2.905722,3.131353666666667,1.2182080000000002,0.035897435897435895,0.4117647058823529,0.0,149,116,157
499,0.7360406091370558,0.7208121827411168,0.751269035532995,55.61523160927866,65.81245471650375,96.779396,0.8173913043478261,0.8,0.7545454545454545,145,142,148,0.7075471698113207,0.7547169811320755,0.8113207547169812,8.299273031746033,11.90950252380953,5.729484376290366,0.0,0.23655913978494625,0.010309278350515464,75,80,86,0.7411167512690355,0.5939086294416244,0.7918781725888325,2.856467,3.183145666666667,1.2589910000000002,0.04568527918781726,0.4053030303030303,0.0,146,117,156
500,0.7258883248730964,0.7208121827411168,0.7563451776649747,56.599597942611986,65.67477638317041,95.253554,0.8,0.828125,0.7142857142857143,143,142,149,0.6981132075471698,0.7924528301886793,0.7735849056603774,8.120438666666667,12.005354634920641,6.044684712287704,0.0,0.17204301075268819,0.011363636363636364,74,84,82,0.7766497461928934,0.6091370558375635,0.7918781725888325,2.88256,3.196459666666667,1.2733270000000003,0.04522613065326633,0.43283582089552236,0.0,153,120,156
501,0.7461928934010152,0.7106598984771574,0.751269035532995,56.97351227594531,63.33283238317041,86.849483,0.7398373983739838,0.7819548872180451,0.7017543859649122,147,140,148,0.6886792452830188,0.7735849056603774,0.8113207547169812,8.128210000000001,11.91484466666667,6.42232693939393,0.0,0.21505376344086022,0.0,73,82,86,0.751269035532995,0.5989847715736041,0.8020304568527918,2.868868,3.161217,1.2284490000000001,0.06060606060606061,0.40551181102362205,0.0,148,118,158
502,0.7461928934010152,0.7258883248730964,0.7614213197969543,53.76736860594871,62.20504817576034,93.581877,0.8333333333333334,0.8015873015873016,0.7387387387387387,147,143,150,0.7264150943396226,0.7547169811320755,0.8207547169811321,8.004795206349208,11.957397793650802,6.040360983349974,0.0,0.22826086956521738,0.0,77,80,87,0.751269035532995,0.6040609137055838,0.7817258883248731,2.846418,3.243541,1.2777960000000002,0.05555555555555555,0.396078431372549,0.0,148,119,154
503,0.7360406091370558,0.7208121827411168,0.7411167512690355,55.18435161414232,61.800280433007416,93.674806,0.7647058823529411,0.8275862068965517,0.8217821782178217,145,142,146,0.7264150943396226,0.7735849056603774,0.7641509433962265,8.111445000000002,12.004011444444451,6.361481452214442,0.0,0.21875,0.0,77,82,81,0.7461928934010152,0.6142131979695431,0.7715736040609137,2.883038,3.245638,1.2596420000000002,0.06598984771573604,0.4128787878787879,0.0,147,121,152
504,0.7309644670050761,0.7258883248730964,0.7614213197969543,57.87184728080898,63.78164671650375,89.140105,0.8017241379310345,0.8048780487804879,0.7280701754385965,144,143,150,0.7075471698113207,0.7735849056603774,0.7924528301886793,7.795237317460318,11.170921761904767,6.41807890009989,0.0,0.2553191489361702,0.0,75,82,84,0.751269035532995,0.6091370558375635,0.766497461928934,2.874486,3.243763,1.2789290000000002,0.06467661691542288,0.44061302681992337,0.0,148,120,151
505,0.7461928934010152,0.7309644670050761,0.7563451776649747,55.63889227594533,64.00271938317042,89.800868,0.8018018018018018,0.8130081300813008,0.7475728155339806,147,144,149,0.7075471698113207,0.7641509433962265,0.8018867924528302,7.607863142857143,11.643409015873022,6.372538312354302,0.0,0.2247191011235955,0.0,75,81,85,0.7563451776649747,0.6040609137055838,0.766497461928934,2.900992,3.269639,1.2551710000000003,0.07425742574257425,0.43873517786561267,0.0,149,119,151
506,0.7411167512690355,0.7055837563451777,0.751269035532995,58.06615927594531,65.00322338317041,90.60791,0.7301587301587301,0.8220338983050848,0.7523809523809524,146,139,148,0.7075471698113207,0.8018867924528302,0.8113207547169812,8.003811746031747,11.3142177936508,6.25393296969696,0.0,0.1919191919191919,0.0,75,85,86,0.7563451776649747,0.6040609137055838,0.7563451776649747,2.872504,3.260668,1.2598190000000002,0.07804878048780488,0.4235294117647059,0.005128205128205128,149,119,149
507,0.7309644670050761,0.7157360406091371,0.766497461928934,56.35790661414232,61.379097666666745,93.269763,0.8272727272727273,0.7430555555555556,0.7431192660550459,144,141,151,0.7075471698113207,0.7735849056603774,0.7641509433962265,7.8713150317460325,11.809657238095244,6.566170103008093,0.0,0.23333333333333334,0.0,75,82,81,0.766497461928934,0.5939086294416244,0.766497461928934,2.975166,3.2578226666666668,1.3216670000000001,0.06,0.40562248995983935,0.005025125628140704,151,117,151
508,0.7309644670050761,0.7208121827411168,0.7563451776649747,55.73428827594531,63.299798000000074,97.379147,0.7933884297520661,0.8449612403100775,0.7522123893805309,144,142,149,0.7358490566037735,0.7641509433962265,0.7452830188679245,7.858122317460318,11.438319761904767,6.113861885447875,0.0,0.21978021978021978,0.01098901098901099,78,81,79,0.7715736040609137,0.5888324873096447,0.7563451776649747,2.993356,3.2517,1.3357010000000002,0.06,0.4470588235294118,0.005025125628140704,152,116,149
509,0.7411167512690355,0.7208121827411168,0.7614213197969543,56.026601275945325,62.789190950163075,92.135496,0.7983870967741935,0.8,0.7433628318584071,146,142,150,0.7169811320754716,0.7830188679245284,0.7830188679245284,7.03562946031746,11.037366111111117,5.71421667132866,0.0,0.23404255319148937,0.0,76,83,83,0.7614213197969543,0.583756345177665,0.751269035532995,2.93961,3.28286,1.2989170000000003,0.0663265306122449,0.437984496124031,0.005,150,115,148
510,0.7411167512690355,0.7258883248730964,0.7563451776649747,55.625500603511895,61.01021338317041,93.655052,0.75,0.8110236220472441,0.7663551401869159,146,143,149,0.7169811320754716,0.7264150943396226,0.7735849056603774,7.096494793650794,10.813571000000007,5.793349107892098,0.0,0.21,0.0,76,77,82,0.751269035532995,0.5583756345177665,0.7461928934010152,2.972732,3.273578666666667,1.2852650000000003,0.0784313725490196,0.43089430894308944,0.0,148,110,147
511,0.7461928934010152,0.700507614213198,0.751269035532995,57.061043660006966,64.44684400000008,91.601265,0.7480314960629921,0.8278688524590164,0.7289719626168224,147,138,148,0.7264150943396226,0.7264150943396226,0.7830188679245284,7.426054888888889,11.62095853968254,6.224536179487169,0.0,0.14772727272727273,0.0,77,77,83,0.7360406091370558,0.5786802030456852,0.7411167512690355,2.962496,3.171644666666667,1.3083170000000002,0.07035175879396985,0.42023346303501946,0.0,145,114,146
512,0.7258883248730964,0.7208121827411168,0.7461928934010152,58.273802678190215,64.68423961682974,92.831247,0.7711864406779662,0.7769230769230769,0.803921568627451,143,142,147,0.7547169811320755,0.7735849056603774,0.7641509433962265,7.541955888888889,11.62722998412699,6.053166737928726,0.0,0.15789473684210525,0.0,80,82,81,0.7461928934010152,0.5939086294416244,0.7411167512690355,2.960077,3.208916666666667,1.3351890000000002,0.05555555555555555,0.432,0.005050505050505051,147,117,146
513,0.7461928934010152,0.7208121827411168,0.7614213197969543,57.40686534152692,65.11170838317042,92.576693,0.7716535433070866,0.7952755905511811,0.7567567567567568,147,142,150,0.7358490566037735,0.8018867924528302,0.7924528301886793,7.55197446031746,11.12999271428572,6.154474026307017,0.0,0.16853932584269662,0.0,78,85,84,0.7208121827411168,0.5786802030456852,0.751269035532995,2.919418,3.240176,1.3046910000000003,0.03608247422680412,0.4090909090909091,0.0,142,114,148
514,0.7411167512690355,0.7106598984771574,0.766497461928934,52.7919190058363,65.45934471650375,93.296727,0.8053097345132744,0.8,0.7980769230769231,146,140,151,0.7547169811320755,0.7735849056603774,0.7924528301886793,7.683573206349205,11.29122171428572,5.7012278984348885,0.0,0.17204301075268819,0.0,80,82,84,0.751269035532995,0.5685279187817259,0.7411167512690355,2.885163,3.292841,1.3617580000000002,0.04926108374384237,0.43373493975903615,0.0,148,112,146
515,0.7411167512690355,0.7157360406091371,0.7563451776649747,58.47007061747227,66.9804563831704,97.603061,0.7377049180327869,0.751937984496124,0.7304347826086957,146,141,149,0.7358490566037735,0.8207547169811321,0.7452830188679245,7.364494111111111,10.904307873015881,6.349488380952369,0.0,0.15841584158415842,0.0,78,87,79,0.7563451776649747,0.5532994923857868,0.7411167512690355,2.894537,3.242753,1.3120080000000003,0.030612244897959183,0.41935483870967744,0.0,149,109,146
516,0.7563451776649747,0.7258883248730964,0.751269035532995,58.063207625380976,62.530688333333416,92.911623,0.7217391304347827,0.8181818181818182,0.7884615384615384,149,143,148,0.7358490566037735,0.7830188679245284,0.7641509433962265,7.825908809523811,10.942196301587309,6.09797887246086,0.0,0.18888888888888888,0.0,78,83,81,0.751269035532995,0.5583756345177665,0.7208121827411168,2.869858,3.283213,1.3525570000000002,0.035897435897435895,0.4204081632653061,0.0,148,110,142
517,0.7208121827411168,0.7208121827411168,0.751269035532995,61.112981284555154,63.42542671650376,93.281276,0.7916666666666666,0.76,0.7706422018348624,142,142,148,0.7452830188679245,0.7452830188679245,0.7830188679245284,7.917179682539683,11.440993873015879,6.071863584082575,0.0,0.18681318681318682,0.0,79,79,83,0.7563451776649747,0.5380710659898477,0.7106598984771574,2.891732,3.305641,1.2859150000000001,0.030456852791878174,0.41975308641975306,0.0,149,106,140
518,0.7411167512690355,0.7157360406091371,0.7563451776649747,60.00220700819358,68.46697838317043,93.795945,0.7578125,0.847457627118644,0.8137254901960784,146,141,149,0.7169811320754716,0.8113207547169812,0.7641509433962265,7.401141000000001,11.319083682539686,5.888437512820503,0.00980392156862745,0.15,0.0,76,86,81,0.7563451776649747,0.5279187817258884,0.700507614213198,2.872179,3.231428,1.3065620000000002,0.04060913705583756,0.4032258064516129,0.0,149,104,138
519,0.7411167512690355,0.7106598984771574,0.766497461928934,57.275085011523544,65.66952740195603,93.612212,0.8260869565217391,0.7874015748031497,0.7217391304347827,146,140,151,0.7452830188679245,0.8490566037735849,0.7452830188679245,7.78977965079365,11.30637728571429,5.568772691308681,0.0,0.22448979591836735,0.0,79,90,79,0.766497461928934,0.5329949238578681,0.7106598984771574,2.886562,3.201131,1.3367360000000001,0.054455445544554455,0.42857142857142855,0.0,151,105,140
520,0.7106598984771574,0.7208121827411168,0.7360406091370558,57.95727090482858,64.23082658251793,98.031076,0.7377049180327869,0.7906976744186046,0.8137254901960784,140,142,145,0.7547169811320755,0.839622641509434,0.7830188679245284,7.975901777777777,10.875435603174608,5.326049577755569,0.0,0.13725490196078433,0.0,80,89,83,0.7563451776649747,0.5279187817258884,0.7106598984771574,2.786896,3.285919,1.3216710000000003,0.05527638190954774,0.4269230769230769,0.0,149,104,140
521,0.7360406091370558,0.7208121827411168,0.7614213197969543,56.11265668204874,67.69346438317027,99.070332,0.7611940298507462,0.7874015748031497,0.7478260869565218,145,142,150,0.7075471698113207,0.7264150943396226,0.7924528301886793,7.483746999999999,11.167480000000005,5.851056774558765,0.0,0.1724137931034483,0.0,75,77,84,0.7411167512690355,0.5634517766497462,0.700507614213198,2.89131,3.275604,1.3934530000000003,0.0594059405940594,0.40304182509505704,0.0,146,111,138
522,0.7563451776649747,0.7208121827411168,0.7614213197969543,56.9833723386132,64.89828938317034,94.057932,0.6744186046511628,0.7703703703703704,0.803921568627451,149,142,150,0.7169811320754716,0.7547169811320755,0.8018867924528302,6.9516254603174605,10.971634539682542,5.7408918268398175,0.0,0.15841584158415842,0.0,76,80,85,0.7309644670050761,0.5482233502538071,0.7309644670050761,2.826154,3.219693,1.3625980000000002,0.041025641025641026,0.4220532319391635,0.0,144,108,144
523,0.7157360406091371,0.7208121827411168,0.7715736040609137,56.68577261913726,63.47255538317034,95.159896,0.822429906542056,0.813953488372093,0.7706422018348624,141,142,152,0.7358490566037735,0.7641509433962265,0.7641509433962265,8.06615180952381,10.690410888888895,5.887143196803188,0.0,0.1568627450980392,0.0,78,81,81,0.7258883248730964,0.5685279187817259,0.7411167512690355,2.818372,3.258257,1.4321100000000002,0.06,0.4318181818181818,0.0,143,112,146
524,0.7411167512690355,0.7258883248730964,0.7614213197969543,62.333029612048946,65.4454229191116,93.19025,0.7368421052631579,0.7936507936507936,0.7818181818181819,146,143,150,0.7641509433962265,0.7830188679245284,0.7924528301886793,7.79667257142857,10.57096141269842,5.85067467765567,0.0,0.16842105263157894,0.0,81,83,84,0.7208121827411168,0.5279187817258884,0.7208121827411168,2.854803,3.31889,1.4074390000000003,0.050505050505050504,0.42023346303501946,0.0,142,104,142
525,0.751269035532995,0.7106598984771574,0.751269035532995,62.67952900291378,65.24021241748164,93.427419,0.7606837606837606,0.7596899224806202,0.7864077669902912,148,140,148,0.7358490566037735,0.7830188679245284,0.7735849056603774,7.73723153968254,10.59245011111112,5.794741023643015,0.0,0.17708333333333334,0.0,78,83,82,0.7461928934010152,0.5076142131979695,0.7309644670050761,2.889844,3.287329,1.3558370000000002,0.054187192118226604,0.4474708171206226,0.0,147,100,144
526,0.7309644670050761,0.7208121827411168,0.7563451776649747,63.33748361260857,64.14355666666667,91.644623,0.8288288288288288,0.8181818181818182,0.7798165137614679,144,142,149,0.7169811320754716,0.8018867924528302,0.8018867924528302,7.795523365079366,11.105521888888896,6.415213916416908,0.0,0.15151515151515152,0.0,76,85,85,0.7411167512690355,0.4873096446700508,0.7309644670050761,2.852816,3.240179,1.3688180000000003,0.07804878048780488,0.41106719367588934,0.0,146,96,144
527,0.7258883248730964,0.7106598984771574,0.7715736040609137,63.21215166645823,61.89084604983702,88.636737,0.72,0.788135593220339,0.7657657657657657,143,140,152,0.7358490566037735,0.7547169811320755,0.8018867924528302,8.119823666666667,11.226389174603181,5.668489842490833,0.0,0.17647058823529413,0.0,78,80,85,0.7208121827411168,0.49746192893401014,0.7309644670050761,2.874865,3.255957,1.3641260000000002,0.07389162561576355,0.43243243243243246,0.0,142,98,144
528,0.7309644670050761,0.7208121827411168,0.7411167512690355,61.53036331915862,66.14424304983697,91.179862,0.7416666666666667,0.7829457364341085,0.803921568627451,144,142,146,0.7547169811320755,0.7830188679245284,0.7264150943396226,8.118386111111109,10.891096952380957,6.126387426573417,0.0,0.1792452830188679,0.0,80,83,77,0.7258883248730964,0.5126903553299492,0.7258883248730964,2.887109,3.208581,1.3454780000000002,0.054455445544554455,0.4075471698113208,0.0,143,101,143
529,0.7411167512690355,0.7208121827411168,0.7563451776649747,58.13214639057952,65.63671271650367,91.327884,0.6923076923076923,0.8157894736842105,0.7477477477477478,146,142,149,0.7641509433962265,0.7547169811320755,0.7452830188679245,8.036522444444445,10.654901444444452,5.669303138195129,0.0,0.11235955056179775,0.0,81,80,79,0.7208121827411168,0.5228426395939086,0.7309644670050761,2.845166,3.281917,1.3700890000000003,0.06698564593301436,0.42248062015503873,0.0,142,103,144
530,0.7563451776649747,0.7208121827411168,0.7461928934010152,57.99805995247084,61.76941438317033,92.109601,0.8,0.7388059701492538,0.8446601941747572,149,142,147,0.7735849056603774,0.3113207547169811,0.42452830188679247,7.808546777777776,8.27536711111112,5.340860440115432,0.0,0.18181818181818182,0.0,82,33,45,0.7208121827411168,0.5228426395939086,0.7309644670050761,2.802825,3.140424,1.3773090000000003,0.06372549019607843,0.377431906614786,0.0,142,103,144
531,0.7258883248730964,0.7258883248730964,0.7360406091370558,60.06676556050077,67.07285171650364,90.281457,0.7563025210084033,0.8032786885245902,0.7647058823529411,143,143,145,0.7547169811320755,0.330188679245283,0.3584905660377358,7.945209126984127,8.13327533333334,5.143141398268392,0.0,0.20930232558139536,0.0,80,35,38,0.7258883248730964,0.5380710659898477,0.7411167512690355,2.835889,3.205897,1.4171570000000002,0.04,0.42084942084942084,0.0,143,106,146
532,0.7309644670050761,0.700507614213198,0.7461928934010152,59.45949327552907,66.1181377165037,94.225682,0.7461538461538462,0.8660714285714286,0.7456140350877193,144,138,147,0.7830188679245284,0.3113207547169811,0.3584905660377358,7.358988111111111,8.227486761904771,4.998513449328441,0.0,0.3389830508474576,0.0,83,33,38,0.7157360406091371,0.583756345177665,0.7208121827411168,2.831407,3.232789,1.4078820000000003,0.043689320388349516,0.4007936507936508,0.005076142131979695,141,115,142
533,0.7411167512690355,0.7157360406091371,0.7563451776649747,57.63088527927519,65.92566638317032,89.153032,0.788135593220339,0.7459016393442623,0.7961165048543689,146,141,149,0.7641509433962265,0.22641509433962265,0.3584905660377358,7.769966000000003,8.431754142857152,5.059236782106774,0.0,0.5151515151515151,0.03389830508474576,81,24,38,0.7106598984771574,0.5888324873096447,0.7309644670050761,2.820291,3.205167,1.3483410000000002,0.02512562814070352,0.4024896265560166,0.0,140,116,144
534,0.7461928934010152,0.7309644670050761,0.7360406091370558,60.50755517923998,64.56738261682966,92.241248,0.7251908396946565,0.8205128205128205,0.7727272727272727,147,144,145,0.7735849056603774,0.18867924528301888,0.3018867924528302,7.875862317460319,8.443447253968262,4.9979634874014796,0.0,0.6714285714285714,0.1111111111111111,82,20,32,0.7309644670050761,0.5888324873096447,0.7309644670050761,2.873398,3.27722,1.4226610000000002,0.033816425120772944,0.39591836734693875,0.0,144,116,144
535,0.7461928934010152,0.7208121827411168,0.7614213197969543,57.114228336663295,63.408335333333326,92.167362,0.7711864406779662,0.8015873015873016,0.7477477477477478,147,142,150,0.7641509433962265,0.18867924528301888,0.33962264150943394,7.915279777777779,8.208130317460327,4.805937002885996,0.0,0.7903225806451613,0.15384615384615385,81,20,36,0.7208121827411168,0.6091370558375635,0.7411167512690355,2.801669,3.315955,1.3755610000000003,0.035175879396984924,0.37916666666666665,0.004975124378109453,142,120,146
536,0.7258883248730964,0.7157360406091371,0.7461928934010152,59.38821634277536,62.75518628349633,87.888457,0.8,0.8524590163934426,0.75,143,141,147,0.7735849056603774,0.1509433962264151,0.2641509433962264,7.67570377777778,8.106611365079376,5.032649691530684,0.0,0.7222222222222222,0.11764705882352941,82,16,28,0.7258883248730964,0.6142131979695431,0.751269035532995,2.821338,3.29548,1.4135890000000002,0.054455445544554455,0.4,0.0,143,121,148
537,0.7309644670050761,0.7208121827411168,0.766497461928934,65.86000206365063,63.90739566666668,88.423801,0.7,0.8062015503875969,0.7610619469026548,144,142,151,0.7641509433962265,0.16981132075471697,0.29245283018867924,7.773284428571429,7.802338142857151,5.125780111111102,0.0,0.8,0.19148936170212766,81,18,31,0.7411167512690355,0.6192893401015228,0.7309644670050761,2.824737,3.31316,1.4029810000000003,0.04950495049504951,0.3904382470119522,0.0,146,122,144
538,0.7360406091370558,0.7258883248730964,0.7563451776649747,63.279337738866985,63.28586733333335,91.828442,0.7310924369747899,0.7878787878787878,0.8229166666666666,145,143,149,0.7735849056603774,0.14150943396226415,0.2830188679245283,7.281434539682539,8.304612936507944,4.957222174048167,0.0,0.8714285714285714,0.26666666666666666,82,15,30,0.7309644670050761,0.6345177664974619,0.7411167512690355,2.761935,3.328551,1.3631110000000002,0.06896551724137931,0.3946360153256705,0.0,144,125,146
539,0.7411167512690355,0.7208121827411168,0.7360406091370558,59.809019027002456,61.17040638317035,94.549143,0.7631578947368421,0.8421052631578947,0.7706422018348624,146,142,145,0.7264150943396226,0.1320754716981132,0.2641509433962264,7.210821111111111,7.875950825396834,5.213019775779767,0.0,0.7831325301204819,0.33962264150943394,77,14,28,0.7411167512690355,0.6649746192893401,0.7360406091370558,2.808358,3.190652,1.3155530000000002,0.06310679611650485,0.40784313725490196,0.0,146,131,145
540,0.7461928934010152,0.7258883248730964,0.7614213197969543,57.7187576625043,65.01290533333334,98.213256,0.744,0.816,0.7456140350877193,147,143,150,0.7547169811320755,0.09433962264150944,0.2641509433962264,7.3827947777777805,8.054939936507944,5.2555475120435045,0.0,0.8641975308641975,0.4727272727272727,80,10,28,0.7208121827411168,0.6802030456852792,0.7258883248730964,2.831775,3.237056,1.3811430000000002,0.055,0.46311475409836067,0.005128205128205128,142,134,143
541,0.7309644670050761,0.7208121827411168,0.7411167512690355,58.816615457855235,63.12600228349416,99.690165,0.8108108108108109,0.7874015748031497,0.8018867924528302,144,142,146,0.7547169811320755,0.10377358490566038,0.24528301886792453,7.592815206349206,7.9217548253968335,5.307617050505042,0.0,0.872093023255814,0.42,80,11,26,0.7157360406091371,0.6649746192893401,0.7411167512690355,2.801951,3.340093,1.4275070000000003,0.07462686567164178,0.4279661016949153,0.005076142131979695,141,131,146
542,0.766497461928934,0.7411167512690355,0.766497461928934,58.74071835914055,64.97250333333331,98.710743,0.719626168224299,0.7983193277310925,0.6885245901639344,151,146,151,0.7452830188679245,0.09433962264150944,0.22641509433962265,6.623324666666669,8.009968825396834,5.380788515706508,0.0,0.8160919540229885,0.42,79,10,24,0.7106598984771574,0.6649746192893401,0.7461928934010152,2.849253,3.312748,1.4283390000000002,0.050505050505050504,0.41841004184100417,0.005050505050505051,140,131,147
543,0.7360406091370558,0.751269035532995,0.7715736040609137,59.42334130175225,62.593260049836964,93.402297,0.7264150943396226,0.8392857142857143,0.7391304347826086,145,148,152,0.7358490566037735,0.11320754716981132,0.22641509433962265,6.846939111111111,7.985654825396834,5.588679764790758,0.0,0.8222222222222222,0.46153846153846156,78,12,24,0.7055837563451777,0.649746192893401,0.7360406091370558,2.821153,3.308872,1.3619720000000002,0.03553299492385787,0.3975409836065574,0.005,139,128,145
544,0.7715736040609137,0.7411167512690355,0.7715736040609137,63.677119531304506,65.13851523365933,93.574172,0.6916666666666667,0.8189655172413793,0.7391304347826086,152,146,152,0.7547169811320755,0.08490566037735849,0.27358490566037735,6.984984999999999,8.424238825396834,5.959239229992222,0.0,0.8902439024390244,0.4576271186440678,80,9,29,0.700507614213198,0.6243654822335025,0.7106598984771574,2.790889,3.243312,1.3641160000000003,0.0594059405940594,0.3700440528634361,0.00510204081632653,138,123,140
545,0.7614213197969543,0.7360406091370558,0.766497461928934,58.19051629584923,63.531606850488984,94.331538,0.7387387387387387,0.8317757009345794,0.73,150,145,151,0.7452830188679245,0.4339622641509434,0.8679245283018868,6.62821634920635,11.101315158730165,6.925396588966582,0.0,0.5384615384615384,0.2,79,46,92,0.7411167512690355,0.6142131979695431,0.7258883248730964,2.838062,3.184252,1.3546360000000002,0.06103286384976526,0.38333333333333336,0.0,146,121,143
546,0.7614213197969543,0.7461928934010152,0.766497461928934,60.34113031155774,65.396604,92.832301,0.7254901960784313,0.782608695652174,0.7575757575757576,150,147,151,0.7264150943396226,0.4339622641509434,0.8113207547169812,7.034496317460318,10.274180158730163,6.897016623931616,0.0,0.7009345794392523,0.07042253521126761,77,46,86,0.7360406091370558,0.6598984771573604,0.7208121827411168,2.907988,3.116987,1.2883610000000003,0.08,0.3765182186234818,0.0,145,130,142
547,0.7563451776649747,0.7360406091370558,0.7715736040609137,58.02706364002785,66.74880466666448,99.573778,0.7321428571428571,0.8260869565217391,0.72,149,145,152,0.7264150943396226,0.39622641509433965,0.8301886792452831,6.914089888888889,10.391221063492068,6.90701229836829,0.0,0.6717557251908397,0.11764705882352941,77,42,88,0.7563451776649747,0.6548223350253807,0.7157360406091371,2.815216,3.173555,1.3037060000000003,0.0975609756097561,0.4016393442622951,0.0,149,129,141
548,0.7715736040609137,0.7461928934010152,0.7715736040609137,59.448358100796995,70.89128938317045,97.873412,0.6785714285714286,0.75,0.7058823529411765,152,147,152,0.7452830188679245,0.4056603773584906,0.839622641509434,6.799145777777779,10.555593952380956,6.740265844155835,0.0,0.6987179487179487,0.07865168539325842,79,43,89,0.7258883248730964,0.6192893401015228,0.7055837563451777,2.885176,3.249626,1.3695360000000003,0.08333333333333333,0.3925619834710744,0.0,143,122,139
549,0.766497461928934,0.751269035532995,0.7817258883248731,58.159103797125454,70.10331276634068,93.759554,0.7777777777777778,0.8272727272727273,0.7238095238095238,151,148,154,0.7358490566037735,0.42452830188679247,0.7924528301886793,7.1295147777777785,10.035527349206356,7.104011764790755,0.0,0.7421383647798742,0.0684931506849315,78,45,84,0.7461928934010152,0.6294416243654822,0.7106598984771574,2.865871,3.183449,1.3591030000000002,0.07317073170731707,0.357429718875502,0.00510204081632653,147,124,140
550,0.7766497461928934,0.7360406091370558,0.7715736040609137,60.50393162202829,69.40649166666668,95.289305,0.719626168224299,0.780952380952381,0.8021978021978022,153,145,152,0.7547169811320755,0.44339622641509435,0.8207547169811321,7.089077238095239,10.150964571428576,7.0787939621489535,0.0,0.7272727272727273,0.044444444444444446,80,47,87,0.7208121827411168,0.4365482233502538,0.8121827411167513,2.921951,3.1221286666666663,1.385163220779221,0.07329842931937172,0.5406976744186046,0.0,142,86,160
551,0.7715736040609137,0.7461928934010152,0.7461928934010152,62.50019233291727,67.31051804983696,93.028109,0.6974789915966386,0.7479674796747967,0.6826923076923077,152,147,147,0.7169811320754716,0.36792452830188677,0.8207547169811321,6.997256031746033,10.280582777777784,6.9895227157287065,0.0,0.7687074829931972,0.06818181818181818,76,39,87,0.7360406091370558,0.47715736040609136,0.766497461928934,2.871426,3.1008709999999997,1.3958779610389613,0.07246376811594203,0.710801393728223,0.0,145,94,151
552,0.7817258883248731,0.7461928934010152,0.7766497461928934,61.15503969733688,65.06217166666627,99.476254,0.7345132743362832,0.7788461538461539,0.7395833333333334,154,147,153,0.7264150943396226,0.44339622641509435,0.8584905660377359,7.808596666666669,10.468426666666675,6.961281365301359,0.0,0.7245508982035929,0.045454545454545456,77,47,91,0.7614213197969543,0.43147208121827413,0.7411167512690355,2.803063,3.0416423333333333,1.2380027272727274,0.05527638190954774,0.7464285714285714,0.006329113924050633,150,85,146
553,0.7766497461928934,0.7309644670050761,0.7614213197969543,57.2570420831953,68.85983398447455,92.570426,0.7777777777777778,0.7217391304347827,0.7326732673267327,153,144,150,0.7264150943396226,0.44339622641509435,0.8301886792452831,7.2671473650793645,10.406078777777784,7.072092200244193,0.0,0.7133757961783439,0.05747126436781609,77,47,88,0.7614213197969543,0.39086294416243655,0.7614213197969543,2.83236,3.0226705555555555,1.330971238095238,0.06030150753768844,0.7508650519031141,0.0,150,77,150
554,0.766497461928934,0.7461928934010152,0.7563451776649747,63.337739308149665,69.09014190031516,99.953801,0.7169811320754716,0.7672413793103449,0.7604166666666666,151,147,149,0.7358490566037735,0.4056603773584906,0.8207547169811321,8.009449222222225,10.275556777777783,7.208129374070366,0.0,0.7243589743589743,0.037037037037037035,78,43,87,0.766497461928934,0.38071065989847713,0.7411167512690355,2.875621,3.037735888888889,1.3746493333333334,0.041025641025641026,0.764505119453925,0.0,151,75,146
555,0.766497461928934,0.7715736040609137,0.751269035532995,65.8516015530861,67.21095999998913,100.931586,0.6637168141592921,0.8070175438596491,0.6822429906542056,151,152,148,0.7547169811320755,0.41509433962264153,0.7735849056603774,7.856573000000001,10.235272777777785,7.396888041514034,0.0,0.7320261437908496,0.02631578947368421,80,44,82,0.766497461928934,0.3756345177664975,0.6903553299492385,2.845279,2.9752191746031746,1.223597761904762,0.030612244897959183,0.7788461538461539,0.006097560975609756,151,74,136
556,0.7614213197969543,0.7766497461928934,0.766497461928934,68.72544629842201,67.85175071651678,98.377045,0.696969696969697,0.7256637168141593,0.69,150,153,151,0.7452830188679245,0.4339622641509434,0.8207547169811321,8.001856539682542,10.335529111111118,7.378627350871345,0.0,0.7006369426751592,0.033707865168539325,79,46,87,0.7715736040609137,0.3401015228426396,0.7461928934010152,2.853669,2.976954150793651,1.3314409523809527,0.035897435897435895,0.8031746031746032,0.0,152,67,147
557,0.7918781725888325,0.7766497461928934,0.7715736040609137,63.01324475345418,68.93004333333108,96.64853,0.6836734693877551,0.7614678899082569,0.65,156,153,152,0.7358490566037735,0.42452830188679247,0.8207547169811321,7.840435349206349,10.316843777777786,7.383136096681089,0.0,0.7210884353741497,0.05555555555555555,78,45,87,0.751269035532995,0.3147208121827411,0.7208121827411168,2.912627,3.017214888888889,1.3758526666666668,0.03125,0.8233438485804416,0.0,148,62,142
558,0.8020304568527918,0.7614213197969543,0.7868020304568528,61.07389622580659,68.37924699997163,98.030217,0.7127659574468085,0.8,0.63,158,150,155,0.7641509433962265,0.46226415094339623,0.7641509433962265,8.102418746031747,10.446666000000008,7.243998555777548,0.0,0.6933333333333334,0.04878048780487805,81,49,81,0.7614213197969543,0.3248730964467005,0.7258883248730964,2.893804,2.9644594603174603,1.3520467142857147,0.039603960396039604,0.8233438485804416,0.0,150,64,143
559,0.7817258883248731,0.766497461928934,0.7766497461928934,65.94450896550404,66.67516595013464,99.825816,0.6595744680851063,0.7572815533980582,0.7471264367816092,154,151,153,0.7641509433962265,0.4339622641509434,0.8773584905660378,7.850015000000003,11.073881888888895,7.029806255189246,0.0,0.7103448275862069,0.03488372093023256,81,46,93,0.7614213197969543,0.3096446700507614,0.7461928934010152,2.890187,2.956596031746032,1.3986628571428572,0.015151515151515152,0.8343949044585988,0.0,150,61,147
560,0.7817258883248731,0.751269035532995,0.7461928934010152,64.4386599650896,57.866741716503576,94.30699,0.6938775510204082,0.7788461538461539,0.64,154,148,147,0.7735849056603774,0.4811320754716981,0.7735849056603774,7.290113888888891,10.841883777777783,7.3827764029303955,0.019417475728155338,0.6709677419354839,0.0379746835443038,82,51,82,0.751269035532995,0.3299492385786802,0.7309644670050761,2.873101,3.021960031746032,1.4022137012987022,0.041237113402061855,0.8464052287581699,0.005555555555555556,148,65,144
561,0.8020304568527918,0.766497461928934,0.7411167512690355,65.92049776751772,56.63502633333343,91.793538,0.6513761467889908,0.8529411764705882,0.651685393258427,158,151,146,0.7547169811320755,0.5,0.7641509433962265,7.448910888888891,10.719174555555561,6.885067801420796,0.009523809523809525,0.6258064516129033,0.04938271604938271,80,53,81,0.7461928934010152,0.3350253807106599,0.7258883248730964,2.921066,3.1170979365079368,1.3436354761904765,0.046153846153846156,0.7852564102564102,0.0,147,66,143
562,0.7918781725888325,0.7614213197969543,0.7106598984771574,66.36801909419088,57.84740433333341,92.918474,0.6979166666666666,0.8555555555555555,0.6136363636363636,156,150,140,0.7641509433962265,0.46226415094339623,0.8490566037735849,7.782747777777779,11.367688555555562,6.817782863691858,0.0,0.6666666666666666,0.03296703296703297,81,49,90,0.7258883248730964,0.3299492385786802,0.7106598984771574,2.907196,3.022019317460318,1.3905957142857146,0.030456852791878174,0.8297213622291022,0.0,143,65,140
563,0.8071065989847716,0.7614213197969543,0.7055837563451777,66.13777860882944,61.97105628349642,92.213147,0.6421052631578947,0.898876404494382,0.5789473684210527,159,150,139,0.7547169811320755,0.5188679245283019,0.8018867924528302,7.631356000000001,11.727805777777784,6.931023063492056,0.009708737864077669,0.5675675675675675,0.0625,80,55,85,0.7715736040609137,0.3248730964467005,0.7208121827411168,2.855893,3.0975443174603177,1.402421285714286,0.04,0.8456375838926175,0.005747126436781609,152,64,142
564,0.8274111675126904,0.766497461928934,0.6802030456852792,68.52070054589522,61.95081323365941,91.365306,0.6931818181818182,0.8210526315789474,0.5,163,151,134,0.8113207547169812,0.5566037735849056,0.8207547169811321,7.761810460317461,11.51877766666667,7.559650687090681,0.0,0.6099290780141844,0.011111111111111112,86,59,87,0.7614213197969543,0.3197969543147208,0.7309644670050761,2.929876,3.1223643174603177,1.3966450000000001,0.04591836734693878,0.8178913738019169,0.0,150,63,144
565,0.8071065989847716,0.766497461928934,0.6852791878172588,67.72926643379932,61.0511010498371,94.097417,0.6,0.8333333333333334,0.4796747967479675,159,151,135,0.8113207547169812,0.5566037735849056,0.7830188679245284,7.844847206349208,12.179448253968262,6.937868977799969,0.0,0.572463768115942,0.013888888888888888,86,59,83,0.7614213197969543,0.30456852791878175,0.7258883248730964,2.938659,3.0867913174603174,1.4097995714285714,0.03626943005181347,0.8282208588957055,0.0,150,60,143
566,0.8121827411167513,0.7614213197969543,0.6751269035532995,67.88251305948997,57.71319838317042,92.456461,0.5842696629213483,0.8941176470588236,0.4824561403508772,160,150,133,0.7924528301886793,0.5094339622641509,0.8207547169811321,7.493794777777779,12.425236476190484,7.199081223665216,0.0,0.6030534351145038,0.011904761904761904,84,54,87,0.7614213197969543,0.3096446700507614,0.7258883248730964,2.891094,3.1296483174603176,1.3721908095238098,0.03,0.8452012383900929,0.005555555555555556,150,61,143
567,0.8020304568527918,0.7563451776649747,0.6548223350253807,71.52503508643932,58.98672561682975,92.727335,0.6666666666666666,0.8260869565217391,0.48214285714285715,158,149,129,0.7452830188679245,0.5188679245283019,0.7264150943396226,7.606942365079367,12.590688015873022,6.9409042620712516,0.0,0.5441176470588235,0.0,79,55,77,0.7563451776649747,0.27411167512690354,0.7309644670050761,2.952077,3.134606317460318,1.3883102380952383,0.025906735751295335,0.8548387096774194,0.0,149,54,144
568,0.7918781725888325,0.7360406091370558,0.649746192893401,68.75625864465896,60.81671366666674,93.540498,0.5421686746987951,0.8372093023255814,0.5263157894736842,156,145,128,0.7358490566037735,0.5660377358490566,0.7452830188679245,7.849440333333335,12.52853774603175,6.9281555081585,0.0,0.48854961832061067,0.0,78,60,79,0.7614213197969543,0.2639593908629442,0.7309644670050761,2.934334,3.1106183174603177,1.3670428571428572,0.020833333333333332,0.8629283489096573,0.0,150,52,144
569,0.8020304568527918,0.7411167512690355,0.6395939086294417,68.01051080373057,58.2279603333334,94.77535,0.5945945945945946,0.875,0.5425531914893617,158,146,126,0.7264150943396226,0.5943396226415094,0.7358490566037735,7.820177222222223,12.382882126984134,6.853473603174595,0.0,0.515625,0.0379746835443038,77,63,78,0.7563451776649747,0.2639593908629442,0.751269035532995,2.984972,3.146199317460318,1.400218,0.037037037037037035,0.878419452887538,0.0,149,52,148
570,0.8071065989847716,0.7411167512690355,0.649746192893401,69.2107616107361,57.74792300000009,93.444596,0.6111111111111112,0.8372093023255814,0.5148514851485149,159,146,128,0.7358490566037735,0.5849056603773585,0.6698113207547169,7.931910428571428,13.203409000000006,7.36917076046175,0.0,0.5166666666666667,0.0,78,62,71,0.751269035532995,0.4263959390862944,0.7461928934010152,2.974034,3.272073317460318,1.4739626277056281,0.03626943005181347,0.7613293051359517,0.006024096385542169,148,84,147
571,0.8020304568527918,0.7411167512690355,0.6446700507614214,68.33459546516487,58.728534000000096,93.674817,0.6233766233766234,0.8433734939759037,0.5445544554455446,158,146,127,0.7264150943396226,0.5943396226415094,0.7358490566037735,7.493877634920635,12.180335984126991,6.975294111111103,0.0,0.5042016806722689,0.0,77,63,78,0.7309644670050761,0.5076142131979695,0.7258883248730964,2.912255,3.2578563174603175,1.529551,0.03208556149732621,0.5858585858585859,0.005263157894736842,144,100,143
572,0.7868020304568528,0.7208121827411168,0.6294416243654822,68.32160200919014,56.55148633333342,94.486284,0.46875,0.8860759493670886,0.5096153846153846,155,142,124,0.6886792452830188,0.5943396226415094,0.6981132075471698,7.612922380952381,12.411841777777784,7.13469317948717,0.0,0.5130434782608696,0.0,73,63,74,0.7309644670050761,0.4873096446700508,0.7157360406091371,2.912454,3.300069650793651,1.483859,0.015625,0.6074074074074074,0.0,144,96,141
573,0.817258883248731,0.7208121827411168,0.6345177664974619,67.51700815855895,56.70659333333342,93.779803,0.5609756097560976,0.8181818181818182,0.4722222222222222,161,142,125,0.6792452830188679,0.5943396226415094,0.7075471698113207,7.542083000000001,12.369115460317467,7.113659090576085,0.0,0.5042735042735043,0.0,72,63,75,0.7106598984771574,0.4873096446700508,0.7208121827411168,2.888681,3.365880317460318,1.596251,0.021052631578947368,0.5899280575539568,0.0,140,96,142
574,0.7918781725888325,0.7360406091370558,0.6294416243654822,68.43088236438729,58.08754000000009,92.487584,0.6338028169014085,0.8452380952380952,0.5,156,145,124,0.6509433962264151,0.6226415094339622,0.6415094339622641,8.182035111111109,12.404711555555563,6.853490580974573,0.0,0.43478260869565216,0.0,69,66,68,0.7106598984771574,0.4619289340101523,0.7106598984771574,2.897791,3.3324143174603176,1.490692,0.02564102564102564,0.5519713261648745,0.0,140,91,140
575,0.7918781725888325,0.7309644670050761,0.6294416243654822,67.90743927832291,58.591152666666744,93.647347,0.6756756756756757,0.8275862068965517,0.46226415094339623,156,144,124,0.6509433962264151,0.6037735849056604,0.6698113207547169,8.02789846031746,12.911770444444448,6.898927645909638,0.0,0.48214285714285715,0.0,69,64,71,0.7258883248730964,0.467005076142132,0.7157360406091371,2.892374,3.3255773174603176,1.444894,0.015789473684210527,0.5665529010238908,0.005208333333333333,143,92,141
576,0.7969543147208121,0.7360406091370558,0.6294416243654822,67.0359376710768,57.99554666666676,93.248762,0.631578947368421,0.8409090909090909,0.4752475247524752,157,145,124,0.660377358490566,0.6226415094339622,0.6886792452830188,7.936420206349207,13.118991555555562,7.228816914529906,0.0,0.3949579831932773,0.0,70,66,73,0.7055837563451777,0.4873096446700508,0.6954314720812182,2.917996,3.2450523174603174,1.516221,0.016042780748663103,0.570446735395189,0.010638297872340425,139,96,137
577,0.8020304568527918,0.7309644670050761,0.6243654822335025,67.20579212037353,59.57570400000009,93.155155,0.5945945945945946,0.8888888888888888,0.46534653465346537,158,144,123,0.6509433962264151,0.5943396226415094,0.7169811320754716,8.082492,12.237001444444452,6.529235452769446,0.0,0.5094339622641509,0.0379746835443038,69,63,76,0.6852791878172588,0.5025380710659898,0.6802030456852792,2.934037,3.2110233174603175,1.470368,0.016042780748663103,0.5882352941176471,0.0,135,99,134
578,0.7918781725888325,0.7208121827411168,0.6091370558375635,66.68720238324994,57.13174461682974,92.892142,0.5764705882352941,0.7865168539325843,0.4392523364485981,156,142,120,0.660377358490566,0.6226415094339622,0.7075471698113207,8.09252346031746,12.90125133333334,6.874096919413913,0.0,0.4,0.02666666666666667,70,66,75,0.6751269035532995,0.5076142131979695,0.6700507614213198,2.916512,3.1752423174603175,1.469175,0.011111111111111112,0.5671641791044776,0.0,133,100,132
579,0.8020304568527918,0.7258883248730964,0.6142131979695431,70.33883052348902,58.42949233333343,91.544763,0.6712328767123288,0.872093023255814,0.4411764705882353,158,143,121,0.660377358490566,0.6226415094339622,0.6509433962264151,7.886498,12.764065666666674,6.313231792429784,0.0,0.44339622641509435,0.09210526315789473,70,66,69,0.6903553299492385,0.4873096446700508,0.6700507614213198,2.912125,3.266945317460318,1.509496,0.010752688172043012,0.5670498084291188,0.0,136,96,132
580,0.7918781725888325,0.7309644670050761,0.6142131979695431,65.90300762557135,58.34954000000009,93.149482,0.5569620253164557,0.9404761904761905,0.41509433962264153,156,144,121,0.660377358490566,0.5943396226415094,0.7169811320754716,7.9209718888888885,11.998325888888898,7.1176492747252675,0.0,0.4117647058823529,0.05128205128205128,70,63,76,0.6802030456852792,0.467005076142132,0.6751269035532995,2.845348,3.2057843174603176,1.516122,0.015957446808510637,0.5477941176470589,0.005208333333333333,134,92,133
581,0.8071065989847716,0.700507614213198,0.6040609137055838,67.1672327423526,56.63944904983709,91.665482,0.5466666666666666,0.9176470588235294,0.44554455445544555,159,138,119,0.6226415094339622,0.6037735849056604,0.7075471698113207,7.86300288888889,13.026559222222229,7.220122279609273,0.0,0.47474747474747475,0.039473684210526314,66,64,75,0.6548223350253807,0.4720812182741117,0.6751269035532995,2.777783,3.1040303174603174,1.552099,0.016483516483516484,0.5571428571428572,0.010582010582010581,129,93,133
582,0.7868020304568528,0.7157360406091371,0.5989847715736041,69.34875667898662,57.60492700000009,92.859284,0.6349206349206349,0.8333333333333334,0.40384615384615385,155,141,118,0.6320754716981132,0.6132075471698113,0.6886792452830188,8.00493288888889,12.758919777777782,6.823272887445882,0.0,0.41818181818181815,0.013513513513513514,67,65,73,0.6802030456852792,0.49238578680203043,0.6802030456852792,2.839609,3.1621653174603175,1.501237,0.041884816753926704,0.5625,0.010526315789473684,134,97,134
583,0.7868020304568528,0.6954314720812182,0.5989847715736041,67.38710203940332,58.36698466666676,91.932933,0.5915492957746479,0.9518072289156626,0.40594059405940597,155,137,118,0.6320754716981132,0.5849056603773585,0.6226415094339622,8.853063746031745,12.901106777777784,6.876776951159944,0.0,0.4105263157894737,0.028985507246376812,67,62,66,0.6954314720812182,0.49238578680203043,0.6649746192893401,2.82326,3.198968317460318,1.384973,0.04591836734693878,0.5808823529411765,0.005291005291005291,137,97,131
584,0.8020304568527918,0.7055837563451777,0.5989847715736041,66.94806217311823,57.04710066666676,91.955451,0.5466666666666666,0.8080808080808081,0.40425531914893614,158,139,118,0.6320754716981132,0.5754716981132075,0.6886792452830188,7.96528334920635,12.712695666666674,7.37157388766788,0.0,0.4375,0.025,67,61,73,0.6751269035532995,0.5126903553299492,0.6598984771573604,2.876238,3.1280413174603177,1.392945,0.061855670103092786,0.5551470588235294,0.010471204188481676,133,101,130
585,0.7817258883248731,0.7157360406091371,0.583756345177665,67.30194183978487,57.59167300000009,95.11918,0.6065573770491803,0.8777777777777778,0.45054945054945056,154,141,115,0.6320754716981132,0.6037735849056604,0.6981132075471698,7.52132188888889,12.739428111111117,7.138061497169491,0.0,0.46,0.0547945205479452,67,64,74,0.6954314720812182,0.49746192893401014,0.6598984771573604,2.882638,3.1726433174603175,1.363576,0.06532663316582915,0.5985401459854015,0.03608247422680412,137,98,130
586,0.7766497461928934,0.7208121827411168,0.5939086294416244,68.34600477765028,57.16743204983709,95.494111,0.5675675675675675,0.9012345679012346,0.43617021276595747,153,142,117,0.6509433962264151,0.5660377358490566,0.6981132075471698,7.868693666666667,13.383681777777781,7.092495251304243,0.0,0.4485981308411215,0.0,69,60,74,0.7055837563451777,0.49238578680203043,0.6598984771573604,2.860883,3.1695023174603176,1.435211,0.06030150753768844,0.5703422053231939,0.03125,139,97,130
587,0.7868020304568528,0.7106598984771574,0.5888324873096447,68.53655022421134,56.12144081617776,95.494111,0.6075949367088608,0.8181818181818182,0.45454545454545453,155,140,116,0.6509433962264151,0.5943396226415094,0.6981132075471698,7.445763206349207,12.471126111111113,7.397933201687193,0.0,0.3925233644859813,0.014285714285714285,69,63,74,0.7208121827411168,0.5076142131979695,0.6649746192893401,2.860853,3.1817123174603177,1.445203,0.06091370558375635,0.5627240143369175,0.03076923076923077,142,100,131
588,0.7918781725888325,0.700507614213198,0.5888324873096447,67.33470403829268,61.05353104983709,95.11918,0.5882352941176471,0.8369565217391305,0.4827586206896552,156,138,116,0.6320754716981132,0.6226415094339622,0.6981132075471698,7.8791054603174615,11.911002666666679,6.941959835164826,0.0,0.44339622641509435,0.0,67,66,74,0.7157360406091371,0.5025380710659898,0.6548223350253807,2.865513,3.1636333174603175,1.492904,0.05235602094240838,0.5719557195571956,0.0106951871657754,141,99,129
589,0.7766497461928934,0.7157360406091371,0.5939086294416244,70.80430942280748,59.16059000000009,95.494111,0.6031746031746031,0.8494623655913979,0.5,153,141,117,0.660377358490566,0.6226415094339622,0.7075471698113207,7.829896777777778,12.63625823809524,7.2642564226884145,0.0,0.42574257425742573,0.012658227848101266,70,66,75,0.7157360406091371,0.5025380710659898,0.6598984771573604,2.954882,3.1870853174603178,1.497434,0.07291666666666667,0.5454545454545454,0.010526315789473684,141,99,130
590,0.8020304568527918,0.7055837563451777,0.5939086294416244,66.18246019910737,58.597479333333425,92.811558,0.5324675324675324,0.9047619047619048,0.5060240963855421,158,139,117,0.660377358490566,0.5660377358490566,0.6698113207547169,7.858233317460319,12.330721111111115,7.109666163614158,0.0,0.37623762376237624,0.02631578947368421,70,60,71,0.7258883248730964,0.5025380710659898,0.6548223350253807,2.982665,3.1969073174603175,1.476615,0.057291666666666664,0.5454545454545454,0.010471204188481676,143,99,129
591,0.7766497461928934,0.7157360406091371,0.5989847715736041,68.47034680960013,58.91951600000009,95.11918,0.6610169491525424,0.8823529411764706,0.5058823529411764,153,141,118,0.6509433962264151,0.5377358490566038,0.6320754716981132,7.82901011111111,12.572421904761908,7.077499606837599,0.0,0.4158415841584158,0.0,69,57,67,0.7258883248730964,0.49238578680203043,0.6395939086294417,2.935259,3.1618733174603175,1.563521,0.046875,0.5384615384615384,0.021052631578947368,143,97,126
592,0.7817258883248731,0.7157360406091371,0.5939086294416244,68.66848988242418,57.131730333333415,95.11918,0.5384615384615384,0.8470588235294118,0.5180722891566265,154,141,117,0.6792452830188679,0.6226415094339622,0.6886792452830188,7.486989888888889,12.114336000000005,6.783531825396815,0.0,0.33980582524271846,0.0,72,66,73,0.7258883248730964,0.4873096446700508,0.6395939086294417,2.945174,3.2381273174603176,1.402425,0.04712041884816754,0.5567765567765568,0.015706806282722512,143,96,126
593,0.7868020304568528,0.700507614213198,0.5989847715736041,66.51519752895982,57.67613204983709,95.494111,0.5806451612903226,0.8536585365853658,0.5176470588235295,155,138,118,0.6698113207547169,0.6415094339622641,0.6981132075471698,8.22983577777778,12.61339166666667,7.417088211233203,0.02197802197802198,0.3942307692307692,0.0,71,68,74,0.7309644670050761,0.49238578680203043,0.6446700507614214,2.938312,3.2299903174603175,1.355559,0.06666666666666667,0.5531135531135531,0.015789473684210527,144,97,127
594,0.7969543147208121,0.7157360406091371,0.5989847715736041,65.26650999980393,58.28095404983709,95.11918,0.5507246376811594,0.8,0.5411764705882353,157,141,118,0.6698113207547169,0.5849056603773585,0.660377358490566,8.232612603174603,11.936940777777782,7.105425595848589,0.0,0.4270833333333333,0.0,71,62,70,0.7106598984771574,0.5126903553299492,0.6345177664974619,2.911373,3.2205093174603174,1.336382,0.07772020725388601,0.539568345323741,0.016042780748663103,140,101,125
595,0.7918781725888325,0.7055837563451777,0.5939086294416244,67.2313576666665,59.55283666666676,95.494111,0.7,0.8681318681318682,0.5714285714285714,156,139,117,0.660377358490566,0.6037735849056604,0.6132075471698113,8.026523571428571,12.830019015873022,6.88788266544566,0.011363636363636364,0.38738738738738737,0.014285714285714285,70,64,65,0.7106598984771574,0.5025380710659898,0.6294416243654822,2.990503,3.1602853174603176,1.306908,0.06153846153846154,0.5507246376811594,0.005434782608695652,140,99,124
596,0.7563451776649747,0.6852791878172588,0.5685279187817259,69.78920448249075,58.097417233659414,95.494111,0.6,0.9222222222222223,0.5365853658536586,149,135,112,0.6509433962264151,0.6226415094339622,0.660377358490566,7.766747777777778,12.954594873015877,6.92064077655677,0.010752688172043012,0.36607142857142855,0.0,69,66,70,0.6954314720812182,0.467005076142132,0.6040609137055838,2.909003,3.1955823174603175,1.290201,0.06806282722513089,0.5551470588235294,0.016304347826086956,137,92,119
597,0.7461928934010152,0.6446700507614214,0.5583756345177665,67.71438113250733,58.37771990032608,95.11918,0.582089552238806,0.8941176470588236,0.5063291139240507,147,127,110,0.6509433962264151,0.6037735849056604,0.660377358490566,7.716847111111112,12.576815238095245,6.944555970473965,0.0,0.44660194174757284,0.0,69,64,70,0.6751269035532995,0.4619289340101523,0.6040609137055838,2.836751,3.1667003174603177,1.232997,0.10106382978723404,0.5665399239543726,0.005681818181818182,133,91,119
598,0.766497461928934,0.649746192893401,0.5482233502538071,65.86173614915742,58.48749390032608,93.283352,0.49333333333333335,0.9230769230769231,0.5185185185185185,151,128,108,0.6698113207547169,0.5943396226415094,0.6886792452830188,8.201438317460319,12.953774396825402,7.1639333347763285,0.022222222222222223,0.4166666666666667,0.0,71,63,73,0.6751269035532995,0.47715736040609136,0.5939086294416244,2.88163,3.130466317460318,1.282301,0.07222222222222222,0.5333333333333333,0.005780346820809248,133,94,117
599,0.7360406091370558,0.6548223350253807,0.5532994923857868,65.93630376622878,59.17587056699275,94.833359,0.6610169491525424,0.9210526315789473,0.5,145,129,109,0.6509433962264151,0.6415094339622641,0.6886792452830188,8.01083088888889,12.313408904761912,7.366730603174595,0.011235955056179775,0.41818181818181815,0.0,69,68,73,0.6852791878172588,0.47715736040609136,0.6243654822335025,2.895157,3.1513093174603175,1.219813,0.08333333333333333,0.5843621399176955,0.005555555555555556,135,94,123
600,0.7258883248730964,0.649746192893401,0.5532994923857868,69.27242314915743,59.19064756699275,95.11918,0.5671641791044776,0.8888888888888888,0.5189873417721519,143,128,109,0.6415094339622641,0.6320754716981132,0.6037735849056604,8.015634,12.704322888888903,6.9582332761682695,0.011363636363636364,0.3904761904761905,0.0,68,67,64,0.6802030456852792,0.4720812182741117,0.6395939086294417,2.928592,3.1008213174603174,1.225307,0.07142857142857142,0.5742971887550201,0.016483516483516484,134,93,126
601,0.7563451776649747,0.649746192893401,0.5532994923857868,67.33135316750413,58.39399223365942,95.494111,0.6142857142857143,0.926829268292683,0.5384615384615384,149,128,109,0.6320754716981132,0.5660377358490566,0.6981132075471698,7.5784453492063495,13.875141650793656,6.928205561660553,0.011235955056179775,0.4791666666666667,0.0,67,60,74,0.6802030456852792,0.467005076142132,0.6446700507614214,2.861507,3.1054303174603177,1.217869,0.07222222222222222,0.5596707818930041,0.005681818181818182,134,92,127
602,0.7715736040609137,0.649746192893401,0.5482233502538071,63.851310595293945,57.896516900326084,95.494111,0.6056338028169014,0.9146341463414634,0.525,152,128,108,0.660377358490566,0.6037735849056604,0.6509433962264151,7.900332349206349,13.51791157142857,6.975832241758233,0.011111111111111112,0.38317757009345793,0.014084507042253521,70,64,69,0.700507614213198,0.4619289340101523,0.6446700507614214,2.88727,3.1614193174603176,1.29421,0.0546448087431694,0.5887096774193549,0.0,138,91,127
603,0.7461928934010152,0.6548223350253807,0.5482233502538071,66.05630854212626,59.07475856699275,95.11918,0.5416666666666666,0.9024390243902439,0.5569620253164557,147,129,108,0.6415094339622641,0.5943396226415094,0.660377358490566,7.703115111111112,13.113163634920637,7.027751094017088,0.0,0.4444444444444444,0.01282051282051282,68,63,70,0.700507614213198,0.4416243654822335,0.6345177664974619,2.925349,3.1255473174603177,1.237912,0.05084745762711865,0.5877551020408164,0.0,138,87,125
604,0.7461928934010152,0.6446700507614214,0.5532994923857868,65.03307014915741,58.939071900326084,94.395536,0.6323529411764706,0.9743589743589743,0.5609756097560976,147,127,109,0.6320754716981132,0.5566037735849056,0.6226415094339622,7.878494,13.531955238095236,6.60165268742368,0.023255813953488372,0.36082474226804123,0.0,67,59,66,0.6852791878172588,0.4467005076142132,0.6548223350253807,2.903956,3.1836803174603174,1.200204,0.05056179775280899,0.5743801652892562,0.0,135,88,129
605,0.7563451776649747,0.6852791878172588,0.649746192893401,62.65393075442039,71.95016990032605,103.466245,0.5384615384615384,0.8536585365853658,0.41237113402061853,149,135,128,0.6509433962264151,0.5943396226415094,0.6509433962264151,8.033423206349207,13.991194555555563,7.237634622710616,0.0,0.42727272727272725,0.0,69,63,69,0.6751269035532995,0.4720812182741117,0.6446700507614214,2.881748,3.1669883174603175,1.23828,0.05945945945945946,0.5801526717557252,0.011111111111111112,133,93,127
606,0.7411167512690355,0.6802030456852792,0.6751269035532995,63.37381545626758,70.25239523365934,101.909454,0.6557377049180327,0.7160493827160493,0.7843137254901961,146,134,133,0.6509433962264151,0.6132075471698113,0.6981132075471698,7.78238592063492,13.17508266666668,6.942684489621483,0.02197802197802198,0.40594059405940597,0.0,69,65,74,0.6802030456852792,0.4720812182741117,0.649746192893401,2.877024,3.151270317460318,1.252398,0.055248618784530384,0.5853658536585366,0.0,134,93,128
607,0.7461928934010152,0.6751269035532995,0.6852791878172588,67.28230048249075,71.10175056699273,101.780021,0.55,0.75,0.7545454545454545,147,133,135,0.6509433962264151,0.5566037735849056,0.6886792452830188,7.941709317460317,13.470760206349214,7.145520213897206,0.0,0.40404040404040403,0.0,69,59,73,0.6903553299492385,0.45685279187817257,0.649746192893401,2.863952,3.1816693174603174,1.207251,0.05,0.5952380952380952,0.011299435028248588,136,90,128
608,0.7461928934010152,0.6751269035532995,0.6802030456852792,68.64650494656938,72.27093948284433,102.04411,0.6206896551724138,0.7391304347826086,0.819047619047619,147,133,134,0.6509433962264151,0.5471698113207547,0.6226415094339622,7.751751571428572,13.375683015873038,6.832255181485176,0.02197802197802198,0.43434343434343436,0.0,69,58,66,0.6903553299492385,0.4517766497461929,0.6548223350253807,2.840511,3.1577203174603174,1.226575,0.06557377049180328,0.5795918367346938,0.00546448087431694,136,89,129
609,0.751269035532995,0.6903553299492385,0.6802030456852792,64.9070528102716,68.91862196385894,99.596515,0.5757575757575758,0.6987951807228916,0.7755102040816326,148,136,134,0.660377358490566,0.5943396226415094,0.6792452830188679,7.898837571428571,14.919691793650806,7.362418370185365,0.011235955056179775,0.42718446601941745,0.0,70,63,72,0.6903553299492385,0.4365482233502538,0.6649746192893401,2.872608,3.130333317460318,1.214063,0.07222222222222222,0.5686274509803921,0.016666666666666666,136,86,131
610,0.7715736040609137,0.6802030456852792,0.6751269035532995,64.54107848012517,69.03179356699273,100.263179,0.6176470588235294,0.6904761904761905,0.7850467289719626,152,134,133,0.6509433962264151,0.5943396226415094,0.660377358490566,8.007711126984129,14.149122174603148,7.091567852258846,0.0,0.3888888888888889,0.0,69,63,70,0.6954314720812182,0.4416243654822335,0.6751269035532995,2.83751,3.1147633174603175,1.267947,0.0670391061452514,0.5896414342629482,0.03888888888888889,137,87,133
611,0.766497461928934,0.6751269035532995,0.6852791878172588,65.85628122380616,71.90412923365948,97.884548,0.5166666666666667,0.7111111111111111,0.7592592592592593,151,133,135,0.6509433962264151,0.6226415094339622,0.6509433962264151,8.267770111111112,13.923887682539686,7.357226791208787,0.0,0.3958333333333333,0.0,69,66,69,0.6700507614213198,0.4619289340101523,0.6649746192893401,2.866034,3.1388463174603176,1.199223,0.06666666666666667,0.564,0.027932960893854747,132,91,131
612,0.7461928934010152,0.6903553299492385,0.6700507614213198,66.13905090994952,66.17005696385883,100.187774,0.7659574468085106,0.7093023255813954,0.8217821782178217,147,136,132,0.6509433962264151,0.5943396226415094,0.6132075471698113,8.510318000000002,13.76734087301592,6.814664776334772,0.011363636363636364,0.3870967741935484,0.0,69,63,65,0.6700507614213198,0.4467005076142132,0.6598984771573604,2.838036,3.1926943174603175,1.174788,0.028735632183908046,0.5756302521008403,0.011363636363636364,132,88,130
613,0.751269035532995,0.6852791878172588,0.6751269035532995,68.75883714714011,70.2177651065937,100.052775,0.5538461538461539,0.7142857142857143,0.7830188679245284,148,135,133,0.6698113207547169,0.660377358490566,0.7075471698113207,8.554665317460316,13.940452666666669,7.399335482295479,0.011111111111111112,0.36,0.013333333333333334,71,70,75,0.6954314720812182,0.4467005076142132,0.649746192893401,2.848906,3.1388483174603174,1.217827,0.04395604395604396,0.5869565217391305,0.005681818181818182,137,88,128
614,0.766497461928934,0.6751269035532995,0.6751269035532995,65.20045773231283,71.95953983679324,96.296419,0.5428571428571428,0.7441860465116279,0.8365384615384616,151,133,133,0.660377358490566,0.5849056603773585,0.6981132075471698,8.452019238095238,14.284637142857159,7.049924378510375,0.011494252873563218,0.4421052631578947,0.011904761904761904,70,62,74,0.6852791878172588,0.4720812182741117,0.6446700507614214,2.794706,3.2313513174603177,1.237158,0.044444444444444446,0.5761316872427984,0.0,135,93,127
615,0.7614213197969543,0.6802030456852792,0.6649746192893401,64.95783919333265,71.79036650345991,100.11034,0.6557377049180327,0.7647058823529411,0.7477477477477478,150,134,131,0.6698113207547169,0.6226415094339622,0.6886792452830188,8.004916777777778,14.027571460317441,6.931084776556769,0.011235955056179775,0.4175824175824176,0.06944444444444445,71,66,73,0.6649746192893401,0.4416243654822335,0.6345177664974619,2.771792,3.1626213174603177,1.259645,0.03888888888888889,0.5450819672131147,0.011363636363636364,131,87,125
616,0.751269035532995,0.6852791878172588,0.6852791878172588,66.94577334902276,67.71466590032446,101.811878,0.6056338028169014,0.7222222222222222,0.801980198019802,148,135,135,0.6698113207547169,0.6037735849056604,0.6981132075471698,8.127425888888887,14.329144206349214,7.27876771428571,0.0,0.4095238095238095,0.02531645569620253,71,64,74,0.6700507614213198,0.4720812182741117,0.6192893401015228,2.732944,3.1843173174603177,1.241752,0.02824858757062147,0.5634920634920635,0.011363636363636364,132,93,122
617,0.7563451776649747,0.6802030456852792,0.6700507614213198,67.4821716414172,66.73563523365932,104.023647,0.7142857142857143,0.6947368421052632,0.8217821782178217,149,134,132,0.660377358490566,0.5754716981132075,0.6886792452830188,8.13377888888889,13.993464222222231,7.189771739704734,0.022988505747126436,0.3854166666666667,0.012987012987012988,70,61,73,0.649746192893401,0.4619289340101523,0.6091370558375635,2.764351,3.2554303174603176,1.27307,0.05027932960893855,0.5691056910569106,0.01694915254237288,128,91,120
618,0.751269035532995,0.6903553299492385,0.6802030456852792,68.74085011559421,70.47507223365936,97.943575,0.6619718309859155,0.7529411764705882,0.8148148148148148,148,136,134,0.660377358490566,0.5943396226415094,0.7264150943396226,7.800424746031747,14.309179936507945,7.179028062271058,0.0,0.40186915887850466,0.03529411764705882,70,63,77,0.6598984771573604,0.467005076142132,0.6142131979695431,2.75108,3.2982163174603176,1.302674,0.04864864864864865,0.5743801652892562,0.022099447513812154,130,92,121
619,0.766497461928934,0.6903553299492385,0.6852791878172588,65.96688406564616,68.75784023365951,103.051415,0.7027027027027027,0.8072289156626506,0.7543859649122807,151,136,135,0.660377358490566,0.6320754716981132,0.6981132075471698,7.475680238095238,13.913590126984097,7.548535876678872,0.0,0.3655913978494624,0.02666666666666667,70,67,74,0.649746192893401,0.48223350253807107,0.649746192893401,2.759554,3.2253013174603176,1.297703,0.03954802259887006,0.5546558704453441,0.016129032258064516,128,95,128
620,0.7208121827411168,0.6903553299492385,0.6598984771573604,67.4165271155942,69.0002185669927,103.101987,0.6891891891891891,0.7272727272727273,0.8130841121495327,142,136,130,0.6509433962264151,0.6132075471698113,0.7452830188679245,8.547921666666667,14.577853460317426,7.702527848595843,0.0,0.34831460674157305,0.03409090909090909,69,65,79,0.649746192893401,0.4619289340101523,0.6395939086294417,2.754805,3.3024343174603175,1.281427,0.03888888888888889,0.5793991416309013,0.016666666666666666,128,91,126
621,0.751269035532995,0.6903553299492385,0.6852791878172588,66.3142269977192,67.19182163052544,97.921685,0.6125,0.8068181818181818,0.7589285714285714,148,136,135,0.6698113207547169,0.6226415094339622,0.7075471698113207,7.8032317777777775,13.69112865079365,7.442334217338213,0.0,0.37755102040816324,0.013888888888888888,71,66,75,0.6548223350253807,0.4619289340101523,0.6446700507614214,2.772701,3.285668317460318,1.295326,0.04864864864864865,0.5477178423236515,0.01694915254237288,129,91,127
622,0.751269035532995,0.6802030456852792,0.6598984771573604,65.12111815083121,66.65404356699264,100.441474,0.6081081081081081,0.7777777777777778,0.8058252427184466,148,134,130,0.6415094339622641,0.6415094339622641,0.7169811320754716,8.254510777777778,13.708038111111104,7.670302639804634,0.0,0.4090909090909091,0.038461538461538464,68,68,76,0.6700507614213198,0.4720812182741117,0.649746192893401,2.776186,3.3514843174603177,1.256689,0.03260869565217391,0.5483870967741935,0.005714285714285714,132,93,128
623,0.751269035532995,0.6903553299492385,0.6700507614213198,63.37013836006214,68.45682023365933,103.195401,0.6714285714285714,0.7319587628865979,0.7678571428571429,148,136,132,0.6320754716981132,0.6415094339622641,0.7264150943396226,8.065244349206349,14.419739603174609,7.323762042513038,0.0,0.29347826086956524,0.0379746835443038,67,68,77,0.649746192893401,0.4416243654822335,0.6446700507614214,2.712068,3.262078317460318,1.23397,0.017341040462427744,0.5311203319502075,0.0,128,87,127
624,0.751269035532995,0.6954314720812182,0.6700507614213198,64.95458353151123,67.5776515669927,101.227827,0.6447368421052632,0.7894736842105263,0.8301886792452831,148,137,132,0.6509433962264151,0.5943396226415094,0.7358490566037735,8.118495,13.848276888888892,7.479164555777553,0.0,0.36666666666666664,0.05,69,63,78,0.6548223350253807,0.4416243654822335,0.6548223350253807,2.732934,3.2458593174603174,1.255949,0.005714285714285714,0.532,0.0,129,87,129
625,0.7461928934010152,0.6802030456852792,0.6802030456852792,64.64155411560594,67.59969190032608,100.198479,0.6463414634146342,0.7857142857142857,0.7232142857142857,147,134,134,0.6509433962264151,0.5943396226415094,0.7075471698113207,8.19512888888889,13.885601730158733,7.56585472405372,0.011111111111111112,0.3473684210526316,0.05128205128205128,69,63,75,0.6548223350253807,0.4517766497461929,0.6598984771573604,2.721737,3.2153093174603176,1.209859,0.01675977653631285,0.5185185185185185,0.0,129,89,130
626,0.766497461928934,0.6852791878172588,0.6700507614213198,66.80020735805147,67.45275456699267,100.043031,0.6911764705882353,0.7912087912087912,0.7757009345794392,151,135,132,0.6320754716981132,0.5943396226415094,0.7075471698113207,8.323194603174603,14.17077374603176,7.537350219558218,0.0,0.3804347826086957,0.02564102564102564,67,63,75,0.6598984771573604,0.4720812182741117,0.6548223350253807,2.711803,3.1995133174603176,1.251368,0.038461538461538464,0.5381526104417671,0.0,130,93,129
627,0.7614213197969543,0.6852791878172588,0.649746192893401,64.56379269136522,69.85290290032601,100.782443,0.6486486486486487,0.7623762376237624,0.7542372881355932,150,135,128,0.6320754716981132,0.6226415094339622,0.7547169811320755,8.012410095238097,13.824836873015865,7.313693665445663,0.0,0.3068181818181818,0.0375,67,66,80,0.649746192893401,0.4873096446700508,0.649746192893401,2.797998,3.3019493174603176,1.242058,0.022727272727272728,0.5397489539748954,0.0,128,96,128
628,0.751269035532995,0.6852791878172588,0.6649746192893401,66.20784902469855,67.2042088161777,97.684523,0.726027397260274,0.7549019607843137,0.7256637168141593,148,135,131,0.6415094339622641,0.6415094339622641,0.7169811320754716,7.7199904603174625,14.303001031746046,7.98288624297924,0.0,0.3707865168539326,0.05263157894736842,68,68,76,0.6598984771573604,0.4619289340101523,0.6548223350253807,2.774268,3.2808593174603176,1.258775,0.022598870056497175,0.5504201680672269,0.0,130,91,129
629,0.7614213197969543,0.6802030456852792,0.6802030456852792,65.38848931283881,68.29818998450048,100.610176,0.6582278481012658,0.7244897959183674,0.7543859649122807,150,134,134,0.6509433962264151,0.5943396226415094,0.7264150943396226,7.8396785396825415,14.100736412698415,7.743585829059825,0.0,0.42105263157894735,0.09411764705882353,69,63,77,0.6649746192893401,0.47715736040609136,0.6548223350253807,2.795996,3.226866317460318,1.244231,0.022727272727272728,0.5269709543568465,0.0,131,94,129
630,0.7614213197969543,0.6802030456852792,0.6649746192893401,65.45765323952364,68.40950623365933,98.16157,0.5942028985507246,0.7676767676767676,0.75,150,134,131,0.660377358490566,0.5849056603773585,0.8018867924528302,7.7607044285714295,13.808048555555564,7.934407285714281,0.0,0.367816091954023,0.11764705882352941,70,62,85,0.649746192893401,0.4517766497461929,0.6548223350253807,2.816351,3.3024163174603176,1.18421,0.01694915254237288,0.576271186440678,0.0,128,89,129
631,0.7411167512690355,0.6903553299492385,0.6700507614213198,69.57624439899907,67.74853290032416,98.630719,0.6119402985074627,0.78125,0.7606837606837606,146,136,132,0.6509433962264151,0.5943396226415094,0.7641509433962265,7.753328460317461,14.138418333333336,7.550530489621485,0.0,0.3493975903614458,0.05952380952380952,69,63,81,0.6446700507614214,0.4416243654822335,0.6446700507614214,2.769102,3.3238733174603174,1.183326,0.022598870056497175,0.5511811023622047,0.0,127,87,127
632,0.766497461928934,0.6802030456852792,0.649746192893401,68.50200969136522,67.97186856699264,98.550931,0.5822784810126582,0.8247422680412371,0.7941176470588235,151,134,128,0.6320754716981132,0.5849056603773585,0.7452830188679245,7.847263777777778,14.214565682539682,7.4126262207792175,0.0,0.32926829268292684,0.0273972602739726,67,62,79,0.6345177664974619,0.4619289340101523,0.6345177664974619,2.789764,3.3519523174603174,1.206697,0.02824858757062147,0.5158730158730159,0.005747126436781609,125,91,125
633,0.7614213197969543,0.6954314720812182,0.6751269035532995,69.5652617804401,69.671897651141,99.501512,0.6567164179104478,0.7281553398058253,0.6982758620689655,150,137,133,0.6132075471698113,0.5849056603773585,0.7358490566037735,7.724722111111112,13.963983222222227,7.4342767480297445,0.0,0.34177215189873417,0.036585365853658534,65,62,78,0.6243654822335025,0.4619289340101523,0.6395939086294417,2.798145,3.3340583174603178,1.19868,0.011627906976744186,0.5458333333333333,0.005747126436781609,123,91,126
634,0.7563451776649747,0.6700507614213198,0.6598984771573604,67.62930707626327,71.4281774052157,97.140878,0.6865671641791045,0.8210526315789474,0.7475728155339806,149,132,130,0.6037735849056604,0.6226415094339622,0.7358490566037735,8.38914953968254,13.887587793650798,7.320473630258627,0.0,0.3404255319148936,0.0,64,66,78,0.6345177664974619,0.4619289340101523,0.6548223350253807,2.754971,3.3686783174603177,1.24026,0.011363636363636364,0.5404255319148936,0.0,125,91,129
635,0.7614213197969543,0.6751269035532995,0.649746192893401,70.84074673231282,70.37405331780765,99.605964,0.7,0.801980198019802,0.7876106194690266,150,133,128,0.6132075471698113,0.5943396226415094,0.7452830188679245,8.492916095238098,13.785841904761911,7.7700862271062245,0.0,0.3793103448275862,0.024691358024691357,65,63,79,0.6142131979695431,0.4416243654822335,0.6395939086294417,2.774001,3.4090873174603176,1.284829,0.01764705882352941,0.5129310344827587,0.0,121,87,126
636,0.7614213197969543,0.6903553299492385,0.6802030456852792,62.891596678895006,64.9221989844693,106.328408,0.6081081081081081,0.8020833333333334,0.7142857142857143,150,136,134,0.6037735849056604,0.6037735849056604,0.6886792452830188,7.76468166666667,13.343095793650805,7.484846311355307,0.0,0.3723404255319149,0.02564102564102564,64,64,73,0.6192893401015228,0.4416243654822335,0.6294416243654822,2.779774,3.3408253174603177,1.245902,0.005780346820809248,0.5141700404858299,0.005780346820809248,122,87,124
637,0.7461928934010152,0.6598984771573604,0.6852791878172588,65.75182212846644,69.5060296114837,104.137211,0.6233766233766234,0.7102803738317757,0.780952380952381,147,130,135,0.6037735849056604,0.660377358490566,0.7547169811320755,8.333111460317461,13.700059507936512,7.345817354312351,0.0,0.38461538461538464,0.037037037037037035,64,70,80,0.6243654822335025,0.4365482233502538,0.6345177664974619,2.826512,3.3894873174603175,1.28876,0.005847953216374269,0.5296610169491526,0.005813953488372093,123,86,125
638,0.7614213197969543,0.6954314720812182,0.6598984771573604,65.36769543276695,67.9834805669959,102.157741,0.6111111111111112,0.7227722772277227,0.7407407407407407,150,137,130,0.5754716981132075,0.6226415094339622,0.6981132075471698,8.69932388888889,14.316761269841278,7.766125825396823,0.0,0.3373493975903614,0.0273972602739726,61,66,74,0.6243654822335025,0.4619289340101523,0.6395939086294417,2.863024,3.428091317460318,1.252787,0.017341040462427744,0.5375,0.005813953488372093,123,91,126
639,0.7715736040609137,0.6852791878172588,0.6802030456852792,65.13731693703953,64.45398290032598,103.945101,0.5945945945945946,0.7888888888888889,0.7583333333333333,152,135,134,0.6320754716981132,0.6037735849056604,0.7358490566037735,8.152882666666668,13.58455946031746,7.291217639804636,0.0,0.3854166666666667,0.022988505747126436,67,64,78,0.6294416243654822,0.45685279187817257,0.6446700507614214,2.842779,3.357143317460318,1.270434,0.017241379310344827,0.5533596837944664,0.005813953488372093,124,90,127
640,0.7360406091370558,0.6802030456852792,0.6802030456852792,65.94966086038026,68.45198470046567,94.818757,0.6716417910447762,0.7731958762886598,0.7372881355932204,145,134,134,0.6415094339622641,0.6415094339622641,0.6698113207547169,8.077877,13.7507373968254,7.2951028732378695,0.0,0.32222222222222224,0.0136986301369863,68,68,71,0.6345177664974619,0.4467005076142132,0.6395939086294417,2.864742,3.3983083174603177,1.334506,0.011428571428571429,0.5785123966942148,0.0,125,88,126
641,0.7614213197969543,0.6751269035532995,0.6649746192893401,63.657237514871035,65.68182294481701,99.036359,0.5844155844155844,0.7582417582417582,0.7428571428571429,150,133,131,0.6320754716981132,0.6320754716981132,0.7547169811320755,8.151896571428573,13.367873841269843,7.548175503274503,0.0,0.3488372093023256,0.012658227848101266,67,67,80,0.6294416243654822,0.4467005076142132,0.6395939086294417,2.899571,3.4042843174603177,1.320256,0.005847953216374269,0.5423728813559322,0.0,124,88,126
642,0.7411167512690355,0.6802030456852792,0.6598984771573604,65.89013930990461,66.37782127815039,99.788504,0.7121212121212122,0.7692307692307693,0.7456140350877193,146,134,130,0.6226415094339622,0.6132075471698113,0.6981132075471698,8.23356212698413,13.731693666666672,7.236992506937506,0.0,0.358695652173913,0.0,66,65,74,0.6294416243654822,0.39593908629441626,0.6345177664974619,2.853832,3.360886317460318,1.354221,0.005813953488372093,0.5418502202643172,0.0,124,78,125
643,0.751269035532995,0.6903553299492385,0.6598984771573604,66.8814758503985,69.56166127815041,98.356676,0.6363636363636364,0.7717391304347826,0.7821782178217822,148,136,130,0.6132075471698113,0.5849056603773585,0.7075471698113207,8.140072333333334,13.170032063492068,7.2046063064713035,0.0,0.4044943820224719,0.02531645569620253,65,62,75,0.6345177664974619,0.4213197969543147,0.6294416243654822,2.90055,3.1747233174603178,1.36033,0.005780346820809248,0.5177865612648221,0.0,125,83,124
644,0.7563451776649747,0.6852791878172588,0.6700507614213198,65.08297393434952,69.33771831780761,102.004314,0.6774193548387096,0.7956989247311828,0.7289719626168224,149,135,132,0.6509433962264151,0.5943396226415094,0.6886792452830188,8.057247222222223,13.450295111111119,7.072087520590519,0.0,0.3103448275862069,0.014925373134328358,69,63,73,0.6243654822335025,0.4619289340101523,0.6243654822335025,2.878042,3.218631317460318,1.325264,0.011560693641618497,0.5443037974683544,0.0,123,91,123
645,0.766497461928934,0.6852791878172588,0.6548223350253807,65.46997598906597,67.41847916717089,98.266072,0.7096774193548387,0.7857142857142857,0.7169811320754716,151,135,129,0.6792452830188679,0.5660377358490566,0.7547169811320755,8.45843377777778,13.913297063492063,7.648340232545229,0.0,0.32608695652173914,0.0,72,60,80,0.6243654822335025,0.4720812182741117,0.6192893401015228,2.859515,3.2801833174603177,1.391029,0.033707865168539325,0.5403225806451613,0.0,123,93,122
646,0.7461928934010152,0.6852791878172588,0.6548223350253807,66.16407314372566,65.41742027815033,100.531552,0.6338028169014085,0.7872340425531915,0.7169811320754716,147,135,129,0.6792452830188679,0.6132075471698113,0.7358490566037735,8.702035206349208,13.585376571428574,7.004512677877673,0.011235955056179775,0.3,0.0,72,65,78,0.6243654822335025,0.4416243654822335,0.6243654822335025,2.851204,3.337248317460318,1.334563,0.022988505747126436,0.5546218487394958,0.0,123,87,123
647,0.7411167512690355,0.6903553299492385,0.6700507614213198,65.85585825030078,68.40978663407829,101.224819,0.620253164556962,0.7428571428571429,0.7169811320754716,146,136,132,0.6792452830188679,0.5849056603773585,0.6981132075471698,8.185448555555558,13.954132507936514,6.990360745698745,0.0,0.3157894736842105,0.015151515151515152,72,62,74,0.6395939086294417,0.4365482233502538,0.6294416243654822,2.88538,3.2640313174603177,1.372125,0.022598870056497175,0.5443548387096774,0.0,126,86,124
648,0.7614213197969543,0.6802030456852792,0.6649746192893401,66.4921257280562,67.15503631780753,100.978401,0.6049382716049383,0.8043478260869565,0.7403846153846154,150,134,131,0.660377358490566,0.5943396226415094,0.6792452830188679,8.397384222222223,14.021590666666672,7.355515411477408,0.011904761904761904,0.367816091954023,0.0,70,63,72,0.6446700507614214,0.41624365482233505,0.6345177664974619,2.827718,3.2784553174603177,1.31182,0.011428571428571429,0.5504201680672269,0.0,127,82,125
649,0.751269035532995,0.6700507614213198,0.6700507614213198,66.39617750769656,64.69766009703883,97.127072,0.6811594202898551,0.8085106382978723,0.7264150943396226,148,132,132,0.6886792452830188,0.6226415094339622,0.7452830188679245,8.16732577777778,14.36814696825398,6.970049395604391,0.011111111111111112,0.36082474226804123,0.0,73,66,79,0.6598984771573604,0.41624365482233505,0.6142131979695431,2.8179,3.1713923174603176,1.350362,0.011494252873563218,0.52,0.005847953216374269,130,82,121
650,0.751269035532995,0.6852791878172588,0.6649746192893401,65.86731660614005,66.70950934168313,94.574858,0.618421052631579,0.7156862745098039,0.6857142857142857,148,135,131,0.6792452830188679,0.5660377358490566,0.6981132075471698,8.09837888888889,14.579674396825402,6.744645073260071,0.011111111111111112,0.39325842696629215,0.0,72,60,74,0.649746192893401,0.43147208121827413,0.6142131979695431,2.889309,3.2017783174603176,1.345026,0.011627906976744186,0.5418326693227091,0.011695906432748537,128,85,121
651,0.766497461928934,0.6903553299492385,0.6751269035532995,67.18842073231284,67.53605427815017,100.404369,0.6666666666666666,0.7669902912621359,0.7872340425531915,151,136,133,0.6886792452830188,0.6226415094339622,0.7169811320754716,8.12127788888889,14.640382698412703,7.234537966255963,0.011363636363636364,0.37,0.0,73,66,76,0.6446700507614214,0.4517766497461929,0.6091370558375635,2.848467,3.1773853174603177,1.38272,0.0058823529411764705,0.5296442687747036,0.011695906432748537,127,89,120
652,0.7157360406091371,0.6852791878172588,0.6751269035532995,67.23582539897927,66.02248327815032,97.769873,0.6538461538461539,0.7934782608695652,0.7570093457943925,141,135,133,0.6886792452830188,0.6037735849056604,0.6792452830188679,7.9877220000000015,14.682625111111108,7.288445485736482,0.011494252873563218,0.3333333333333333,0.0,73,64,72,0.649746192893401,0.45685279187817257,0.6142131979695431,2.933065,3.2189843174603174,1.436107,0.005813953488372093,0.5423728813559322,0.005747126436781609,128,90,121
653,0.7614213197969543,0.6751269035532995,0.6649746192893401,66.71873206564615,69.3793147637052,99.115988,0.5591397849462365,0.7608695652173914,0.7708333333333334,150,133,131,0.6792452830188679,0.5566037735849056,0.660377358490566,8.39683988888889,15.000783111111106,7.511035029082028,0.011111111111111112,0.35365853658536583,0.013513513513513514,72,59,70,0.6548223350253807,0.45685279187817257,0.6142131979695431,2.879633,3.2984043174603177,1.413733,0.011363636363636364,0.5428571428571428,0.01694915254237288,129,90,121
654,0.7614213197969543,0.6954314720812182,0.6649746192893401,68.26848906564616,69.3397159448539,96.50972,0.6818181818181818,0.7207207207207207,0.7232142857142857,150,137,131,0.6698113207547169,0.5566037735849056,0.6415094339622641,7.69821088888889,14.543652714285713,7.342631930846931,0.011111111111111112,0.32608695652173914,0.02666666666666667,71,59,68,0.6446700507614214,0.4517766497461929,0.6243654822335025,2.874132,3.2363193174603175,1.367909,0.011363636363636364,0.5443548387096774,0.016853932584269662,127,89,123
655,0.7614213197969543,0.6852791878172588,0.6700507614213198,67.58709030130811,65.70634261148363,97.469474,0.6666666666666666,0.75,0.7766990291262136,150,135,132,0.660377358490566,0.6132075471698113,0.7075471698113207,8.13182188888889,14.456996999999996,7.445898452769451,0.022222222222222223,0.36666666666666664,0.023529411764705882,70,65,75,0.6598984771573604,0.45685279187817257,0.6243654822335025,2.889775,3.235241317460318,1.420326,0.022099447513812154,0.49372384937238495,0.01694915254237288,130,90,123
656,0.766497461928934,0.6802030456852792,0.6345177664974619,65.7247027323324,63.65278918916831,100.427399,0.7126436781609196,0.7894736842105263,0.7128712871287128,151,134,125,0.6698113207547169,0.6226415094339622,0.6226415094339622,7.882673460317461,14.304297825396826,7.567092408591408,0.02197802197802198,0.4074074074074074,0.0,71,66,66,0.649746192893401,0.4517766497461929,0.6142131979695431,2.865467,3.1694143174603178,1.428092,0.03954802259887006,0.5142857142857142,0.017045454545454544,128,89,121
657,0.7715736040609137,0.6903553299492385,0.6802030456852792,66.59759035057259,66.12267861148507,100.459275,0.6547619047619048,0.7553191489361702,0.7222222222222222,152,136,134,0.6509433962264151,0.6226415094339622,0.7452830188679245,7.848171206349209,14.920252999999994,7.597899094017092,0.022727272727272728,0.38823529411764707,0.022988505747126436,69,66,79,0.6446700507614214,0.467005076142132,0.6294416243654822,2.918292,3.3516713174603177,1.377588,0.06989247311827956,0.5357142857142857,0.017045454545454544,127,92,124
658,0.7563451776649747,0.6852791878172588,0.6548223350253807,67.01112997799848,69.49293694481698,100.169011,0.686046511627907,0.7659574468085106,0.77,149,135,129,0.6132075471698113,0.6037735849056604,0.7075471698113207,8.358278444444446,14.52288826984127,7.329244817293815,0.024691358024691357,0.375,0.0,65,64,75,0.6395939086294417,0.45685279187817257,0.6395939086294417,2.975374,3.3652523174603175,1.400421,0.07567567567567568,0.5284552845528455,0.01694915254237288,126,90,126
659,0.7309644670050761,0.6852791878172588,0.6852791878172588,68.23083947404247,67.2555764303737,94.821305,0.7083333333333334,0.7717391304347826,0.7192982456140351,144,135,135,0.6698113207547169,0.6320754716981132,0.6415094339622641,8.32707488888889,14.715823603174602,7.801915728715726,0.011363636363636364,0.3541666666666667,0.015151515151515152,71,67,68,0.649746192893401,0.4416243654822335,0.6395939086294417,3.003714,3.3848143174603176,1.383846,0.053763440860215055,0.5198412698412699,0.005681818181818182,128,87,126
660,0.7563451776649747,0.6852791878172588,0.649746192893401,67.35324006564618,70.54385776370651,100.626843,0.6823529411764706,0.723404255319149,0.73,149,135,128,0.6792452830188679,0.5754716981132075,0.7075471698113207,8.195349206349208,14.703294396825411,7.53819601298701,0.01098901098901099,0.4444444444444444,0.0,72,61,75,0.6548223350253807,0.4416243654822335,0.6446700507614214,2.981538,3.2858853174603175,1.368246,0.04945054945054945,0.5372549019607843,0.005714285714285714,129,87,127
661,0.7614213197969543,0.6802030456852792,0.6700507614213198,65.62518305380465,68.45186643037229,96.251322,0.6707317073170732,0.8260869565217391,0.7719298245614035,150,134,132,0.6698113207547169,0.5849056603773585,0.7075471698113207,7.849618460317461,14.231664666666683,7.353511273504271,0.0,0.3978494623655914,0.0,71,62,75,0.6446700507614214,0.4619289340101523,0.6548223350253807,3.011285,3.2969003174603175,1.391002,0.05,0.5495867768595041,0.005681818181818182,127,91,129
662,0.7614213197969543,0.7157360406091371,0.6548223350253807,70.99821831439836,69.35354909703938,104.763253,0.6265060240963856,0.7047619047619048,0.7383177570093458,150,141,129,0.6886792452830188,0.6037735849056604,0.6886792452830188,7.940763000000002,14.756003936507948,7.729103252747252,0.033707865168539325,0.43157894736842106,0.0,73,64,73,0.6446700507614214,0.4720812182741117,0.6852791878172588,2.94919,3.2766573174603177,1.376158,0.049723756906077346,0.5361702127659574,0.00558659217877095,127,93,135
663,0.7817258883248731,0.7157360406091371,0.6903553299492385,69.7168657248146,70.32476494481692,100.038773,0.6867469879518072,0.75,0.6779661016949152,154,141,136,0.6981132075471698,0.6509433962264151,0.7452830188679245,7.741122349206351,14.813460952380963,7.705186728937726,0.02247191011235955,0.47126436781609193,0.0,74,69,79,0.6446700507614214,0.49238578680203043,0.6802030456852792,2.967806,3.2547713174603174,1.397989,0.03296703296703297,0.5338645418326693,0.005555555555555556,127,97,134
664,0.7918781725888325,0.7106598984771574,0.700507614213198,68.6950920987153,70.35460561148363,98.088001,0.6395348837209303,0.7608695652173914,0.7321428571428571,156,140,138,0.6981132075471698,0.6698113207547169,0.6886792452830188,8.276682095238098,14.809008936507947,7.313636787767786,0.021052631578947368,0.43023255813953487,0.0,74,71,73,0.649746192893401,0.5076142131979695,0.6852791878172588,2.95124,3.3128403174603176,1.371745,0.04736842105263158,0.536,0.005434782608695652,128,100,135
665,0.7715736040609137,0.7055837563451777,0.6954314720812182,69.36088305491938,71.81230039071492,107.367361,0.6075949367088608,0.6880733944954128,0.711340206185567,152,139,137,0.6698113207547169,0.6509433962264151,0.6792452830188679,7.98844177777778,15.380928666666684,7.915168128205127,0.010869565217391304,0.4578313253012048,0.0,71,69,72,0.6649746192893401,0.5076142131979695,0.6700507614213198,2.944098,3.4248883174603177,1.354517,0.05291005291005291,0.5278969957081545,0.011049723756906077,131,100,132
666,0.7766497461928934,0.7157360406091371,0.7055837563451777,70.46918235079852,70.7801053907167,102.886387,0.7027027027027027,0.7934782608695652,0.7523809523809524,153,141,139,0.6981132075471698,0.6509433962264151,0.7075471698113207,7.956135222222223,15.397029777777783,7.922800032523031,0.03225806451612903,0.46835443037974683,0.0,74,69,75,0.6751269035532995,0.5025380710659898,0.6802030456852792,3.029958,3.4875693174603177,1.392219,0.03783783783783784,0.5185185185185185,0.005494505494505495,133,99,134
667,0.7766497461928934,0.7106598984771574,0.700507614213198,69.50902563951743,67.99985027815032,101.237436,0.76,0.73,0.7142857142857143,153,140,138,0.6886792452830188,0.6509433962264151,0.7169811320754716,8.602101523809525,14.706690777777784,7.949411736485734,0.041666666666666664,0.47126436781609193,0.0,73,69,76,0.6852791878172588,0.5025380710659898,0.6751269035532995,2.982009,3.4020343174603176,1.332581,0.0425531914893617,0.5060240963855421,0.0,135,99,133
668,0.7817258883248731,0.6954314720812182,0.6903553299492385,67.78507586551345,68.97177956699267,102.263038,0.6626506024096386,0.7766990291262136,0.717948717948718,154,137,136,0.7169811320754716,0.660377358490566,0.7169811320754716,7.92354523809524,14.682342777777784,7.966976092019091,0.0,0.45555555555555555,0.0,76,70,76,0.6954314720812182,0.47715736040609136,0.6649746192893401,3.04753,3.3370783174603176,1.323069,0.06217616580310881,0.5142857142857142,0.0,137,94,131
669,0.7817258883248731,0.7106598984771574,0.6903553299492385,71.44086903880083,69.66524454293672,103.200266,0.6883116883116883,0.7395833333333334,0.7272727272727273,154,140,136,0.7169811320754716,0.6415094339622641,0.6981132075471698,8.14500677777778,14.723997285714287,7.882483203463202,0.0,0.5,0.0,76,68,74,0.6852791878172588,0.4873096446700508,0.6649746192893401,3.039528,3.256553317460318,1.318767,0.016853932584269662,0.515625,0.02185792349726776,135,96,131
670,0.7766497461928934,0.7106598984771574,0.6903553299492385,69.38771006564617,70.07094687626994,104.14104,0.6756756756756757,0.7227722772277227,0.7241379310344828,153,140,136,0.6981132075471698,0.6698113207547169,0.6698113207547169,7.429215571428573,14.525925222222227,7.5430931572871565,0.0,0.4659090909090909,0.0,74,71,71,0.6649746192893401,0.49746192893401014,0.6700507614213198,3.005135,3.3356043174603176,1.314134,0.022222222222222223,0.5060240963855421,0.01675977653631285,131,98,132
671,0.7868020304568528,0.7055837563451777,0.700507614213198,69.22437389266051,69.37207055300105,101.398138,0.7142857142857143,0.7281553398058253,0.7130434782608696,155,139,138,0.7358490566037735,0.660377358490566,0.6886792452830188,8.419325666666667,14.587423444444452,8.34047949228549,0.0,0.4588235294117647,0.0,78,70,73,0.6700507614213198,0.4873096446700508,0.6548223350253807,3.020207,3.3735153174603174,1.329114,0.03804347826086957,0.49145299145299143,0.021739130434782608,132,96,129
672,0.7868020304568528,0.7055837563451777,0.7106598984771574,66.89081703232762,69.66579187627005,104.142126,0.6373626373626373,0.7959183673469388,0.7938144329896907,155,139,140,0.7264150943396226,0.6226415094339622,0.6886792452830188,7.8968336825396825,14.706507666666676,7.753106726051725,0.0,0.4691358024691358,0.025974025974025976,77,66,73,0.6598984771573604,0.5076142131979695,0.649746192893401,2.956035,3.3172673174603178,1.337254,0.03260869565217391,0.515625,0.016574585635359115,130,100,128
673,0.7817258883248731,0.7106598984771574,0.6700507614213198,67.64548302558293,73.43582110878896,102.621193,0.7160493827160493,0.7395833333333334,0.6915887850467289,154,140,132,0.7075471698113207,0.6226415094339622,0.6132075471698113,8.096102634920635,15.219139444444451,7.895729276168272,0.0,0.4731182795698925,0.027777777777777776,75,66,65,0.6548223350253807,0.5126903553299492,0.6395939086294417,2.96895,3.3748123174603175,1.325218,0.04395604395604396,0.5284552845528455,0.0056179775280898875,129,101,126
674,0.7868020304568528,0.700507614213198,0.6751269035532995,66.12637950088084,68.03829594481698,105.291947,0.6404494382022472,0.7551020408163265,0.7327586206896551,155,138,133,0.7169811320754716,0.6415094339622641,0.7264150943396226,7.928818000000001,14.940787952380955,7.857304508158505,0.0,0.5232558139534884,0.013333333333333334,76,68,77,0.6446700507614214,0.5177664974619289,0.6395939086294417,2.975819,3.3744973174603174,1.279572,0.03867403314917127,0.52,0.0056179775280898875,127,102,126
675,0.7817258883248731,0.6954314720812182,0.6954314720812182,69.2110419193505,69.21667194481704,97.080041,0.6744186046511628,0.7692307692307693,0.6904761904761905,154,137,137,0.7264150943396226,0.6320754716981132,0.7830188679245284,7.8111603174603195,15.066749063492066,7.884442246864245,0.010869565217391304,0.5402298850574713,0.012048192771084338,77,67,83,0.6294416243654822,0.49238578680203043,0.6548223350253807,2.956487,3.3996473174603175,1.329103,0.03333333333333333,0.5042735042735043,0.0055248618784530384,124,97,129
676,0.7766497461928934,0.6954314720812182,0.6954314720812182,68.90090591935052,69.58559914895145,104.792928,0.7662337662337663,0.7142857142857143,0.7706422018348624,153,137,137,0.6981132075471698,0.6509433962264151,0.6698113207547169,7.530380476190477,14.905350523809542,7.479507770229768,0.0,0.4666666666666667,0.012987012987012988,74,69,71,0.6243654822335025,0.45685279187817257,0.6548223350253807,2.951045,3.4298433174603176,1.351668,0.038461538461538464,0.510548523206751,0.00558659217877095,123,90,129
677,0.7563451776649747,0.6954314720812182,0.700507614213198,69.36035497180876,69.71708987626869,102.627851,0.6494845360824743,0.7227722772277227,0.717948717948718,149,137,138,0.6792452830188679,0.6509433962264151,0.6981132075471698,8.283167317460318,15.358300841269847,7.724395152625152,0.0,0.5257731958762887,0.0,72,69,74,0.6243654822335025,0.4619289340101523,0.6548223350253807,2.920287,3.4399233174603174,1.36192,0.0446927374301676,0.5582329317269076,0.00558659217877095,123,91,129
678,0.7868020304568528,0.6751269035532995,0.6751269035532995,71.04784214664713,72.08356618299027,103.019088,0.6792452830188679,0.7666666666666667,0.7757009345794392,155,133,133,0.6886792452830188,0.6037735849056604,0.7264150943396226,7.51706588888889,14.801522555555582,8.04958194283494,0.010638297872340425,0.4673913043478261,0.02702702702702703,73,64,77,0.6294416243654822,0.467005076142132,0.649746192893401,2.907781,3.4158633174603175,1.328822,0.027777777777777776,0.5308641975308642,0.011049723756906077,124,92,128
679,0.7766497461928934,0.7106598984771574,0.6903553299492385,69.07060589375436,73.07278687627125,101.207164,0.725,0.77,0.7410714285714286,153,140,136,0.6981132075471698,0.6320754716981132,0.6981132075471698,8.170150539682542,14.946268555555479,7.645652399045397,0.010638297872340425,0.449438202247191,0.0,74,67,74,0.6294416243654822,0.4873096446700508,0.6446700507614214,2.908963,3.4270063174603176,1.291557,0.043010752688172046,0.5126050420168067,0.016304347826086956,124,96,127
680,0.7766497461928934,0.7157360406091371,0.6751269035532995,69.98518235790745,70.29785207387077,98.765966,0.6595744680851063,0.7978723404255319,0.7606837606837606,153,141,133,0.7264150943396226,0.6415094339622641,0.7264150943396226,7.847664555555556,14.682174666666574,7.538420942834943,0.020618556701030927,0.5172413793103449,0.0,77,68,77,0.6142131979695431,0.49238578680203043,0.6598984771573604,2.859744,3.536516317460318,1.326991,0.04419889502762431,0.548,0.016129032258064516,121,97,130
681,0.7817258883248731,0.7106598984771574,0.6852791878172588,69.98812245975247,70.12600956699258,100.639239,0.6631578947368421,0.78125,0.71900826446281,154,140,135,0.7075471698113207,0.6132075471698113,0.7075471698113207,7.68583488888889,15.089286333332995,7.33187802097902,0.0,0.48314606741573035,0.0,75,65,75,0.583756345177665,0.47715736040609136,0.6751269035532995,2.952611,3.508532317460318,1.342903,0.05113636363636364,0.5166666666666667,0.016129032258064516,115,94,133
682,0.7817258883248731,0.7157360406091371,0.6751269035532995,70.88984184020647,68.85167254323083,103.179359,0.7931034482758621,0.7362637362637363,0.7105263157894737,154,141,133,0.6981132075471698,0.660377358490566,0.7075471698113207,7.270326888888891,14.909550111111137,7.904470774558775,0.010869565217391304,0.5164835164835165,0.013333333333333334,74,70,75,0.5786802030456852,0.49238578680203043,0.6751269035532995,2.975152,3.475970317460318,1.377707,0.0335195530726257,0.5232558139534884,0.010869565217391304,114,97,133
683,0.7614213197969543,0.700507614213198,0.6903553299492385,71.01980983677578,70.18759880453676,96.454705,0.6904761904761905,0.71,0.7391304347826086,150,138,136,0.7169811320754716,0.6320754716981132,0.7358490566037735,7.926000571428573,15.40198377777756,7.629101059385057,0.0,0.4946236559139785,0.0,76,67,78,0.5989847715736041,0.5076142131979695,0.6802030456852792,2.912574,3.5214033174603174,1.311891,0.027472527472527472,0.5396825396825397,0.010869565217391304,118,100,134
684,0.7817258883248731,0.6954314720812182,0.6903553299492385,70.26850059251734,70.81479694481699,100.76193,0.6836734693877551,0.7920792079207921,0.7387387387387387,154,137,136,0.7264150943396226,0.6320754716981132,0.7924528301886793,8.10579066666667,14.802664492063665,7.790220285714284,0.0,0.5052631578947369,0.013157894736842105,77,67,84,0.6040609137055838,0.5228426395939086,0.6751269035532995,2.928504,3.4762483174603176,1.34545,0.03278688524590164,0.5440613026819924,0.00546448087431694,119,103,133
685,0.766497461928934,0.6954314720812182,0.6751269035532995,70.13539830939186,70.98399397791769,101.567688,0.7439024390243902,0.8210526315789474,0.7747747747747747,151,137,133,0.7358490566037735,0.6226415094339622,0.7452830188679245,7.374556142857146,14.277700111111015,7.729878295704293,0.0,0.4948453608247423,0.013333333333333334,78,66,79,0.6040609137055838,0.5025380710659898,0.6751269035532995,2.861845,3.5672533174603176,1.315155,0.02717391304347826,0.5258620689655172,0.01092896174863388,119,99,133
686,0.8020304568527918,0.7258883248730964,0.6852791878172588,67.69750044838544,72.39061480880821,109.201058,0.7096774193548387,0.76,0.7288135593220338,158,143,135,0.7264150943396226,0.6320754716981132,0.7075471698113207,7.762606920634924,15.00131066666633,7.834988611721609,0.0,0.4375,0.041666666666666664,77,67,75,0.6192893401015228,0.5076142131979695,0.6751269035532995,2.922071,3.5527613174603174,1.307575,0.026881720430107527,0.5217391304347826,0.01092896174863388,122,100,133
687,0.817258883248731,0.7258883248730964,0.7055837563451777,71.86561738003165,74.5935269453836,102.099333,0.6338028169014085,0.6534653465346535,0.7368421052631579,161,143,139,0.7358490566037735,0.6320754716981132,0.7169811320754716,8.044552666666668,14.741457555555217,7.805806462537462,0.0,0.4489795918367347,0.0,78,67,76,0.6192893401015228,0.5329949238578681,0.6852791878172588,2.956977,3.501765317460318,1.383075,0.046875,0.46825396825396826,0.021621621621621623,122,105,135
688,0.8020304568527918,0.7106598984771574,0.7055837563451777,72.21823681337207,74.3558282781516,103.168541,0.7108433734939759,0.6989247311827957,0.7256637168141593,158,140,139,0.7452830188679245,0.6320754716981132,0.7735849056603774,8.498260333333334,14.98840788888855,7.738697238317236,0.0,0.45161290322580644,0.0,79,67,82,0.6091370558375635,0.5431472081218274,0.6954314720812182,2.967744,3.5312643174603178,1.381018,0.03763440860215054,0.4942528735632184,0.016216216216216217,120,107,137
689,0.7918781725888325,0.7106598984771574,0.7106598984771574,74.73524749609587,76.54928002972827,103.307201,0.6162790697674418,0.75,0.7129629629629629,156,140,140,0.7641509433962265,0.6509433962264151,0.7547169811320755,8.258615539682541,15.410062888888307,7.639661817293815,0.0,0.4367816091954023,0.0,81,69,80,0.6142131979695431,0.5532994923857868,0.6954314720812182,2.928032,3.581111317460318,1.290263,0.057291666666666664,0.47674418604651164,0.00546448087431694,121,109,137
690,0.8071065989847716,0.7208121827411168,0.7157360406091371,70.16869468159224,77.07870504380539,105.144504,0.7125,0.7684210526315789,0.6982758620689655,159,142,141,0.7547169811320755,0.6792452830188679,0.7547169811320755,7.468357111111112,15.099007111111991,7.853192449328447,0.0,0.44,0.011627906976744186,80,72,80,0.6243654822335025,0.5431472081218274,0.6852791878172588,2.965792,3.687783317460318,1.327782,0.06091370558375635,0.45161290322580644,0.00546448087431694,123,107,135
691,0.8071065989847716,0.7055837563451777,0.7258883248730964,71.93992223472235,75.73754590032726,108.014163,0.6578947368421053,0.7254901960784313,0.75,159,139,143,0.7264150943396226,0.660377358490566,0.7452830188679245,7.704950000000002,15.719478793650456,7.415464565545565,0.0,0.45348837209302323,0.012658227848101266,77,70,79,0.6040609137055838,0.5076142131979695,0.6852791878172588,2.992999,3.8308913174603183,1.365282,0.021505376344086023,0.42424242424242425,0.0,119,100,135
692,0.8121827411167513,0.7208121827411168,0.7106598984771574,73.32257426373546,73.79209163470074,106.611347,0.6133333333333333,0.7653061224489796,0.7232142857142857,160,142,140,0.7169811320754716,0.6981132075471698,0.7641509433962265,8.340602714285714,15.713019222222128,7.375719609279608,0.0,0.3877551020408163,0.0125,76,74,81,0.5939086294416244,0.5126903553299492,0.6852791878172588,2.926614,3.5820733174603183,1.327801,0.05699481865284974,0.43346007604562736,0.0,117,101,135
693,0.8071065989847716,0.7208121827411168,0.7258883248730964,69.95783185417397,73.63544590155006,107.022482,0.5930232558139535,0.7523809523809524,0.7543859649122807,159,142,143,0.7169811320754716,0.6415094339622641,0.7547169811320755,8.42941788888889,14.970684793650697,7.862888564102562,0.0,0.47674418604651164,0.0,76,68,80,0.6345177664974619,0.5126903553299492,0.6751269035532995,3.010378,3.545309317460318,1.327692,0.06030150753768844,0.4716981132075472,0.0,125,101,133
694,0.7868020304568528,0.7208121827411168,0.7208121827411168,72.08367253154418,73.83975152391848,105.767646,0.6410256410256411,0.7474747474747475,0.6935483870967742,155,142,142,0.7264150943396226,0.6509433962264151,0.7452830188679245,8.518201111111114,15.326208333333238,7.286773297924298,0.0,0.4375,0.0,77,69,79,0.6345177664974619,0.5634517766497462,0.6954314720812182,3.012077,3.577597317460318,1.446646,0.05555555555555555,0.4944649446494465,0.0053475935828877,125,111,137
695,0.7969543147208121,0.7309644670050761,0.700507614213198,71.07657246168897,73.2039712781516,101.026696,0.6777777777777778,0.7227722772277227,0.7211538461538461,157,144,138,0.6981132075471698,0.25471698113207547,0.3490566037735849,8.16167634920635,11.322551206349821,6.444650947718945,0.0,0.42168674698795183,0.0,74,27,37,0.6243654822335025,0.5482233502538071,0.6903553299492385,2.974323,3.669687317460318,1.33525,0.031746031746031744,0.4844961240310077,0.0,123,108,136
696,0.8020304568527918,0.7157360406091371,0.7258883248730964,71.64340805348486,73.72923994269684,103.145444,0.6373626373626373,0.7684210526315789,0.6722689075630253,158,141,143,0.7169811320754716,0.2641509433962264,0.3584905660377358,8.20291788888889,11.45847898412821,6.524880517482513,0.0,0.45454545454545453,0.0,76,28,38,0.6395939086294417,0.5786802030456852,0.6700507614213198,3.032747,3.614447317460318,1.358271,0.035897435897435895,0.48148148148148145,0.010638297872340425,126,114,132
697,0.8071065989847716,0.7309644670050761,0.7106598984771574,73.18774281279948,72.6567399468053,108.211641,0.6941176470588235,0.7476635514018691,0.7289719626168224,159,144,140,0.7169811320754716,0.22641509433962265,0.2641509433962264,8.04230931746032,11.435898539683153,5.842234696969695,0.0,0.5555555555555556,0.0,76,24,28,0.6446700507614214,0.5532994923857868,0.6802030456852792,2.986448,3.664466317460318,1.323019,0.025906735751295335,0.4782608695652174,0.010526315789473684,127,109,134
698,0.8121827411167513,0.7157360406091371,0.7157360406091371,70.93867148044453,73.67380394477986,106.091867,0.6091954022988506,0.7289719626168224,0.7981651376146789,160,141,141,0.6981132075471698,0.2169811320754717,0.3018867924528302,8.05530688888889,11.616080539683153,5.730768813186812,0.0,0.6486486486486487,0.0,74,23,32,0.6395939086294417,0.5279187817258884,0.6954314720812182,3.062281,3.8073583174603183,1.330886,0.041025641025641026,0.49583333333333335,0.0051813471502590676,126,104,137
699,0.7817258883248731,0.7360406091370558,0.7106598984771574,73.35911905348486,75.63174461148365,104.345149,0.7397260273972602,0.7830188679245284,0.6587301587301587,154,145,140,0.6886792452830188,0.1792452830188679,0.3018867924528302,8.05477788888889,11.620256539683155,5.888899951714949,0.0,0.8421052631578947,0.02,73,19,32,0.6192893401015228,0.5126903553299492,0.6954314720812182,3.005603,3.744895317460318,1.325291,0.04081632653061224,0.450199203187251,0.0,122,101,137
700,0.8223350253807107,0.7563451776649747,0.7208121827411168,75.47499778666221,76.79094294481826,111.107884,0.6853932584269663,0.7572815533980582,0.7722772277227723,162,149,142,0.7075471698113207,0.18867924528301888,0.27358490566037735,8.22564888888889,11.551175539683154,5.688759098346097,0.0,0.8421052631578947,0.075,75,20,29,0.6243654822335025,0.5583756345177665,0.7208121827411168,3.037756,3.771399317460318,1.394046,0.031088082901554404,0.48507462686567165,0.0051813471502590676,123,110,142
701,0.8274111675126904,0.751269035532995,0.7461928934010152,73.36943647826051,74.09092510233418,101.96455,0.6823529411764706,0.7575757575757576,0.6239316239316239,163,148,147,0.7169811320754716,0.18867924528301888,0.25471698113207547,8.107619000000001,11.574962428572046,5.7166378001997975,0.009900990099009901,0.7755102040816326,0.058823529411764705,76,20,27,0.6345177664974619,0.5583756345177665,0.7309644670050761,3.042251,3.7709933174603183,1.361026,0.025510204081632654,0.4645669291338583,0.0,125,110,144
702,0.8223350253807107,0.751269035532995,0.7258883248730964,72.14096172015151,74.71884967706072,107.972773,0.6790123456790124,0.7410714285714286,0.6886792452830188,162,148,143,0.7264150943396226,0.18867924528301888,0.2830188679245283,7.88719788888889,11.592561428572045,5.954692129870127,0.0,0.8367346938775511,0.22916666666666666,77,20,30,0.6345177664974619,0.5482233502538071,0.7309644670050761,3.085633,3.808799317460318,1.411466,0.015463917525773196,0.48846153846153845,0.0,125,108,144
703,0.8223350253807107,0.751269035532995,0.7360406091370558,72.8944571392643,72.97552294523314,104.978021,0.6785714285714286,0.7358490566037735,0.68,162,148,145,0.7358490566037735,0.18867924528301888,0.27358490566037735,8.14701734920635,11.681165650794268,5.964182261738258,0.0,0.8936170212765957,0.24561403508771928,78,20,29,0.6395939086294417,0.5583756345177665,0.7157360406091371,3.067473,3.793978317460318,1.389453,0.02072538860103627,0.47244094488188976,0.0,126,110,141
704,0.8324873096446701,0.7563451776649747,0.7411167512690355,73.72557352704115,77.55091298784787,102.385783,0.6533333333333333,0.77,0.7156862745098039,164,149,146,0.7264150943396226,0.19811320754716982,0.2358490566037736,7.60387288888889,11.717561428572045,6.255226118881117,0.0,0.8653846153846154,0.40425531914893614,77,21,25,0.6243654822335025,0.6142131979695431,0.7106598984771574,3.076206,3.802076317460318,1.42368,0.015789473684210527,0.5,0.0,123,121,140
705,0.8274111675126904,0.7563451776649747,0.7360406091370558,74.87724872714706,73.67987698930799,98.737611,0.6265060240963856,0.7524752475247525,0.7087378640776699,163,149,145,0.7452830188679245,0.1792452830188679,0.2830188679245283,7.786870428571429,11.654904428572046,6.355234423909422,0.0,0.9166666666666666,0.375,79,19,30,0.6395939086294417,0.6040609137055838,0.700507614213198,3.07765,3.812449317460318,1.394303,0.015463917525773196,0.45491803278688525,0.0,126,119,138
706,0.8071065989847716,0.7563451776649747,0.7411167512690355,70.18960163630777,76.16523132264258,102.106959,0.6666666666666666,0.797979797979798,0.7171717171717171,159,149,146,0.7452830188679245,0.1792452830188679,0.22641509433962265,7.571024460317463,11.700821428572045,6.635380869796869,0.0,0.9375,0.3898305084745763,79,19,24,0.6345177664974619,0.6091370558375635,0.6954314720812182,3.049761,3.772153317460318,1.42085,0.010526315789473684,0.4331983805668016,0.0,125,120,137
707,0.8274111675126904,0.7411167512690355,0.7208121827411168,71.71626732433282,75.63762090032726,105.915465,0.6341463414634146,0.7596153846153846,0.7027027027027027,163,146,142,0.7452830188679245,0.1509433962264151,0.2358490566037736,8.09348134920635,11.771566428572045,6.522116203130201,0.0,0.9285714285714286,0.4918032786885246,79,16,25,0.6345177664974619,0.6192893401015228,0.6903553299492385,3.110464,3.820849317460318,1.379403,0.04145077720207254,0.4859437751004016,0.0,125,122,136
708,0.8274111675126904,0.7614213197969543,0.7461928934010152,73.54768262066756,73.11209932589409,102.562283,0.6388888888888888,0.7155963302752294,0.6842105263157895,163,150,147,0.7169811320754716,0.1509433962264151,0.25471698113207547,8.196009777777778,11.771566428572045,6.864486869796867,0.0,1.0,0.5106382978723404,76,16,27,0.649746192893401,0.6192893401015228,0.6802030456852792,3.120596,3.809970317460318,1.423791,0.02577319587628866,0.46946564885496184,0.0,128,122,134
709,0.8426395939086294,0.7614213197969543,0.7309644670050761,74.18754388771002,69.43061459577339,103.834998,0.5609756097560976,0.76,0.7211538461538461,166,150,144,0.7264150943396226,0.14150943396226415,0.22641509433962265,8.276668460317461,11.771566428572045,6.450639536463533,0.0,1.0,0.4927536231884058,77,15,24,0.6649746192893401,0.5939086294416244,0.6598984771573604,3.11823,3.858578317460318,1.453492,0.04477611940298507,0.5,0.0,131,117,130
710,0.8274111675126904,0.751269035532995,0.7360406091370558,74.1723710209375,71.51113332312286,100.199984,0.6721311475409836,0.7524752475247525,0.7244897959183674,163,148,145,0.7264150943396226,0.27358490566037735,0.7547169811320755,7.956216317460319,15.107867666666671,7.69129610966811,0.0,0.7894736842105263,0.2616822429906542,77,29,80,0.6598984771573604,0.6142131979695431,0.6751269035532995,3.190348,3.842231317460318,1.373171,0.08695652173913043,0.47808764940239046,0.0,130,121,133
711,0.8223350253807107,0.7411167512690355,0.7461928934010152,72.72333128733422,72.54405030243873,103.808985,0.5972222222222222,0.7340425531914894,0.6071428571428571,162,146,147,0.7264150943396226,0.2641509433962264,0.6792452830188679,8.212229539682541,15.047217777777783,7.93018618093018,0.0,0.87,0.30158730158730157,77,28,72,0.6598984771573604,0.5888324873096447,0.6751269035532995,3.136534,3.8754973174603182,1.386974,0.06965174129353234,0.4785992217898833,0.0,130,116,133
712,0.817258883248731,0.7411167512690355,0.7208121827411168,72.69169510357285,77.14420613027058,102.460532,0.582089552238806,0.7326732673267327,0.7252747252747253,161,146,142,0.7169811320754716,0.25471698113207547,0.7075471698113207,7.705067238095241,15.132692777777784,7.5431873396603395,0.0,0.896551724137931,0.2823529411764706,76,27,75,0.6446700507614214,0.583756345177665,0.6802030456852792,3.108479,3.8678723174603182,1.42279,0.08,0.484,0.0,127,115,134
713,0.8324873096446701,0.751269035532995,0.7309644670050761,73.44622096478622,76.76585625655993,102.874392,0.525,0.7346938775510204,0.6822429906542056,164,148,144,0.7075471698113207,0.25471698113207547,0.6886792452830188,7.7759641111111115,15.182609000000008,7.78665909224109,0.0,0.9172413793103448,0.3333333333333333,75,27,73,0.6598984771573604,0.5329949238578681,0.6700507614213198,3.141531,3.976341317460318,1.448522,0.041025641025641026,0.4924812030075188,0.0,130,105,132
714,0.8324873096446701,0.7614213197969543,0.751269035532995,72.25487899130403,75.31170265923531,105.75041,0.7377049180327869,0.77,0.6565656565656566,164,150,148,0.7169811320754716,0.25471698113207547,0.6698113207547169,8.129528031746034,15.151858412698378,7.798316896991897,0.01,0.9060402684563759,0.34831460674157305,76,27,71,0.649746192893401,0.5380710659898477,0.6700507614213198,3.161559,3.926125317460318,1.423855,0.06598984771573604,0.4652014652014652,0.0,128,106,132
715,0.8223350253807107,0.7411167512690355,0.7055837563451777,71.24314265482612,74.0949331648282,104.039702,0.5641025641025641,0.74,0.6831683168316832,162,146,139,0.6981132075471698,0.2641509433962264,0.7264150943396226,8.34194946031746,15.110194555557388,7.638749634920632,0.0,0.8980891719745223,0.31313131313131315,74,28,77,0.6649746192893401,0.5786802030456852,0.6751269035532995,3.143052,3.943377317460318,1.441712,0.07352941176470588,0.46691176470588236,0.0,131,114,133
716,0.8274111675126904,0.7563451776649747,0.7411167512690355,72.35046266032684,74.93554307877027,109.720825,0.5287356321839081,0.6160714285714286,0.6666666666666666,163,149,146,0.7075471698113207,0.25471698113207547,0.6981132075471698,8.609471428571428,15.11747233332795,7.530626533577531,0.0,0.9210526315789473,0.2903225806451613,75,27,74,0.6548223350253807,0.5634517766497462,0.6802030456852792,3.059483,4.039304317460318,1.448018,0.04145077720207254,0.46360153256704983,0.005263157894736842,129,111,134
717,0.8223350253807107,0.7360406091370558,0.7309644670050761,74.31937587505406,75.12890756670984,108.929075,0.6619718309859155,0.7708333333333334,0.7204301075268817,162,145,144,0.7264150943396226,0.2641509433962264,0.7169811320754716,8.176816206349207,15.146422666666671,7.651389501831502,0.0,0.9006211180124224,0.3103448275862069,77,28,76,0.6598984771573604,0.5736040609137056,0.6852791878172588,3.055335,4.018182317460318,1.366993,0.041025641025641026,0.4448669201520912,0.0051813471502590676,130,113,135
718,0.8223350253807107,0.7563451776649747,0.7461928934010152,74.586587467696,72.44584574537211,99.860812,0.6164383561643836,0.7634408602150538,0.6574074074074074,162,149,147,0.7547169811320755,0.25471698113207547,0.7264150943396226,8.10071534920635,15.044505777777784,7.837690062271061,0.0,0.9155844155844156,0.3163265306122449,80,27,77,0.6700507614213198,0.5888324873096447,0.6802030456852792,3.108673,3.931701317460318,1.41195,0.04040404040404041,0.4716981132075472,0.0,132,116,134
719,0.8274111675126904,0.7461928934010152,0.7309644670050761,71.92533253378161,76.96273520967716,108.688794,0.6129032258064516,0.7528089887640449,0.7070707070707071,163,147,144,0.7169811320754716,0.24528301886792453,0.7735849056603774,8.60293388888889,14.866061777777784,7.871456036630037,0.0,0.922077922077922,0.23655913978494625,76,26,82,0.6598984771573604,0.583756345177665,0.6954314720812182,3.066348,4.066744317460318,1.347474,0.046153846153846156,0.5,0.010416666666666666,130,115,137
720,0.8121827411167513,0.7360406091370558,0.7411167512690355,71.52829718935403,76.03544338833943,107.125754,0.6176470588235294,0.7317073170731707,0.6310679611650486,160,145,146,0.7169811320754716,0.25471698113207547,0.7169811320754716,8.98959558730159,14.846227777777784,7.834785089133089,0.0,0.9130434782608695,0.23684210526315788,76,27,76,0.6598984771573604,0.3299492385786802,0.7918781725888325,3.011011,4.0423323174603185,1.4674193333333334,0.055,0.64,0.008,130,65,156
721,0.8324873096446701,0.7563451776649747,0.7309644670050761,69.53609616007459,78.05830357638213,108.121629,0.5540540540540541,0.6631578947368421,0.7368421052631579,164,149,144,0.7169811320754716,0.25471698113207547,0.7924528301886793,8.536245000000003,14.925456777777784,7.893073324342328,0.0,0.9230769230769231,0.10975609756097561,76,27,84,0.6598984771573604,0.38578680203045684,0.7614213197969543,3.034608,4.052185095238095,1.3982313333333334,0.036458333333333336,0.7827586206896552,0.0,130,76,150
722,0.8121827411167513,0.7563451776649747,0.7309644670050761,70.04639779787708,73.58616190004318,104.407448,0.6,0.723404255319149,0.7087378640776699,160,149,144,0.7169811320754716,0.2641509433962264,0.8301886792452831,8.294855111111113,14.96660755555546,7.766971038295041,0.0,0.9119496855345912,0.16470588235294117,76,28,88,0.6446700507614214,0.3553299492385787,0.7461928934010152,3.065128,3.932362317460318,1.3885572943722946,0.031746031746031744,0.794425087108014,0.0,127,70,147
723,0.8121827411167513,0.7614213197969543,0.7563451776649747,72.19914695787672,74.29746043898975,109.90849,0.6363636363636364,0.7901234567901234,0.7075471698113207,160,150,149,0.7169811320754716,0.2641509433962264,0.7924528301886793,8.331624317460319,14.999047555555451,7.940284946830947,0.0,0.9161290322580645,0.18181818181818182,76,28,84,0.6548223350253807,0.3350253807106599,0.7563451776649747,3.038963,3.881925317460318,1.3701549350649351,0.015957446808510637,0.8054607508532423,0.0,129,66,149
724,0.8223350253807107,0.7258883248730964,0.751269035532995,75.2986328577553,75.79051123337692,107.88601,0.6052631578947368,0.782051282051282,0.7021276595744681,162,143,148,0.7264150943396226,0.2641509433962264,0.7924528301886793,8.24930188888889,14.712014444444339,8.10681318725719,0.0,0.9230769230769231,0.08235294117647059,77,28,84,0.6548223350253807,0.3197969543147208,0.7563451776649747,3.039946,3.957080317460318,1.3957072943722946,0.0106951871657754,0.8621794871794872,0.0,129,63,149
725,0.8274111675126904,0.7461928934010152,0.7208121827411168,75.70429451454014,73.43471790004317,106.691855,0.6666666666666666,0.6853932584269663,0.6631578947368421,163,147,142,0.6886792452830188,0.2641509433962264,0.7735849056603774,7.719574460317462,14.890529555555451,7.407819101343101,0.0,0.9266666666666666,0.09230769230769231,73,28,82,0.649746192893401,0.2893401015228426,0.7360406091370558,3.048785,3.848526317460318,1.3635246753246755,0.0106951871657754,0.8474025974025974,0.0,128,57,145
726,0.8071065989847716,0.751269035532995,0.7411167512690355,74.7022375360318,71.86629974508023,112.944037,0.6612903225806451,0.6597938144329897,0.6728971962616822,159,148,146,0.7264150943396226,0.24528301886792453,0.7641509433962265,7.857663746031748,14.897961555555451,7.90140278898879,0.0,0.922077922077922,0.12162162162162163,77,26,81,0.649746192893401,0.3197969543147208,0.7309644670050761,3.040779,3.8666173174603182,1.3541611818181818,0.0053475935828877,0.8366666666666667,0.0,128,63,144
727,0.817258883248731,0.751269035532995,0.7360406091370558,73.60846280099244,77.04636089961893,108.102811,0.5,0.6813186813186813,0.71,161,148,145,0.7075471698113207,0.22641509433962265,0.839622641509434,8.141743777777778,14.932879555555452,7.942627706737708,0.0,0.9096774193548387,0.09523809523809523,75,24,89,0.6598984771573604,0.28426395939086296,0.766497461928934,3.052543,3.810622317460318,1.3589844415584413,0.015706806282722512,0.8802588996763754,0.0,130,56,151
728,0.8324873096446701,0.7461928934010152,0.7461928934010152,73.26661862916689,78.42151656670984,103.228184,0.5833333333333334,0.6987951807228916,0.6804123711340206,164,147,147,0.7169811320754716,0.25471698113207547,0.7924528301886793,8.302808206349209,14.976324444444339,7.963705706182708,0.0,0.9096774193548387,0.1282051282051282,76,27,84,0.6598984771573604,0.26903553299492383,0.7309644670050761,3.062271,3.865760317460318,1.3855010606060607,0.02631578947368421,0.8857142857142857,0.0,130,53,144
729,0.8071065989847716,0.766497461928934,0.7360406091370558,75.28540430995567,75.79684490004317,104.877555,0.6065573770491803,0.6829268292682927,0.6989247311827957,159,151,145,0.6886792452830188,0.2358490566037736,0.7641509433962265,7.697730920634921,15.198805777779196,7.928166496947499,0.0,0.92,0.11688311688311688,73,25,81,0.6649746192893401,0.28426395939086296,0.6802030456852792,3.026969,3.822905317460318,1.3517738744588743,0.015873015873015872,0.887459807073955,0.0,131,56,134
730,0.817258883248731,0.7360406091370558,0.7258883248730964,75.86383571853038,75.75566472138091,107.945693,0.6266666666666667,0.6941176470588235,0.7037037037037037,161,145,143,0.6792452830188679,0.2641509433962264,0.7830188679245284,7.7247358888888895,15.370540333333333,8.065370810300811,0.0,0.9038461538461539,0.09333333333333334,72,28,83,0.6446700507614214,0.27918781725888325,0.7106598984771574,3.016648,3.808196317460318,1.356493476190476,0.016042780748663103,0.8844884488448845,0.0,127,55,140
731,0.8274111675126904,0.7461928934010152,0.751269035532995,72.78284676626983,77.08733456670986,111.546247,0.5223880597014925,0.6122448979591837,0.64,163,147,148,0.7169811320754716,0.25471698113207547,0.7641509433962265,8.04453488888889,15.253308888888888,7.9957264039294085,0.0,0.9066666666666666,0.06578947368421052,76,27,81,0.6446700507614214,0.27918781725888325,0.7055837563451777,3.045582,3.829041317460318,1.395452619047619,0.0106951871657754,0.8857142857142857,0.0,127,55,139
732,0.8274111675126904,0.7461928934010152,0.7208121827411168,74.04778524952549,74.1455966146923,102.812034,0.6481481481481481,0.6703296703296703,0.7011494252873564,163,147,142,0.7358490566037735,0.25471698113207547,0.7735849056603774,8.335103761904763,15.433339777777777,8.074674549672551,0.0,0.8974358974358975,0.0684931506849315,78,27,82,0.6395939086294417,0.28426395939086296,0.7157360406091371,3.024578,3.784431317460318,1.410428285714286,0.015789473684210527,0.89,0.0,126,56,141
733,0.7868020304568528,0.7563451776649747,0.7461928934010152,74.90494726214945,74.26226423337651,108.637067,0.5909090909090909,0.6629213483146067,0.6736842105263158,155,149,147,0.7264150943396226,0.25471698113207547,0.7641509433962265,8.28596388888889,15.391231777777776,7.991731701853702,0.0,0.9115646258503401,0.05333333333333334,77,27,81,0.6294416243654822,0.27411167512690354,0.7208121827411168,3.032948,3.7864373174603183,1.3973928961038962,0.01098901098901099,0.9013157894736842,0.0,124,54,142
734,0.8274111675126904,0.7360406091370558,0.7411167512690355,74.80233579766067,74.7259247213161,106.708021,0.5405405405405406,0.6835443037974683,0.673469387755102,163,145,146,0.7169811320754716,0.24528301886792453,0.8490566037735849,8.547057000000004,15.527700777777776,7.8342666290376295,0.0,0.910958904109589,0.06172839506172839,76,26,90,0.6345177664974619,0.26903553299492383,0.7208121827411168,3.076038,3.7634123174603182,1.3742127142857143,0.0106951871657754,0.8963210702341137,0.0,125,53,142
735,0.8121827411167513,0.7461928934010152,0.7258883248730964,75.6238641014883,72.1938762333765,104.687044,0.5645161290322581,0.6547619047619048,0.7,160,147,143,0.7169811320754716,0.2358490566037736,0.7641509433962265,8.878081888888891,15.60622077777778,7.955504461538461,0.0,0.9236111111111112,0.03225806451612903,76,25,81,0.6192893401015228,0.27918781725888325,0.7208121827411168,2.98621,3.675725317460318,1.379905865800866,0.0055248618784530384,0.8827361563517915,0.0,122,55,142
736,0.817258883248731,0.7563451776649747,0.7563451776649747,72.8569116260732,74.3325692333765,99.739109,0.6060606060606061,0.691358024691358,0.6310679611650486,161,149,149,0.7264150943396226,0.24528301886792453,0.7924528301886793,9.165047888888893,15.749268555555556,8.113650548229549,0.0,0.9115646258503401,0.0410958904109589,77,26,84,0.6192893401015228,0.27411167512690354,0.7309644670050761,2.977962,3.735420317460318,1.4043429826839826,0.00546448087431694,0.9146757679180887,0.0,122,54,144
737,0.8223350253807107,0.7461928934010152,0.6954314720812182,75.24601675418656,75.03294949990703,107.069868,0.5692307692307692,0.6,0.7307692307692307,162,147,137,0.7169811320754716,0.24528301886792453,0.7641509433962265,9.111389888888892,15.852731444444444,7.818997953823955,0.0,0.9047619047619048,0.027777777777777776,76,26,81,0.6294416243654822,0.25888324873096447,0.6903553299492385,3.039596,3.711789317460318,1.3357612467532467,0.021164021164021163,0.8972602739726028,0.0,124,51,136
738,0.817258883248731,0.766497461928934,0.7258883248730964,73.2523640016439,71.05903090004315,107.508471,0.4915254237288136,0.5393258426966292,0.672566371681416,161,151,143,0.7264150943396226,0.24528301886792453,0.7924528301886793,9.121337777777782,15.898023555555556,7.873871195582197,0.0,0.9025974025974026,0.0,77,26,84,0.6294416243654822,0.25888324873096447,0.7258883248730964,2.956324,3.6414213174603183,1.341458142857143,0.03664921465968586,0.9078947368421053,0.0,124,51,143
739,0.8223350253807107,0.7461928934010152,0.7258883248730964,72.70087609168642,73.31603905464941,109.842222,0.5892857142857143,0.7384615384615385,0.6938775510204082,162,147,143,0.7169811320754716,0.2358490566037736,0.7264150943396226,9.061984222222224,15.613773333333333,7.89854593850594,0.0,0.9060402684563759,0.07142857142857142,76,25,77,0.6345177664974619,0.2639593908629442,0.6852791878172588,2.960619,3.672791317460318,1.388888,0.031914893617021274,0.9115646258503401,0.0,125,52,135
740,0.8020304568527918,0.7411167512690355,0.751269035532995,73.24039410081642,74.25622805464923,105.10333,0.5423728813559322,0.6875,0.6979166666666666,158,146,148,0.7075471698113207,0.24528301886792453,0.7735849056603774,8.93960431746032,15.60971622222212,7.59935165712066,0.0,0.8993288590604027,0.014084507042253521,75,26,82,0.6294416243654822,0.4467005076142132,0.6598984771573604,2.933403,3.9155483174603183,1.4675501428571431,0.042328042328042326,0.7987012987012987,0.0,124,88,130
741,0.817258883248731,0.7411167512690355,0.7360406091370558,75.03136433497718,77.30315710289082,109.919109,0.4142857142857143,0.6282051282051282,0.6326530612244898,161,146,145,0.6981132075471698,0.24528301886792453,0.7547169811320755,8.606836,15.725460444444339,7.925781592185596,0.0,0.9060402684563759,0.029850746268656716,74,26,80,0.6294416243654822,0.49746192893401014,0.6649746192893401,2.953319,3.75787753968254,1.4559650000000002,0.042105263157894736,0.6480836236933798,0.0,124,98,131
742,0.8223350253807107,0.751269035532995,0.7309644670050761,74.84802750884202,73.216960900326,106.231619,0.64,0.7215189873417721,0.6764705882352942,162,148,144,0.7169811320754716,0.24528301886792453,0.7924528301886793,8.966364349206351,16.06793155555545,7.7063249841269865,0.0,0.9121621621621622,0.0,76,26,84,0.6395939086294417,0.467005076142132,0.6548223350253807,2.921684,3.82853653968254,1.4461520000000003,0.031578947368421054,0.5810276679841897,0.0,126,92,129
743,0.8121827411167513,0.7461928934010152,0.751269035532995,71.0804531895066,71.71165056670985,109.676105,0.5576923076923077,0.6455696202531646,0.6635514018691588,160,147,148,0.7169811320754716,0.2641509433962264,0.7358490566037735,9.085680111111111,16.00835611111101,7.567590184149188,0.0,0.9054054054054054,0.028985507246376812,76,28,78,0.6192893401015228,0.4619289340101523,0.6649746192893401,2.942072,3.8576703174603177,1.4034450000000003,0.0481283422459893,0.5746268656716418,0.0,122,91,131
744,0.8121827411167513,0.7411167512690355,0.7157360406091371,75.56994747095901,76.69589456699266,106.211972,0.4153846153846154,0.7012987012987013,0.6875,160,146,141,0.7075471698113207,0.29245283018867924,0.7075471698113207,8.515259349206351,16.187093555555453,7.927346338217339,0.0,0.8435374149659864,0.0,75,31,75,0.6243654822335025,0.4873096446700508,0.6649746192893401,2.914046,3.7781723174603177,1.4697340000000003,0.05670103092783505,0.5714285714285714,0.0,123,96,131
745,0.817258883248731,0.751269035532995,0.7411167512690355,71.24040152498998,73.93464290004319,105.752253,0.45,0.6511627906976745,0.6565656565656566,161,148,146,0.7169811320754716,0.3018867924528302,0.7735849056603774,8.335172777777778,16.179221333333228,7.627495146520148,0.0,0.8389261744966443,0.0,76,32,82,0.6243654822335025,0.4873096446700508,0.6649746192893401,2.935166,3.8940463174603175,1.4119320000000002,0.031914893617021274,0.5928571428571429,0.0,123,96,131
746,0.8274111675126904,0.7563451776649747,0.7157360406091371,70.51508274372003,74.47557956699282,111.720515,0.543859649122807,0.6296296296296297,0.7032967032967034,163,149,141,0.6886792452830188,0.29245283018867924,0.7358490566037735,8.597935888888891,16.123501333333227,7.759806311133313,0.0,0.8666666666666667,0.014705882352941176,73,31,78,0.6446700507614214,0.45685279187817257,0.6548223350253807,2.937103,4.00735753968254,1.3997450000000002,0.031746031746031744,0.555956678700361,0.0,127,90,129
747,0.8121827411167513,0.7461928934010152,0.7208121827411168,73.40006282362148,72.79402023365932,105.545867,0.46938775510204084,0.6417910447761194,0.6237623762376238,160,147,142,0.6698113207547169,0.3018867924528302,0.7641509433962265,8.772033888888892,15.579939999999896,8.097420157509159,0.0,0.875,0.0,71,32,81,0.6548223350253807,0.4619289340101523,0.6395939086294417,2.941136,3.83212653968254,1.4158720000000002,0.026737967914438502,0.54421768707483,0.0,129,91,126
748,0.8071065989847716,0.7258883248730964,0.7461928934010152,70.11786417318083,72.9396575911135,101.767037,0.4067796610169492,0.5844155844155844,0.5871559633027523,159,143,147,0.6792452830188679,0.32075471698113206,0.7547169811320755,8.63134377777778,15.872852888888783,7.5830357387057425,0.0,0.8402777777777778,0.02531645569620253,72,34,80,0.6598984771573604,0.49238578680203043,0.6395939086294417,2.934571,3.764120317460318,1.4156540000000002,0.01092896174863388,0.5510204081632653,0.0,130,97,126
749,0.7766497461928934,0.7461928934010152,0.7360406091370558,76.52050191314933,71.83595956699267,104.003127,0.3728813559322034,0.6164383561643836,0.7391304347826086,153,147,145,0.6886792452830188,0.32075471698113206,0.7547169811320755,8.42230877777778,15.801665333333231,7.556833625152625,0.0,0.841726618705036,0.046153846153846156,73,34,80,0.6649746192893401,0.5076142131979695,0.649746192893401,2.891786,3.789980317460318,1.4203150000000002,0.01092896174863388,0.5631768953068592,0.0,131,100,128
750,0.8071065989847716,0.7411167512690355,0.751269035532995,69.27618833884648,70.91714323365905,108.123903,0.3559322033898305,0.5625,0.6956521739130435,159,146,148,0.6886792452830188,0.3113207547169811,0.7358490566037735,8.30064842857143,15.975178333333227,7.839696258852259,0.0,0.8235294117647058,0.0,73,33,78,0.6751269035532995,0.5177664974619289,0.649746192893401,2.927292,3.883247317460318,1.4294170000000002,0.021505376344086023,0.5447761194029851,0.0,133,102,128
751,0.8020304568527918,0.7563451776649747,0.7411167512690355,76.17884030435366,70.68411523365931,110.364951,0.4222222222222222,0.6164383561643836,0.6057692307692307,158,149,146,0.6886792452830188,0.32075471698113206,0.7924528301886793,8.689066888888892,15.64280244444434,7.6824126178266186,0.0,0.8571428571428571,0.015873015873015872,73,34,84,0.6598984771573604,0.4517766497461929,0.649746192893401,2.925594,3.899473317460318,1.3703310000000002,0.016304347826086956,0.553030303030303,0.0,130,89,128
752,0.8121827411167513,0.751269035532995,0.7157360406091371,74.14427648316183,72.25694941238642,104.801756,0.32608695652173914,0.6527777777777778,0.6354166666666666,160,148,141,0.6698113207547169,0.330188679245283,0.7547169811320755,8.446414460317463,16.06613966666656,7.608973730380732,0.0,0.8503937007874016,0.0,71,35,80,0.6548223350253807,0.4619289340101523,0.6395939086294417,2.949594,3.851503317460318,1.4426790000000003,0.03208556149732621,0.5278810408921933,0.0,129,91,126
753,0.7969543147208121,0.7461928934010152,0.7411167512690355,74.84413022538091,74.423225900326,111.669815,0.36,0.5588235294117647,0.6483516483516484,157,147,146,0.660377358490566,0.32075471698113206,0.8113207547169812,9.08312074603175,15.78526855555545,7.489768946275946,0.0,0.8413793103448276,0.0,70,34,86,0.649746192893401,0.48223350253807107,0.6395939086294417,2.933539,3.856051317460318,1.4004010000000002,0.03783783783783784,0.5441696113074205,0.0,128,95,126
754,0.7817258883248731,0.7258883248730964,0.7411167512690355,77.13297461593729,75.18278490032571,112.131867,0.3018867924528302,0.6865671641791045,0.5714285714285714,154,143,146,0.6509433962264151,0.3113207547169811,0.7452830188679245,8.104068888888891,16.10342355555545,8.135873354090352,0.0,0.8721804511278195,0.015151515151515152,69,33,79,0.6548223350253807,0.45685279187817257,0.6345177664974619,2.966674,3.916261317460318,1.4421350000000002,0.0273224043715847,0.5590551181102362,0.0,129,90,125
755,0.8274111675126904,0.7106598984771574,0.7106598984771574,73.61533138262239,63.395577388265586,100.770966,0.2765957446808511,0.6710526315789473,0.651685393258427,163,140,140,0.6415094339622641,0.3113207547169811,0.7452830188679245,8.512025571428575,16.24583855555545,7.277267808302808,0.0,0.8405797101449275,0.013888888888888888,68,33,79,0.6395939086294417,0.4720812182741117,0.6345177664974619,2.970404,3.933711317460318,1.4261030000000003,0.021739130434782608,0.5588235294117647,0.0,126,93,125
756,0.7969543147208121,0.7055837563451777,0.6852791878172588,75.9760475063135,64.66859372159891,100.054982,0.30434782608695654,0.9104477611940298,0.6190476190476191,157,139,135,0.6415094339622641,0.330188679245283,0.7547169811320755,7.990114777777779,15.887956222222115,7.7686270940170905,0.0,0.8467153284671532,0.0,68,35,80,0.649746192893401,0.5025380710659898,0.6192893401015228,3.003126,3.811112317460318,1.3894830000000002,0.03225806451612903,0.5661764705882353,0.0,128,99,122
757,0.7817258883248731,0.7157360406091371,0.6548223350253807,78.02522681859158,64.38584430345414,104.090978,0.2857142857142857,0.8513513513513513,0.6933333333333334,154,141,129,0.6792452830188679,0.3018867924528302,0.7735849056603774,8.06450288888889,15.992625777777679,7.958809152625152,0.0,0.8455882352941176,0.0,72,32,82,0.6649746192893401,0.49746192893401014,0.6040609137055838,3.009364,3.953197317460318,1.3479160000000003,0.03208556149732621,0.5807692307692308,0.0,131,98,119
758,0.8020304568527918,0.700507614213198,0.6598984771573604,75.26778274570215,65.1744043116593,101.725228,0.2653061224489796,0.875,0.5824175824175825,158,138,130,0.6698113207547169,0.32075471698113206,0.7358490566037735,8.155219746031749,15.942857333340559,7.509062732822731,0.0,0.8235294117647058,0.0,71,34,78,0.6598984771573604,0.4720812182741117,0.583756345177665,3.031929,4.040505317460318,1.4505550000000003,0.02717391304347826,0.5675675675675675,0.0,130,93,115
759,0.7969543147208121,0.7055837563451777,0.6395939086294417,76.11721543726068,66.11766030345414,101.157245,0.27906976744186046,0.9054054054054054,0.5529411764705883,157,139,126,0.6792452830188679,0.330188679245283,0.7169811320754716,7.979977000000001,16.077576888888895,8.041594606837608,0.0,0.8421052631578947,0.0,72,35,76,0.6700507614213198,0.43147208121827413,0.5786802030456852,2.980764,4.0530133174603185,1.3828170000000002,0.03260869565217391,0.5234375,0.0,132,85,114
760,0.8121827411167513,0.7055837563451777,0.6345177664974619,73.38134422788887,64.47141163678747,106.976562,0.2,0.8529411764705882,0.5897435897435898,160,139,125,0.6886792452830188,0.3113207547169811,0.7075471698113207,7.992422000000001,16.25084500000001,7.6810578778998755,0.0,0.8515625,0.012658227848101266,73,33,75,0.6700507614213198,0.47715736040609136,0.5939086294416244,3.028276,3.908735317460318,1.3331890000000002,0.02185792349726776,0.5323741007194245,0.0,132,94,117
761,0.7918781725888325,0.700507614213198,0.649746192893401,76.65715184863345,64.25111630345414,103.234222,0.29545454545454547,0.8695652173913043,0.5212765957446809,156,138,128,0.6792452830188679,0.32075471698113206,0.8018867924528302,7.75872942857143,16.195894777777784,7.8218920081030054,0.0,0.8661417322834646,0.028985507246376812,72,34,85,0.6700507614213198,0.5076142131979695,0.5939086294416244,3.05995,3.943844317460318,1.3623020000000001,0.02185792349726776,0.5547169811320755,0.0,132,100,117
762,0.8020304568527918,0.6954314720812182,0.6548223350253807,76.06350895193094,67.3267909701208,103.52106,0.26785714285714285,0.9142857142857143,0.5308641975308642,158,137,129,0.6886792452830188,0.36792452830188677,0.7735849056603774,7.843332682539685,16.062222888888893,7.487565167277164,0.0,0.8270676691729323,0.03896103896103896,73,39,82,0.700507614213198,0.4873096446700508,0.6243654822335025,3.057853,4.171721317460318,1.3191560000000002,0.021505376344086023,0.5542168674698795,0.0,138,96,123
763,0.817258883248731,0.7055837563451777,0.6598984771573604,78.85314675153491,65.91130330345412,103.639575,0.3958333333333333,0.8953488372093024,0.4888888888888889,161,139,130,0.6886792452830188,0.37735849056603776,0.7924528301886793,7.906553777777779,16.092050888888895,8.19798455555555,0.0,0.7819548872180451,0.028985507246376812,73,40,84,0.7106598984771574,0.4263959390862944,0.6243654822335025,3.075381,4.124700317460318,1.3241280000000002,0.02072538860103627,0.5128205128205128,0.0,140,84,123
764,0.8223350253807107,0.700507614213198,0.6548223350253807,77.73471088622523,67.0603699712521,101.087239,0.34545454545454546,0.9125,0.40963855421686746,162,138,129,0.6792452830188679,0.39622641509433965,0.7169811320754716,8.270322888888892,16.28535301587302,8.036798270840267,0.0,0.8076923076923077,0.014705882352941176,72,42,76,0.7106598984771574,0.49746192893401014,0.6345177664974619,3.037171,4.0110883174603185,1.3431100000000002,0.02564102564102564,0.46619217081850534,0.0,140,98,125
765,0.817258883248731,0.700507614213198,0.6395939086294417,79.90256119586738,68.69565230345412,105.755026,0.3333333333333333,0.9382716049382716,0.5063291139240507,161,138,126,0.6698113207547169,0.3867924528301887,0.7641509433962265,8.25115523809524,16.431828666666675,7.1888903560883515,0.0,0.7803030303030303,0.0375,71,41,81,0.7208121827411168,0.5279187817258884,0.6243654822335025,3.083779,3.987266317460318,1.3527410000000002,0.020942408376963352,0.5038167938931297,0.0,142,104,123
766,0.8477157360406091,0.6802030456852792,0.649746192893401,81.58973761980266,67.91189630345413,107.800864,0.32075471698113206,0.9204545454545454,0.3626373626373626,167,134,128,0.6886792452830188,0.4056603773584906,0.8018867924528302,8.355009,16.230203206349113,7.844540720390717,0.0,0.7669172932330827,0.08108108108108109,73,43,85,0.7258883248730964,0.5380710659898477,0.6294416243654822,3.102483,3.991731317460318,1.3582690000000002,0.030927835051546393,0.5209125475285171,0.0,143,106,124
767,0.7969543147208121,0.6700507614213198,0.649746192893401,81.5955917703764,67.37698063678745,108.703402,0.3488372093023256,0.8777777777777778,0.38372093023255816,157,132,128,0.6981132075471698,0.39622641509433965,0.7075471698113207,8.26646088888889,16.366222111111018,8.254946898878893,0.0,0.8333333333333334,0.07352941176470588,74,42,75,0.7157360406091371,0.5126903553299492,0.6345177664974619,3.108171,4.165358317460318,1.3569030000000002,0.031578947368421054,0.5201612903225806,0.0,141,101,125
768,0.817258883248731,0.6802030456852792,0.649746192893401,83.58664818129047,66.84543063678744,106.173465,0.2413793103448276,0.9010989010989011,0.3617021276595745,161,134,128,0.7169811320754716,0.39622641509433965,0.7735849056603774,8.058736000000001,16.537098555555463,7.7923534576534506,0.0,0.8031496062992126,0.06578947368421052,76,42,82,0.7055837563451777,0.467005076142132,0.6345177664974619,3.116919,4.095351317460318,1.3363760000000002,0.031413612565445025,0.5271317829457365,0.0,139,92,125
769,0.8324873096446701,0.6802030456852792,0.6446700507614214,80.34628080710965,68.07630363678747,105.709296,0.3333333333333333,0.9213483146067416,0.36,164,134,127,0.7075471698113207,0.41509433962264153,0.7735849056603774,7.901976666666669,16.148731555555457,7.703409124320119,0.0,0.7983870967741935,0.013157894736842105,75,44,82,0.7055837563451777,0.48223350253807107,0.6243654822335025,3.08963,4.073708317460318,1.3175310000000002,0.026455026455026454,0.48698884758364314,0.0,139,95,123
770,0.8071065989847716,0.6700507614213198,0.6548223350253807,82.69563112671597,70.68161597012079,106.513323,0.32727272727272727,0.9642857142857143,0.30303030303030304,159,132,129,0.6792452830188679,0.4056603773584906,0.8018867924528302,7.674278142857145,16.231998888888796,7.755423105006103,0.0,0.8278688524590164,0.014925373134328358,72,43,85,0.7055837563451777,0.5380710659898477,0.6243654822335025,3.113658,4.034685317460318,1.4024680000000003,0.016042780748663103,0.5053763440860215,0.0,139,106,123
771,0.8426395939086294,0.6802030456852792,0.6446700507614214,79.13523190015012,70.00103663678745,108.546308,0.26,0.9302325581395349,0.2777777777777778,166,134,127,0.7075471698113207,0.3867924528301887,0.7358490566037735,8.081647031746035,16.329285555555565,8.069342603396601,0.0,0.7906976744186046,0.0,75,41,78,0.6903553299492385,0.5177664974619289,0.6243654822335025,3.091811,4.217914317460318,1.3580380000000003,0.0213903743315508,0.5354330708661418,0.0,136,102,123
772,0.8477157360406091,0.6751269035532995,0.6345177664974619,77.72909415358897,67.56449197012078,107.676173,0.2631578947368421,0.95,0.2980769230769231,167,133,125,0.7075471698113207,0.41509433962264153,0.7169811320754716,8.590606,16.318942777777785,7.832188796758794,0.0,0.7720588235294118,0.014285714285714285,75,44,76,0.6802030456852792,0.49746192893401014,0.6192893401015228,3.109563,4.1077613174603185,1.3638540000000003,0.011049723756906077,0.516728624535316,0.0,134,98,122
773,0.8375634517766497,0.6802030456852792,0.6395939086294417,81.07492177037653,69.21006730345412,107.540824,0.3333333333333333,0.9375,0.2823529411764706,165,134,126,0.6886792452830188,0.41509433962264153,0.7830188679245284,8.234619888888892,16.46940688888889,7.763497697413695,0.0,0.7692307692307693,0.0136986301369863,73,44,83,0.6700507614213198,0.5177664974619289,0.6192893401015228,3.086617,4.117460317460318,1.3274900000000003,0.005405405405405406,0.5236363636363637,0.0,132,102,122
774,0.8121827411167513,0.6751269035532995,0.649746192893401,76.65531214197793,68.66065230345413,107.934217,0.32075471698113206,0.9487179487179487,0.3,160,133,128,0.7075471698113207,0.41509433962264153,0.6792452830188679,8.498733888888891,16.466942111111116,7.9078769731379674,0.0,0.7686567164179104,0.015151515151515152,75,44,72,0.6649746192893401,0.5126903553299492,0.6243654822335025,3.144866,4.181774317460318,1.3597670000000002,0.016216216216216217,0.5407407407407407,0.0,131,101,123
775,0.817258883248731,0.6954314720812182,0.6598984771573604,80.35037211828774,68.1335209701208,107.995305,0.34,0.8809523809523809,0.2727272727272727,161,137,130,0.7169811320754716,0.42452830188679247,0.7169811320754716,8.805029428571428,16.479655000000005,7.808816225885222,0.0,0.7692307692307693,0.06944444444444445,76,45,76,0.6903553299492385,0.5279187817258884,0.6446700507614214,3.147968,4.177082317460318,1.3618250000000003,0.041025641025641026,0.5375494071146245,0.0,136,104,127
776,0.8121827411167513,0.7055837563451777,0.6598984771573604,81.3721214909336,71.66215230345409,108.282318,0.4166666666666667,0.9090909090909091,0.4044943820224719,160,139,130,0.7358490566037735,0.41509433962264153,0.8113207547169812,8.530385746031746,16.401493333333335,8.148004962148956,0.0,0.7092198581560284,0.025,78,44,86,0.6954314720812182,0.5279187817258884,0.649746192893401,3.144611,4.208534317460318,1.4155000000000002,0.015789473684210527,0.5357142857142857,0.005263157894736842,137,104,128
777,0.8527918781725888,0.700507614213198,0.6548223350253807,78.8804423273393,69.85215430345413,108.82701,0.3783783783783784,0.9489795918367347,0.358695652173913,168,138,129,0.7264150943396226,0.42452830188679247,0.7169811320754716,8.578098920634922,17.052920460317466,7.564900749694745,0.0,0.7,0.013513513513513514,77,45,76,0.700507614213198,0.5482233502538071,0.6446700507614214,3.130053,4.237155317460318,1.3666990000000003,0.025906735751295335,0.532319391634981,0.010638297872340425,138,108,127
778,0.8223350253807107,0.6954314720812182,0.6598984771573604,77.18175635102467,66.57360397012086,108.82701,0.44642857142857145,0.908256880733945,0.34408602150537637,162,137,130,0.7075471698113207,0.4811320754716981,0.7924528301886793,8.395521460317463,16.93383177777778,8.319962949494947,0.0,0.6666666666666666,0.013513513513513514,75,51,84,0.6802030456852792,0.5634517766497462,0.649746192893401,3.20436,4.178336317460318,1.4210510000000003,0.04145077720207254,0.5236220472440944,0.005319148936170213,134,111,128
779,0.8578680203045685,0.6903553299492385,0.6598984771573604,77.08480386253258,68.14009663678748,108.744618,0.3780487804878049,0.9074074074074074,0.3333333333333333,169,136,130,0.6981132075471698,0.44339622641509435,0.7264150943396226,8.222711888888892,17.158926888888892,7.877708942834937,0.0,0.7024793388429752,0.02631578947368421,74,47,77,0.6700507614213198,0.5736040609137056,0.649746192893401,3.13905,4.179883317460318,1.3985470000000002,0.031088082901554404,0.5836575875486382,0.005291005291005291,132,113,128
780,0.8477157360406091,0.6802030456852792,0.6598984771573604,77.5451958625334,71.79906430345301,108.827443,0.5423728813559322,0.9619047619047619,0.3076923076923077,167,134,130,0.7075471698113207,0.44339622641509435,0.7830188679245284,7.901122571428572,17.117871888888892,8.035318921189917,0.0,0.6590909090909091,0.014285714285714285,75,47,83,0.6802030456852792,0.5685279187817259,0.6700507614213198,3.096076,4.342950317460318,1.3546920000000002,0.030303030303030304,0.5591836734693878,0.005235602094240838,134,112,132
781,0.8375634517766497,0.6802030456852792,0.6598984771573604,79.39145811829012,71.2416819701208,109.670804,0.4,0.9357798165137615,0.28125,165,134,130,0.7452830188679245,0.4716981132075472,0.7547169811320755,8.37746731746032,16.56287544444445,7.8275971636141595,0.0,0.6515151515151515,0.024096385542168676,79,50,80,0.6903553299492385,0.5482233502538071,0.6751269035532995,3.075521,4.236858317460318,1.3431670000000002,0.025510204081632654,0.5247933884297521,0.005128205128205128,136,108,133
782,0.8223350253807107,0.6802030456852792,0.6598984771573604,77.36314629017917,71.09160597012078,107.666614,0.37681159420289856,0.963302752293578,0.3157894736842105,162,134,130,0.7358490566037735,0.41509433962264153,0.7547169811320755,7.894284603174604,17.03372233333334,7.95120024442224,0.0,0.7068965517241379,0.014705882352941176,78,44,80,0.6852791878172588,0.5583756345177665,0.6802030456852792,3.148448,4.283627317460318,1.3560790000000003,0.03076923076923077,0.5617529880478087,0.005263157894736842,135,110,134
783,0.8426395939086294,0.6751269035532995,0.6649746192893401,81.77232176395417,68.86677130345413,107.991936,0.4507042253521127,0.8947368421052632,0.28865979381443296,166,133,131,0.7547169811320755,0.49056603773584906,0.7735849056603774,8.697848238095238,16.568336666666674,8.142769217338214,0.0,0.6384615384615384,0.038461538461538464,80,52,82,0.6700507614213198,0.5431472081218274,0.7055837563451777,3.177536,4.242740317460318,1.3549550000000001,0.031088082901554404,0.552,0.005128205128205128,132,107,139
784,0.8477157360406091,0.6700507614213198,0.6548223350253807,74.85673944374511,69.12038363678747,107.228707,0.43283582089552236,0.9545454545454546,0.29591836734693877,167,132,129,0.7452830188679245,0.4339622641509434,0.7547169811320755,8.309735111111113,17.210368333320936,8.233322328449322,0.0,0.6974789915966386,0.0547945205479452,79,46,80,0.6802030456852792,0.5126903553299492,0.7055837563451777,3.168473,4.290393317460318,1.3461490000000003,0.030456852791878174,0.5346938775510204,0.010526315789473684,134,101,139
785,0.8426395939086294,0.6700507614213198,0.6548223350253807,81.06019719586911,68.45071563678746,107.228707,0.4722222222222222,0.9272727272727272,0.27722772277227725,166,132,129,0.7169811320754716,0.46226415094339623,0.7924528301886793,8.583679,16.490060666666675,8.190451197580193,0.0,0.6287878787878788,0.047058823529411764,76,49,84,0.6751269035532995,0.5126903553299492,0.6954314720812182,3.203848,4.218982317460318,1.3382790000000002,0.04060913705583756,0.5306122448979592,0.005208333333333333,133,101,137
786,0.8375634517766497,0.6548223350253807,0.6598984771573604,78.96623947290723,70.54657830345413,109.228707,0.453125,0.9528301886792453,0.28,165,129,130,0.6981132075471698,0.4811320754716981,0.7075471698113207,8.629149634920639,16.278939666666677,7.8408954769674715,0.0,0.6614173228346457,0.014084507042253521,74,51,75,0.6852791878172588,0.5177664974619289,0.700507614213198,3.212285,4.247906317460318,1.3790870000000002,0.030456852791878174,0.5096525096525096,0.0,135,102,138
787,0.8477157360406091,0.6598984771573604,0.6649746192893401,78.29002277708405,70.2345619701208,110.247592,0.44155844155844154,0.9649122807017544,0.28,167,130,131,0.7075471698113207,0.46226415094339623,0.7641509433962265,7.9203318888888905,16.648512666666676,8.256080318903313,0.0,0.6885245901639344,0.04285714285714286,75,49,81,0.6852791878172588,0.5532994923857868,0.6954314720812182,3.180863,4.110621317460318,1.3212240000000002,0.010416666666666666,0.5298804780876494,0.010416666666666666,135,109,137
788,0.868020304568528,0.6852791878172588,0.6903553299492385,81.25665818919634,69.85854263678746,111.745792,0.4189189189189189,0.8938053097345132,0.25,171,135,136,0.6981132075471698,0.4528301886792453,0.7547169811320755,8.28668788888889,16.30521155555556,8.060337829059826,0.0,0.6511627906976745,0.047619047619047616,74,48,80,0.6852791878172588,0.5482233502538071,0.7106598984771574,3.172126,4.223528317460318,1.3778670000000002,0.05,0.5755102040816327,0.0051813471502590676,135,108,140
789,0.8629441624365483,0.6852791878172588,0.7055837563451777,85.03846745162184,72.55360297012079,113.115206,0.4166666666666667,0.9238095238095239,0.35051546391752575,170,135,139,0.7264150943396226,0.4339622641509434,0.8207547169811321,8.25055134920635,16.370864777777786,7.8847281033411,0.0,0.6821705426356589,0.05063291139240506,77,46,87,0.6802030456852792,0.5279187817258884,0.7157360406091371,3.198482,4.350254317460318,1.3728510000000003,0.05365853658536585,0.47808764940239046,0.0,134,104,141
790,0.8934010152284264,0.6802030456852792,0.7258883248730964,81.67166342917447,73.27662397012077,109.245792,0.32857142857142857,0.9433962264150944,0.3870967741935484,176,134,143,0.7264150943396226,0.4716981132075472,0.8113207547169812,8.850761888888892,16.48690033333324,8.084142570207565,0.0,0.664179104477612,0.02531645569620253,77,50,86,0.6954314720812182,0.5685279187817259,0.7258883248730964,3.234821,4.343937317460318,1.4366920000000003,0.05339805825242718,0.49382716049382713,0.0,137,112,143
791,0.8781725888324873,0.6852791878172588,0.7258883248730964,84.34969886011892,72.0092019701208,113.584238,0.390625,0.9112903225806451,0.4367816091954023,173,135,143,0.6981132075471698,0.5188679245283019,0.7264150943396226,8.525025888888893,16.30349144444435,8.142986377733376,0.0,0.6223776223776224,0.02564102564102564,74,55,77,0.700507614213198,0.5634517766497462,0.7208121827411168,3.215533,4.324312317460318,1.4406270000000003,0.03414634146341464,0.44223107569721115,0.0,138,111,142
792,0.8781725888324873,0.6802030456852792,0.7258883248730964,85.82694804194993,72.05600896672365,116.009499,0.39344262295081966,0.9661016949152542,0.4444444444444444,173,134,143,0.7075471698113207,0.5,0.8490566037735849,8.850121746031746,16.26483044444435,7.883911099678096,0.0,0.6458333333333334,0.03125,75,53,90,0.7157360406091371,0.6040609137055838,0.7055837563451777,3.297477,4.284868317460318,1.4320720000000002,0.01485148514851485,0.43023255813953487,0.0,141,119,139
793,0.8883248730964467,0.6852791878172588,0.7309644670050761,86.44399351900228,72.0298779701208,113.413836,0.4050632911392405,0.8863636363636364,0.4805194805194805,175,135,144,0.6981132075471698,0.5188679245283019,0.839622641509434,8.552242,16.332252238095144,7.682619265179262,0.0,0.6,0.036585365853658534,74,55,89,0.7106598984771574,0.583756345177665,0.7157360406091371,3.271353,4.394480317460318,1.4295480000000003,0.03940886699507389,0.44214876033057854,0.0,140,115,141
794,0.8730964467005076,0.6802030456852792,0.7309644670050761,83.37187850605625,73.95731897012081,111.992342,0.4057971014492754,0.967741935483871,0.4520547945205479,172,134,144,0.6981132075471698,0.5283018867924528,0.8207547169811321,8.49128377777778,15.688858666666675,7.880427493284489,0.0,0.6,0.03529411764705882,74,56,87,0.7055837563451777,0.5786802030456852,0.7157360406091371,3.208317,4.266893317460318,1.4438190000000002,0.06698564593301436,0.4099616858237548,0.0,139,114,141
795,0.8883248730964467,0.6852791878172588,0.7309644670050761,83.85972248748507,71.99615063678746,116.203061,0.3333333333333333,0.9603174603174603,0.576271186440678,175,135,144,0.7264150943396226,0.5188679245283019,0.8113207547169812,8.776163888888892,15.587473571428582,7.936276573648571,0.0,0.6129032258064516,0.03333333333333333,77,55,86,0.7055837563451777,0.5685279187817259,0.7208121827411168,3.189067,4.304661317460318,1.4529570000000003,0.07582938388625593,0.42063492063492064,0.0,139,112,142
796,0.9137055837563451,0.6700507614213198,0.7360406091370558,84.23101574760506,68.90580197012079,115.093325,0.42028985507246375,0.96875,0.5373134328358209,180,132,145,0.7358490566037735,0.5660377358490566,0.7924528301886793,8.472925888888891,16.151383079365093,7.753020447885446,0.0,0.5633802816901409,0.037037037037037035,78,60,84,0.7208121827411168,0.6091370558375635,0.7055837563451777,3.199389,4.288433317460318,1.4070610000000003,0.06074766355140187,0.40310077519379844,0.0,142,120,139
797,0.9238578680203046,0.6802030456852792,0.7258883248730964,88.72684045992499,68.98413963678746,116.825606,0.4126984126984127,0.8920863309352518,0.527027027027027,182,134,143,0.7169811320754716,0.5377358490566038,0.8301886792452831,8.725885571428575,15.718346777777791,8.378023446331444,0.0,0.5671641791044776,0.02247191011235955,76,57,88,0.7258883248730964,0.583756345177665,0.7157360406091371,3.185929,4.416528317460318,1.4115920000000002,0.07075471698113207,0.39759036144578314,0.0,143,115,141
798,0.8883248730964467,0.6751269035532995,0.7258883248730964,84.5079218156354,71.03522830345412,114.586206,0.4827586206896552,0.9541984732824428,0.5138888888888888,175,133,143,0.7264150943396226,0.5754716981132075,0.839622641509434,8.583115460317464,15.22841546031747,7.701847771672768,0.0,0.5681818181818182,0.011627906976744186,77,61,89,0.7309644670050761,0.5888324873096447,0.7157360406091371,3.274022,4.391056317460318,1.4292790000000002,0.06103286384976526,0.40229885057471265,0.0,144,116,141
799,0.8883248730964467,0.6751269035532995,0.7360406091370558,87.05845532028577,72.52289997012079,116.819819,0.3108108108108108,0.952755905511811,0.47435897435897434,175,133,145,0.7358490566037735,0.5471698113207547,0.8207547169811321,8.923945460317462,15.879284666666676,7.6246134617604575,0.0,0.6016260162601627,0.023809523809523808,78,58,87,0.7208121827411168,0.5939086294416244,0.7106598984771574,3.246018,4.368376317460318,1.3935060000000001,0.043689320388349516,0.4308300395256917,0.0,142,117,140
800,0.8781725888324873,0.751269035532995,0.7918781725888325,86.24024512829612,82.55122866244105,122.658896,0.43548387096774194,0.8428571428571429,0.3838383838383838,173,148,156,0.7075471698113207,0.5377358490566038,0.8113207547169812,9.265061,15.678400095238105,7.639079395382392,0.0,0.562962962962963,0.012987012987012988,75,57,86,0.7208121827411168,0.583756345177665,0.7106598984771574,3.243859,4.353594317460318,1.4320180000000002,0.04390243902439024,0.3888888888888889,0.005050505050505051,142,115,140
801,0.8730964467005076,0.7614213197969543,0.8274111675126904,84.17294669272262,83.9307835669926,122.553991,0.3333333333333333,0.7521367521367521,0.7241379310344828,172,150,163,0.7169811320754716,0.6037735849056604,0.7830188679245284,9.366294317460321,15.568644666666675,8.059373857919855,0.0,0.5522388059701493,0.012048192771084338,76,64,83,0.7309644670050761,0.6243654822335025,0.7106598984771574,3.298258,4.282449317460318,1.4446970000000003,0.04411764705882353,0.4200743494423792,0.005076142131979695,144,123,140
802,0.8934010152284264,0.7411167512690355,0.8274111675126904,82.75641134315754,80.93901823336753,121.303906,0.38028169014084506,0.7372881355932204,0.7297297297297297,176,146,163,0.7169811320754716,0.5566037735849056,0.8113207547169812,9.216977888888891,15.583768539682545,7.808758133311131,0.0,0.5590551181102362,0.025,76,59,86,0.7258883248730964,0.6395939086294417,0.7106598984771574,3.345385,4.419927317460318,1.4642890000000002,0.06666666666666667,0.40304182509505704,0.0,143,126,140
803,0.8934010152284264,0.7766497461928934,0.817258883248731,82.49381956880376,79.08202895947124,119.396361,0.3880597014925373,0.6742424242424242,0.7125,176,153,161,0.7264150943396226,0.5660377358490566,0.8301886792452831,8.98996131746032,15.683708555555564,7.948043841269836,0.0,0.578125,0.011764705882352941,77,60,88,0.7258883248730964,0.5989847715736041,0.700507614213198,3.298079,4.4152543174603185,1.5310280000000003,0.047619047619047616,0.38823529411764707,0.0,143,118,138
804,0.8781725888324873,0.7614213197969543,0.8071065989847716,85.28368534108947,78.85921259111352,119.34253,0.4714285714285714,0.6982758620689655,0.7272727272727273,173,150,159,0.7075471698113207,0.5754716981132075,0.8018867924528302,9.02250931746032,15.925297444444553,7.88095999389499,0.0,0.5447761194029851,0.0,75,61,85,0.7360406091370558,0.583756345177665,0.7157360406091371,3.289475,4.306391317460318,1.5069330000000003,0.0392156862745098,0.3782771535580524,0.0,145,115,141
805,0.8934010152284264,0.7766497461928934,0.817258883248731,84.2533049310032,77.75018756699266,118.350918,0.34210526315789475,0.7450980392156863,0.6951219512195121,176,153,161,0.7075471698113207,0.5471698113207547,0.8490566037735849,9.164516857142859,16.038946222219383,7.734424337995334,0.0,0.6260162601626016,0.01282051282051282,75,58,90,0.7411167512690355,0.6192893401015228,0.7208121827411168,3.318482,4.2934503174603185,1.5427180000000003,0.04784688995215311,0.391304347826087,0.0,146,122,142
806,0.8883248730964467,0.7817258883248731,0.8223350253807107,84.24295607471826,78.22615456699329,122.741059,0.40298507462686567,0.7522935779816514,0.7307692307692307,175,154,162,0.7169811320754716,0.5471698113207547,0.7735849056603774,9.438191031746033,15.407579888888899,8.010828468642465,0.0,0.5367647058823529,0.0,76,58,82,0.7461928934010152,0.6142131979695431,0.7157360406091371,3.397267,4.296416317460318,1.5617520000000003,0.06220095693779904,0.3940520446096654,0.0,147,121,141
807,0.8781725888324873,0.7614213197969543,0.8121827411167513,83.49929945162346,77.58491807898825,122.182435,0.42028985507246375,0.71900826446281,0.7848101265822784,173,150,160,0.7452830188679245,0.5660377358490566,0.7924528301886793,9.159578888888891,15.694390888888895,7.81619929181929,0.0,0.5433070866141733,0.0,79,60,84,0.751269035532995,0.5989847715736041,0.7157360406091371,3.374526,4.272108317460318,1.4906850000000003,0.06572769953051644,0.3849056603773585,0.0,148,118,141
808,0.8984771573604061,0.7817258883248731,0.817258883248731,85.124254460873,80.26523823365935,119.259724,0.5,0.7168141592920354,0.6344086021505376,177,154,161,0.6981132075471698,0.5943396226415094,0.8207547169811321,9.68832031746032,15.932479555555458,8.222902546786544,0.0,0.5419847328244275,0.023809523809523808,74,63,87,0.7614213197969543,0.6142131979695431,0.7208121827411168,3.364772,4.289518317460318,1.5413580000000002,0.04830917874396135,0.40148698884758366,0.0,150,121,142
809,0.883248730964467,0.7715736040609137,0.8223350253807107,81.6740807463643,79.90400290032586,120.565352,0.42028985507246375,0.7647058823529411,0.6555555555555556,174,152,162,0.7075471698113207,0.5754716981132075,0.839622641509434,8.975466,15.63507022222223,7.948512677877677,0.0,0.5537190082644629,0.011764705882352941,75,61,89,0.7614213197969543,0.6446700507614214,0.7208121827411168,3.395432,4.380848317460318,1.5146510000000002,0.06190476190476191,0.3946360153256705,0.0,150,127,142
810,0.8629441624365483,0.7614213197969543,0.8223350253807107,78.02752484638907,79.1022557215991,118.819096,0.3815789473684211,0.7363636363636363,0.7088607594936709,170,150,162,0.7169811320754716,0.5283018867924528,0.7735849056603774,9.41654077777778,15.619052238095142,8.245793552891552,0.0,0.5413533834586466,0.0,76,56,82,0.7563451776649747,0.6395939086294417,0.7360406091370558,3.44735,4.288423317460318,1.5154080000000003,0.08018867924528301,0.40711462450592883,0.0,149,126,145
811,0.8984771573604061,0.7614213197969543,0.8020304568527918,84.56031634284311,80.48286484118078,119.259659,0.32857142857142857,0.7068965517241379,0.6666666666666666,177,150,158,0.7264150943396226,0.6037735849056604,0.8113207547169812,9.229339,15.448224444444552,8.20038686424686,0.009259259259259259,0.5190839694656488,0.0,77,64,86,0.766497461928934,0.6192893401015228,0.7563451776649747,3.420757,4.341166317460318,1.5316210000000003,0.07075471698113207,0.40160642570281124,0.0,151,122,149
812,0.9086294416243654,0.7563451776649747,0.8223350253807107,78.90145052948886,85.24304623365914,123.923066,0.3611111111111111,0.7181818181818181,0.7,179,149,162,0.7358490566037735,0.5188679245283019,0.7830188679245284,9.07539396825397,14.841347111110608,8.019555445665443,0.0,0.5391304347826087,0.0,78,55,83,0.7309644670050761,0.6192893401015228,0.751269035532995,3.391559,4.385015317460318,1.5188300000000001,0.07075471698113207,0.4,0.0,144,122,148
813,0.8883248730964467,0.766497461928934,0.8375634517766497,81.66474669192033,80.89557156699249,118.182712,0.3939393939393939,0.719626168224299,0.6931818181818182,175,151,165,0.7452830188679245,0.5566037735849056,0.8301886792452831,9.41377923809524,15.115399111111019,8.056372657897656,0.0,0.5692307692307692,0.0,79,59,88,0.7106598984771574,0.6243654822335025,0.7411167512690355,3.357628,4.450483317460318,1.5281800000000003,0.06280193236714976,0.40384615384615385,0.0,140,123,146
814,0.9187817258883249,0.7715736040609137,0.8375634517766497,82.59050338480941,79.88809990032583,118.581378,0.38235294117647056,0.7431192660550459,0.6588235294117647,181,152,165,0.7358490566037735,0.5849056603773585,0.8207547169811321,8.969752095238096,15.625410666666676,7.7711150132090125,0.0,0.5114503816793893,0.0,78,62,87,0.7157360406091371,0.6091370558375635,0.7360406091370558,3.393169,4.4693923174603185,1.5181400000000003,0.06635071090047394,0.4061302681992337,0.0,141,120,145
815,0.9086294416243654,0.7817258883248731,0.8324873096446701,82.45133466658292,80.87910290032575,116.3283,0.40350877192982454,0.6513761467889908,0.6777777777777778,179,154,164,0.7264150943396226,0.5283018867924528,0.8207547169811321,8.897555793650795,15.091817333333955,8.21801091086691,0.0,0.528,0.0,77,56,87,0.7055837563451777,0.6040609137055838,0.7309644670050761,3.350889,4.5264083174603185,1.5478140000000002,0.07547169811320754,0.3937007874015748,0.0,139,119,144
816,0.868020304568528,0.7563451776649747,0.8223350253807107,82.13835947026033,78.62009890032577,115.219377,0.3670886075949367,0.7647058823529411,0.725,171,149,162,0.7169811320754716,0.5566037735849056,0.7641509433962265,8.729940222222224,15.618279888888795,8.555860924519923,0.0,0.5573770491803278,0.0,76,59,81,0.7258883248730964,0.6142131979695431,0.7258883248730964,3.367422,4.524537317460318,1.5038880000000003,0.04784688995215311,0.4200743494423792,0.0,143,121,143
817,0.9137055837563451,0.766497461928934,0.8324873096446701,81.55348002525366,79.17921456699271,121.022252,0.34782608695652173,0.696078431372549,0.6976744186046512,180,151,164,0.7264150943396226,0.5566037735849056,0.7735849056603774,8.945696428571432,15.504356888888891,8.059264554334554,0.0,0.5343511450381679,0.011111111111111112,77,59,82,0.7208121827411168,0.6091370558375635,0.7258883248730964,3.346232,4.516401317460318,1.5368640000000002,0.057971014492753624,0.42124542124542125,0.0,142,120,143
818,0.8934010152284264,0.7715736040609137,0.817258883248731,78.44250159919991,83.11939023365913,116.377206,0.4230769230769231,0.7448979591836735,0.7567567567567568,176,152,161,0.7169811320754716,0.5188679245283019,0.7641509433962265,9.10063077777778,15.597440000000008,8.478128209235207,0.0,0.55,0.0,76,55,81,0.7258883248730964,0.6091370558375635,0.7258883248730964,3.354375,4.415341317460318,1.4956370000000003,0.03431372549019608,0.4065934065934066,0.0,143,120,143
819,0.883248730964467,0.7614213197969543,0.8324873096446701,83.07138664116297,79.99284056699497,120.529006,0.3181818181818182,0.7117117117117117,0.6288659793814433,174,150,164,0.6981132075471698,0.5188679245283019,0.7924528301886793,9.367446285714287,15.330122444444454,7.860615147963148,0.0,0.5230769230769231,0.023255813953488372,74,55,84,0.7208121827411168,0.6192893401015228,0.7360406091370558,3.370212,4.478486317460318,1.4717450000000003,0.03902439024390244,0.4148148148148148,0.004975124378109453,142,122,145
820,0.8934010152284264,0.7766497461928934,0.817258883248731,84.20661075115208,79.3642179003258,117.084246,0.38095238095238093,0.7685185185185185,0.6746987951807228,176,153,161,0.7075471698113207,0.5188679245283019,0.8207547169811321,8.703865349206355,15.147443888888896,7.9336402175602165,0.0,0.5409836065573771,0.0,75,55,87,0.7208121827411168,0.5786802030456852,0.7309644670050761,3.417263,4.430454317460318,1.4509590000000003,0.04854368932038835,0.40148698884758366,0.01020408163265306,142,114,144
821,0.883248730964467,0.7563451776649747,0.8071065989847716,80.45110632898393,76.82518290032583,122.330359,0.38235294117647056,0.7254901960784313,0.6666666666666666,174,149,159,0.7264150943396226,0.5660377358490566,0.7830188679245284,9.048798666666668,15.03229622222172,7.9707997130647135,0.0,0.5409836065573771,0.0,77,60,83,0.7360406091370558,0.6091370558375635,0.7411167512690355,3.361298,4.421313317460318,1.5095380000000003,0.024630541871921183,0.39416058394160586,0.01507537688442211,145,120,146
822,0.8934010152284264,0.7715736040609137,0.8274111675126904,81.27759102525208,80.5608895669925,116.283071,0.35294117647058826,0.6907216494845361,0.6774193548387096,176,152,163,0.7075471698113207,0.5849056603773585,0.7830188679245284,8.847460539682546,15.813068333333952,8.187381076701076,0.0,0.5454545454545454,0.0,75,62,83,0.751269035532995,0.5888324873096447,0.7766497461928934,3.306179,4.392343317460318,1.5237990000000001,0.052132701421800945,0.40148698884758366,0.0297029702970297,148,116,153
823,0.883248730964467,0.7614213197969543,0.817258883248731,78.09171702525367,79.48308023365918,119.262895,0.3442622950819672,0.7204301075268817,0.7397260273972602,174,150,161,0.7075471698113207,0.5754716981132075,0.8490566037735849,8.695458317460321,15.315403555555564,8.001901072372071,0.0,0.5241935483870968,0.0,75,61,90,0.766497461928934,0.6040609137055838,0.766497461928934,3.411615,4.358948317460318,1.5013980000000002,0.06635071090047394,0.38697318007662834,0.015,151,119,151
824,0.8934010152284264,0.766497461928934,0.817258883248731,80.18218035858781,79.76347723365939,118.854493,0.3076923076923077,0.7339449541284404,0.6555555555555556,176,151,161,0.7169811320754716,0.5471698113207547,0.8490566037735849,8.502626682539686,15.734852666667589,7.927226263181262,0.0,0.5371900826446281,0.0,76,58,90,0.766497461928934,0.649746192893401,0.766497461928934,3.348977,4.327978317460318,1.4618130000000003,0.0761904761904762,0.3549618320610687,0.005050505050505051,151,128,151
825,0.8883248730964467,0.7614213197969543,0.8223350253807107,81.45601777737286,75.79824856699268,122.87847,0.39622641509433965,0.7358490566037735,0.6777777777777778,175,150,162,0.7641509433962265,0.5283018867924528,0.7924528301886793,8.988080888888891,15.654120888887674,7.932682020757019,0.0,0.5785123966942148,0.0,81,56,84,0.766497461928934,0.6598984771573604,0.7563451776649747,3.390561,4.199542317460318,1.5188060000000003,0.07981220657276995,0.38345864661654133,0.0,151,130,149
826,0.8883248730964467,0.7614213197969543,0.817258883248731,81.86576015266847,79.31611856699249,113.578922,0.328125,0.782608695652174,0.6105263157894737,175,150,161,0.7641509433962265,0.5377358490566038,0.8679245283018868,9.230288317460321,15.526733793651205,7.94832217193917,0.0,0.5114503816793893,0.0,81,57,92,0.7563451776649747,0.6751269035532995,0.7614213197969543,3.393469,4.2999443174603185,1.4832400000000003,0.09345794392523364,0.42424242424242425,0.0,149,133,150
827,0.8984771573604061,0.766497461928934,0.8223350253807107,79.08059402525525,83.14592323366004,112.722715,0.35294117647058826,0.7058823529411765,0.6707317073170732,177,151,162,0.7452830188679245,0.5660377358490566,0.8679245283018868,8.975773888888892,15.315416888888183,8.058470254190253,0.0,0.5354330708661418,0.0,79,60,92,0.7614213197969543,0.6548223350253807,0.7614213197969543,3.368997,4.461091317460318,1.4865430000000002,0.09259259259259259,0.43673469387755104,0.00510204081632653,150,129,150
828,0.883248730964467,0.7817258883248731,0.7918781725888325,76.57714948721923,79.19524290032584,119.651488,0.36065573770491804,0.7777777777777778,0.6626506024096386,174,154,156,0.7452830188679245,0.5660377358490566,0.7641509433962265,9.268169206349208,16.001839000001123,7.546835528693526,0.0,0.53125,0.0,79,60,81,0.751269035532995,0.6649746192893401,0.766497461928934,3.349466,4.424209317460318,1.4923100000000002,0.11467889908256881,0.3673469387755102,0.01,148,131,151
829,0.8883248730964467,0.766497461928934,0.8223350253807107,79.23177657790895,80.67495923365934,118.712257,0.35135135135135137,0.7865168539325843,0.6627906976744186,175,151,162,0.7358490566037735,0.5377358490566038,0.7641509433962265,9.387603206349208,15.97184711111102,7.916331586080585,0.0,0.5476190476190477,0.0,78,57,81,0.7360406091370558,0.6243654822335025,0.7614213197969543,3.363414,4.505610317460318,1.4617780000000002,0.10648148148148148,0.4103585657370518,0.005050505050505051,145,123,150
830,0.9035532994923858,0.766497461928934,0.8223350253807107,79.63675383426492,81.86505823365934,115.941646,0.3230769230769231,0.7064220183486238,0.61,178,151,162,0.7735849056603774,0.5849056603773585,0.7641509433962265,8.729068777777783,16.157046777777992,7.862368156066153,0.0,0.5396825396825397,0.011494252873563218,82,62,81,0.7309644670050761,0.5989847715736041,0.7715736040609137,3.352808,4.536335317460318,1.5101410000000002,0.1141552511415525,0.41923076923076924,0.005025125628140704,144,118,152
831,0.8984771573604061,0.7766497461928934,0.8020304568527918,75.85738896320451,77.21545223365916,124.828424,0.39285714285714285,0.7575757575757576,0.6962025316455697,177,153,158,0.7547169811320755,0.5188679245283019,0.7641509433962265,8.832287571428578,16.11075544444435,8.059023200466196,0.0,0.5454545454545454,0.0,80,55,81,0.7258883248730964,0.6243654822335025,0.7614213197969543,3.316186,4.502642317460318,1.5028300000000003,0.12217194570135746,0.39849624060150374,0.0,143,123,150
832,0.9086294416243654,0.7715736040609137,0.8375634517766497,81.07484403865867,80.35253323365916,118.44112,0.3939393939393939,0.7653061224489796,0.6736842105263158,179,152,165,0.7452830188679245,0.5566037735849056,0.7358490566037735,8.809469809523813,16.35052220634921,7.734637148962145,0.0,0.5112781954887218,0.02531645569620253,79,59,78,0.7258883248730964,0.6446700507614214,0.7614213197969543,3.354049,4.466928317460318,1.5167390000000003,0.1232876712328767,0.357429718875502,0.0,143,127,150
833,0.8934010152284264,0.7614213197969543,0.8121827411167513,81.51661395441103,80.94107090032584,124.868452,0.43859649122807015,0.76,0.7215189873417721,176,150,160,0.7547169811320755,0.6037735849056604,0.7735849056603774,8.728896777777784,15.909477777777884,8.385028474969472,0.0,0.5384615384615384,0.023529411764705882,80,64,82,0.7208121827411168,0.6700507614213198,0.7360406091370558,3.445923,4.530848317460318,1.4678660000000003,0.1152073732718894,0.40234375,0.0,142,132,145
834,0.9137055837563451,0.7817258883248731,0.817258883248731,78.3021415009316,78.6594455669925,118.31902,0.3333333333333333,0.6607142857142857,0.6521739130434783,180,154,161,0.7641509433962265,0.5754716981132075,0.7264150943396226,8.606875206349212,16.220439777777784,8.072212844932842,0.0,0.5590551181102362,0.0,81,61,77,0.7208121827411168,0.6649746192893401,0.7360406091370558,3.440435,4.569738317460318,1.5564900000000002,0.14220183486238533,0.4196078431372549,0.0,142,131,145
835,0.9086294416243654,0.7614213197969543,0.8223350253807107,78.46654952394256,77.77743490510098,113.684146,0.34285714285714286,0.8,0.7058823529411765,179,150,162,0.7547169811320755,0.5660377358490566,0.8018867924528302,8.398718539682545,16.013251666666676,7.99592529403929,0.0,0.5413533834586466,0.0,80,60,85,0.7055837563451777,0.6548223350253807,0.751269035532995,3.459821,4.571863317460318,1.5268370000000002,0.12903225806451613,0.3786008230452675,0.005025125628140704,139,129,148
836,0.9035532994923858,0.7715736040609137,0.8071065989847716,80.04734834830286,79.67799690032575,115.995254,0.45454545454545453,0.6826923076923077,0.6914893617021277,178,152,159,0.7452830188679245,0.5377358490566038,0.8018867924528302,9.014781428571434,16.275803888888895,8.196527014430012,0.0,0.5114503816793893,0.0,79,57,85,0.6954314720812182,0.6294416243654822,0.7411167512690355,3.395396,4.677726317460318,1.5198590000000003,0.14414414414414414,0.423728813559322,0.0,137,124,146
837,0.9035532994923858,0.7614213197969543,0.817258883248731,79.97401085795008,79.35048822888422,116.276593,0.3698630136986301,0.7171717171717171,0.6842105263157895,178,150,161,0.7641509433962265,0.6037735849056604,0.7641509433962265,8.519453000000007,16.828822666666877,8.109828884226884,0.0,0.5434782608695652,0.0,81,64,81,0.7208121827411168,0.6142131979695431,0.7461928934010152,3.451985,4.644884317460318,1.5444810000000002,0.13302752293577982,0.41295546558704455,0.005050505050505051,142,121,147
838,0.883248730964467,0.7461928934010152,0.8223350253807107,81.38815272833548,81.02126656699326,114.409197,0.3870967741935484,0.7708333333333334,0.6741573033707865,174,147,162,0.7547169811320755,0.6132075471698113,0.8301886792452831,9.279211238095243,17.014348666666674,7.724897617826613,0.0,0.5238095238095238,0.0,80,65,88,0.7309644670050761,0.5939086294416244,0.751269035532995,3.428586,4.688242317460318,1.5408020000000002,0.11320754716981132,0.43333333333333335,0.0,144,117,148
839,0.8984771573604061,0.7715736040609137,0.7918781725888325,84.40052688114547,77.54290156699307,112.927578,0.390625,0.7053571428571429,0.6753246753246753,177,152,156,0.7452830188679245,0.6037735849056604,0.7924528301886793,9.021605650793656,17.19977111111122,8.40215111333111,0.0,0.4838709677419355,0.0,79,64,84,0.751269035532995,0.5786802030456852,0.766497461928934,3.490199,4.636178317460318,1.5033630000000002,0.09905660377358491,0.3944223107569721,0.0,148,114,151
840,0.9035532994923858,0.7715736040609137,0.8223350253807107,82.38540493028181,79.58526107905266,117.465347,0.35384615384615387,0.7043478260869566,0.6842105263157895,178,152,162,0.7735849056603774,0.5754716981132075,0.7924528301886793,8.578873000000003,17.390920666666677,8.336047641802637,0.0,0.525,0.0,82,61,84,0.7461928934010152,0.6142131979695431,0.7563451776649747,3.554399,4.613746317460318,1.5605800000000003,0.10294117647058823,0.41603053435114506,0.0,147,121,149
841,0.8934010152284264,0.7969543147208121,0.8527918781725888,80.09585635634592,78.86283856699268,122.05004,0.35135135135135137,0.693069306930693,0.5913978494623656,176,157,168,0.7735849056603774,0.6226415094339622,0.8490566037735849,8.494689000000005,17.111565444444448,7.5933510527250485,0.0,0.4965034965034965,0.010526315789473684,82,66,90,0.7360406091370558,0.6548223350253807,0.766497461928934,3.571179,4.614952317460318,1.6208340000000003,0.09803921568627451,0.38645418326693226,0.01015228426395939,145,129,151
842,0.8984771573604061,0.8121827411167513,0.8375634517766497,82.41704969035425,81.39636690032602,116.98789,0.3968253968253968,0.7155963302752294,0.7051282051282052,177,160,165,0.7547169811320755,0.6698113207547169,0.7735849056603774,8.841423317460325,16.971706000000008,7.7166929255189185,0.0,0.5196850393700787,0.04,80,71,82,0.7208121827411168,0.6700507614213198,0.7817258883248731,3.564333,4.669065317460318,1.634981,0.10576923076923077,0.36099585062240663,0.0,142,132,154
843,0.883248730964467,0.7969543147208121,0.8375634517766497,83.26284716894494,78.05163738826494,118.043122,0.3582089552238806,0.74,0.6436781609195402,174,157,165,0.7641509433962265,0.6037735849056604,0.7735849056603774,9.553392571428578,17.733526555558228,8.398583005105998,0.0,0.46017699115044247,0.011494252873563218,81,64,82,0.7055837563451777,0.6802030456852792,0.7614213197969543,3.535711,4.616183317460318,1.5887460000000002,0.09523809523809523,0.38235294117647056,0.0,139,134,150
844,0.8883248730964467,0.7918781725888325,0.8527918781725888,83.53242471592148,77.19858705493218,119.198169,0.2898550724637681,0.7204301075268817,0.6153846153846154,175,156,168,0.7264150943396226,0.6037735849056604,0.7358490566037735,9.682984571428575,17.37902866666667,8.211840466644462,0.0,0.44166666666666665,0.0,77,64,78,0.6751269035532995,0.6852791878172588,0.7461928934010152,3.495309,4.617339317460318,1.5643690000000003,0.075,0.3511111111111111,0.0,133,135,147
845,0.8934010152284264,0.7918781725888325,0.8121827411167513,82.05442168967762,79.08123805493229,116.840838,0.38461538461538464,0.7474747474747475,0.625,176,156,160,0.7452830188679245,0.6132075471698113,0.7641509433962265,9.314160571428578,17.707014111111118,8.224070031746026,0.0,0.5163934426229508,0.0,79,65,81,0.700507614213198,0.700507614213198,0.7461928934010152,3.566921,4.680228317460318,1.5707390000000003,0.08018867924528301,0.3817427385892116,0.0,138,138,147
846,0.9086294416243654,0.7766497461928934,0.8375634517766497,79.8243194292803,81.66539338826558,119.256506,0.2878787878787879,0.6666666666666666,0.5842696629213483,179,153,165,0.7547169811320755,0.5943396226415094,0.8301886792452831,9.398174238095242,17.907766777777784,8.255516163614157,0.0,0.48360655737704916,0.0,80,63,88,0.7106598984771574,0.7157360406091371,0.7614213197969543,3.541274,4.616297317460318,1.5464190000000002,0.08450704225352113,0.3717948717948718,0.0,140,141,150
847,0.9187817258883249,0.7868020304568528,0.8527918781725888,82.71957802300304,82.30731472159874,115.80386,0.3617021276595745,0.7878787878787878,0.5925925925925926,181,155,168,0.7452830188679245,0.5849056603773585,0.7547169811320755,9.263536666666672,17.564258777777784,8.33575988422688,0.0,0.452991452991453,0.0,79,62,80,0.7055837563451777,0.6903553299492385,0.7563451776649747,3.451357,4.639844317460318,1.6228410000000002,0.1288888888888889,0.3948497854077253,0.0,139,136,149
848,0.8984771573604061,0.8020304568527918,0.8527918781725888,83.0731957158897,77.95004272159879,120.818112,0.38461538461538464,0.6822429906542056,0.6301369863013698,177,158,168,0.7169811320754716,0.6226415094339622,0.8113207547169812,9.428848222222227,17.56606000000267,8.322958189255184,0.0,0.43846153846153846,0.0,76,66,86,0.7208121827411168,0.700507614213198,0.751269035532995,3.480367,4.653690317460318,1.5492530000000002,0.09767441860465116,0.36123348017621143,0.0,142,138,148
849,0.868020304568528,0.8020304568527918,0.8477157360406091,84.5588230230094,80.85882638826547,121.533573,0.2807017543859649,0.7307692307692307,0.6533333333333333,171,158,167,0.7169811320754716,0.6509433962264151,0.7924528301886793,9.315669666666672,17.23135311110845,7.933043622488617,0.010101010101010102,0.5081967213114754,0.022727272727272728,76,69,84,0.7208121827411168,0.6700507614213198,0.7461928934010152,3.500348,4.656129317460318,1.5558710000000002,0.11059907834101383,0.3640776699029126,0.0,142,132,147
850,0.8984771573604061,0.7817258883248731,0.8274111675126904,84.35481702302684,78.09070572159877,117.673167,0.2923076923076923,0.7920792079207921,0.6071428571428571,177,154,163,0.7358490566037735,0.6037735849056604,0.7830188679245284,9.436495111111116,18.237658333335997,8.223881107004102,0.0,0.4745762711864407,0.0,78,64,83,0.6903553299492385,0.6548223350253807,0.7309644670050761,3.482392,4.639896317460318,1.6158740000000003,0.16129032258064516,0.3581395348837209,0.0,136,129,144
851,0.9086294416243654,0.7868020304568528,0.8274111675126904,81.24019302301099,77.72914905493067,116.177057,0.22058823529411764,0.7524752475247525,0.5897435897435898,179,155,163,0.7169811320754716,0.6132075471698113,0.8018867924528302,8.750985000000007,17.70009600000001,8.305342433677431,0.0,0.47619047619047616,0.0,76,65,85,0.7157360406091371,0.5989847715736041,0.7208121827411168,3.474666,4.6092673174603185,1.6413440000000001,0.15,0.3615023474178404,0.0,141,118,142
852,0.9086294416243654,0.7868020304568528,0.8223350253807107,84.44553702300303,77.49520772189084,122.070467,0.3617021276595745,0.7029702970297029,0.704225352112676,179,155,162,0.7358490566037735,0.5471698113207547,0.8018867924528302,9.220138888888895,18.010365666669337,8.01446145199245,0.0,0.48739495798319327,0.0,78,58,85,0.7563451776649747,0.5939086294416244,0.6954314720812182,3.448737,4.497975317460318,1.6001270000000003,0.1608695652173913,0.36283185840707965,0.0,149,117,137
853,0.868020304568528,0.7411167512690355,0.8324873096446701,82.79270994755046,81.26544005493335,117.082797,0.39622641509433965,0.7238095238095238,0.6219512195121951,171,146,164,0.6792452830188679,0.6415094339622641,0.7169811320754716,8.954551666666676,18.057160777780446,7.813850646131644,0.0,0.4411764705882353,0.0,72,68,76,0.7563451776649747,0.5736040609137056,0.6649746192893401,3.523412,4.516599317460318,1.5492170000000003,0.14953271028037382,0.3242009132420091,0.0,149,113,131
854,0.8578680203045685,0.7411167512690355,0.7766497461928934,84.33361268966968,83.35867997268858,116.067557,0.3387096774193548,0.7475728155339806,0.6153846153846154,169,146,153,0.6792452830188679,0.5754716981132075,0.7452830188679245,8.794290349206358,18.18228179365346,7.9499606544566515,0.0,0.5,0.0,72,61,79,0.7563451776649747,0.5685279187817259,0.6598984771573604,3.46705,4.440399317460318,1.5524120000000001,0.16203703703703703,0.30697674418604654,0.0,149,112,130
855,0.8527918781725888,0.7461928934010152,0.766497461928934,81.4531920230594,77.7131403882656,112.819036,0.37037037037037035,0.6290322580645161,0.6714285714285714,168,147,151,0.6698113207547169,0.5754716981132075,0.7735849056603774,8.439891206349213,17.675193666666676,8.06088012232212,0.0,0.4672897196261682,0.0,71,61,82,0.7563451776649747,0.5989847715736041,0.6700507614213198,3.640603,4.429112317460318,1.5514510000000001,0.14563106796116504,0.3037383177570093,0.0,149,118,132
856,0.8375634517766497,0.7563451776649747,0.7969543147208121,81.66705204923178,75.08526205027613,121.360154,0.375,0.7931034482758621,0.6153846153846154,165,149,157,0.6792452830188679,0.6226415094339622,0.7547169811320755,8.814586888888895,18.517801222222225,7.829535503274499,0.0,0.5229357798165137,0.0,72,66,80,0.7461928934010152,0.6192893401015228,0.6598984771573604,3.504975,4.4295513174603185,1.5620750000000003,0.15384615384615385,0.3302752293577982,0.0,147,122,130
857,0.8426395939086294,0.7411167512690355,0.8020304568527918,83.00750963614915,82.1778340592907,117.303343,0.27586206896551724,0.6938775510204082,0.6533333333333333,166,146,158,0.6792452830188679,0.5943396226415094,0.7735849056603774,8.355962888888897,18.225914888888894,7.913439250527248,0.0,0.4895833333333333,0.0,72,63,82,0.7411167512690355,0.6446700507614214,0.649746192893401,3.513319,4.471054317460318,1.5287400000000002,0.1596244131455399,0.3148148148148148,0.0,146,127,128
858,0.8274111675126904,0.7258883248730964,0.7766497461928934,82.53440630389477,78.84488872160176,117.211582,0.3508771929824561,0.719626168224299,0.6578947368421053,163,143,153,0.6792452830188679,0.5849056603773585,0.6792452830188679,7.830933000000006,18.311334761904764,8.23669383394383,0.0,0.4583333333333333,0.0,72,62,72,0.7055837563451777,0.6345177664974619,0.6649746192893401,3.656575,4.436504317460318,1.5754720000000002,0.15384615384615385,0.33488372093023255,0.0,139,125,131
859,0.8375634517766497,0.7411167512690355,0.7817258883248731,79.38671468968565,82.8284983882662,120.639117,0.26229508196721313,0.7047619047619048,0.5569620253164557,165,146,154,0.6792452830188679,0.6132075471698113,0.7641509433962265,8.31025622222223,18.586996761904768,8.424349777000774,0.0,0.39622641509433965,0.0,72,65,81,0.7055837563451777,0.5989847715736041,0.6852791878172588,3.671547,4.456955317460318,1.6220550000000002,0.15348837209302327,0.3155339805825243,0.0,139,118,135
860,0.883248730964467,0.7309644670050761,0.8020304568527918,85.86249768968555,82.44146845626942,119.118006,0.23728813559322035,0.7669902912621359,0.575,174,144,158,0.6792452830188679,0.29245283018867924,0.37735849056603776,8.560818460317467,15.542465253968262,7.315288084471077,0.0,0.47058823529411764,0.0,72,31,40,0.6954314720812182,0.6294416243654822,0.6802030456852792,3.692944,4.3780253174603185,1.6070830000000003,0.1588785046728972,0.32882882882882886,0.0,137,124,134
861,0.8781725888324873,0.7360406091370558,0.8071065989847716,81.89024135635222,78.5192480549352,124.613893,0.3684210526315789,0.65,0.6307692307692307,173,145,159,0.6509433962264151,0.2641509433962264,0.33962264150943394,8.463434000000007,15.441703253968262,7.804444133089123,0.0,0.5609756097560976,0.0,69,28,36,0.700507614213198,0.6446700507614214,0.6852791878172588,3.688189,4.414596317460318,1.5999650000000003,0.14285714285714285,0.3169642857142857,0.0,138,127,135
862,0.8274111675126904,0.7766497461928934,0.8020304568527918,81.38279212621796,78.21948772159962,118.934276,0.22413793103448276,0.6372549019607843,0.5675675675675675,163,153,158,0.6792452830188679,0.27358490566037735,0.3113207547169811,8.466947000000008,16.019395206349216,7.730285834387826,0.0,0.5,0.022222222222222223,72,29,33,0.6903553299492385,0.649746192893401,0.6954314720812182,3.669192,4.484470317460318,1.5695390000000002,0.16037735849056603,0.3181818181818182,0.0,136,128,137
863,0.883248730964467,0.7766497461928934,0.8020304568527918,82.43155802301972,78.61904938826625,122.026433,0.14285714285714285,0.7073170731707317,0.5352112676056338,174,153,158,0.6981132075471698,0.2358490566037736,0.33962264150943394,8.335554000000009,15.802018095238106,7.68226842879342,0.0,0.5454545454545454,0.08163265306122448,74,25,36,0.6700507614213198,0.6446700507614214,0.6852791878172588,3.738321,4.498255317460318,1.5606570000000002,0.16267942583732056,0.3018867924528302,0.0,132,127,135
864,0.8730964467005076,0.7411167512690355,0.7918781725888325,81.55456368968557,79.47599889045394,120.701844,0.25806451612903225,0.6629213483146067,0.5735294117647058,172,146,156,0.6698113207547169,0.22641509433962265,0.3490566037735849,8.74727311111112,16.035390714285725,7.83964671717171,0.0,0.5964912280701754,0.0851063829787234,71,24,37,0.6852791878172588,0.6700507614213198,0.6700507614213198,3.678355,4.446031317460318,1.5604060000000002,0.16129032258064516,0.28019323671497587,0.0,135,132,132
865,0.8527918781725888,0.766497461928934,0.8020304568527918,82.41931435635223,80.94500199679602,123.318756,0.2647058823529412,0.63,0.5342465753424658,168,151,158,0.6509433962264151,0.22641509433962265,0.25471698113207547,8.553570888888895,16.263004142857152,8.012737864690855,0.0,0.6491228070175439,0.23809523809523808,69,24,27,0.6751269035532995,0.6548223350253807,0.6802030456852792,3.687529,4.534202317460318,1.5239970000000003,0.14705882352941177,0.32407407407407407,0.005291005291005291,133,129,134
866,0.8426395939086294,0.7766497461928934,0.766497461928934,85.81473997423306,82.81978672157419,126.620741,0.20833333333333334,0.6477272727272727,0.5666666666666667,166,153,151,0.6698113207547169,0.19811320754716982,0.24528301886792453,8.79933268253969,16.202083412698425,8.149083688866682,0.0,0.7083333333333334,0.2708333333333333,71,21,26,0.6751269035532995,0.649746192893401,0.6700507614213198,3.685819,4.522152317460318,1.618418,0.12807881773399016,0.2898550724637681,0.005235602094240838,133,128,132
867,0.8578680203045685,0.7918781725888325,0.8020304568527918,79.41055968968637,81.70521872159962,122.488087,0.16393442622950818,0.6352941176470588,0.4666666666666667,169,156,158,0.6792452830188679,0.18867924528301888,0.2641509433962264,8.971167000000008,16.510550873015884,8.093083483738477,0.010869565217391304,0.6338028169014085,0.3617021276595745,72,20,28,0.6802030456852792,0.6700507614213198,0.6903553299492385,3.641949,4.505717317460318,1.5449090000000003,0.12735849056603774,0.2757009345794392,0.005208333333333333,134,132,136
868,0.8324873096446701,0.7918781725888325,0.817258883248731,84.83945768968637,83.1359688378024,128.295095,0.13953488372093023,0.6296296296296297,0.5645161290322581,164,156,161,0.6792452830188679,0.18867924528301888,0.27358490566037735,8.514213000000007,16.243738603174613,8.012343062049053,0.010638297872340425,0.6944444444444444,0.37735849056603776,72,20,29,0.6700507614213198,0.6954314720812182,0.6751269035532995,3.754762,4.496014317460318,1.6341070000000002,0.13875598086124402,0.25980392156862747,0.005263157894736842,132,137,133
869,0.8426395939086294,0.7868020304568528,0.7918781725888325,85.66597302301972,84.34384329614069,125.336999,0.17073170731707318,0.5955056179775281,0.463768115942029,166,155,156,0.660377358490566,0.18867924528301888,0.2830188679245283,8.854002888888896,16.34573304761906,8.011502263514256,0.0,0.7105263157894737,0.3877551020408163,70,20,30,0.6649746192893401,0.6852791878172588,0.6751269035532995,3.711294,4.630990317460318,1.6004090000000002,0.11707317073170732,0.24210526315789474,0.0051813471502590676,131,135,133
870,0.8730964467005076,0.7918781725888325,0.8375634517766497,80.45662737935525,82.67019681372852,126.127115,0.13043478260869565,0.6447368421052632,0.4482758620689655,172,156,165,0.6792452830188679,0.1792452830188679,0.2358490566037736,8.578662428571436,16.33921887301588,8.212635518925511,0.0,0.72,0.4339622641509434,72,19,25,0.6649746192893401,0.6598984771573604,0.6802030456852792,3.696313,4.633395317460318,1.6200850000000002,0.11538461538461539,0.1881720430107527,0.010416666666666666,131,130,134
871,0.8324873096446701,0.8020304568527918,0.8223350253807107,88.03470935635303,81.42730172159953,126.891819,0.13157894736842105,0.5977011494252874,0.43333333333333335,164,158,162,0.6509433962264151,0.16981132075471697,0.24528301886792453,8.356945111111118,16.479860825396834,8.288661109668102,0.0,0.7014925373134329,0.43636363636363634,69,18,26,0.6548223350253807,0.6954314720812182,0.6802030456852792,3.751509,4.589646317460318,1.55454,0.13270142180094788,0.17,0.010471204188481676,129,137,134
872,0.868020304568528,0.8071065989847716,0.8324873096446701,86.5921600690337,82.39339145074763,126.864669,0.09259259259259259,0.5,0.359375,171,159,164,0.6698113207547169,0.16037735849056603,0.20754716981132076,8.388625888888898,16.356632888888896,8.357896612720603,0.0,0.7297297297297297,0.5263157894736842,71,17,22,0.6548223350253807,0.7208121827411168,0.6700507614213198,3.692697,4.6188243174603185,1.6409450000000003,0.12857142857142856,0.18090452261306533,0.010638297872340425,129,142,132
873,0.8426395939086294,0.8020304568527918,0.8375634517766497,85.22146371590732,83.94682148036547,129.844753,0.02631578947368421,0.6027397260273972,0.425531914893617,166,158,165,0.6415094339622641,0.16037735849056603,0.19811320754716982,8.732114000000008,16.684126873015888,8.295322993672986,0.0,0.7681159420289855,0.5517241379310345,68,17,21,0.649746192893401,0.700507614213198,0.6598984771573604,3.755335,4.647750317460318,1.5903130000000003,0.15048543689320387,0.20512820512820512,0.010582010582010581,128,138,130
874,0.817258883248731,0.7918781725888325,0.8223350253807107,92.499764382573,81.74126932577067,128.935212,0.14893617021276595,0.5714285714285714,0.45454545454545453,161,156,162,0.6320754716981132,0.1509433962264151,0.20754716981132076,8.991848000000008,16.684056603174614,8.076378327006319,0.0,0.7466666666666667,0.5535714285714286,67,16,22,0.649746192893401,0.7309644670050761,0.649746192893401,3.684959,4.651776317460318,1.5843510000000003,0.10679611650485436,0.17989417989417988,0.010526315789473684,128,144,128
875,0.8781725888324873,0.8121827411167513,0.8223350253807107,81.40149752516048,88.4739133882663,129.809965,0.1,0.46835443037974683,0.4074074074074074,173,160,162,0.6698113207547169,0.33962264150943394,0.6226415094339622,8.957666126984138,18.778532841269847,9.440420319680321,0.0,0.5520833333333334,0.2857142857142857,71,36,66,0.6446700507614214,0.7208121827411168,0.6446700507614214,3.606949,4.6290733174603185,1.6280690000000002,0.10096153846153846,0.17415730337078653,0.005405405405405406,127,142,127
876,0.8629441624365483,0.7969543147208121,0.817258883248731,84.11384276260645,88.41677349028012,129.157132,0.13793103448275862,0.6349206349206349,0.328125,170,157,161,0.660377358490566,0.32075471698113206,0.5754716981132075,8.773970428571436,19.458232238095245,8.912938414918413,0.0,0.7411764705882353,0.4461538461538462,70,34,61,0.649746192893401,0.6649746192893401,0.649746192893401,3.640893,4.650234317460318,1.6032670000000002,0.11057692307692307,0.1712707182320442,0.005319148936170213,128,131,128
877,0.8730964467005076,0.7868020304568528,0.8071065989847716,81.93840376260233,86.36911220954208,124.684529,0.16216216216216217,0.6086956521739131,0.41509433962264153,172,155,159,0.6509433962264151,0.27358490566037735,0.5566037735849056,8.847682460317467,19.141479539682546,9.028844731601726,0.0,0.7672413793103449,0.5054945054945055,69,29,59,0.6649746192893401,0.6192893401015228,0.6345177664974619,3.609395,4.569620317460318,1.5840250000000002,0.10194174757281553,0.16483516483516483,0.0053475935828877,131,122,125
878,0.8324873096446701,0.7715736040609137,0.8324873096446701,82.9510527625977,84.56460438825385,125.830883,0.09803921568627451,0.5,0.38596491228070173,164,152,164,0.660377358490566,0.29245283018867924,0.5283018867924528,8.858372571428578,19.358823412698424,9.38015156188256,0.0,0.7931034482758621,0.47,70,31,56,0.6802030456852792,0.6649746192893401,0.6395939086294417,3.638121,4.550146317460318,1.5487010000000003,0.10047846889952153,0.14736842105263157,0.0,134,131,126
879,0.8629441624365483,0.7969543147208121,0.8071065989847716,86.10368642926518,82.5053548751058,122.78717,0.1702127659574468,0.5394736842105263,0.4107142857142857,170,157,159,0.6792452830188679,0.29245283018867924,0.5377358490566038,9.199798698412708,19.634353349206357,8.874340836607832,0.0,0.8041958041958042,0.45454545454545453,72,31,57,0.6852791878172588,0.6751269035532995,0.6345177664974619,3.623963,4.508402317460318,1.5775760000000003,0.0966183574879227,0.18181818181818182,0.0106951871657754,135,133,125
880,0.8527918781725888,0.8071065989847716,0.8121827411167513,84.36624738257383,87.5374372874011,126.615275,0.1956521739130435,0.5405405405405406,0.4166666666666667,168,159,160,0.660377358490566,0.2830188679245283,0.5566037735849056,9.188672650793661,19.06437895238096,9.022950471306466,0.0,0.8,0.39361702127659576,70,30,59,0.6903553299492385,0.649746192893401,0.6345177664974619,3.607791,4.551328317460318,1.5166650000000002,0.08823529411764706,0.16853932584269662,0.010752688172043012,136,128,125
881,0.8629441624365483,0.8071065989847716,0.8223350253807107,84.48726138256669,87.82536772160165,125.212115,0.13043478260869565,0.5833333333333334,0.36923076923076925,170,159,162,0.6509433962264151,0.2830188679245283,0.5754716981132075,9.033154222222231,18.832864460317467,8.833066182928178,0.0,0.8057553956834532,0.37,69,30,61,0.6954314720812182,0.6294416243654822,0.6345177664974619,3.650525,4.525526317460318,1.5335780000000003,0.08823529411764706,0.18229166666666666,0.010638297872340425,137,124,125
882,0.8477157360406091,0.7868020304568528,0.7868020304568528,83.78735221624959,88.04338922824122,127.264459,0.13636363636363635,0.5625,0.39285714285714285,167,155,155,0.660377358490566,0.27358490566037735,0.5566037735849056,8.908890857142866,18.971974238095243,8.982755737928732,0.0,0.8321678321678322,0.46236559139784944,70,29,59,0.6903553299492385,0.6345177664974619,0.6395939086294417,3.648833,4.406278317460318,1.5884010000000002,0.06060606060606061,0.15897435897435896,0.016042780748663103,136,125,126
883,0.8527918781725888,0.7868020304568528,0.8223350253807107,83.75374199679891,86.13939905495124,130.78412,0.06382978723404255,0.5205479452054794,0.34615384615384615,168,155,162,0.6792452830188679,0.27358490566037735,0.5754716981132075,9.071327142857148,18.62939368253969,8.845608354090352,0.0,0.8111888111888111,0.36082474226804123,72,29,61,0.6954314720812182,0.6598984771573604,0.6548223350253807,3.608938,4.409183317460318,1.5423410000000002,0.07575757575757576,0.16326530612244897,0.016304347826086956,137,130,129
884,0.883248730964467,0.8121827411167513,0.8223350253807107,84.11142304923256,84.79884150311366,128.308435,0.11627906976744186,0.47435897435897434,0.3018867924528302,174,160,162,0.660377358490566,0.27358490566037735,0.6226415094339622,9.033120571428578,18.71785368253969,9.181911849039844,0.0,0.8028169014084507,0.3956043956043956,70,29,66,0.6954314720812182,0.6142131979695431,0.6395939086294417,3.556107,4.414095317460318,1.5736810000000003,0.07653061224489796,0.14754098360655737,0.02185792349726776,137,121,126
885,0.868020304568528,0.8071065989847716,0.8375634517766497,81.52795730389708,85.5313254069672,125.034002,0.0975609756097561,0.5689655172413793,0.3333333333333333,171,159,165,0.660377358490566,0.29245283018867924,0.6132075471698113,9.23284711111112,18.586337349206353,9.016028138195134,0.0,0.8012820512820513,0.30337078651685395,70,31,65,0.6852791878172588,0.6294416243654822,0.6345177664974619,3.60083,4.433742317460318,1.6419830000000002,0.06735751295336788,0.13333333333333333,0.010869565217391304,135,124,125
886,0.8578680203045685,0.7918781725888325,0.8274111675126904,83.91369371589798,86.62086372701847,122.061037,0.06976744186046512,0.47297297297297297,0.3,169,156,163,0.6792452830188679,0.2830188679245283,0.6037735849056604,9.133668317460325,18.390418238095243,8.752370866910862,0.0,0.8040540540540541,0.34444444444444444,72,30,64,0.6751269035532995,0.7055837563451777,0.6548223350253807,3.540026,4.4117913174603185,1.6117230000000002,0.06666666666666667,0.11917098445595854,0.010638297872340425,133,139,129
887,0.8426395939086294,0.8071065989847716,0.817258883248731,83.79052768968559,89.02405638826622,127.715997,0.11363636363636363,0.4925373134328358,0.44642857142857145,166,159,161,0.6415094339622641,0.25471698113207547,0.5754716981132075,9.090108888888896,18.30320357142858,8.97060725419025,0.0,0.8278145695364238,0.3409090909090909,68,27,61,0.6802030456852792,0.7309644670050761,0.6395939086294417,3.551537,4.411070317460318,1.5561880000000001,0.04639175257731959,0.18421052631578946,0.0,134,144,126
888,0.868020304568528,0.8020304568527918,0.817258883248731,84.80912671590637,84.50755772159998,130.041127,0.09090909090909091,0.532258064516129,0.3584905660377358,171,158,161,0.6226415094339622,0.27358490566037735,0.6415094339622641,9.498614222222232,18.523979571428576,8.548922598512595,0.0,0.8275862068965517,0.27472527472527475,66,29,68,0.649746192893401,0.7157360406091371,0.6446700507614214,3.469069,4.429357317460318,1.5392090000000003,0.032432432432432434,0.16666666666666666,0.005376344086021506,128,141,127
889,0.8781725888324873,0.8223350253807107,0.8274111675126904,82.72159340303405,86.31664540518153,129.30548,0.12195121951219512,0.5373134328358209,0.3559322033898305,173,162,163,0.660377358490566,0.2641509433962264,0.6886792452830188,8.869988571428582,18.3747257936508,9.08028939338439,0.0,0.7727272727272727,0.313953488372093,70,28,73,0.6598984771573604,0.751269035532995,0.649746192893401,3.530241,4.391023317460318,1.5997280000000003,0.015873015873015872,0.17616580310880828,0.010638297872340425,130,148,128
890,0.8324873096446701,0.766497461928934,0.8071065989847716,84.25097806970146,87.5591891894718,126.257013,0.14634146341463414,0.5396825396825397,0.39655172413793105,164,151,159,0.6037735849056604,0.29245283018867924,0.6415094339622641,9.02039911111112,18.61667068253969,9.214331449328446,0.0,0.8169934640522876,0.25609756097560976,64,31,68,0.6395939086294417,0.4517766497461929,0.7715736040609137,3.57057,4.372135317460318,1.6099029090909092,0.02717391304347826,0.5048543689320388,0.008032128514056224,126,89,152
891,0.8578680203045685,0.8020304568527918,0.8477157360406091,86.51673715837182,83.5214223984988,131.920224,0.14634146341463414,0.49206349206349204,0.4,169,158,167,0.6415094339622641,0.27358490566037735,0.6509433962264151,9.140464317460324,18.313548238095247,9.579087211233208,0.0,0.7945205479452054,0.24705882352941178,68,29,69,0.6345177664974619,0.48223350253807107,0.751269035532995,3.536553,4.389881317460318,1.5787734725274727,0.03225806451612903,0.6976744186046512,0.009708737864077669,125,95,148
892,0.868020304568528,0.7918781725888325,0.8223350253807107,84.64022412640793,83.697195494093,121.180026,0.13636363636363635,0.5,0.4,171,156,162,0.6509433962264151,0.3018867924528302,0.7075471698113207,9.120576000000007,18.458185238095243,8.795021007770005,0.0,0.7922077922077922,0.25842696629213485,69,32,75,0.6345177664974619,0.45685279187817257,0.6852791878172588,3.540834,4.434259261904762,1.6057398408258408,0.02127659574468085,0.7428571428571429,0.0,125,90,135
893,0.8578680203045685,0.8020304568527918,0.8324873096446701,79.54646304669883,81.39271873183371,122.489108,0.11320754716981132,0.5087719298245614,0.38095238095238093,169,158,164,0.660377358490566,0.2641509433962264,0.6698113207547169,9.458115095238105,18.678517571428575,9.444828579198576,0.0,0.8161764705882353,0.2875,70,28,71,0.6548223350253807,0.37055837563451777,0.700507614213198,3.530041,4.379705095238095,1.5602907202797205,0.03723404255319149,0.7902621722846442,0.0,129,73,138
894,0.8527918781725888,0.7969543147208121,0.8324873096446701,84.3590029181278,83.9933208557382,127.114671,0.041666666666666664,0.4642857142857143,0.423728813559322,168,157,164,0.6415094339622641,0.2830188679245283,0.6509433962264151,8.98091768253969,18.473175349206354,8.933225265179264,0.0,0.8092105263157895,0.29411764705882354,68,30,69,0.649746192893401,0.3604060913705584,0.7106598984771574,3.576949,4.376170317460318,1.554286761904762,0.047619047619047616,0.8051470588235294,0.0,128,71,140
895,0.8426395939086294,0.7817258883248731,0.817258883248731,84.79016468967095,87.29860422343823,130.115708,0.023255813953488372,0.4925373134328358,0.3333333333333333,166,154,161,0.6415094339622641,0.3018867924528302,0.6886792452830188,8.745495111111119,18.427274349206357,8.800994525252522,0.0,0.8082191780821918,0.2840909090909091,68,32,73,0.6598984771573604,0.3756345177664975,0.7157360406091371,3.543797,4.378672317460318,1.5582570619380618,0.042105263157894736,0.8185053380782918,0.0,130,74,141
896,0.8223350253807107,0.8071065989847716,0.8274111675126904,87.71208538257332,83.80202273183245,124.101573,0.0975609756097561,0.5079365079365079,0.359375,162,159,163,0.6415094339622641,0.2830188679245283,0.6886792452830188,8.759586571428578,18.40698746031747,9.259886007770005,0.0,0.8297872340425532,0.23076923076923078,68,30,73,0.6395939086294417,0.37055837563451777,0.7055837563451777,3.573179,4.367863317460318,1.69882228005328,0.01639344262295082,0.8327272727272728,0.0,126,73,139
897,0.868020304568528,0.8121827411167513,0.8121827411167513,81.80445071589834,78.89673939850846,122.982949,0.12280701754385964,0.5555555555555556,0.43103448275862066,171,160,160,0.6415094339622641,0.2830188679245283,0.6509433962264151,9.354606666666676,18.443354000000006,9.290275163614162,0.0,0.8333333333333334,0.2682926829268293,68,30,69,0.6345177664974619,0.3553299492385787,0.6700507614213198,3.517224,4.327308317460318,1.5544564112554113,0.021621621621621623,0.8222222222222222,0.0,125,70,132
898,0.8324873096446701,0.7563451776649747,0.8071065989847716,85.13707368967536,82.62954823366898,125.190239,0.11428571428571428,0.5636363636363636,0.288135593220339,164,149,159,0.6226415094339622,0.27358490566037735,0.6981132075471698,8.572970793650802,18.458526333333342,8.672195906204902,0.0,0.8493150684931506,0.2077922077922078,66,29,74,0.6142131979695431,0.3401015228426396,0.7106598984771574,3.51983,4.4189523174603185,1.5899507792207794,0.043243243243243246,0.8239700374531835,0.0,121,67,140
899,0.8426395939086294,0.8020304568527918,0.7868020304568528,87.36159866666449,78.44845560135677,128.700615,0.06666666666666667,0.4,0.43478260869565216,166,158,155,0.6226415094339622,0.2830188679245283,0.6792452830188679,8.837074460317467,17.867516555555564,9.358604853923852,0.0,0.8205128205128205,0.24390243902439024,66,30,72,0.5939086294416244,0.3299492385786802,0.6395939086294417,3.510392,4.354092317460318,1.6251293506493505,0.04395604395604396,0.8392857142857143,0.0,117,65,126
900,0.8375634517766497,0.7715736040609137,0.8121827411167513,82.5593010697018,77.05244183992276,126.164977,0.1282051282051282,0.6101694915254238,0.3283582089552239,165,152,160,0.6226415094339622,0.29245283018867924,0.6886792452830188,8.977701206349213,18.245047222222222,9.570993620490617,0.0,0.8211920529801324,0.20930232558139536,66,31,73,0.5989847715736041,0.30456852791878175,0.6142131979695431,3.441999,4.368047095238095,1.6110593026973028,0.0427807486631016,0.8164794007490637,0.0,118,60,121
901,0.8223350253807107,0.7309644670050761,0.7614213197969543,82.45487071589895,82.68916790031415,126.115932,0.09523809523809523,0.546875,0.32653061224489793,162,144,150,0.5943396226415094,0.27358490566037735,0.6698113207547169,8.71907922222223,17.99696166666667,9.200445953823952,0.0,0.8378378378378378,0.19736842105263158,63,29,71,0.6040609137055838,0.3197969543147208,0.6852791878172588,3.400219,4.346638317460318,1.6611319900099903,0.04371584699453552,0.7970479704797048,0.0,119,63,135
902,0.7868020304568528,0.7309644670050761,0.7614213197969543,88.13676002300855,85.18542028034217,127.888605,0.10810810810810811,0.5689655172413793,0.27419354838709675,155,144,150,0.5943396226415094,0.2830188679245283,0.660377358490566,8.97596011111112,17.81738855555556,9.656229996780995,0.0,0.8280254777070064,0.16,63,30,70,0.6091370558375635,0.3299492385786802,0.6395939086294417,3.399857,4.262139317460318,1.5843467402597402,0.0446927374301676,0.8048780487804879,0.0,120,65,126
903,0.8121827411167513,0.7258883248730964,0.7918781725888325,85.97136280929332,80.41191782315052,124.436874,0.11538461538461539,0.4918032786885246,0.39215686274509803,160,143,156,0.6037735849056604,0.24528301886792453,0.6792452830188679,8.505594634920646,17.849753666666672,9.296045169941168,0.0,0.8378378378378378,0.14084507042253522,64,26,72,0.6192893401015228,0.3197969543147208,0.6446700507614214,3.385584,4.331682317460318,1.6068876926406928,0.04891304347826087,0.8339622641509434,0.006756756756756757,122,63,127
904,0.8071065989847716,0.7157360406091371,0.7614213197969543,82.93015027768078,82.58713873183247,128.636142,0.2,0.48214285714285715,0.35294117647058826,159,141,150,0.5754716981132075,0.24528301886792453,0.6415094339622641,8.356854111111119,17.825973888888896,9.54861032378732,0.0,0.8552631578947368,0.2236842105263158,61,26,68,0.6243654822335025,0.29441624365482233,0.6345177664974619,3.396987,4.253074317460318,1.5910316147186148,0.03910614525139665,0.8127208480565371,0.0,123,58,125
905,0.8121827411167513,0.7411167512690355,0.7766497461928934,84.00480195583478,82.43941204802178,130.173873,0.13636363636363635,0.4027777777777778,0.3548387096774194,160,146,153,0.6132075471698113,0.27358490566037735,0.7452830188679245,8.724147317460325,18.076160333333334,9.674026388722385,0.0,0.7945205479452054,0.16279069767441862,65,29,79,0.6243654822335025,0.30456852791878175,0.6243654822335025,3.376835,4.254273150793651,1.5862672770562771,0.060109289617486336,0.8397212543554007,0.0,123,60,123
906,0.8071065989847716,0.7461928934010152,0.7766497461928934,82.69707102299849,82.06427339849273,124.975487,0.10869565217391304,0.5423728813559322,0.3125,159,147,153,0.6226415094339622,0.27358490566037735,0.6320754716981132,8.084400888888897,17.89772955555556,9.618066788988788,0.011363636363636364,0.8333333333333334,0.14492753623188406,66,29,67,0.6243654822335025,0.29949238578680204,0.6548223350253807,3.418576,4.257436150793651,1.580341627705628,0.028409090909090908,0.8581314878892734,0.0,123,59,129
907,0.8121827411167513,0.7360406091370558,0.7715736040609137,85.61099738258096,82.55025894119912,130.54169,0.09302325581395349,0.45454545454545453,0.45652173913043476,160,145,152,0.6509433962264151,0.2641509433962264,0.6981132075471698,8.311596888888896,17.838857333333337,9.364998642912639,0.0,0.8266666666666667,0.2073170731707317,69,28,74,0.6345177664974619,0.28426395939086296,0.6446700507614214,3.429013,4.271142150793652,1.5427998701298702,0.01694915254237288,0.855072463768116,0.0,125,56,127
908,0.8071065989847716,0.7461928934010152,0.7715736040609137,88.0096772150687,82.70514106516745,126.342864,0.1282051282051282,0.5689655172413793,0.3793103448275862,159,147,152,0.6415094339622641,0.27358490566037735,0.6698113207547169,8.862769888888895,18.573195666666663,9.718439532134525,0.0,0.8551724137931035,0.15714285714285714,68,29,71,0.6294416243654822,0.25888324873096447,0.6142131979695431,3.403036,4.270250317460318,1.5882820346320348,0.02824858757062147,0.8680555555555556,0.0,124,51,121
909,0.8274111675126904,0.7360406091370558,0.7766497461928934,85.03580035634509,80.47262790032639,127.873687,0.16326530612244897,0.49206349206349204,0.4107142857142857,163,145,153,0.6415094339622641,0.27358490566037735,0.6886792452830188,8.57858111111112,17.959030333333335,9.327785598512593,0.0,0.831081081081081,0.15789473684210525,68,29,73,0.6243654822335025,0.24873096446700507,0.6395939086294417,3.396183,4.238377317460318,1.5766680476190476,0.04395604395604396,0.8811188811188811,0.0,123,49,126
910,0.817258883248731,0.7157360406091371,0.7766497461928934,82.94835804922717,85.15879915187988,129.028212,0.06666666666666667,0.43636363636363634,0.4,161,141,153,0.6226415094339622,0.27358490566037735,0.6886792452830188,8.850106190476199,18.217725222222224,9.60701943778444,0.0,0.8187919463087249,0.16666666666666666,66,29,73,0.6192893401015228,0.4720812182741117,0.6040609137055838,3.400444,4.52730353968254,1.5573714848484848,0.04945054945054945,0.7574750830564784,0.0,122,93,119
911,0.8121827411167513,0.7563451776649747,0.7817258883248731,85.69215338256589,85.61464490032633,125.266516,0.08333333333333333,0.5483870967741935,0.42857142857142855,160,149,154,0.660377358490566,0.2641509433962264,0.6509433962264151,8.600518984126992,17.861031222222223,9.256303895215893,0.011494252873563218,0.8466666666666667,0.17105263157894737,70,28,69,0.6243654822335025,0.49238578680203043,0.5939086294416244,3.350519,4.266355095238096,1.5890306666666667,0.043478260869565216,0.5522388059701493,0.011560693641618497,123,97,117
912,0.8121827411167513,0.7411167512690355,0.7563451776649747,83.97846535635733,82.22148490032694,123.137858,0.17073170731707318,0.6,0.35185185185185186,160,146,149,0.6509433962264151,0.27358490566037735,0.7169811320754716,8.919216222222232,18.040517333333327,9.502373336774333,0.0,0.8133333333333334,0.18292682926829268,69,29,76,0.6091370558375635,0.5177664974619289,0.5989847715736041,3.386938,4.350862317460318,1.5959840000000003,0.060109289617486336,0.5261044176706827,0.005847953216374269,120,102,118
913,0.8375634517766497,0.766497461928934,0.7715736040609137,82.9982053825614,80.7383570688186,123.855193,0.12244897959183673,0.44776119402985076,0.323943661971831,165,151,152,0.6132075471698113,0.2830188679245283,0.7169811320754716,9.138078111111119,18.042284333333335,9.674639016095014,0.0,0.8145695364238411,0.18823529411764706,65,30,76,0.6294416243654822,0.47715736040609136,0.6192893401015228,3.373221,4.466471317460318,1.5972430000000002,0.07407407407407407,0.5182186234817814,0.011560693641618497,124,94,122
914,0.8274111675126904,0.7309644670050761,0.7969543147208121,82.93307768970273,86.0873987318161,125.487936,0.24444444444444444,0.576271186440678,0.39655172413793105,163,144,157,0.6415094339622641,0.25471698113207547,0.6886792452830188,9.154480428571437,18.009335333333336,9.11643343001443,0.011494252873563218,0.8561151079136691,0.17567567567567569,68,27,73,0.6243654822335025,0.47715736040609136,0.6040609137055838,3.351585,4.37135453968254,1.5967340000000003,0.0979381443298969,0.4618320610687023,0.011904761904761904,123,94,119
915,0.7766497461928934,0.766497461928934,0.7715736040609137,84.6384553825651,83.72906036117102,123.762466,0.2127659574468085,0.5238095238095238,0.39285714285714285,153,151,152,0.6415094339622641,0.27358490566037735,0.6981132075471698,9.049929095238104,17.72417333333333,9.963251401154402,0.0,0.8223684210526315,0.22077922077922077,68,29,74,0.6142131979695431,0.5126903553299492,0.6091370558375635,3.376376,4.31675353968254,1.5751150000000003,0.09895833333333333,0.5381818181818182,0.011834319526627219,121,101,120
916,0.8121827411167513,0.7563451776649747,0.7868020304568528,85.02568804925038,80.29095294130163,125.072697,0.1724137931034483,0.589041095890411,0.41935483870967744,160,149,155,0.6320754716981132,0.2641509433962264,0.7169811320754716,8.564061571428578,17.67063433333332,9.008140525252523,0.0,0.863013698630137,0.1927710843373494,67,28,76,0.6040609137055838,0.5126903553299492,0.6091370558375635,3.438001,4.486860317460318,1.5655490000000003,0.11917098445595854,0.5230125523012552,0.011695906432748537,119,101,120
917,0.8121827411167513,0.7208121827411168,0.766497461928934,83.37768035634316,84.79630856699302,129.994848,0.2857142857142857,0.4444444444444444,0.4406779661016949,160,142,151,0.6320754716981132,0.27358490566037735,0.660377358490566,8.55535411111112,17.802330333333327,9.854850446109447,0.0,0.7986577181208053,0.1643835616438356,67,29,70,0.6040609137055838,0.49746192893401014,0.5989847715736041,3.436203,4.517841317460318,1.5573890000000001,0.14,0.5145228215767634,0.011764705882352941,119,98,118
918,0.8274111675126904,0.7411167512690355,0.8020304568527918,83.98914964684421,85.68502673183414,122.763173,0.27906976744186046,0.6206896551724138,0.34328358208955223,163,146,158,0.6226415094339622,0.2641509433962264,0.7358490566037735,8.39913403174604,17.767099000000066,9.317099174825175,0.011627906976744186,0.8287671232876712,0.16470588235294117,66,28,78,0.5989847715736041,0.467005076142132,0.5989847715736041,3.460773,4.491148095238096,1.5786590000000003,0.135678391959799,0.48627450980392156,0.01764705882352941,118,92,118
919,0.7918781725888325,0.766497461928934,0.7817258883248731,84.69218671591985,82.89688323365968,126.98293,0.28,0.5061728395061729,0.34545454545454546,156,151,154,0.6226415094339622,0.25471698113207547,0.6981132075471698,8.826651111111119,17.768131000000068,9.131360858585857,0.011627906976744186,0.841726618705036,0.21951219512195122,66,27,74,0.5888324873096447,0.467005076142132,0.6091370558375635,3.46463,4.349690206349207,1.5504120000000001,0.1485148514851485,0.5269230769230769,0.011764705882352941,116,92,120
920,0.8071065989847716,0.7461928934010152,0.7868020304568528,83.12634630964662,80.75645290032752,126.530162,0.21311475409836064,0.6363636363636364,0.45901639344262296,159,147,155,0.6509433962264151,0.27358490566037735,0.6981132075471698,8.863161460317466,18.052361444444575,9.049991635142632,0.0,0.8356164383561644,0.21686746987951808,69,29,74,0.5939086294416244,0.4619289340101523,0.6040609137055838,3.439191,4.401532095238096,1.6211460000000002,0.18357487922705315,0.4979757085020243,0.005988023952095809,117,91,119
921,0.8274111675126904,0.751269035532995,0.7868020304568528,85.17669099679587,83.58474594135765,124.100355,0.25,0.6142857142857143,0.45161290322580644,163,148,155,0.6415094339622641,0.2641509433962264,0.6792452830188679,8.881761031746038,18.175258333333463,9.665400572871569,0.011627906976744186,0.8439716312056738,0.25316455696202533,68,28,72,0.583756345177665,0.48223350253807107,0.6142131979695431,3.412524,4.295085095238096,1.6163870000000002,0.1875,0.4849624060150376,0.005917159763313609,115,95,121
922,0.8223350253807107,0.751269035532995,0.7918781725888325,83.98952571589724,80.97520885208579,120.781694,0.2777777777777778,0.589041095890411,0.46153846153846156,162,148,156,0.6792452830188679,0.27358490566037735,0.7075471698113207,8.91284411111112,17.93088022222235,9.418207239538237,0.0,0.8378378378378378,0.1724137931034483,72,29,75,0.6040609137055838,0.4873096446700508,0.6243654822335025,3.432761,4.277159317460318,1.5582800000000003,0.1715686274509804,0.5095057034220533,0.005813953488372093,119,96,123
923,0.8020304568527918,0.7309644670050761,0.7817258883248731,83.91725168967844,84.27471223372196,123.714909,0.23529411764705882,0.6119402985074627,0.5303030303030303,158,144,154,0.6698113207547169,0.27358490566037735,0.7075471698113207,8.844422777777783,18.12230788888896,9.316119162171159,0.0,0.8226950354609929,0.28,71,29,75,0.6294416243654822,0.48223350253807107,0.6243654822335025,3.431172,4.432098317460318,1.6338270000000001,0.16336633663366337,0.5296442687747036,0.011834319526627219,124,95,123
924,0.8020304568527918,0.7360406091370558,0.7817258883248731,84.60740957461525,82.19329773548544,122.627741,0.30612244897959184,0.5405405405405406,0.5,158,145,154,0.6226415094339622,0.2830188679245283,0.6981132075471698,9.156342222222232,18.158234000000068,9.924135686868688,0.0,0.831081081081081,0.24096385542168675,66,30,74,0.649746192893401,0.47715736040609136,0.6294416243654822,3.477951,4.5005913174603185,1.6268650000000002,0.14427860696517414,0.5,0.005952380952380952,128,94,124
925,0.817258883248731,0.7614213197969543,0.7766497461928934,82.78540649640996,80.80095590032475,126.137095,0.2127659574468085,0.6417910447761194,0.4225352112676056,161,150,153,0.6320754716981132,0.2830188679245283,0.6792452830188679,8.737745111111119,18.282391888888956,9.619605871239871,0.0,0.8428571428571429,0.19230769230769232,67,30,72,0.649746192893401,0.467005076142132,0.6192893401015228,3.518874,4.515012317460318,1.6365320000000003,0.17475728155339806,0.5038167938931297,0.0,128,92,122
926,0.7868020304568528,0.7461928934010152,0.8071065989847716,81.96932916310443,81.87160438825904,125.219342,0.22916666666666666,0.6119402985074627,0.4,155,147,159,0.6226415094339622,0.27358490566037735,0.6981132075471698,8.946429571428578,17.96454800000006,9.5383684017094,0.0,0.8079470198675497,0.17857142857142858,66,29,74,0.6548223350253807,0.4720812182741117,0.6091370558375635,3.496462,4.468971317460318,1.6010150000000003,0.13917525773195877,0.5151515151515151,0.011834319526627219,129,93,120
927,0.8121827411167513,0.7309644670050761,0.7918781725888325,79.39114598831917,81.00985639850083,125.04134,0.14285714285714285,0.6461538461538462,0.5076923076923077,160,144,156,0.6132075471698113,0.27358490566037735,0.6698113207547169,8.744908428571437,18.227836000000067,9.568401990453987,0.011904761904761904,0.8413793103448276,0.22666666666666666,65,29,71,0.6598984771573604,0.47715736040609136,0.6142131979695431,3.523719,4.5210203174603185,1.5948510000000002,0.14720812182741116,0.5139442231075697,0.01775147928994083,130,94,121
928,0.7918781725888325,0.7411167512690355,0.7969543147208121,84.42369662246895,80.88302889667526,126.255048,0.32142857142857145,0.547945205479452,0.4264705882352941,156,146,157,0.6037735849056604,0.2641509433962264,0.7075471698113207,8.880720111111119,18.003551000000066,9.688155907647907,0.011494252873563218,0.8367346938775511,0.15584415584415584,64,28,75,0.6649746192893401,0.4873096446700508,0.6243654822335025,3.5007,4.439232317460318,1.6409730000000002,0.14136125654450263,0.5077519379844961,0.0,131,96,123
929,0.8223350253807107,0.7309644670050761,0.7817258883248731,81.44208298855357,81.68901707906038,124.975961,0.3125,0.5492957746478874,0.46551724137931033,162,144,154,0.6037735849056604,0.2641509433962264,0.6981132075471698,9.312327317460328,17.933210000000066,9.557679989010987,0.0,0.8289473684210527,0.1323529411764706,64,28,74,0.6802030456852792,0.5076142131979695,0.6243654822335025,3.463271,4.348510317460318,1.6798280000000003,0.1650485436893204,0.4980694980694981,0.0,134,100,123
930,0.8324873096446701,0.7563451776649747,0.7918781725888325,84.23091719589037,82.42428305564873,127.614639,0.3695652173913043,0.5588235294117647,0.4838709677419355,164,149,156,0.6132075471698113,0.25471698113207547,0.6792452830188679,9.01653322222223,18.12520688888894,9.982286670107671,0.011627906976744186,0.8561151079136691,0.19230769230769232,65,27,72,0.6751269035532995,0.5076142131979695,0.6192893401015228,3.410837,4.322415317460318,1.6097120000000003,0.18446601941747573,0.5171102661596958,0.0,133,100,122
931,0.8071065989847716,0.7563451776649747,0.7969543147208121,82.57217161600185,80.64441074500998,125.296094,0.3333333333333333,0.5909090909090909,0.37142857142857144,159,149,157,0.6037735849056604,0.24528301886792453,0.7358490566037735,8.562862428571437,18.01914911111118,10.017903412698413,0.0,0.8111888111888111,0.21794871794871795,64,26,78,0.6751269035532995,0.49238578680203043,0.6192893401015228,3.509206,4.380677317460318,1.5842920000000003,0.1724137931034483,0.5275590551181102,0.0,133,97,122
932,0.7918781725888325,0.751269035532995,0.7969543147208121,80.54848232428918,82.8647347420721,129.208341,0.3548387096774194,0.6142857142857143,0.4722222222222222,156,148,157,0.6226415094339622,0.27358490566037735,0.6698113207547169,8.709384777777784,17.954113000000074,9.866552911976914,0.011494252873563218,0.8275862068965517,0.15384615384615385,66,29,71,0.6700507614213198,0.467005076142132,0.6142131979695431,3.536783,4.482212317460318,1.6000120000000002,0.1932367149758454,0.5165289256198347,0.0,132,92,121
933,0.8121827411167513,0.751269035532995,0.766497461928934,86.86878547520973,80.0442109691285,125.58988,0.36363636363636365,0.6142857142857143,0.5555555555555556,160,148,151,0.5849056603773585,0.2641509433962264,0.6509433962264151,8.848860000000007,17.850866888888895,9.771048576867571,0.0,0.851063829787234,0.1506849315068493,62,28,69,0.6598984771573604,0.4467005076142132,0.6192893401015228,3.537974,4.369615317460318,1.5574710000000003,0.18137254901960784,0.4980237154150198,0.0,130,88,122
934,0.8274111675126904,0.751269035532995,0.8020304568527918,83.09359691992252,83.58534759484303,123.393886,0.34545454545454546,0.5652173913043478,0.45454545454545453,163,148,158,0.5849056603773585,0.2641509433962264,0.6698113207547169,8.493616571428579,17.745852777777785,9.821141685425681,0.0,0.823943661971831,0.16883116883116883,62,28,71,0.649746192893401,0.4467005076142132,0.6091370558375635,3.531221,4.414799317460318,1.6255150000000003,0.1708542713567839,0.5214007782101168,0.0,128,88,120
935,0.7969543147208121,0.7411167512690355,0.7766497461928934,83.33290955815237,83.7394657318325,124.902606,0.3,0.65625,0.546875,157,146,153,0.5943396226415094,0.2641509433962264,0.660377358490566,8.965660000000007,17.692364666666673,10.37271882095682,0.011235955056179775,0.8661971830985915,0.14102564102564102,63,28,70,0.6040609137055838,0.4517766497461929,0.6091370558375635,3.594449,4.481664317460318,1.6002260000000001,0.15263157894736842,0.4959349593495935,0.0,119,89,120
936,0.7918781725888325,0.7563451776649747,0.7918781725888325,84.02918298763764,83.05336906516419,125.749017,0.2962962962962963,0.6056338028169014,0.4935064935064935,156,149,156,0.5943396226415094,0.27358490566037735,0.6698113207547169,8.680863111111119,17.682720666666672,9.72731523953824,0.011363636363636364,0.8321678321678322,0.12658227848101267,63,29,71,0.5989847715736041,0.4517766497461929,0.6142131979695431,3.559944,4.560613317460319,1.6611870000000002,0.1902439024390244,0.4921259842519685,0.0,118,89,121
937,0.8274111675126904,0.7309644670050761,0.7817258883248731,84.6051730020631,84.60056734367907,126.648701,0.32075471698113206,0.6805555555555556,0.5671641791044776,163,144,154,0.6132075471698113,0.27358490566037735,0.6981132075471698,8.880060984126997,17.510753666666673,10.43952719069819,0.0,0.8652482269503546,0.17333333333333334,65,29,74,0.5786802030456852,0.4720812182741117,0.6142131979695431,3.594718,4.524784317460318,1.5996980000000003,0.1902439024390244,0.47265625,0.0,114,93,121
938,0.7969543147208121,0.7411167512690355,0.7868020304568528,83.54838876259853,81.85070686230996,122.793722,0.3541666666666667,0.5595238095238095,0.5194805194805194,157,146,155,0.6320754716981132,0.27358490566037735,0.6698113207547169,8.979382857142866,17.723130333333344,10.38023085569985,0.0,0.8450704225352113,0.14925373134328357,67,29,71,0.5989847715736041,0.48223350253807107,0.6091370558375635,3.600706,4.606590317460319,1.5847870000000002,0.1650485436893204,0.5298507462686567,0.0,118,95,120
939,0.8020304568527918,0.7360406091370558,0.7969543147208121,85.0368941868202,79.59828374565895,124.906828,0.26666666666666666,0.5733333333333334,0.49295774647887325,158,145,157,0.6320754716981132,0.27358490566037735,0.7264150943396226,8.768305206349213,17.677142666666672,10.133135046398046,0.0,0.8439716312056738,0.11842105263157894,67,29,77,0.5939086294416244,0.48223350253807107,0.6192893401015228,3.583263,4.732476317460319,1.6563960000000002,0.185,0.5450980392156862,0.0,117,95,122
940,0.8121827411167513,0.751269035532995,0.7918781725888325,83.00162040404527,83.29648839850077,123.172132,0.31666666666666665,0.6,0.5,160,148,156,0.6415094339622641,0.25471698113207547,0.6698113207547169,8.853946793650803,17.63801866666667,10.59595027128427,0.0,0.8705035971223022,0.15492957746478872,68,27,71,0.5736040609137056,0.467005076142132,0.6192893401015228,3.629564,4.734305317460319,1.5986640000000003,0.15104166666666666,0.525,0.0,113,92,122
941,0.8121827411167513,0.766497461928934,0.7918781725888325,81.88831933988264,84.22671973183407,127.55506,0.3409090909090909,0.6956521739130435,0.5263157894736842,160,151,156,0.6415094339622641,0.27358490566037735,0.660377358490566,9.184343111111119,17.618541666666673,10.134749963591961,0.011627906976744186,0.852112676056338,0.16216216216216217,68,29,70,0.5583756345177665,0.467005076142132,0.6243654822335025,3.609988,4.711086317460319,1.6575500000000003,0.18269230769230768,0.5193798449612403,0.0,110,92,123
942,0.7868020304568528,0.7461928934010152,0.817258883248731,88.49082476213479,83.95245639849588,120.759482,0.2903225806451613,0.6081081081081081,0.5,155,147,161,0.6415094339622641,0.2641509433962264,0.660377358490566,9.257469349206358,17.732910666666672,10.951004207792206,0.0,0.8695652173913043,0.19718309859154928,68,28,70,0.583756345177665,0.467005076142132,0.6142131979695431,3.578812,4.677409317460319,1.6477250000000003,0.16908212560386474,0.5152671755725191,0.0,115,92,121
943,0.817258883248731,0.7411167512690355,0.766497461928934,84.29961467299515,82.31277203145406,124.194695,0.36666666666666664,0.5405405405405406,0.6206896551724138,161,146,151,0.6509433962264151,0.2830188679245283,0.6886792452830188,8.839012507936514,17.549648777777783,10.099349115995114,0.011235955056179775,0.8620689655172413,0.13157894736842105,69,30,73,0.6040609137055838,0.47715736040609136,0.6142131979695431,3.622832,4.769206317460319,1.5947190000000002,0.17073170731707318,0.5603112840466926,0.0,119,94,121
944,0.817258883248731,0.751269035532995,0.817258883248731,85.57627862380184,83.96023706516581,131.196073,0.4,0.6176470588235294,0.5,161,148,161,0.6320754716981132,0.27358490566037735,0.6886792452830188,9.025171888888895,17.333146333333335,10.47109091108891,0.0,0.8561151079136691,0.11764705882352941,67,29,73,0.6446700507614214,0.45685279187817257,0.6142131979695431,3.6193,4.815188317460319,1.6415450000000003,0.16990291262135923,0.516260162601626,0.0,127,90,121
945,0.8071065989847716,0.7411167512690355,0.7918781725888325,87.99599868407182,81.82846867763425,122.562168,0.39622641509433965,0.6896551724137931,0.4647887323943662,159,146,156,0.6415094339622641,0.25471698113207547,0.6792452830188679,9.119754682539694,17.475466333333337,10.55991146420246,0.0,0.8768115942028986,0.17105263157894737,68,27,72,0.6446700507614214,0.4720812182741117,0.6142131979695431,3.679924,4.659541317460319,1.6213200000000003,0.175,0.5038461538461538,0.0,127,93,121
946,0.8223350253807107,0.7411167512690355,0.7766497461928934,86.04283690662922,80.87921873183248,129.851442,0.38095238095238093,0.5833333333333334,0.4931506849315068,162,146,153,0.6415094339622641,0.27358490566037735,0.7075471698113207,9.157075349206355,17.378266333333336,10.584900390165393,0.0,0.8531468531468531,0.2602739726027397,68,29,75,0.6243654822335025,0.5076142131979695,0.6040609137055838,3.71157,4.672418317460319,1.6372640000000003,0.15897435897435896,0.5632183908045977,0.0,123,100,119
947,0.7918781725888325,0.7360406091370558,0.8071065989847716,82.14589357388735,81.55322775741178,125.283906,0.42857142857142855,0.5844155844155844,0.4864864864864865,156,145,159,0.660377358490566,0.25471698113207547,0.7169811320754716,8.726317888888898,17.49978866666673,10.424215727050726,0.011111111111111112,0.8714285714285714,0.1625,70,27,76,0.6243654822335025,0.5076142131979695,0.6040609137055838,3.71841,4.810019317460319,1.6580510000000002,0.17412935323383086,0.548936170212766,0.0,123,100,119
948,0.8274111675126904,0.7411167512690355,0.7715736040609137,81.60029210166952,79.22469693403286,126.402371,0.39655172413793105,0.5,0.5671641791044776,163,146,152,0.660377358490566,0.2830188679245283,0.660377358490566,8.589153111111116,17.34670666666673,10.762425746031743,0.01098901098901099,0.8561151079136691,0.23076923076923078,70,30,70,0.6548223350253807,0.47715736040609136,0.6091370558375635,3.831783,4.878182317460319,1.5601340000000001,0.13705583756345177,0.5204918032786885,0.0,129,94,120
949,0.817258883248731,0.7309644670050761,0.7918781725888325,80.24066354024536,79.89423360436301,123.777658,0.4375,0.5882352941176471,0.47368421052631576,161,144,156,0.6132075471698113,0.27358490566037735,0.6981132075471698,8.87440933333334,17.313402666666732,10.76988834287934,0.011363636363636364,0.8785714285714286,0.1282051282051282,65,29,74,0.6243654822335025,0.47715736040609136,0.6040609137055838,3.823397,4.801932317460319,1.6124780000000003,0.16145833333333334,0.5060240963855421,0.0,123,94,119
950,0.8324873096446701,0.7309644670050761,0.7715736040609137,79.50934099764032,74.6736780697195,121.109353,0.5,0.65625,0.5737704918032787,164,144,152,0.660377358490566,0.27358490566037735,0.7547169811320755,8.881255761904768,17.31284555555562,10.624213147741147,0.0,0.8571428571428571,0.16666666666666666,70,29,80,0.6243654822335025,0.4873096446700508,0.6142131979695431,3.846765,4.813161317460319,1.5934530000000002,0.16176470588235295,0.5584905660377358,0.0,123,96,121
951,0.8071065989847716,0.7208121827411168,0.7614213197969543,84.49500316368211,74.51216114354877,119.394304,0.48936170212765956,0.8055555555555556,0.5740740740740741,159,142,150,0.660377358490566,0.27358490566037735,0.7452830188679245,9.370350000000007,17.107430555555627,10.208286177267178,0.010752688172043012,0.8698630136986302,0.14864864864864866,70,29,79,0.6142131979695431,0.5076142131979695,0.6040609137055838,3.903495,4.990901317460319,1.5878910000000002,0.1414141414141414,0.5577689243027888,0.0,121,100,119
952,0.817258883248731,0.7258883248730964,0.7360406091370558,80.42118121387271,73.16732904130517,122.755874,0.37681159420289856,0.7567567567567568,0.6744186046511628,161,143,145,0.6698113207547169,0.2641509433962264,0.6981132075471698,9.0887168888889,16.999550444444516,10.547268926961921,0.0,0.8657718120805369,0.1267605633802817,71,28,74,0.6243654822335025,0.4873096446700508,0.6142131979695431,3.839644,4.908273317460319,1.5627770000000003,0.15121951219512195,0.5525291828793775,0.0,123,96,121
953,0.8274111675126904,0.7309644670050761,0.7411167512690355,82.78369321361403,74.28966951811626,123.464248,0.5344827586206896,0.8333333333333334,0.5471698113207547,163,144,146,0.6981132075471698,0.27358490566037735,0.6886792452830188,8.772024222222232,17.104718000000073,10.118315038073035,0.011235955056179775,0.8689655172413793,0.19672131147540983,74,29,73,0.6294416243654822,0.47715736040609136,0.6294416243654822,3.885362,4.950779317460319,1.5640870000000002,0.1485148514851485,0.5582329317269076,0.0,124,94,124
954,0.8223350253807107,0.7309644670050761,0.7208121827411168,82.35533085600186,73.7908418514496,121.678241,0.4461538461538462,0.828125,0.4153846153846154,162,144,142,0.7075471698113207,0.25471698113207547,0.7075471698113207,8.960617095238105,17.350711555555566,10.690413377511376,0.021739130434782608,0.900709219858156,0.16666666666666666,75,27,75,0.6192893401015228,0.47715736040609136,0.6192893401015228,3.912061,4.965721317460319,1.6345260000000001,0.15577889447236182,0.5378486055776892,0.005747126436781609,122,94,122
955,0.8223350253807107,0.7258883248730964,0.7106598984771574,79.65918546949442,72.73129418477637,123.033266,0.42424242424242425,0.8656716417910447,0.41379310344827586,162,143,140,0.6886792452830188,0.27358490566037735,0.7358490566037735,8.831185222222231,17.08580255555556,10.555008360195357,0.021505376344086023,0.8666666666666667,0.17105263157894737,73,29,78,0.6243654822335025,0.47715736040609136,0.6345177664974619,3.914811,4.917718317460319,1.5792940000000002,0.16176470588235295,0.5564516129032258,0.011111111111111112,123,94,125
956,0.7969543147208121,0.7258883248730964,0.7106598984771574,86.31501215305654,75.10722934938622,123.024092,0.5283018867924528,0.7605633802816901,0.4032258064516129,157,143,140,0.660377358490566,0.2641509433962264,0.7169811320754716,8.594956904761915,16.94398566666667,10.527416677655676,0.03614457831325301,0.8620689655172413,0.2112676056338028,70,28,76,0.6192893401015228,0.47715736040609136,0.6446700507614214,3.882318,4.918561317460319,1.5989800000000003,0.15920398009950248,0.5776892430278885,0.011111111111111112,122,94,127
957,0.8071065989847716,0.7208121827411168,0.7208121827411168,87.13274933662933,76.08865623418579,123.000826,0.43283582089552236,0.8870967741935484,0.41935483870967744,159,142,142,0.6886792452830188,0.2641509433962264,0.7264150943396226,9.013749888888896,17.08765566666667,10.602802982128974,0.021739130434782608,0.8775510204081632,0.15384615384615385,73,28,77,0.649746192893401,0.5025380710659898,0.6548223350253807,3.924696,4.935769317460319,1.5694720000000002,0.16336633663366337,0.5421686746987951,0.005681818181818182,128,99,129
958,0.8426395939086294,0.7157360406091371,0.7157360406091371,84.7989134870966,77.39845223417758,128.603318,0.3709677419354839,0.7972972972972973,0.3283582089552239,166,141,141,0.6886792452830188,0.29245283018867924,0.7547169811320755,9.16267368253969,17.11288566666667,10.714414645909637,0.0425531914893617,0.8322147651006712,0.1323529411764706,73,31,80,0.6598984771573604,0.5228426395939086,0.6751269035532995,4.028049,4.896387317460319,1.5568690000000003,0.15422885572139303,0.5758754863813229,0.011111111111111112,130,103,133
959,0.8324873096446701,0.7157360406091371,0.7106598984771574,87.89560282759948,75.60010318478292,124.900876,0.36923076923076925,0.9,0.29850746268656714,164,141,140,0.7169811320754716,0.27358490566037735,0.6886792452830188,9.464740777777791,17.150432777777784,10.75974872771672,0.04,0.8486842105263158,0.13559322033898305,76,29,73,0.6700507614213198,0.5177664974619289,0.6598984771573604,3.918122,4.982241317460319,1.5651400000000002,0.1262135922330097,0.575,0.005681818181818182,132,102,130
960,0.8426395939086294,0.7258883248730964,0.700507614213198,88.71151474968703,74.90572151811625,126.419154,0.4626865671641791,0.8734177215189873,0.26229508196721313,166,143,138,0.7169811320754716,0.3113207547169811,0.7547169811320755,8.967872888888895,17.141545666666673,11.341534010989008,0.031914893617021274,0.7908496732026143,0.12162162162162163,76,33,80,0.6852791878172588,0.5126903553299492,0.6649746192893401,3.927807,5.033419317460319,1.5979180000000002,0.13875598086124402,0.538135593220339,0.0056179775280898875,135,101,131
961,0.8477157360406091,0.7157360406091371,0.7055837563451777,85.63131115162824,76.75876918478292,128.220605,0.45454545454545453,0.7906976744186046,0.32786885245901637,167,141,139,0.7169811320754716,0.3018867924528302,0.7169811320754716,9.30995065079366,16.81168566666668,10.60888008569208,0.061224489795918366,0.8175182481751825,0.13432835820895522,76,32,76,0.6954314720812182,0.5076142131979695,0.6700507614213198,3.941604,4.963426317460319,1.6818290000000002,0.17452830188679244,0.5198237885462555,0.005649717514124294,137,100,132
962,0.8527918781725888,0.7106598984771574,0.7055837563451777,87.11184067746609,77.10758451811625,127.233216,0.44776119402985076,0.8674698795180723,0.30434782608695654,168,140,139,0.6698113207547169,0.330188679245283,0.7547169811320755,9.106320000000007,17.281741666666672,10.924862256632252,0.011494252873563218,0.7857142857142857,0.15873015873015872,71,35,80,0.6903553299492385,0.5279187817258884,0.6802030456852792,3.936856,4.901983317460319,1.5681810000000003,0.15865384615384615,0.5307017543859649,0.0,136,104,134
963,0.8426395939086294,0.7208121827411168,0.7106598984771574,88.74308872489782,73.68570618478292,126.479243,0.509090909090909,0.8837209302325582,0.273972602739726,166,142,140,0.6886792452830188,0.3584905660377358,0.7641509433962265,9.141896095238105,17.67708255555556,11.086948739926736,0.041666666666666664,0.7948717948717948,0.15,73,38,81,0.6852791878172588,0.5329949238578681,0.6903553299492385,3.972756,4.942383317460319,1.6080950000000003,0.15121951219512195,0.5357142857142857,0.005494505494505495,135,105,136
964,0.8375634517766497,0.7157360406091371,0.7157360406091371,83.23942235125051,76.17481018478293,128.018953,0.45714285714285713,0.922077922077922,0.2222222222222222,165,141,141,0.6886792452830188,0.330188679245283,0.7735849056603774,8.965661000000008,17.71529555555556,11.192647058164042,0.041237113402061855,0.8040540540540541,0.08333333333333333,73,35,82,0.6802030456852792,0.5177664974619289,0.6903553299492385,3.866324,4.991524317460319,1.6126120000000002,0.15121951219512195,0.5642201834862385,0.011049723756906077,134,102,136
965,0.8527918781725888,0.7106598984771574,0.7055837563451777,86.93761484141177,76.03492518478292,127.158311,0.4090909090909091,0.8604651162790697,0.20634920634920634,168,140,139,0.6981132075471698,0.32075471698113206,0.7547169811320755,9.019845111111119,17.88142844444445,11.219587469974465,0.03296703296703297,0.7837837837837838,0.09375,74,34,80,0.6802030456852792,0.5126903553299492,0.6802030456852792,3.911338,5.009645317460319,1.6318430000000002,0.1497584541062802,0.5511111111111111,0.01098901098901099,134,101,134
966,0.8477157360406091,0.7055837563451777,0.7106598984771574,89.25966493471351,77.59383718478293,125.773714,0.5283018867924528,0.8928571428571429,0.203125,167,139,140,0.6981132075471698,0.3490566037735849,0.7641509433962265,9.176961000000007,18.425214555555566,11.078060273282272,0.0851063829787234,0.7612903225806451,0.109375,74,37,81,0.6700507614213198,0.5228426395939086,0.6802030456852792,3.945645,4.9564683174603195,1.6042620000000003,0.15048543689320387,0.5327510917030568,0.021739130434782608,132,103,134
967,0.8375634517766497,0.7106598984771574,0.7106598984771574,78.67793026829023,72.01191418478294,126.801422,0.375,0.8936170212765957,0.21739130434782608,165,140,140,0.7075471698113207,0.330188679245283,0.7358490566037735,9.169199777777788,17.751843888888896,11.163291933843933,0.03225806451612903,0.7592592592592593,0.17142857142857143,75,35,78,0.6751269035532995,0.5279187817258884,0.6802030456852792,3.959351,4.943752317460319,1.6100510000000003,0.17209302325581396,0.5536480686695279,0.016483516483516484,133,104,134
968,0.8527918781725888,0.6954314720812182,0.700507614213198,82.18900612977042,74.21955313645553,126.470271,0.4805194805194805,0.84375,0.2112676056338028,168,137,138,0.6886792452830188,0.3490566037735849,0.7641509433962265,9.007549682539693,18.131361777777784,10.71662080697077,0.06382978723404255,0.7933333333333333,0.14084507042253522,73,37,81,0.649746192893401,0.49238578680203043,0.6700507614213198,3.963967,4.970324317460319,1.5756070000000002,0.1650485436893204,0.5702127659574469,0.0111731843575419,128,97,132
969,0.8223350253807107,0.6954314720812182,0.7055837563451777,82.527328997072,74.17533698199911,126.538052,0.5333333333333333,0.9545454545454546,0.225,162,137,139,0.6509433962264151,0.32075471698113206,0.7075471698113207,9.082982317460328,18.401401666666672,10.525944525252527,0.03260869565217391,0.8169014084507042,0.11290322580645161,69,34,75,0.6548223350253807,0.48223350253807107,0.6446700507614214,3.961049,4.975426317460319,1.5867630000000001,0.14427860696517414,0.5394190871369294,0.011363636363636364,129,95,127
970,0.8578680203045685,0.6903553299492385,0.7258883248730964,88.08411206976506,74.05529651812445,130.031605,0.44776119402985076,0.875,0.22857142857142856,169,136,143,0.6792452830188679,0.39622641509433965,0.7452830188679245,8.88641122222223,17.953985349206352,11.013836175269166,0.010638297872340425,0.7583892617449665,0.13636363636363635,72,42,79,0.6598984771573604,0.5279187817258884,0.6548223350253807,3.999018,4.8780763174603194,1.5977580000000002,0.12690355329949238,0.5139442231075697,0.0056179775280898875,130,104,129
971,0.8578680203045685,0.6802030456852792,0.7157360406091371,85.68438391413896,74.23017585144957,129.701181,0.5178571428571429,0.8823529411764706,0.21739130434782608,169,134,141,0.6792452830188679,0.37735849056603776,0.7641509433962265,9.082795888888896,18.15178138095239,11.072435890331885,0.01020408163265306,0.7692307692307693,0.0821917808219178,72,40,81,0.6700507614213198,0.5532994923857868,0.6446700507614214,3.968855,4.824463317460319,1.5982720000000001,0.1116751269035533,0.541501976284585,0.0056179775280898875,132,109,127
972,0.8477157360406091,0.6852791878172588,0.7360406091370558,88.78919864288414,74.53245851811626,131.650906,0.390625,0.9029126213592233,0.208955223880597,167,135,145,0.7169811320754716,0.4056603773584906,0.7169811320754716,8.926547968253978,17.988906365079373,11.21384877222777,0.019417475728155338,0.6959459459459459,0.1875,76,43,76,0.6446700507614214,0.5685279187817259,0.6548223350253807,4.024991,4.981432317460319,1.6055630000000003,0.1282051282051282,0.5141700404858299,0.0,127,112,129
973,0.8324873096446701,0.6903553299492385,0.7411167512690355,87.09324308941252,72.14488151812445,131.175587,0.45161290322580644,0.9411764705882353,0.26865671641791045,164,136,146,0.7452830188679245,0.42452830188679247,0.7641509433962265,9.100366031746042,18.171143126984134,11.281773797313795,0.038461538461538464,0.6827586206896552,0.07894736842105263,79,45,81,0.6395939086294417,0.5329949238578681,0.6598984771573604,4.066852,4.920113317460319,1.6469520000000002,0.1306532663316583,0.5099601593625498,0.0,126,105,130
974,0.8629441624365483,0.6852791878172588,0.7411167512690355,85.238514661853,73.61684569697678,131.415653,0.3561643835616438,0.9433962264150944,0.24242424242424243,170,135,146,0.7264150943396226,0.4056603773584906,0.7735849056603774,8.630249571428578,17.744142460317462,11.278703149850193,0.019801980198019802,0.7101449275362319,0.1282051282051282,77,43,82,0.6243654822335025,0.5076142131979695,0.6598984771573604,4.098882,4.961216317460319,1.6409040000000001,0.11224489795918367,0.4745098039215686,0.00546448087431694,123,100,130
975,0.8578680203045685,0.6751269035532995,0.7208121827411168,87.13472618524212,74.97302301605289,129.962596,0.543859649122807,0.9292035398230089,0.22784810126582278,169,133,142,0.7075471698113207,0.37735849056603776,0.7264150943396226,9.296637777777788,17.59042846031746,11.326109059274057,0.04,0.7037037037037037,0.07246376811594203,75,40,77,0.6142131979695431,0.5279187817258884,0.6598984771573604,4.098708,4.842453317460319,1.5980740000000002,0.08762886597938144,0.46953405017921146,0.01092896174863388,121,104,130
976,0.8578680203045685,0.6700507614213198,0.7258883248730964,87.59610227558679,75.13922634937803,131.602042,0.46551724137931033,0.8833333333333333,0.2,169,132,143,0.6981132075471698,0.41509433962264153,0.7735849056603774,8.903060000000007,17.549809238095246,11.46070488300584,0.0,0.6739130434782609,0.11494252873563218,74,44,82,0.6243654822335025,0.5228426395939086,0.6700507614213198,4.041519,4.922047317460319,1.6702440000000003,0.09844559585492228,0.5,0.0055248618784530384,123,103,132
977,0.8121827411167513,0.6751269035532995,0.7309644670050761,88.0543232354399,74.2097016827212,132.263214,0.4339622641509434,0.9186991869918699,0.18571428571428572,160,133,144,0.7169811320754716,0.41509433962264153,0.6886792452830188,9.00248976190477,17.505647460317462,11.078230880563922,0.0,0.708029197080292,0.04054054054054054,76,44,73,0.6192893401015228,0.5329949238578681,0.6649746192893401,4.075906,4.911281317460319,1.7317130000000003,0.08994708994708994,0.48134328358208955,0.01098901098901099,122,105,131
978,0.8426395939086294,0.6802030456852792,0.7258883248730964,88.86995168083145,74.71015001605453,129.661201,0.4155844155844156,0.957983193277311,0.19117647058823528,166,134,143,0.7264150943396226,0.42452830188679247,0.7547169811320755,9.232838000000008,18.096391555555574,10.752801741369737,0.020202020202020204,0.7092198581560284,0.04,77,45,80,0.5939086294416244,0.5482233502538071,0.6548223350253807,4.162323,4.919110317460319,1.6596340000000003,0.08994708994708994,0.5155038759689923,0.010869565217391304,117,108,129
979,0.8477157360406091,0.6802030456852792,0.7258883248730964,84.37786081143163,73.9518166827212,129.80726,0.3484848484848485,0.9338842975206612,0.2647058823529412,167,134,143,0.7452830188679245,0.36792452830188677,0.7735849056603774,9.673843317460324,17.812356777777783,11.409657415362409,0.0,0.7054794520547946,0.02631578947368421,79,39,82,0.6091370558375635,0.5431472081218274,0.6598984771573604,4.115676,4.919831317460319,1.6793820000000002,0.07368421052631578,0.5192307692307693,0.005405405405405406,120,107,130
980,0.8527918781725888,0.6802030456852792,0.7258883248730964,86.52101742192458,73.36716368289275,128.332766,0.4576271186440678,0.9576271186440678,0.2727272727272727,168,134,143,0.7358490566037735,0.36792452830188677,0.7452830188679245,9.009782333333343,18.062558555555558,11.312118492618488,0.009708737864077669,0.7318840579710145,0.06944444444444445,78,39,79,0.6142131979695431,0.5482233502538071,0.649746192893401,4.147274,4.825249317460319,1.7066730000000003,0.07407407407407407,0.5367647058823529,0.01098901098901099,121,108,128
981,0.8375634517766497,0.6649746192893401,0.7309644670050761,88.3544218755178,75.80724101605452,130.458393,0.4126984126984127,0.9166666666666666,0.2878787878787879,165,131,144,0.7169811320754716,0.37735849056603776,0.7924528301886793,9.077235000000007,18.16208655555556,11.499660292485286,0.0,0.7086092715231788,0.036585365853658534,76,40,84,0.6294416243654822,0.5380710659898477,0.6548223350253807,4.074899,4.884239317460319,1.7077390000000003,0.08247422680412371,0.5057915057915058,0.005405405405405406,124,106,129
982,0.8477157360406091,0.6751269035532995,0.7258883248730964,86.27243460871942,75.61282001605453,128.183837,0.4,0.9007633587786259,0.31666666666666665,167,133,143,0.7169811320754716,0.42452830188679247,0.8018867924528302,8.845558666666676,17.809262888888895,11.065539513486508,0.0,0.678082191780822,0.075,76,45,85,0.6446700507614214,0.5431472081218274,0.6548223350253807,4.164607,4.864102317460319,1.7037540000000002,0.1116751269035533,0.5115384615384615,0.005405405405405406,127,107,129
983,0.8223350253807107,0.6751269035532995,0.7309644670050761,89.65615208445278,76.06060134938785,132.631016,0.42857142857142855,0.967479674796748,0.26785714285714285,162,133,144,0.7075471698113207,0.4056603773584906,0.7452830188679245,8.980970444444452,18.11926644444445,11.423008462537464,0.0,0.6906474820143885,0.02702702702702703,75,43,79,0.6446700507614214,0.5431472081218274,0.6598984771573604,4.156542,4.873003317460319,1.7326290000000002,0.12755102040816327,0.5172413793103449,0.0,127,107,130
984,0.8477157360406091,0.6751269035532995,0.751269035532995,83.7582590885937,75.23928834938785,131.617272,0.4626865671641791,0.926829268292683,0.2542372881355932,167,133,148,0.7075471698113207,0.4811320754716981,0.7358490566037735,8.72033346031747,18.062442000000008,11.031703403929411,0.0,0.6751592356687898,0.04054054054054054,75,51,78,0.6700507614213198,0.5431472081218274,0.6751269035532995,4.133255,4.805716317460319,1.7042330000000003,0.09473684210526316,0.49603174603174605,0.0,132,107,133
985,0.8781725888324873,0.6751269035532995,0.7360406091370558,90.27526848030908,74.03464301605453,129.504123,0.49206349206349204,0.9444444444444444,0.2786885245901639,173,133,145,0.7264150943396226,0.4528301886792453,0.7830188679245284,9.028184888888896,18.882303666666672,11.209406996447989,0.0,0.6985294117647058,0.0898876404494382,77,48,83,0.6751269035532995,0.5482233502538071,0.6700507614213198,4.155784,4.805039317460319,1.6682060000000003,0.09183673469387756,0.4899598393574297,0.0,133,108,132
986,0.8477157360406091,0.6751269035532995,0.751269035532995,88.24064826652007,75.24775401605453,131.7315,0.41333333333333333,0.928,0.25757575757575757,167,133,148,0.7358490566037735,0.5,0.7358490566037735,8.86758811111112,18.74340580952125,10.864687761793755,0.009523809523809525,0.6225165562913907,0.075,78,53,78,0.6751269035532995,0.5888324873096447,0.6751269035532995,4.105075,4.823872317460319,1.6726730000000003,0.10101010101010101,0.467680608365019,0.0,133,116,133
987,0.8730964467005076,0.6649746192893401,0.7461928934010152,85.40257003812685,76.04280801605452,129.360316,0.4027777777777778,0.9516129032258065,0.27692307692307694,172,131,147,0.7264150943396226,0.5188679245283019,0.7641509433962265,8.857081777777788,19.868479666666673,11.326364610722603,0.0,0.6567164179104478,0.07792207792207792,77,55,81,0.6852791878172588,0.5786802030456852,0.6700507614213198,4.068147,4.916966317460319,1.6639600000000003,0.09,0.4819277108433735,0.0,135,114,132
988,0.8477157360406091,0.6751269035532995,0.751269035532995,91.7010595157108,76.29215001605452,129.226468,0.5084745762711864,0.96875,0.273972602739726,167,133,148,0.7358490566037735,0.5094339622641509,0.7735849056603774,9.059958000000007,19.884469873015874,11.041428014652013,0.009523809523809525,0.6716417910447762,0.05813953488372093,78,54,82,0.700507614213198,0.5736040609137056,0.6802030456852792,4.109096,4.964695317460319,1.7313090000000002,0.10426540284360189,0.4555984555984556,0.0,138,113,134
989,0.8629441624365483,0.6751269035532995,0.7461928934010152,91.28748746533898,75.78607801605453,130.820048,0.40789473684210525,0.952755905511811,0.29333333333333333,170,133,147,0.7358490566037735,0.5094339622641509,0.7452830188679245,9.428042000000007,19.786354920634917,11.112835530136527,0.0,0.6917293233082706,0.012987012987012988,78,54,79,0.7157360406091371,0.583756345177665,0.6751269035532995,4.028767,4.873971317460319,1.7231630000000002,0.16964285714285715,0.43846153846153846,0.0,141,115,133
990,0.8781725888324873,0.6649746192893401,0.7411167512690355,90.11007141773216,73.55223501605452,131.630374,0.45454545454545453,0.9448818897637795,0.3108108108108108,173,131,146,0.7547169811320755,0.5283018867924528,0.7830188679245284,9.281424571428579,19.739706666666677,11.294090811410813,0.0,0.6412213740458015,0.04878048780487805,80,56,83,0.7208121827411168,0.5888324873096447,0.6700507614213198,4.07091,4.892674317460319,1.7001200000000003,0.1388888888888889,0.4548872180451128,0.0,142,116,132
991,0.8730964467005076,0.6649746192893401,0.7461928934010152,89.7146207779252,74.31161868272117,132.779145,0.5344827586206896,0.959349593495935,0.2948717948717949,172,131,147,0.7735849056603774,0.5188679245283019,0.7547169811320755,9.691271682539691,20.03966655555556,11.295696615606614,0.0,0.7286821705426356,0.01282051282051282,82,55,80,0.7258883248730964,0.6192893401015228,0.6802030456852792,4.076867,4.907677317460319,1.6883160000000001,0.12735849056603774,0.46616541353383456,0.0,143,122,134
992,0.8527918781725888,0.6649746192893401,0.751269035532995,89.9947077510623,73.02414768272119,130.803526,0.4626865671641791,0.943089430894309,0.29577464788732394,168,131,148,0.7830188679245284,0.5,0.7830188679245284,9.650359428571436,19.876426333333335,11.370936556998554,0.0196078431372549,0.6538461538461539,0.012658227848101266,83,53,83,0.7309644670050761,0.6040609137055838,0.6802030456852792,3.993095,4.956422317460319,1.6323060000000003,0.15348837209302327,0.4669260700389105,0.0,144,119,134
993,0.8578680203045685,0.6649746192893401,0.751269035532995,88.62408442601064,74.80763685560252,131.067705,0.4444444444444444,0.968,0.2753623188405797,169,131,148,0.7735849056603774,0.5188679245283019,0.7547169811320755,10.044807682539691,19.775409095238096,11.299875569430567,0.0,0.6929133858267716,0.02564102564102564,82,55,80,0.7309644670050761,0.583756345177665,0.6751269035532995,4.045669,5.074069317460319,1.6984640000000002,0.16129032258064516,0.4738955823293173,0.0,144,115,133
994,0.8984771573604061,0.6649746192893401,0.7360406091370558,87.7539059146683,75.17370934938785,129.720134,0.5076923076923077,0.9393939393939394,0.27941176470588236,177,131,145,0.7452830188679245,0.4811320754716981,0.7830188679245284,10.0977088888889,19.81777655555556,11.211928687423688,0.0,0.7058823529411765,0.05813953488372093,79,51,83,0.7309644670050761,0.5685279187817259,0.6852791878172588,4.054116,5.003599317460319,1.6671820000000002,0.15048543689320387,0.45038167938931295,0.0,144,112,135
995,0.8730964467005076,0.7614213197969543,0.7918781725888325,90.51154421485305,86.98126869666149,131.645792,0.45161290322580644,0.8088235294117647,0.33707865168539325,172,150,156,0.7358490566037735,0.5377358490566038,0.7830188679245284,9.503385253968261,19.515947984126985,11.30981057431457,0.0,0.6538461538461539,0.04938271604938271,78,57,83,0.751269035532995,0.5532994923857868,0.6852791878172588,4.074139,4.916046317460319,1.6494050000000002,0.15492957746478872,0.4354243542435424,0.0,148,109,135
996,0.8934010152284264,0.766497461928934,0.7969543147208121,85.19483073730328,91.05124507683904,137.763822,0.4393939393939394,0.7739130434782608,0.6904761904761905,176,151,157,0.6886792452830188,0.5094339622641509,0.7830188679245284,9.865020222222228,19.709713539682546,11.09860924153624,0.0,0.76,0.06329113924050633,73,54,83,0.7309644670050761,0.5685279187817259,0.700507614213198,4.096923,4.9584953174603195,1.7244530000000002,0.14691943127962084,0.4944237918215613,0.005208333333333333,144,112,138
997,0.8375634517766497,0.7411167512690355,0.8020304568527918,92.6274416436204,86.03273946355948,139.41287,0.4375,0.7410714285714286,0.7241379310344828,165,146,158,0.6792452830188679,0.5094339622641509,0.7452830188679245,10.035291000000004,19.527518698412702,11.037551782883781,0.0,0.6837606837606838,0.0375,72,54,79,0.7411167512690355,0.5989847715736041,0.6954314720812182,4.048985,4.993426317460319,1.6236720000000002,0.13145539906103287,0.4404332129963899,0.005208333333333333,146,118,137
998,0.8883248730964467,0.766497461928934,0.7969543147208121,86.88052547244611,87.95352182249587,138.657808,0.3888888888888889,0.6721311475409836,0.7023809523809523,175,151,157,0.6886792452830188,0.5,0.7830188679245284,10.2660898888889,19.540776984126985,11.455089218781215,0.0,0.680327868852459,0.03614457831325301,73,53,83,0.7309644670050761,0.6040609137055838,0.6852791878172588,4.095558,5.033130317460319,1.6976470000000001,0.1116751269035533,0.47058823529411764,0.0,144,119,135
999,0.8730964467005076,0.7766497461928934,0.8071065989847716,89.52617041778778,87.88487935513258,137.246811,0.4918032786885246,0.7619047619047619,0.6585365853658537,172,153,159,0.6886792452830188,0.5188679245283019,0.7735849056603774,10.150120857142863,19.35148723809524,11.362427150405148,0.0,0.7109375,0.0975609756097561,73,55,82,0.7309644670050761,0.6142131979695431,0.6903553299492385,4.146441,5.037870317460319,1.6781360000000003,0.08673469387755102,0.45660377358490567,0.0,144,121,136
1000,0.868020304568528,0.766497461928934,0.7868020304568528,85.44464508876678,88.47434286796458,134.237958,0.5074626865671642,0.75,0.7160493827160493,171,151,155,0.6698113207547169,0.5094339622641509,0.7735849056603774,10.011058650793657,20.07413966666667,11.52723617604617,0.0,0.6641221374045801,0.06521739130434782,71,54,82,0.7258883248730964,0.5888324873096447,0.6954314720812182,4.157539,5.127782317460319,1.6464630000000002,0.09278350515463918,0.47368421052631576,0.0,143,116,137
1001,0.8781725888324873,0.7766497461928934,0.817258883248731,85.67144478134975,88.64243369991505,136.216158,0.4583333333333333,0.6923076923076923,0.6333333333333333,173,153,161,0.6886792452830188,0.5,0.7264150943396226,9.89379211111112,19.139719333333343,11.119185064935076,0.0,0.6715328467153284,0.05194805194805195,73,53,77,0.7309644670050761,0.5989847715736041,0.7157360406091371,4.139393,5.110264317460319,1.6770450000000003,0.08762886597938144,0.45054945054945056,0.0,144,118,141
1002,0.8426395939086294,0.7614213197969543,0.7918781725888325,88.08927766113891,90.16489615478028,132.966235,0.4230769230769231,0.7181818181818181,0.7215189873417721,166,150,156,0.7169811320754716,0.5283018867924528,0.8018867924528302,10.114113571428579,18.774851,11.279857038073034,0.0,0.7244094488188977,0.036585365853658534,76,56,85,0.7106598984771574,0.5939086294416244,0.7055837563451777,4.20906,5.134312317460319,1.6536900000000003,0.078125,0.4679245283018868,0.0,140,117,139
1003,0.8578680203045685,0.7715736040609137,0.8071065989847716,90.52671562753453,86.7507952347082,133.61948,0.4027777777777778,0.6981132075471698,0.6309523809523809,169,152,159,0.7169811320754716,0.5283018867924528,0.7358490566037735,10.477845428571436,19.562883777777778,11.267239176046171,0.0,0.6793893129770993,0.024096385542168676,76,56,78,0.7157360406091371,0.6091370558375635,0.7106598984771574,4.12803,5.123972317460319,1.6887490000000003,0.06532663316582915,0.42585551330798477,0.0,141,120,140
1004,0.8629441624365483,0.7817258883248731,0.7969543147208121,86.6457571074643,88.92180678368344,137.253263,0.40540540540540543,0.6842105263157895,0.6625,170,154,157,0.7264150943396226,0.5094339622641509,0.7547169811320755,10.123053000000008,19.361829777777793,11.284169422688413,0.0,0.696969696969697,0.024096385542168676,77,54,80,0.6954314720812182,0.6040609137055838,0.7106598984771574,4.103702,5.081991317460319,1.6870840000000003,0.09424083769633508,0.4646840148698885,0.0,137,119,140
1005,0.8527918781725888,0.766497461928934,0.8020304568527918,94.37157362540111,88.88742543976787,138.894202,0.4426229508196721,0.78125,0.6588235294117647,168,151,158,0.7358490566037735,0.5188679245283019,0.7735849056603774,10.758864888888896,19.32425955555556,11.365330271284268,0.0,0.6929133858267716,0.023809523809523808,78,55,82,0.7055837563451777,0.6192893401015228,0.700507614213198,4.149901,5.1274283174603195,1.6547410000000002,0.095,0.45787545787545786,0.0,139,122,138
1006,0.8730964467005076,0.7766497461928934,0.8121827411167513,89.92056135983762,91.727030948675,132.808783,0.37735849056603776,0.7238095238095238,0.6333333333333333,172,153,160,0.7358490566037735,0.5188679245283019,0.7830188679245284,10.436232857142866,19.317248888888873,11.100437951381952,0.0,0.7109375,0.04819277108433735,78,55,83,0.700507614213198,0.5989847715736041,0.700507614213198,4.173157,5.199658317460319,1.6811900000000002,0.09595959595959595,0.46296296296296297,0.0,138,118,138
1007,0.8629441624365483,0.751269035532995,0.7868020304568528,87.59811853209861,88.56975293403569,136.191149,0.4444444444444444,0.8085106382978723,0.6842105263157895,170,148,155,0.7547169811320755,0.4811320754716981,0.7735849056603774,10.42417771428572,19.51950955555555,11.267447377511374,0.0,0.6953125,0.05813953488372093,80,51,82,0.6954314720812182,0.5989847715736041,0.700507614213198,4.127984,5.268978317460319,1.6427520000000002,0.08542713567839195,0.4357976653696498,0.0,137,118,138
1008,0.883248730964467,0.7766497461928934,0.7969543147208121,86.754106816131,85.7735829202364,132.526081,0.4090909090909091,0.6744186046511628,0.6707317073170732,174,153,157,0.7547169811320755,0.5,0.7735849056603774,10.959913428571436,19.126455666666672,11.210056754578755,0.0,0.7099236641221374,0.04819277108433735,80,53,82,0.7055837563451777,0.6040609137055838,0.7055837563451777,4.183534,5.161402317460319,1.6752820000000002,0.10309278350515463,0.44802867383512546,0.0,139,119,139
1009,0.8375634517766497,0.7614213197969543,0.8020304568527918,92.54659450974687,86.27675423390328,130.097675,0.3275862068965517,0.7,0.5747126436781609,165,150,158,0.7452830188679245,0.5,0.7830188679245284,10.515003000000007,19.21660755555556,11.34034111011211,0.0,0.7007874015748031,0.06578947368421052,79,53,83,0.7106598984771574,0.6192893401015228,0.6852791878172588,4.148971,5.075201317460319,1.6883790000000003,0.11229946524064172,0.4714285714285714,0.0,140,122,135
1010,0.883248730964467,0.7614213197969543,0.8071065989847716,90.84136489321686,88.26014134202597,141.916242,0.38571428571428573,0.7745098039215687,0.65,174,150,159,0.7358490566037735,0.5283018867924528,0.7547169811320755,10.531467031746041,19.683819777777774,11.340317049284048,0.0,0.728,0.011627906976744186,78,56,80,0.7360406091370558,0.5989847715736041,0.6852791878172588,4.164934,5.166200317460319,1.6549450000000003,0.06486486486486487,0.4939271255060729,0.0,145,118,135
1011,0.8781725888324873,0.7715736040609137,0.7969543147208121,88.92250230329451,88.44377105703985,132.549307,0.3333333333333333,0.69,0.6794871794871795,173,152,157,0.7547169811320755,0.5,0.6792452830188679,10.577175000000008,19.02511555555555,11.000324466866465,0.0,0.6923076923076923,0.0,80,53,72,0.7360406091370558,0.5786802030456852,0.700507614213198,4.193674,5.245664317460319,1.6983130000000002,0.08333333333333333,0.42857142857142855,0.0,145,114,138
1012,0.883248730964467,0.7614213197969543,0.7868020304568528,89.97949780340812,88.88802805703989,136.099107,0.38333333333333336,0.7373737373737373,0.6627906976744186,174,150,155,0.7641509433962265,0.5188679245283019,0.7735849056603774,10.104776000000012,18.991337777777797,11.49084472161172,0.0,0.7099236641221374,0.023809523809523808,81,55,82,0.7258883248730964,0.583756345177665,0.6954314720812182,4.142961,5.163726317460319,1.6501990000000002,0.09473684210526316,0.44363636363636366,0.0,143,115,137
1013,0.8426395939086294,0.7817258883248731,0.7969543147208121,91.47909319866997,88.22058674361531,130.500884,0.3220338983050847,0.6759259259259259,0.631578947368421,166,154,157,0.7641509433962265,0.5094339622641509,0.7830188679245284,9.65075800000001,19.107023555555568,11.5609999013209,0.0,0.7295081967213115,0.012195121951219513,81,54,83,0.7106598984771574,0.5989847715736041,0.6903553299492385,4.198042,5.101231317460319,1.6817560000000003,0.0855614973262032,0.44876325088339225,0.005263157894736842,140,118,136
1014,0.8477157360406091,0.7817258883248731,0.7868020304568528,91.73249806454663,92.04505674361542,135.104298,0.359375,0.6759259259259259,0.5866666666666667,167,154,155,0.7358490566037735,0.5094339622641509,0.8207547169811321,10.602099000000011,19.01405466666667,11.408428425130424,0.0,0.6984126984126984,0.023529411764705882,78,54,87,0.7208121827411168,0.6243654822335025,0.6954314720812182,4.124882,5.085289317460319,1.6903070000000002,0.06914893617021277,0.46691176470588236,0.0,142,123,137
1015,0.8527918781725888,0.766497461928934,0.8121827411167513,88.3406081057975,92.29710109685762,135.006613,0.35714285714285715,0.7291666666666666,0.5975609756097561,168,151,160,0.7358490566037735,0.5,0.7735849056603774,9.856253000000011,18.93801166666667,11.080511766011766,0.0,0.7154471544715447,0.0,78,53,82,0.7157360406091371,0.5989847715736041,0.6903553299492385,4.140995,5.157879317460319,1.6429460000000002,0.054945054945054944,0.4864864864864865,0.0,141,118,136
1016,0.8324873096446701,0.766497461928934,0.8071065989847716,89.61539619823323,90.22472572370663,133.690949,0.3269230769230769,0.77,0.6944444444444444,164,151,159,0.7547169811320755,0.49056603773584906,0.7641509433962265,10.009842428571437,19.27786866666671,11.624511516927514,0.0,0.6771653543307087,0.0,80,52,81,0.6954314720812182,0.5736040609137056,0.6852791878172588,4.132722,5.069069317460319,1.6523350000000003,0.06382978723404255,0.4372623574144487,0.0,137,113,135
1017,0.8477157360406091,0.7766497461928934,0.8071065989847716,87.9970990728539,90.14993772370663,130.06449,0.3225806451612903,0.7448979591836735,0.573170731707317,167,153,159,0.7452830188679245,0.5094339622641509,0.8018867924528302,10.049615000000012,19.09382755555559,11.138148817071816,0.0,0.7045454545454546,0.0,79,54,85,0.7106598984771574,0.5939086294416244,0.6903553299492385,4.160338,5.012877317460319,1.6662400000000002,0.054945054945054944,0.44029850746268656,0.0051813471502590676,140,117,136
1018,0.8578680203045685,0.7817258883248731,0.7969543147208121,88.30250486519373,87.46395672374922,134.910748,0.4032258064516129,0.7142857142857143,0.6097560975609756,169,154,157,0.7547169811320755,0.4716981132075472,0.8113207547169812,9.893970000000012,18.928186777777782,11.41897608080808,0.0,0.7024793388429752,0.0,80,50,86,0.7055837563451777,0.5888324873096447,0.6954314720812182,4.172753,5.0237593174603195,1.6970540000000003,0.043243243243243246,0.46511627906976744,0.005208333333333333,139,116,137
1019,0.8883248730964467,0.7411167512690355,0.8121827411167513,86.93759033292875,88.91497939045848,134.726855,0.42592592592592593,0.7052631578947368,0.6578947368421053,175,146,160,0.7547169811320755,0.49056603773584906,0.7641509433962265,10.097519285714291,19.130641666666666,11.492008725496726,0.0,0.6875,0.0,80,52,81,0.7157360406091371,0.5939086294416244,0.6903553299492385,4.176014,5.021581317460319,1.6875200000000001,0.06417112299465241,0.43529411764705883,0.0,141,117,136
1020,0.8527918781725888,0.766497461928934,0.8020304568527918,88.24060930229557,86.14941305703995,130.436985,0.35,0.67,0.6623376623376623,168,151,158,0.7075471698113207,0.4811320754716981,0.7735849056603774,9.854732142857152,19.335921777777784,11.013010499611498,0.0,0.7049180327868853,0.0,75,51,82,0.7055837563451777,0.5685279187817259,0.6903553299492385,4.179775,5.019766317460319,1.6715020000000003,0.06486486486486487,0.43137254901960786,0.0,139,112,136
1021,0.8578680203045685,0.7766497461928934,0.8020304568527918,86.56294686528821,88.02248670194093,131.107884,0.3709677419354839,0.7448979591836735,0.6571428571428571,169,153,158,0.7075471698113207,0.5094339622641509,0.8018867924528302,10.300803571428583,19.27933355555556,11.179864080808075,0.0,0.6791044776119403,0.0,75,54,85,0.7106598984771574,0.5989847715736041,0.6954314720812182,4.172623,4.971918317460319,1.6326040000000002,0.07853403141361257,0.44569288389513106,0.0051813471502590676,140,118,137
1022,0.868020304568528,0.7715736040609137,0.8121827411167513,85.78315056372594,86.23905839284389,132.660741,0.4067796610169492,0.6875,0.5487804878048781,171,152,160,0.7169811320754716,0.4811320754716981,0.7830188679245284,10.134808000000012,19.548643777777784,11.356672927960929,0.0,0.717741935483871,0.0,76,51,83,0.7411167512690355,0.6040609137055838,0.6903553299492385,4.19301,5.029379317460319,1.5817160000000001,0.09644670050761421,0.4627450980392157,0.005235602094240838,146,119,136
1023,0.8730964467005076,0.766497461928934,0.7868020304568528,87.37522255481203,85.06910409862923,134.573381,0.3404255319148936,0.7241379310344828,0.6933333333333334,172,151,155,0.7075471698113207,0.5094339622641509,0.8113207547169812,10.079436428571437,18.969647444444455,11.275068518925512,0.0,0.6935483870967742,0.0,75,54,86,0.7208121827411168,0.5786802030456852,0.6903553299492385,4.174512,5.086189317460319,1.6369320000000003,0.055865921787709494,0.43333333333333335,0.0,142,114,136
1024,0.8629441624365483,0.7715736040609137,0.8071065989847716,87.14748961281849,86.86788423383301,133.979997,0.40298507462686567,0.5918367346938775,0.6419753086419753,170,152,159,0.7169811320754716,0.5,0.7924528301886793,10.575847571428579,19.378375126984135,11.702504571650566,0.0,0.6774193548387096,0.012345679012345678,76,53,84,0.7208121827411168,0.583756345177665,0.6954314720812182,4.15567,5.000233317460319,1.6707200000000002,0.05,0.444015444015444,0.005208333333333333,142,115,137
1025,0.8629441624365483,0.7715736040609137,0.8020304568527918,85.99152568141112,86.61764505703998,137.703596,0.41509433962264153,0.7093023255813954,0.6231884057971014,170,152,158,0.7169811320754716,0.2169811320754717,0.44339622641509435,10.250317857142866,15.640503587301602,9.777210243201244,0.0,0.7169811320754716,0.0,76,23,47,0.7309644670050761,0.5888324873096447,0.6903553299492385,4.158697,4.922900317460319,1.5976210000000002,0.032432432432432434,0.42248062015503873,0.0,144,116,136
1026,0.8477157360406091,0.7766497461928934,0.8121827411167513,86.47255719873353,87.82111701675062,135.967231,0.3103448275862069,0.6739130434782609,0.5375,167,153,160,0.7075471698113207,0.19811320754716982,0.3867924528301887,9.749766428571437,15.438979809523822,9.44547091985792,0.0,0.7288135593220338,0.0,75,21,41,0.751269035532995,0.5939086294416244,0.700507614213198,4.181831,4.918366317460319,1.6511530000000003,0.05291005291005291,0.47104247104247104,0.0,148,117,138
1027,0.8629441624365483,0.7766497461928934,0.8020304568527918,91.72021768549317,88.73567270891273,131.896245,0.2962962962962963,0.6593406593406593,0.6216216216216216,170,153,158,0.6886792452830188,0.20754716981132076,0.36792452830188677,10.19588742857144,15.596395809523823,9.05672676134976,0.0,0.7142857142857143,0.0,73,22,39,0.7461928934010152,0.6091370558375635,0.700507614213198,4.156092,4.907696317460319,1.6576350000000002,0.05235602094240838,0.4823529411764706,0.0,147,120,138
1028,0.8629441624365483,0.7614213197969543,0.7969543147208121,87.45258694055173,85.9723992044249,133.222808,0.2545454545454545,0.6436781609195402,0.6533333333333333,170,150,157,0.6886792452830188,0.1509433962264151,0.39622641509433965,10.064240571428575,15.650984809523823,9.289421293484295,0.0,0.828125,0.037037037037037035,73,16,42,0.7461928934010152,0.6142131979695431,0.700507614213198,4.143814,4.992233317460319,1.6327920000000002,0.05789473684210526,0.4806201550387597,0.0,147,121,138
1029,0.8527918781725888,0.7614213197969543,0.7969543147208121,90.33621804365232,87.45612443326758,137.448813,0.2653061224489796,0.6363636363636364,0.5666666666666667,168,150,157,0.6698113207547169,0.16981132075471697,0.41509433962264153,10.228711000000004,15.632495809523823,9.429424098124096,0.0,0.8153846153846154,0.06666666666666667,71,18,44,0.7258883248730964,0.6091370558375635,0.6954314720812182,4.142846,4.964481317460319,1.6142810000000003,0.02702702702702703,0.46564885496183206,0.0,143,120,137
1030,0.868020304568528,0.7817258883248731,0.8121827411167513,87.95282614869453,85.90538243339643,134.477187,0.2978723404255319,0.6413043478260869,0.5774647887323944,171,154,160,0.6886792452830188,0.18867924528301888,0.36792452830188677,10.084565000000012,15.660611920634933,9.080140492951493,0.0,0.7846153846153846,0.11363636363636363,73,20,39,0.7106598984771574,0.583756345177665,0.6903553299492385,4.084908,5.004661317460319,1.6834300000000002,0.05235602094240838,0.48091603053435117,0.0,140,115,136
1031,0.8578680203045685,0.751269035532995,0.8071065989847716,91.13933019861672,88.53313643242014,133.844258,0.18,0.782608695652174,0.5921052631578947,169,148,159,0.6698113207547169,0.16981132075471697,0.330188679245283,10.562368428571437,15.63578647619049,8.898083664668668,0.0,0.873015873015873,0.2608695652173913,71,18,35,0.700507614213198,0.583756345177665,0.6802030456852792,4.038276,5.020837317460319,1.6352410000000002,0.05181347150259067,0.44313725490196076,0.0,138,115,134
1032,0.8375634517766497,0.7563451776649747,0.8071065989847716,88.4444391767446,92.15000582492408,132.015052,0.2857142857142857,0.6582278481012658,0.5949367088607594,165,149,159,0.6415094339622641,0.16981132075471697,0.3490566037735849,9.715431714285724,15.754761587301601,9.145008148185152,0.0,0.8115942028985508,0.3157894736842105,68,18,37,0.6802030456852792,0.5736040609137056,0.6852791878172588,4.019687,5.048954317460319,1.6805710000000003,0.03804347826086957,0.4594594594594595,0.0,134,113,135
1033,0.8578680203045685,0.7614213197969543,0.8020304568527918,87.53348627410786,90.36373082039164,137.686722,0.2558139534883721,0.7195121951219512,0.6086956521739131,169,150,158,0.6415094339622641,0.18867924528301888,0.33962264150943394,10.388156428571433,15.630668031746044,9.073874209235207,0.0,0.8382352941176471,0.30357142857142855,68,20,36,0.6700507614213198,0.5583756345177665,0.6903553299492385,4.030857,5.069852317460319,1.6318950000000003,0.031746031746031744,0.43846153846153846,0.0,132,110,136
1034,0.8730964467005076,0.7766497461928934,0.7969543147208121,84.99268814869454,83.45630471772122,132.935307,0.24528301886792453,0.625,0.5833333333333334,172,153,157,0.6415094339622641,0.1509433962264151,0.3113207547169811,9.674289428571436,15.764760920634933,8.781577784104783,0.0,0.8695652173913043,0.39215686274509803,68,16,33,0.6852791878172588,0.5786802030456852,0.6903553299492385,4.062066,5.001617317460319,1.6519570000000003,0.04864864864864865,0.4444444444444444,0.0,135,114,136
1035,0.8477157360406091,0.7715736040609137,0.8071065989847716,85.63031159294285,86.46398543351927,129.917176,0.26666666666666666,0.6296296296296297,0.581081081081081,167,152,159,0.660377358490566,0.14150943396226415,0.330188679245283,10.337817968253978,15.629765698412712,9.233911269841267,0.0,0.8571428571428571,0.4107142857142857,70,15,35,0.6954314720812182,0.5939086294416244,0.6852791878172588,4.047275,5.003006317460319,1.6343090000000002,0.026881720430107527,0.4743083003952569,0.0,137,117,135
1036,0.8578680203045685,0.751269035532995,0.7817258883248731,87.42713575216048,86.84861543449883,136.384691,0.2692307692307692,0.7105263157894737,0.5921052631578947,169,148,154,0.660377358490566,0.1509433962264151,0.2830188679245283,9.991796000000008,15.669434698412712,8.986365547452548,0.0,0.8428571428571429,0.5294117647058824,70,16,30,0.6751269035532995,0.5989847715736041,0.6802030456852792,4.126713,5.012611317460319,1.6121960000000002,0.0427807486631016,0.47244094488188976,0.0,133,118,134
1037,0.8781725888324873,0.7766497461928934,0.817258883248731,87.58678483812166,87.45381876634644,133.219758,0.19642857142857142,0.6746987951807228,0.5833333333333334,173,153,161,0.6886792452830188,0.1509433962264151,0.3113207547169811,9.87473946031747,15.649195809523823,9.210624834609833,0.0,0.8985507246376812,0.47692307692307695,73,16,33,0.649746192893401,0.5786802030456852,0.700507614213198,4.066163,5.036279317460319,1.6140430000000003,0.04838709677419355,0.4798387096774194,0.0,128,114,138
1038,0.8426395939086294,0.7614213197969543,0.8020304568527918,87.87088819811575,87.61450333315007,133.588788,0.23684210526315788,0.6195652173913043,0.5945945945945946,166,150,158,0.7169811320754716,0.12264150943396226,0.2830188679245283,9.708265571428582,15.650950809523822,9.351457494949493,0.0,0.9130434782608695,0.5344827586206896,76,13,30,0.6548223350253807,0.5583756345177665,0.6903553299492385,4.058655,5.005809317460319,1.6499530000000002,0.06598984771573604,0.448559670781893,0.0,129,110,136
1039,0.8578680203045685,0.7817258883248731,0.7918781725888325,85.3784236357734,85.5238359290401,135.388089,0.27450980392156865,0.6236559139784946,0.5671641791044776,169,154,156,0.6981132075471698,0.14150943396226415,0.2641509433962264,9.734492000000012,15.694302809523823,9.041397388722386,0.0,0.8625,0.5254237288135594,74,15,28,0.6548223350253807,0.5736040609137056,0.6954314720812182,3.997566,4.973109317460319,1.6646520000000002,0.05263157894736842,0.42276422764227645,0.0,129,113,137
1040,0.8477157360406091,0.7563451776649747,0.8223350253807107,87.75046504046085,86.3173966870154,133.881316,0.25,0.7012987012987013,0.5866666666666667,167,149,162,0.7075471698113207,0.2641509433962264,0.8018867924528302,9.650711111111116,19.177626666666672,10.782900836607835,0.0,0.7741935483870968,0.19672131147540983,75,28,85,0.6852791878172588,0.5736040609137056,0.6903553299492385,3.933433,4.975205317460319,1.6321570000000003,0.04145077720207254,0.43983402489626555,0.0,135,113,136
1041,0.8578680203045685,0.7563451776649747,0.8020304568527918,89.67530986533664,87.39566376503106,131.438317,0.34210526315789475,0.6666666666666666,0.5882352941176471,169,149,158,0.7075471698113207,0.24528301886792453,0.7358490566037735,10.307926571428577,18.697067666666673,11.279956984903984,0.0,0.8785046728971962,0.1206896551724138,75,26,78,0.6548223350253807,0.5736040609137056,0.6954314720812182,3.919925,4.950377317460319,1.6396600000000003,0.06951871657754011,0.42386831275720166,0.0,129,113,137
1042,0.8375634517766497,0.7715736040609137,0.8071065989847716,87.29637917247437,85.26302543068047,138.037471,0.2830188679245283,0.6666666666666666,0.547945205479452,165,152,159,0.7547169811320755,0.2358490566037736,0.7169811320754716,10.41846965079366,18.87063855555556,11.175144107892105,0.0,0.8768115942028986,0.19718309859154928,80,25,76,0.6598984771573604,0.583756345177665,0.6903553299492385,3.964932,4.883556317460319,1.6686090000000002,0.06770833333333333,0.42857142857142855,0.0,130,115,136
1043,0.868020304568528,0.751269035532995,0.8020304568527918,87.50565453199536,84.93973569958652,141.542939,0.2807017543859649,0.6338028169014085,0.5873015873015873,171,148,158,0.7264150943396226,0.2358490566037736,0.7452830188679245,9.932673349206357,18.88097066666667,11.003150249306247,0.0,0.8974358974358975,0.15555555555555556,77,25,79,0.649746192893401,0.6192893401015228,0.6903553299492385,3.915782,4.862418317460319,1.6152020000000002,0.059782608695652176,0.42213114754098363,0.0,128,122,136
1044,0.8223350253807107,0.7715736040609137,0.7868020304568528,85.55404909153398,85.42831807083674,135.796689,0.2702702702702703,0.4891304347826087,0.5833333333333334,162,152,155,0.7358490566037735,0.2358490566037736,0.7452830188679245,10.44100928571429,18.79436355555556,11.252770222444221,0.0,0.8881987577639752,0.22972972972972974,78,25,79,0.6395939086294417,0.6040609137055838,0.6852791878172588,3.954842,4.908341317460319,1.6248690000000003,0.07526881720430108,0.44635193133047213,0.0,126,119,135
1045,0.8274111675126904,0.7766497461928934,0.7918781725888325,89.92366604173922,84.33391809967972,137.16673,0.13559322033898305,0.6410256410256411,0.6,163,153,156,0.7169811320754716,0.25471698113207547,0.7924528301886793,10.004247000000008,18.756808777777785,11.410458736485735,0.0,0.879746835443038,0.12790697674418605,76,27,84,0.649746192893401,0.5888324873096447,0.6700507614213198,3.964164,4.914775317460319,1.6447530000000001,0.05319148936170213,0.41025641025641024,0.0,128,116,132
1046,0.8527918781725888,0.7715736040609137,0.7969543147208121,90.27626755891221,85.238877229668,141.536741,0.3170731707317073,0.696969696969697,0.4393939393939394,168,152,157,0.6981132075471698,0.25471698113207547,0.7547169811320755,10.160572507936514,18.556439777777783,11.090467669552671,0.0,0.8765432098765432,0.15789473684210525,74,27,80,0.6649746192893401,0.5583756345177665,0.649746192893401,3.970042,4.947042317460319,1.6381250000000003,0.047619047619047616,0.4025423728813559,0.0,131,110,128
1047,0.8071065989847716,0.7461928934010152,0.8020304568527918,85.72507679217814,82.71430305797571,138.606692,0.19607843137254902,0.5555555555555556,0.4827586206896552,159,147,158,0.7264150943396226,0.24528301886792453,0.7641509433962265,10.997690000000008,18.933514000000006,11.34645863147963,0.0,0.92,0.08450704225352113,77,26,81,0.6700507614213198,0.5431472081218274,0.6548223350253807,4.038093,4.982196317460319,1.6413810000000002,0.03723404255319149,0.3922413793103448,0.0,132,107,129
1048,0.8121827411167513,0.751269035532995,0.8121827411167513,88.30660127920619,83.99100403291983,139.501832,0.12,0.6081081081081081,0.46551724137931033,160,148,160,0.7169811320754716,0.25471698113207547,0.7735849056603774,10.377191428571436,18.549845777777783,11.642805450771451,0.0,0.8895705521472392,0.0641025641025641,76,27,82,0.6548223350253807,0.5685279187817259,0.6548223350253807,4.059577,4.912488317460319,1.6507670000000003,0.03225806451612903,0.3771186440677966,0.0,129,112,129
1049,0.8629441624365483,0.7563451776649747,0.7868020304568528,86.74225537840252,82.93354992901885,138.483473,0.14814814814814814,0.5609756097560976,0.48214285714285715,170,149,155,0.6981132075471698,0.2641509433962264,0.7641509433962265,10.599964000000007,18.514875777777785,10.997198436119437,0.0,0.8819875776397516,0.06944444444444445,74,28,81,0.6548223350253807,0.583756345177665,0.6446700507614214,4.081424,4.874848317460319,1.6009890000000002,0.026737967914438502,0.39662447257383965,0.005494505494505495,129,115,127
1050,0.8629441624365483,0.766497461928934,0.8020304568527918,85.92017265873511,85.5644637664315,135.019987,0.21875,0.5882352941176471,0.39655172413793105,170,151,158,0.7264150943396226,0.2641509433962264,0.7924528301886793,10.754671000000007,18.642728777777783,11.68674121145521,0.0,0.9013157894736842,0.031746031746031744,77,28,84,0.6598984771573604,0.6142131979695431,0.6548223350253807,4.074418,4.925483317460319,1.6172910000000003,0.02702702702702703,0.41841004184100417,0.005434782608695652,130,121,129
1051,0.8020304568527918,0.7614213197969543,0.7817258883248731,91.26263601721371,84.3417890998938,138.178649,0.2413793103448276,0.582089552238806,0.48214285714285715,158,150,154,0.6981132075471698,0.2358490566037736,0.7452830188679245,10.589725317460324,18.462675777777783,11.489579249306248,0.0,0.8974358974358975,0.03076923076923077,74,25,79,0.6548223350253807,0.6091370558375635,0.6548223350253807,4.109085,5.055067317460319,1.6188170000000002,0.03763440860215054,0.43171806167400884,0.005649717514124294,129,120,129
1052,0.817258883248731,0.7817258883248731,0.7969543147208121,88.94074248809052,83.66721046569846,139.52899,0.12962962962962962,0.5882352941176471,0.4264705882352941,161,154,157,0.6981132075471698,0.24528301886792453,0.6886792452830188,11.117243539682548,18.795635777777782,11.196997165057164,0.0,0.8831168831168831,0.014084507042253521,74,26,73,0.6446700507614214,0.5786802030456852,0.6446700507614214,4.094723,5.059702317460319,1.6480150000000002,0.031578947368421054,0.4166666666666667,0.0,127,114,127
1053,0.8375634517766497,0.7614213197969543,0.7918781725888325,83.98223768539712,83.38289613984449,135.109387,0.16,0.578125,0.48333333333333334,165,150,156,0.6792452830188679,0.24528301886792453,0.7830188679245284,10.756230571428578,18.465142888888895,11.264926698634694,0.0,0.9038461538461539,0.02857142857142857,72,26,83,0.6345177664974619,0.5329949238578681,0.649746192893401,4.161757,4.988022317460319,1.6409540000000002,0.03260869565217391,0.39737991266375544,0.005649717514124294,125,105,128
1054,0.8477157360406091,0.751269035532995,0.7969543147208121,82.96142701932679,89.68092043283944,138.766168,0.15625,0.5362318840579711,0.4032258064516129,167,148,157,0.6792452830188679,0.25471698113207547,0.7735849056603774,10.314411539682546,18.70968011111112,11.415905314019309,0.0,0.8940397350993378,0.028985507246376812,72,27,82,0.6243654822335025,0.5431472081218274,0.6446700507614214,4.137065,4.965703317460319,1.6607590000000003,0.03763440860215054,0.39669421487603307,0.005649717514124294,123,107,127
1055,0.8426395939086294,0.751269035532995,0.8020304568527918,88.04604035221541,85.40193143297047,138.745136,0.16279069767441862,0.6216216216216216,0.4375,166,148,158,0.6886792452830188,0.2641509433962264,0.7924528301886793,10.478211000000007,18.74766211111111,11.256595819513818,0.0,0.8853503184713376,0.0,73,28,84,0.6243654822335025,0.5329949238578681,0.6649746192893401,4.174832,4.864310317460319,1.6349650000000002,0.03208556149732621,0.3924050632911392,0.005649717514124294,123,105,131
1056,0.8274111675126904,0.7766497461928934,0.8020304568527918,89.64949463567571,87.0202602622878,133.859083,0.15,0.4634146341463415,0.4166666666666667,163,153,158,0.7075471698113207,0.24528301886792453,0.7264150943396226,10.657396428571433,18.742418666666673,11.404017297924296,0.0,0.8888888888888888,0.0,75,26,77,0.6091370558375635,0.5431472081218274,0.6700507614213198,4.134832,4.919090317460319,1.6221630000000002,0.043478260869565216,0.3672566371681416,0.0,120,107,132
1057,0.8020304568527918,0.7715736040609137,0.7868020304568528,88.2592193521122,86.90344496598954,136.511354,0.2222222222222222,0.5901639344262295,0.48214285714285715,158,152,155,0.6886792452830188,0.25471698113207547,0.7264150943396226,10.996232428571437,19.016631666666672,10.89862434088134,0.0,0.910958904109589,0.057971014492753624,73,27,77,0.6091370558375635,0.5634517766497462,0.6802030456852792,4.137591,4.853896317460319,1.6449430000000003,0.041884816753926704,0.37606837606837606,0.0,120,111,134
1058,0.8324873096446701,0.7614213197969543,0.7918781725888325,84.54802949620016,86.88387168027279,137.25245,0.14583333333333334,0.54,0.4262295081967213,164,150,156,0.6792452830188679,0.24528301886792453,0.7452830188679245,10.511475000000008,19.052744777777782,11.173465487401486,0.0,0.8866666666666667,0.0547945205479452,72,26,79,0.6294416243654822,0.6040609137055838,0.6700507614213198,4.158869,4.882408317460319,1.6714260000000003,0.0374331550802139,0.4309623430962343,0.005714285714285714,124,119,132
1059,0.8426395939086294,0.751269035532995,0.8121827411167513,87.20505335092979,86.98768043309848,137.443471,0.07142857142857142,0.5,0.5166666666666667,166,148,160,0.6981132075471698,0.29245283018867924,0.7924528301886793,10.420572571428579,18.814364888888896,10.696454223665224,0.0,0.8709677419354839,0.039473684210526314,74,31,84,0.6345177664974619,0.6345177664974619,0.6852791878172588,4.199784,4.922025317460319,1.6710270000000003,0.03804347826086957,0.41935483870967744,0.00558659217877095,125,125,135
1060,0.8477157360406091,0.7918781725888325,0.8223350253807107,88.13313737048757,88.26611033841978,141.709876,0.15789473684210525,0.4177215189873418,0.47368421052631576,167,156,162,0.6981132075471698,0.2830188679245283,0.7830188679245284,10.615586888888895,18.985666888888897,11.373317605838608,0.0,0.8486842105263158,0.06153846153846154,74,30,83,0.6345177664974619,0.41624365482233505,0.7817258883248731,4.262562,4.959790317460319,1.6906951515151516,0.016129032258064516,0.5820433436532507,0.008264462809917356,125,82,154
1061,0.8426395939086294,0.7868020304568528,0.8071065989847716,87.1287976870496,88.03288896748212,139.50439,0.1111111111111111,0.5306122448979592,0.423728813559322,166,155,159,0.660377358490566,0.3113207547169811,0.8113207547169812,11.011499571428578,18.896311777777782,11.518716320124327,0.0,0.8333333333333334,0.075,70,33,86,0.6243654822335025,0.4213197969543147,0.7766497461928934,4.2866,4.953944317460319,1.6816280086580089,0.010869565217391304,0.7086330935251799,0.025210084033613446,123,83,153
1062,0.8629441624365483,0.7868020304568528,0.8071065989847716,91.18550938030675,88.1549412250483,144.10753,0.09090909090909091,0.3972602739726027,0.4788732394366197,170,155,159,0.6509433962264151,0.2830188679245283,0.7735849056603774,10.84286700000001,18.793947888888887,11.162061601953603,0.010101010101010102,0.8590604026845637,0.029411764705882353,69,30,82,0.649746192893401,0.40609137055837563,0.7157360406091371,4.190387,4.830888317460319,1.5427286363636366,0.015625,0.7310606060606061,0.02666666666666667,128,80,141
1063,0.8477157360406091,0.7918781725888325,0.8274111675126904,90.93248435211311,89.11226643539814,141.564623,0.08108108108108109,0.5686274509803921,0.3787878787878788,167,156,163,0.6509433962264151,0.2641509433962264,0.8207547169811321,10.930202650793657,19.132303777777782,11.345170076146076,0.0,0.831081081081081,0.09859154929577464,69,28,87,0.6192893401015228,0.38071065989847713,0.7411167512690355,4.318525,4.845447674603176,1.6822980216450218,0.0374331550802139,0.7529411764705882,0.006622516556291391,122,75,146
1064,0.8426395939086294,0.8020304568527918,0.8223350253807107,88.12263233048513,89.86208509967969,147.321772,0.09090909090909091,0.5277777777777778,0.5357142857142857,166,158,162,0.6509433962264151,0.330188679245283,0.8018867924528302,10.904702571428581,19.7789126984127,11.330409747474748,0.0,0.8287671232876712,0.02702702702702703,69,35,85,0.5989847715736041,0.38071065989847713,0.7360406091370558,4.259501,4.836733103174605,1.6887617705627704,0.02702702702702703,0.7622641509433963,0.0058823529411764705,118,75,145
1065,0.8527918781725888,0.7918781725888325,0.8274111675126904,88.63030867975976,87.7818292320138,140.421926,0.14285714285714285,0.43243243243243246,0.375,168,156,163,0.6320754716981132,0.3490566037735849,0.7924528301886793,10.819326968253977,19.533479777777785,11.313941176046173,0.0,0.8079470198675497,0.0,67,37,84,0.6446700507614214,0.37055837563451777,0.6903553299492385,4.256128,4.846402103174604,1.6385036666666668,0.037037037037037035,0.7706766917293233,0.006289308176100629,127,73,136
1066,0.8730964467005076,0.766497461928934,0.8223350253807107,88.84998929981897,89.18664236616742,142.372797,0.1,0.5636363636363636,0.4528301886792453,172,151,162,0.6509433962264151,0.330188679245283,0.7358490566037735,10.9635748888889,19.269044000000008,11.281444842712846,0.0,0.8531468531468531,0.04477611940298507,69,35,78,0.6243654822335025,0.37055837563451777,0.700507614213198,4.214683,4.864339317460319,1.6159119999999998,0.0213903743315508,0.7567567567567568,0.0,123,73,138
1067,0.8274111675126904,0.7868020304568528,0.7817258883248731,89.73542329694642,91.55762871890094,146.158979,0.10416666666666667,0.5692307692307692,0.4406779661016949,163,155,154,0.6792452830188679,0.32075471698113206,0.7641509433962265,10.819682000000011,19.69732255555555,11.275709451992453,0.0,0.8142857142857143,0.0,72,34,81,0.6192893401015228,0.3553299492385787,0.7461928934010152,4.228504,4.884070817460319,1.6441420476190478,0.021621621621621623,0.7854406130268199,0.0,122,70,147
1068,0.8324873096446701,0.7918781725888325,0.8375634517766497,94.28005935799005,85.40452552544207,145.227448,0.06382978723404255,0.527027027027027,0.36231884057971014,164,156,165,0.6698113207547169,0.330188679245283,0.7924528301886793,10.76746053968255,19.36907855555556,11.175277128427128,0.0,0.8206896551724138,0.0,71,35,84,0.6192893401015228,0.36548223350253806,0.7360406091370558,4.192203,4.821217817460319,1.6166724761904765,0.03664921465968586,0.7781954887218046,0.0,122,72,145
1069,0.8730964467005076,0.7918781725888325,0.8121827411167513,89.35044835346574,85.64258591434908,141.62627,0.08,0.5068493150684932,0.5111111111111111,172,156,160,0.660377358490566,0.330188679245283,0.8018867924528302,10.575703000000011,19.609526777777777,11.524372106449103,0.0,0.823943661971831,0.014084507042253521,70,35,85,0.6091370558375635,0.3604060913705584,0.6954314720812182,4.15854,4.803144817460319,1.5466833333333336,0.05759162303664921,0.7873134328358209,0.0,120,71,137
1070,0.8629441624365483,0.7766497461928934,0.817258883248731,89.86912230362095,90.79820269950173,141.276302,0.11428571428571428,0.5151515151515151,0.3939393939393939,170,153,161,0.6698113207547169,0.3490566037735849,0.7735849056603774,10.545282571428583,19.606731777777775,11.254037414141415,0.0,0.8,0.0,71,37,82,0.5888324873096447,0.34517766497461927,0.7309644670050761,4.192825,4.802428817460319,1.5877608571428574,0.031746031746031744,0.8129770992366412,0.0,116,68,144
1071,0.8527918781725888,0.7766497461928934,0.8121827411167513,86.53428982660515,93.06617927144588,144.438405,0.05128205128205128,0.5294117647058824,0.4107142857142857,168,153,160,0.6698113207547169,0.33962264150943394,0.7924528301886793,10.541743888888899,19.836902666666663,11.336281788988787,0.0,0.8478260869565217,0.046875,71,36,84,0.5888324873096447,0.3350253807106599,0.6954314720812182,4.144024,4.809002817460319,1.5624129523809522,0.026737967914438502,0.7798507462686567,0.0,116,66,137
1072,0.8527918781725888,0.7969543147208121,0.8020304568527918,89.1364636868256,88.92722890868542,144.161447,0.125,0.5308641975308642,0.46808510638297873,168,157,158,0.6792452830188679,0.3490566037735849,0.7924528301886793,11.058841428571437,19.689050666666663,11.934013271284268,0.010101010101010102,0.7972972972972973,0.025974025974025976,72,37,84,0.5786802030456852,0.3299492385786802,0.7208121827411168,4.161054,4.853151817460319,1.612818238095238,0.02197802197802198,0.7890909090909091,0.0,114,65,142
1073,0.8426395939086294,0.7817258883248731,0.8274111675126904,88.79176437412859,88.07808939539613,145.008163,0.175,0.4375,0.36231884057971014,166,154,163,0.6981132075471698,0.33962264150943394,0.7169811320754716,10.84912565079366,20.039181666666664,11.504151874458875,0.01020408163265306,0.8275862068965517,0.0410958904109589,74,36,76,0.5786802030456852,0.3299492385786802,0.7106598984771574,4.162399,4.905359817460319,1.628732857142857,0.027472527472527472,0.7890909090909091,0.0,114,65,140
1074,0.8426395939086294,0.7817258883248731,0.8071065989847716,89.48409997100241,89.14351939311896,145.768265,0.14285714285714285,0.4925373134328358,0.39622641509433965,166,154,159,0.6792452830188679,0.33962264150943394,0.7830188679245284,10.613556777777788,19.999931777777782,11.220265836607838,0.0,0.8188405797101449,0.05405405405405406,72,36,83,0.583756345177665,0.3147208121827411,0.7106598984771574,4.12909,4.810216039682541,1.6096836190476191,0.0273224043715847,0.7785977859778598,0.0,115,62,140
1075,0.8629441624365483,0.7614213197969543,0.8121827411167513,86.1372405682025,88.31873941412516,144.42023,0.16666666666666666,0.547945205479452,0.4482758620689655,170,150,160,0.6792452830188679,0.33962264150943394,0.7641509433962265,10.583305793650807,20.207518666666665,11.607690176046175,0.010309278350515464,0.8297872340425532,0.05970149253731343,72,36,81,0.5939086294416244,0.3147208121827411,0.7157360406091371,4.160398,4.817724539682541,1.615409904761905,0.043010752688172046,0.8211678832116789,0.0,117,62,141
1076,0.868020304568528,0.7563451776649747,0.8020304568527918,87.77503205152503,93.49659512652437,142.849642,0.1794871794871795,0.55,0.33962264150943394,171,149,158,0.6886792452830188,0.330188679245283,0.8018867924528302,11.158482539682549,20.48202255555556,11.397992830502835,0.0,0.8333333333333334,0.012658227848101266,73,35,85,0.583756345177665,0.3197969543147208,0.7309644670050761,4.137723,4.825281539682541,1.6159559523809521,0.05759162303664921,0.7992565055762082,0.0,115,63,144
1077,0.8426395939086294,0.7868020304568528,0.8071065989847716,89.1863080188257,82.87225984322015,142.540934,0.21621621621621623,0.4935064935064935,0.4,166,155,159,0.6792452830188679,0.330188679245283,0.7075471698113207,10.723682777777787,20.50747455555556,11.552804403152418,0.0,0.7916666666666666,0.01694915254237288,72,35,75,0.5786802030456852,0.3248730964467005,0.7157360406091371,4.136616,4.773926539682541,1.5811978571428575,0.03825136612021858,0.8050541516245487,0.0,114,64,141
1078,0.8477157360406091,0.8071065989847716,0.8020304568527918,89.15880771164032,84.25584191874745,145.488395,0.13333333333333333,0.5189873417721519,0.4,167,159,158,0.6981132075471698,0.3490566037735849,0.7358490566037735,10.88641511111112,20.45814888888889,11.593793176046177,0.0,0.8137931034482758,0.012987012987012988,74,37,78,0.6091370558375635,0.3147208121827411,0.7055837563451777,4.140875,4.7991253174603195,1.580725428571429,0.03804347826086957,0.8243727598566308,0.0,120,62,139
1079,0.8426395939086294,0.7817258883248731,0.8071065989847716,88.27230138592424,83.73164043301266,145.09503,0.14893617021276595,0.6363636363636364,0.40298507462686567,166,154,159,0.6792452830188679,0.3490566037735849,0.7641509433962265,10.232023111111124,20.249054666666673,11.507357254190254,0.0,0.8285714285714286,0.012987012987012988,72,37,81,0.5989847715736041,0.29949238578680204,0.700507614213198,4.115263,4.894839317460319,1.614091857142857,0.0273224043715847,0.8327272727272728,0.0,118,59,138
1080,0.817258883248731,0.7868020304568528,0.8121827411167513,88.31954463582355,86.2360527665167,141.424604,0.12195121951219512,0.45454545454545453,0.35,161,155,160,0.660377358490566,0.3584905660377358,0.7358490566037735,10.765701761904772,20.30087366666667,11.822884991674991,0.0,0.8251748251748252,0.0,70,38,78,0.6192893401015228,0.4517766497461929,0.7055837563451777,4.128683,4.948365317460319,1.7511199523809526,0.031914893617021274,0.7241379310344828,0.006060606060606061,122,89,139
1081,0.8527918781725888,0.7918781725888325,0.817258883248731,89.27265937367561,91.87816815317348,139.439886,0.14545454545454545,0.4857142857142857,0.4375,168,156,161,0.7075471698113207,0.3867924528301887,0.7735849056603774,10.784185428571437,21.007093666666673,11.897511992895994,0.0,0.8391608391608392,0.028169014084507043,75,41,82,0.6345177664974619,0.5685279187817259,0.7157360406091371,4.084498,4.799790539682541,1.763578047619048,0.032432432432432434,0.5399239543726235,0.00546448087431694,125,112,141
1082,0.8629441624365483,0.8121827411167513,0.8375634517766497,89.77873163428686,89.92760018025065,147.469296,0.3125,0.5975609756097561,0.4,170,160,165,0.6981132075471698,0.39622641509433965,0.7830188679245284,10.4934698888889,20.795590571428576,11.961281004884004,0.0,0.7777777777777778,0.046511627906976744,74,42,83,0.6294416243654822,0.5989847715736041,0.7055837563451777,4.059841,4.889459761904763,1.7868650476190477,0.036458333333333336,0.5077519379844961,0.0,124,118,139
1083,0.8527918781725888,0.7969543147208121,0.8324873096446701,92.42150296900985,89.83632329860106,147.244518,0.4074074074074074,0.5714285714285714,0.4696969696969697,168,157,164,0.7075471698113207,0.4056603773584906,0.7830188679245284,9.814312682539693,20.742304682539686,11.57536031890332,0.0,0.782608695652174,0.05555555555555555,75,43,83,0.6446700507614214,0.5888324873096447,0.6903553299492385,4.095559,4.960241095238097,1.7473710476190478,0.035897435897435895,0.47058823529411764,0.005291005291005291,127,116,136
1084,0.8629441624365483,0.8020304568527918,0.8527918781725888,91.42602134673153,89.97215402427128,143.757514,0.34615384615384615,0.5714285714285714,0.4482758620689655,170,158,168,0.7075471698113207,0.4056603773584906,0.7735849056603774,9.966624428571441,21.321728634920635,12.10424524297924,0.0,0.768,0.04938271604938271,75,43,82,0.6598984771573604,0.5380710659898477,0.7055837563451777,4.119012,4.988128095238097,1.6985770476190478,0.04522613065326633,0.4961832061068702,0.0,130,106,139
1085,0.8426395939086294,0.8274111675126904,0.8426395939086294,88.0924939953855,88.30727225305897,144.893415,0.3225806451612903,0.5733333333333334,0.4406779661016949,166,163,166,0.7264150943396226,0.42452830188679247,0.8018867924528302,10.3785128888889,20.91535958730159,11.650874531357532,0.0,0.7352941176470589,0.058823529411764705,77,45,85,0.6700507614213198,0.5532994923857868,0.7055837563451777,4.090214,5.009386539682541,1.7415700476190479,0.03535353535353535,0.5,0.0,132,109,139
1086,0.8883248730964467,0.8223350253807107,0.8274111675126904,88.88796026159817,92.94473658043219,145.965423,0.28169014084507044,0.6075949367088608,0.4605263157894737,175,162,163,0.7169811320754716,0.39622641509433965,0.7641509433962265,10.245799111111124,21.117275095238096,11.587660491064506,0.0,0.8095238095238095,0.05405405405405406,76,42,81,0.6802030456852792,0.5786802030456852,0.7106598984771574,4.132635,4.933241095238097,1.7334180476190477,0.035897435897435895,0.5020576131687243,0.0,134,114,140
1087,0.8527918781725888,0.8121827411167513,0.8375634517766497,89.53968928984914,91.96785476475544,142.391527,0.2909090909090909,0.5777777777777777,0.4342105263157895,168,160,165,0.7169811320754716,0.42452830188679247,0.8018867924528302,10.712497857142866,21.02819911111111,11.659693782661789,0.0,0.7338129496402878,0.02631578947368421,76,45,85,0.6852791878172588,0.583756345177665,0.7208121827411168,4.066501,4.875078428571429,1.7027220476190479,0.030303030303030304,0.5125,0.0,135,115,142
1088,0.868020304568528,0.8274111675126904,0.8578680203045685,91.00561832514663,92.90403027971989,148.375209,0.23529411764705882,0.5108695652173914,0.46153846153846156,171,163,169,0.6981132075471698,0.49056603773584906,0.7735849056603774,10.629369682539695,20.99702885714286,11.991033410478416,0.0,0.7089552238805971,0.0410958904109589,74,52,82,0.6903553299492385,0.5736040609137056,0.7208121827411168,4.124235,4.946749095238096,1.760474047619048,0.025510204081632654,0.47540983606557374,0.0,136,113,142
1089,0.9035532994923858,0.817258883248731,0.8477157360406091,90.45240664974654,89.93820158644928,147.081631,0.22413793103448276,0.5588235294117647,0.42105263157894735,178,161,167,0.7075471698113207,0.46226415094339623,0.7830188679245284,10.766562777777787,21.210358873015874,12.435381158952158,0.0,0.7226890756302521,0.05,75,49,83,0.6802030456852792,0.5380710659898477,0.7157360406091371,4.254926,4.999537539682541,1.7026450476190478,0.03125,0.45934959349593496,0.0,134,106,141
1090,0.868020304568528,0.8274111675126904,0.8426395939086294,89.43229363869109,94.4856317335214,146.009568,0.3333333333333333,0.4444444444444444,0.35714285714285715,171,163,166,0.6886792452830188,0.44339622641509435,0.7358490566037735,10.82684300000001,21.325793682539686,12.422325817071817,0.0,0.6929133858267716,0.02564102564102564,73,47,78,0.6852791878172588,0.5482233502538071,0.7106598984771574,4.187002,5.027434317460319,1.6981160476190478,0.030303030303030304,0.45454545454545453,0.0,135,108,140
1091,0.8578680203045685,0.8324873096446701,0.8629441624365483,92.53564641694047,93.13527839099476,146.229504,0.1625,0.5194805194805194,0.4,169,164,170,0.6981132075471698,0.4528301886792453,0.8207547169811321,10.476238142857152,21.629898539682536,11.803077996558997,0.0,0.6771653543307087,0.011764705882352941,74,48,87,0.6802030456852792,0.5431472081218274,0.7055837563451777,4.151803,5.045747317460319,1.7354310476190478,0.02040816326530612,0.45849802371541504,0.0,134,107,139
1092,0.9238578680203046,0.8426395939086294,0.8375634517766497,85.6891341216308,95.97045645067446,148.778817,0.2923076923076923,0.5616438356164384,0.4090909090909091,182,166,165,0.6886792452830188,0.4811320754716981,0.7452830188679245,10.746037000000012,21.464948190476193,12.336157212676213,0.0,0.688,0.039473684210526314,73,51,79,0.6649746192893401,0.5736040609137056,0.7055837563451777,4.174642,5.094136317460319,1.6930230476190478,0.03076923076923077,0.4609375,0.0,131,113,139
1093,0.9086294416243654,0.8274111675126904,0.8629441624365483,88.82055711991971,94.59232942618752,145.042627,0.225,0.5121951219512195,0.36619718309859156,179,163,170,0.6886792452830188,0.49056603773584906,0.7735849056603774,10.991116095238105,21.81954826984126,11.802034672993678,0.010309278350515464,0.6829268292682927,0.05,73,52,82,0.6700507614213198,0.5989847715736041,0.7106598984771574,4.182218,5.096282095238097,1.7063500476190478,0.02512562814070352,0.4801587301587302,0.005128205128205128,132,118,140
1094,0.9187817258883249,0.8477157360406091,0.8629441624365483,91.17442309807113,92.00305175960617,149.147464,0.3620689655172414,0.5454545454545454,0.4090909090909091,181,167,170,0.6886792452830188,0.5283018867924528,0.7358490566037735,10.48594666666668,22.34097476190476,11.892447329892331,0.009900990099009901,0.6641221374045801,0.02631578947368421,73,56,78,0.6751269035532995,0.6142131979695431,0.7055837563451777,4.241612,5.165035317460319,1.7289150476190478,0.015625,0.47540983606557374,0.010416666666666666,133,121,139
1095,0.8578680203045685,0.8426395939086294,0.8426395939086294,92.91517820343762,93.5525364262728,147.779474,0.20930232558139536,0.5714285714285714,0.4576271186440678,169,166,166,0.6509433962264151,0.49056603773584906,0.8207547169811321,10.786004428571436,21.7210026984127,12.10902016994117,0.0,0.680327868852459,0.0379746835443038,69,52,87,0.6700507614213198,0.5888324873096447,0.7208121827411168,4.176336,5.190373317460319,1.6976850476190477,0.010471204188481676,0.47244094488188976,0.0051813471502590676,132,116,142
1096,0.8629441624365483,0.8274111675126904,0.8527918781725888,93.84520314465055,97.07320709293971,148.571791,0.15517241379310345,0.5068493150684932,0.453125,170,163,168,0.660377358490566,0.5,0.7924528301886793,10.571003222222231,22.044695571428576,12.413407599955603,0.010101010101010102,0.6837606837606838,0.013333333333333334,70,53,84,0.6802030456852792,0.5939086294416244,0.7258883248730964,4.16526,5.197315317460319,1.6813040476190477,0.010471204188481676,0.4596774193548387,0.005208333333333333,134,117,143
1097,0.868020304568528,0.8274111675126904,0.8578680203045685,88.68250910126262,91.59726909293944,146.771732,0.23333333333333334,0.5454545454545454,0.4264705882352941,171,163,169,0.6698113207547169,0.4811320754716981,0.7641509433962265,10.516860317460328,22.568196555555552,12.421705365079367,0.0,0.6974789915966386,0.01282051282051282,71,51,81,0.6954314720812182,0.5989847715736041,0.7309644670050761,4.197956,5.258549317460319,1.6981610476190478,0.010362694300518135,0.4851063829787234,0.005208333333333333,137,118,144
1098,0.8730964467005076,0.8324873096446701,0.8578680203045685,88.42714972956837,91.79433109293971,142.673377,0.2765957446808511,0.5393258426966292,0.4430379746835443,172,164,169,0.6792452830188679,0.5188679245283019,0.7830188679245284,10.317974682539694,22.44779465079365,12.028534145743144,0.010101010101010102,0.6532258064516129,0.013157894736842105,72,55,83,0.6852791878172588,0.5888324873096447,0.7208121827411168,4.2663,5.210349317460319,1.717521047619048,0.010582010582010581,0.48936170212765956,0.0,135,116,142
1099,0.883248730964467,0.8375634517766497,0.8223350253807107,88.72713378830544,89.77012513338225,148.403436,0.25925925925925924,0.4625,0.5,174,165,162,0.6792452830188679,0.5188679245283019,0.7735849056603774,10.26363600000001,22.164571873015873,12.168017996558998,0.010309278350515464,0.6694915254237288,0.0,72,55,82,0.6700507614213198,0.5888324873096447,0.7106598984771574,4.220133,5.189675317460319,1.6533670476190478,0.010416666666666666,0.4678111587982833,0.0,132,116,140
1100,0.8883248730964467,0.8324873096446701,0.8274111675126904,89.12082366201494,92.05947509993534,146.010732,0.22807017543859648,0.5373134328358209,0.4594594594594595,175,164,163,0.6792452830188679,0.5,0.7358490566037735,10.420332111111122,22.426273904761903,12.234234777777777,0.0,0.6859504132231405,0.014084507042253521,72,53,78,0.6548223350253807,0.5786802030456852,0.7106598984771574,4.212491,5.134574317460319,1.6953320476190479,0.010638297872340425,0.4745762711864407,0.0,129,114,140
1101,0.9035532994923858,0.8375634517766497,0.8730964467005076,85.11059618441391,93.12713876660199,145.115696,0.28,0.5072463768115942,0.35,178,165,172,0.6792452830188679,0.49056603773584906,0.7641509433962265,10.906546888888899,22.377742904761902,12.027189593628597,0.0,0.6916666666666667,0.0,72,52,81,0.6548223350253807,0.5939086294416244,0.7106598984771574,4.292938,5.110895317460319,1.6640630476190479,0.010582010582010581,0.46218487394957986,0.0,129,117,140
1102,0.868020304568528,0.8121827411167513,0.8527918781725888,88.3732879160183,95.17756684749513,152.878467,0.2765957446808511,0.5301204819277109,0.43859649122807015,171,160,168,0.6698113207547169,0.4716981132075472,0.7735849056603774,10.7462848888889,22.62213555555556,11.868754942834943,0.0,0.6666666666666666,0.0,71,50,82,0.6649746192893401,0.6091370558375635,0.7055837563451777,4.235104,5.136217317460319,1.7255180476190477,0.010256410256410256,0.4567901234567901,0.0,131,120,139
1103,0.8934010152284264,0.8274111675126904,0.8578680203045685,90.43169241541666,93.10654742627271,148.472795,0.1568627450980392,0.5373134328358209,0.421875,176,163,169,0.6698113207547169,0.5283018867924528,0.8207547169811321,10.27763342857144,22.83675765079365,12.223668156510163,0.0,0.6567164179104478,0.0,71,56,87,0.6903553299492385,0.6345177664974619,0.7309644670050761,4.265853,5.182168317460319,1.7219250476190477,0.01015228426395939,0.4844961240310077,0.0,136,125,144
1104,0.9035532994923858,0.868020304568528,0.8934010152284264,89.26169910353647,92.42697646671564,146.85765,0.34615384615384615,0.43373493975903615,0.40789473684210525,178,171,176,0.6981132075471698,0.5471698113207547,0.7358490566037735,10.367848365079377,22.83231455555556,12.29054434476635,0.0,0.6307692307692307,0.012987012987012988,74,58,78,0.6852791878172588,0.6294416243654822,0.7360406091370558,4.252605,5.231690317460319,1.6919410476190477,0.01015228426395939,0.4274193548387097,0.0,135,124,145
1105,0.9137055837563451,0.8730964467005076,0.8730964467005076,87.51780240806572,95.68853206495587,152.406628,0.2753623188405797,0.5657894736842105,0.4626865671641791,180,172,172,0.6886792452830188,0.5566037735849056,0.8207547169811321,10.36537442857144,22.569202666666673,12.364486215340222,0.0,0.6515151515151515,0.0,73,59,87,0.6852791878172588,0.6243654822335025,0.7360406091370558,4.256187,5.074153317460319,1.6944650476190477,0.010050251256281407,0.43548387096774194,0.0,135,123,145
1106,0.8984771573604061,0.8781725888324873,0.8527918781725888,92.17425774480716,95.46461446663047,149.296935,0.375,0.5,0.47297297297297297,177,173,168,0.6981132075471698,0.5188679245283019,0.7264150943396226,10.468976428571441,23.21124576190476,12.364069296925297,0.0,0.656,0.012987012987012988,74,55,77,0.6852791878172588,0.6395939086294417,0.7208121827411168,4.258618,5.100080317460319,1.6583240476190477,0.01507537688442211,0.4296875,0.0,135,126,142
1107,0.9086294416243654,0.8578680203045685,0.868020304568528,90.65912993293341,96.78012615294857,152.568801,0.2835820895522388,0.5217391304347826,0.40540540540540543,179,169,171,0.7075471698113207,0.5283018867924528,0.8113207547169812,10.73151442857144,22.852654222222217,12.233350703518708,0.0,0.6434108527131783,0.0,75,56,86,0.6954314720812182,0.649746192893401,0.7106598984771574,4.237918,5.0716193174603195,1.6181640476190478,0.010101010101010102,0.4302788844621514,0.0,137,128,140
1108,0.9238578680203046,0.8578680203045685,0.8527918781725888,85.53387420353353,93.4504670930259,141.884522,0.38181818181818183,0.55,0.4861111111111111,182,169,168,0.7169811320754716,0.5471698113207547,0.7452830188679245,10.52712500000001,22.919750206349203,11.964203202908203,0.0,0.6692307692307692,0.0,76,58,79,0.7157360406091371,0.649746192893401,0.7208121827411168,4.16216,5.150624317460319,1.6215190476190477,0.009950248756218905,0.41735537190082644,0.005154639175257732,141,128,142
1109,0.883248730964467,0.8527918781725888,0.8730964467005076,91.42782314469572,95.61260509293805,143.069435,0.4,0.5454545454545454,0.4444444444444444,174,168,172,0.7075471698113207,0.5,0.8207547169811321,10.607605333333343,22.755509650793655,12.223426839049841,0.0,0.6504065040650406,0.0,75,53,87,0.7309644670050761,0.649746192893401,0.7258883248730964,4.215628,5.209999317460319,1.649798047619048,0.005076142131979695,0.40082644628099173,0.0,144,128,143
1110,0.9187817258883249,0.8324873096446701,0.8781725888324873,89.15692766258464,100.5360204262721,147.737459,0.27848101265822783,0.5394736842105263,0.44871794871794873,181,164,173,0.7358490566037735,0.5283018867924528,0.8113207547169812,10.61973742857144,23.092317698412693,12.21949296847597,0.0,0.6640625,0.0,78,56,86,0.7208121827411168,0.6649746192893401,0.7309644670050761,4.178422,5.163488317460319,1.6878300476190478,0.005025125628140704,0.39759036144578314,0.005128205128205128,142,131,144
1111,0.9137055837563451,0.8629441624365483,0.8629441624365483,89.22185062567381,92.77025909293879,142.917956,0.38095238095238093,0.5121951219512195,0.47368421052631576,180,170,170,0.7358490566037735,0.5377358490566038,0.8018867924528302,10.402055000000011,23.00702144444444,11.758705455655457,0.0,0.6377952755905512,0.0,78,57,85,0.7106598984771574,0.6649746192893401,0.7309644670050761,4.262066,5.226507317460319,1.6027380476190478,0.005128205128205128,0.4074074074074074,0.0,140,131,144
1112,0.8934010152284264,0.8578680203045685,0.8730964467005076,92.42196655824436,91.8970518737495,142.443525,0.3018867924528302,0.5194805194805194,0.44871794871794873,176,169,172,0.7075471698113207,0.5283018867924528,0.7452830188679245,10.318030111111122,23.264106126984128,12.1385511001221,0.0,0.6875,0.0,75,56,79,0.7106598984771574,0.649746192893401,0.7411167512690355,4.240757,5.164658317460319,1.695758047619048,0.010101010101010102,0.4388185654008439,0.0,140,128,146
1113,0.8984771573604061,0.868020304568528,0.868020304568528,89.05424057365603,97.72011687374949,144.746031,0.32075471698113206,0.5365853658536586,0.4444444444444444,177,171,171,0.6981132075471698,0.5566037735849056,0.7924528301886793,10.268411000000011,23.432116777777768,12.02076295726496,0.0,0.6610169491525424,0.0,74,59,84,0.7157360406091371,0.6294416243654822,0.7360406091370558,4.238398,5.1227833174603195,1.6491790476190478,0.01020408163265306,0.423728813559322,0.005154639175257732,141,124,145
1114,0.8934010152284264,0.8629441624365483,0.8730964467005076,85.75759475623813,91.72918087375538,142.678019,0.20967741935483872,0.5866666666666667,0.4925373134328358,176,170,172,0.6792452830188679,0.5660377358490566,0.7735849056603774,10.52752042857144,23.288404285714275,12.031443730602739,0.0,0.6218487394957983,0.0,72,60,82,0.7309644670050761,0.6142131979695431,0.7208121827411168,4.205882,5.065839317460319,1.6916050476190478,0.009950248756218905,0.42083333333333334,0.010256410256410256,144,121,142
1115,0.8883248730964467,0.8730964467005076,0.883248730964467,88.79025482063794,92.15945470027853,140.414929,0.2698412698412698,0.5921052631578947,0.5294117647058824,175,172,174,0.6792452830188679,0.5754716981132075,0.8113207547169812,10.49888042857144,22.866943920634917,12.481306133533133,0.0,0.6017699115044248,0.0,72,61,86,0.7360406091370558,0.6040609137055838,0.7360406091370558,4.259393,5.0967693174603195,1.656230047619048,0.01020408163265306,0.42916666666666664,0.005050505050505051,145,119,145
1116,0.9035532994923858,0.868020304568528,0.8883248730964467,88.17429068973402,94.67706003361188,142.222803,0.36,0.5211267605633803,0.47761194029850745,178,171,175,0.6792452830188679,0.5471698113207547,0.8018867924528302,10.9802038888889,23.275620746031745,12.891239677877685,0.0,0.6428571428571429,0.0,72,58,85,0.7258883248730964,0.6243654822335025,0.7309644670050761,4.226325,5.193517317460319,1.6952440476190478,0.005025125628140704,0.44841269841269843,0.005128205128205128,143,123,144
1117,0.9035532994923858,0.8324873096446701,0.8578680203045685,90.45645908096716,94.13786970027851,147.803639,0.32608695652173914,0.5,0.4927536231884058,178,164,169,0.6886792452830188,0.5283018867924528,0.8584905660377359,11.149200000000011,23.216551428571425,11.70750648740149,0.0,0.6759259259259259,0.0,73,56,91,0.7258883248730964,0.649746192893401,0.751269035532995,4.148217,5.271423317460319,1.6918730476190478,0.005,0.436,0.005076142131979695,143,128,148
1118,0.8934010152284264,0.8578680203045685,0.8629441624365483,90.34833102306736,94.72713464407045,145.401797,0.2692307692307692,0.5205479452054794,0.4473684210526316,176,169,170,0.7169811320754716,0.5754716981132075,0.7735849056603774,10.939225682539695,23.496070825396828,12.253775901542905,0.009708737864077669,0.5897435897435898,0.0125,76,61,82,0.7258883248730964,0.649746192893401,0.766497461928934,4.171888,5.297286317460319,1.7003080476190477,0.00510204081632653,0.4139344262295082,0.00510204081632653,143,128,151
1119,0.8934010152284264,0.868020304568528,0.8629441624365483,89.27529712217262,95.7217890214919,150.001377,0.22950819672131148,0.5205479452054794,0.4714285714285714,176,171,170,0.6981132075471698,0.5566037735849056,0.7075471698113207,10.992705000000011,23.42867761904762,12.23092558263958,0.009708737864077669,0.6428571428571429,0.0,74,59,75,0.751269035532995,0.6395939086294417,0.766497461928934,4.258978,5.307265317460319,1.6722480476190478,0.0049504950495049506,0.444,0.005050505050505051,148,126,151
1120,0.8934010152284264,0.8781725888324873,0.868020304568528,88.75608774857021,93.6499509376762,145.219776,0.36363636363636365,0.5733333333333334,0.4605263157894737,176,173,171,0.7264150943396226,0.5754716981132075,0.839622641509434,11.331130888888898,23.704190555555552,11.92220581096681,0.009174311926605505,0.6260869565217392,0.0,77,61,89,0.7614213197969543,0.6243654822335025,0.7715736040609137,4.185872,5.384995317460319,1.7054110476190478,0.009950248756218905,0.4493927125506073,0.0,150,123,152
1121,0.868020304568528,0.868020304568528,0.8629441624365483,87.28603616360243,92.29433122611111,148.00199,0.40816326530612246,0.5,0.4722222222222222,171,171,170,0.7264150943396226,0.5471698113207547,0.7830188679245284,10.891228111111124,23.311021253968253,11.983681960150959,0.0,0.6101694915254238,0.0,77,58,83,0.7309644670050761,0.6395939086294417,0.7766497461928934,4.231598,5.376322317460319,1.6477430476190478,0.010309278350515464,0.44,0.0,144,126,153
1122,0.8629441624365483,0.8730964467005076,0.8781725888324873,91.87332902306737,95.37340864406657,147.102318,0.3793103448275862,0.5882352941176471,0.4666666666666667,170,172,173,0.7075471698113207,0.5754716981132075,0.7924528301886793,10.865016222222234,23.18140655555555,12.07394511865912,0.009708737864077669,0.6050420168067226,0.01282051282051282,75,61,84,0.7258883248730964,0.6548223350253807,0.7563451776649747,4.237563,5.400039317460319,1.6395170476190477,0.01507537688442211,0.44176706827309237,0.0,143,129,149
1123,0.8934010152284264,0.868020304568528,0.8781725888324873,90.23582479443432,96.0922832309489,150.355943,0.3235294117647059,0.581081081081081,0.49295774647887325,176,171,173,0.7075471698113207,0.6132075471698113,0.8018867924528302,10.68804800000001,23.53304382539682,11.903760979464984,0.0,0.6206896551724138,0.0,75,65,85,0.7309644670050761,0.6446700507614214,0.7563451776649747,4.209168,5.427796317460319,1.7007100476190478,0.005050505050505051,0.4166666666666667,0.0,144,127,149
1124,0.8781725888324873,0.8730964467005076,0.883248730964467,87.47728794121451,94.7168056439853,146.239186,0.4,0.5466666666666666,0.4805194805194805,173,172,174,0.7075471698113207,0.5849056603773585,0.8113207547169812,11.4570258888889,23.652732317460327,12.258811762126768,0.0,0.6186440677966102,0.0,75,62,86,0.7309644670050761,0.6395939086294417,0.7614213197969543,4.225088,5.370061317460319,1.6966290476190478,0.005050505050505051,0.43388429752066116,0.0,144,126,150
1125,0.8984771573604061,0.8730964467005076,0.8629441624365483,88.35787871074577,96.41488395540127,145.474629,0.2692307692307692,0.5416666666666666,0.4266666666666667,177,172,170,0.6886792452830188,0.5566037735849056,0.7452830188679245,10.91758100000001,23.264858111111113,12.291686145521151,0.0,0.6293103448275862,0.0,73,59,79,0.7360406091370558,0.6700507614213198,0.7766497461928934,4.244615,5.282614317460319,1.6701160476190477,0.005050505050505051,0.4139344262295082,0.0,145,132,153
1126,0.8781725888324873,0.8527918781725888,0.8375634517766497,90.49188666866586,96.04562166401568,146.202608,0.42857142857142855,0.5733333333333334,0.5373134328358209,173,168,165,0.7075471698113207,0.5754716981132075,0.8113207547169812,11.298987285714295,23.625078492063484,11.606417049062054,0.0,0.6396396396396397,0.0,75,61,86,0.7461928934010152,0.6598984771573604,0.7766497461928934,4.245392,5.303260317460319,1.6512630476190477,0.009900990099009901,0.423728813559322,0.0,147,130,153
1127,0.8629441624365483,0.868020304568528,0.8730964467005076,91.33318465000791,98.34096435826854,149.427345,0.32727272727272727,0.582089552238806,0.46153846153846156,170,171,172,0.7075471698113207,0.6037735849056604,0.7924528301886793,10.94411000000001,23.42286571428571,11.891875133311133,0.0,0.5811965811965812,0.0,75,64,84,0.7461928934010152,0.649746192893401,0.7766497461928934,4.305388,5.321509317460319,1.6825420476190478,0.005025125628140704,0.4025974025974026,0.0,147,128,153
1128,0.8883248730964467,0.868020304568528,0.8527918781725888,92.38939381544608,95.89490696294558,145.091339,0.2597402597402597,0.5606060606060606,0.5194805194805194,175,171,168,0.7169811320754716,0.5660377358490566,0.7358490566037735,11.044368000000011,23.323791317460312,11.919878604839608,0.0,0.6422018348623854,0.0,76,60,78,0.7461928934010152,0.649746192893401,0.7969543147208121,4.323373,5.292173317460319,1.6850040476190478,0.025252525252525252,0.3684210526315789,0.0,147,128,157
1129,0.868020304568528,0.8527918781725888,0.8527918781725888,88.90194342184766,93.88272764415564,150.254158,0.43103448275862066,0.4864864864864865,0.47058823529411764,171,168,168,0.6981132075471698,0.6132075471698113,0.7641509433962265,10.724525111111124,23.457206111111113,12.12972592818293,0.0,0.6635514018691588,0.0,74,65,81,0.7309644670050761,0.649746192893401,0.7918781725888325,4.354269,5.3233603174603195,1.675318047619048,0.010101010101010102,0.40160642570281124,0.0,144,128,156
1130,0.8934010152284264,0.868020304568528,0.8527918781725888,89.70818664755089,94.38847797741644,141.745805,0.39705882352941174,0.5301204819277109,0.5555555555555556,176,171,168,0.6981132075471698,0.6037735849056604,0.7924528301886793,10.90405200000001,23.973382777777775,12.062929735042736,0.0,0.6272727272727273,0.0,74,64,84,0.7360406091370558,0.6649746192893401,0.7969543147208121,4.34547,5.331292317460319,1.6382830476190477,0.01990049751243781,0.40725806451612906,0.005025125628140704,145,131,157
1131,0.9035532994923858,0.8629441624365483,0.8527918781725888,91.39642833533254,92.79167404327998,145.167335,0.3793103448275862,0.425,0.4883720930232558,178,170,168,0.7169811320754716,0.5849056603773585,0.8301886792452831,10.930059888888898,23.35992688888889,12.075606831945832,0.0,0.6442307692307693,0.0,76,62,88,0.7360406091370558,0.6751269035532995,0.8071065989847716,4.320691,5.235673317460319,1.6584760476190479,0.00510204081632653,0.4025423728813559,0.009950248756218905,145,133,159
1132,0.8934010152284264,0.868020304568528,0.8477157360406091,92.14661568767842,93.86684213212986,143.206554,0.3888888888888889,0.5735294117647058,0.45569620253164556,176,171,167,0.7264150943396226,0.5566037735849056,0.8018867924528302,11.513450571428582,23.397312,12.076386832944834,0.0,0.6893203883495146,0.0,77,59,85,0.7411167512690355,0.6548223350253807,0.817258883248731,4.342713,5.264880317460319,1.6982430476190478,0.015151515151515152,0.40772532188841204,0.015151515151515152,146,129,161
1133,0.8984771573604061,0.868020304568528,0.8477157360406091,90.12658816974434,90.89487029374851,148.910683,0.41935483870967744,0.5151515151515151,0.5263157894736842,177,171,167,0.7169811320754716,0.5849056603773585,0.8018867924528302,10.870606000000011,23.487826,11.898557662004661,0.0,0.6491228070175439,0.0,76,62,85,0.7208121827411168,0.6243654822335025,0.8121827411167513,4.344263,5.310139317460319,1.7042870476190477,0.015151515151515152,0.41596638655462187,0.025380710659898477,142,123,160
1134,0.8730964467005076,0.8527918781725888,0.8527918781725888,92.63880221553494,92.81260757183249,145.007171,0.4067796610169492,0.5373134328358209,0.5,172,168,168,0.7075471698113207,0.6132075471698113,0.7830188679245284,11.001749571428583,23.543308,12.28992501853702,0.0,0.6396396396396397,0.0,75,65,83,0.700507614213198,0.6091370558375635,0.8020304568527918,4.37031,5.309804317460319,1.729529047619048,0.010362694300518135,0.375,0.02,138,120,158
1135,0.8730964467005076,0.8730964467005076,0.8426395939086294,88.74379433528492,91.87700306184679,139.813336,0.328125,0.5949367088607594,0.5194805194805194,172,172,166,0.7075471698113207,0.5754716981132075,0.7547169811320755,11.291403000000011,23.538011666666666,12.413498245643247,0.0,0.6869565217391305,0.0,75,61,80,0.7106598984771574,0.6395939086294417,0.8020304568527918,4.33073,5.184563317460319,1.7138720476190479,0.010101010101010102,0.368,0.005025125628140704,140,126,158
1136,0.9137055837563451,0.8578680203045685,0.8527918781725888,92.41479148206511,94.23497365346626,140.324016,0.3548387096774194,0.4583333333333333,0.55,180,169,168,0.6981132075471698,0.6037735849056604,0.8113207547169812,11.027437111111123,23.35040955555555,12.044305768231768,0.0,0.6607142857142857,0.0,74,64,86,0.7309644670050761,0.6649746192893401,0.7817258883248731,4.324725,5.160500317460319,1.7617240476190479,0.015,0.398406374501992,0.00510204081632653,144,131,154
1137,0.9086294416243654,0.8629441624365483,0.8223350253807107,89.65743319695049,93.39379897773186,142.179574,0.4339622641509434,0.4925373134328358,0.4931506849315068,179,170,162,0.6981132075471698,0.5754716981132075,0.8301886792452831,11.034154111111123,23.067898,12.506873874458876,0.0,0.6422018348623854,0.0,74,61,88,0.7055837563451777,0.6598984771573604,0.7766497461928934,4.353357,5.151750317460319,1.6746830476190477,0.029850746268656716,0.42971887550200805,0.0,139,130,153
1138,0.8984771573604061,0.8477157360406091,0.8375634517766497,90.67565671473538,95.49920664432605,146.079664,0.38596491228070173,0.5142857142857142,0.5135135135135135,177,167,165,0.6981132075471698,0.5660377358490566,0.7735849056603774,10.81067500000001,22.857517666666663,12.253295195582197,0.0,0.6355140186915887,0.0,74,60,82,0.7106598984771574,0.649746192893401,0.7817258883248731,4.425078,5.256673317460319,1.6759050476190478,0.02030456852791878,0.3940677966101695,0.0,140,128,154
1139,0.883248730964467,0.868020304568528,0.8324873096446701,96.02028514033361,95.71602069141885,142.617501,0.3275862068965517,0.4567901234567901,0.4383561643835616,174,171,164,0.6792452830188679,0.5849056603773585,0.8584905660377359,10.639119000000012,23.377415888888887,12.273639583860586,0.0,0.6238532110091743,0.0,72,62,91,0.7208121827411168,0.6243654822335025,0.7868020304568528,4.41779,5.299956317460318,1.7612950476190479,0.014705882352941176,0.3922413793103448,0.0,142,123,155
1140,0.8984771573604061,0.8629441624365483,0.817258883248731,88.34777620738211,95.33356908459845,144.860958,0.3076923076923077,0.5538461538461539,0.44776119402985076,177,170,161,0.6886792452830188,0.5377358490566038,0.7830188679245284,10.384161571428582,23.220874777777777,11.772958371406373,0.0,0.65,0.0125,73,57,83,0.7208121827411168,0.6192893401015228,0.7766497461928934,4.438541,5.303728317460318,1.7727430476190478,0.010309278350515464,0.3474576271186441,0.0,142,122,153
1141,0.8781725888324873,0.868020304568528,0.8274111675126904,88.86777009332825,93.2274131464568,144.406129,0.2222222222222222,0.47297297297297297,0.4084507042253521,173,171,163,0.6792452830188679,0.5754716981132075,0.7830188679245284,10.868946000000012,22.99773088888889,12.504960430014432,0.0,0.5794392523364486,0.0,72,61,83,0.7157360406091371,0.649746192893401,0.7817258883248731,4.493886,5.343289317460318,1.7541790476190477,0.010101010101010102,0.3130434782608696,0.005076142131979695,141,128,154
1142,0.9086294416243654,0.8477157360406091,0.8274111675126904,88.13724725415152,93.573911382442,142.392148,0.2222222222222222,0.4307692307692308,0.3950617283950617,179,167,163,0.6698113207547169,0.6226415094339622,0.8113207547169812,10.488234000000011,22.809101666666663,11.870490276168278,0.0,0.5641025641025641,0.0,71,66,86,0.7208121827411168,0.6649746192893401,0.7766497461928934,4.419052,5.370281317460318,1.7531760476190479,0.00510204081632653,0.2978723404255319,0.005154639175257732,142,131,153
1143,0.9035532994923858,0.8375634517766497,0.8527918781725888,90.15905113196756,97.78638744756404,144.804116,0.19148936170212766,0.453125,0.44776119402985076,178,165,168,0.6981132075471698,0.6037735849056604,0.7924528301886793,10.672368000000011,23.42293733333333,12.626082987789989,0.0,0.6355140186915887,0.0125,74,64,84,0.7157360406091371,0.6852791878172588,0.7868020304568528,4.436445,5.353463317460318,1.7522630476190477,0.02030456852791878,0.3191489361702128,0.005128205128205128,141,135,155
1144,0.9137055837563451,0.868020304568528,0.8375634517766497,93.30719014038125,98.7914165366928,144.842959,0.3125,0.4375,0.5,180,171,165,0.7169811320754716,0.6320754716981132,0.8301886792452831,10.395139000000011,23.22429444444444,12.569808228549233,0.0,0.5545454545454546,0.0,76,67,88,0.7157360406091371,0.649746192893401,0.7817258883248731,4.385859,5.363155539682541,1.8322410476190478,0.02512562814070352,0.3209302325581395,0.005128205128205128,141,128,154
1145,0.8984771573604061,0.817258883248731,0.8426395939086294,91.57511080706514,90.65687723834141,140.911667,0.2653061224489796,0.5833333333333334,0.39285714285714285,177,161,166,0.7169811320754716,0.5943396226415094,0.7830188679245284,10.217906571428582,23.208777777777776,12.668109693750692,0.0,0.6470588235294118,0.0,76,63,83,0.7360406091370558,0.649746192893401,0.7766497461928934,4.398649,5.529876539682541,1.7922090476190478,0.015228426395939087,0.3181818181818182,0.00510204081632653,145,128,153
1146,0.8883248730964467,0.817258883248731,0.817258883248731,89.75116348214632,88.60190197724604,141.199799,0.2857142857142857,0.7361111111111112,0.6333333333333333,175,161,161,0.7264150943396226,0.5754716981132075,0.8207547169811321,10.408356000000012,23.464150555555552,12.707586774336777,0.0,0.6153846153846154,0.011764705882352941,77,61,87,0.7258883248730964,0.6345177664974619,0.766497461928934,4.396786,5.459709761904763,1.7461410476190478,0.0106951871657754,0.36637931034482757,0.0,143,125,151
1147,0.9238578680203046,0.8324873096446701,0.8121827411167513,92.659071450656,87.92970662929866,143.824637,0.2857142857142857,0.7536231884057971,0.7049180327868853,182,164,160,0.7169811320754716,0.5849056603773585,0.8113207547169812,10.44928200000001,23.457391555555553,12.536546258852256,0.0,0.559322033898305,0.0,76,62,86,0.6954314720812182,0.6294416243654822,0.7614213197969543,4.403788,5.455017206349208,1.8019550476190478,0.005376344086021506,0.336322869955157,0.0,137,124,150
1148,0.8730964467005076,0.8274111675126904,0.8223350253807107,93.86895380695347,88.60599330972741,140.77335,0.35714285714285715,0.7746478873239436,0.6615384615384615,172,163,162,0.6981132075471698,0.5849056603773585,0.8113207547169812,10.406916571428582,23.80083799999999,12.338787514263522,0.0,0.580952380952381,0.0,74,62,86,0.7055837563451777,0.6395939086294417,0.7563451776649747,4.375971,5.549404539682541,1.8053100476190478,0.03626943005181347,0.3244444444444444,0.0,139,126,149
1149,0.8934010152284264,0.8274111675126904,0.7969543147208121,93.80919528900377,90.93792194266959,136.954805,0.2711864406779661,0.8260869565217391,0.6290322580645161,176,163,157,0.7075471698113207,0.6226415094339622,0.839622641509434,9.962995000000012,23.31915655555555,12.511917642468646,0.0,0.5583333333333333,0.024096385542168676,75,66,89,0.7106598984771574,0.6548223350253807,0.7563451776649747,4.420979,5.6114167619047635,1.8017130476190477,0.02512562814070352,0.3116883116883117,0.0,140,129,149
1150,0.8984771573604061,0.7969543147208121,0.8071065989847716,89.71324657845643,88.79779032345239,143.201948,0.35555555555555557,0.7971014492753623,0.6610169491525424,177,157,159,0.6886792452830188,0.5566037735849056,0.839622641509434,10.302769571428582,23.583705555555554,12.426081568209572,0.0,0.6237623762376238,0.0,73,59,89,0.7106598984771574,0.649746192893401,0.7411167512690355,4.373601,5.506131317460318,1.7471450476190478,0.005128205128205128,0.29694323144104806,0.0,140,128,146
1151,0.868020304568528,0.8020304568527918,0.7868020304568528,88.8616617968311,87.92233427616681,140.365866,0.24489795918367346,0.8059701492537313,0.6129032258064516,171,158,155,0.6886792452830188,0.6226415094339622,0.8490566037735849,10.43725942857144,23.459084,12.397460668109671,0.0,0.5945945945945946,0.012345679012345678,73,66,90,0.7106598984771574,0.6294416243654822,0.7563451776649747,4.407892,5.555730873015874,1.7243150476190479,0.005235602094240838,0.3288888888888889,0.010101010101010102,140,124,149
1152,0.8730964467005076,0.8020304568527918,0.7969543147208121,91.61244191931608,88.64263727534686,140.469978,0.3090909090909091,0.7464788732394366,0.5645161290322581,172,158,157,0.6981132075471698,0.5943396226415094,0.8301886792452831,10.077535000000012,23.409710222222216,12.359669799977802,0.0,0.5789473684210527,0.0125,74,63,88,0.7106598984771574,0.6446700507614214,0.7715736040609137,4.369711,5.598714317460318,1.7227510476190477,0.010582010582010581,0.29333333333333333,0.015,140,127,152
1153,0.8934010152284264,0.8121827411167513,0.7868020304568528,90.90820073486339,83.6727837516749,144.064918,0.3076923076923077,0.7611940298507462,0.6440677966101694,176,160,155,0.7075471698113207,0.5754716981132075,0.8207547169811321,10.156425142857152,23.832469222222215,12.391800040071042,0.0,0.6213592233009708,0.0125,75,61,87,0.7106598984771574,0.6345177664974619,0.766497461928934,4.410874,5.599372317460319,1.7268230476190478,0.005208333333333333,0.3181818181818182,0.010101010101010102,140,125,151
1154,0.868020304568528,0.8071065989847716,0.7969543147208121,92.29888081345086,87.58506478351319,140.678148,0.22448979591836735,0.7794117647058824,0.6031746031746031,171,159,157,0.7075471698113207,0.6037735849056604,0.8113207547169812,10.122112000000012,23.33868588888889,12.179844828282834,0.0,0.5841584158415841,0.0379746835443038,75,64,86,0.6852791878172588,0.6446700507614214,0.7868020304568528,4.382849,5.552953317460319,1.7422240476190478,0.015544041450777202,0.3056768558951965,0.014925373134328358,135,127,155
1155,0.8781725888324873,0.8121827411167513,0.7969543147208121,92.7221838969552,89.864110596696,140.445297,0.24528301886792453,0.8571428571428571,0.723404255319149,173,160,157,0.7264150943396226,0.5849056603773585,0.7735849056603774,10.52110942857144,23.37706355555555,12.195889393384395,0.0,0.6458333333333334,0.012345679012345678,77,62,82,0.7157360406091371,0.649746192893401,0.7766497461928934,4.398658,5.510600317460319,1.7517820476190478,0.01015228426395939,0.3206751054852321,0.015306122448979591,141,128,153
1156,0.883248730964467,0.7969543147208121,0.7817258883248731,87.96359523450798,90.58504760933624,140.209035,0.38461538461538464,0.9122807017543859,0.660377358490566,174,157,154,0.7169811320754716,0.5849056603773585,0.7547169811320755,10.304609000000012,23.567357571428566,12.548540609501615,0.0,0.5454545454545454,0.0,76,62,80,0.7360406091370558,0.649746192893401,0.7766497461928934,4.381329,5.537075317460318,1.7374480476190477,0.01020408163265306,0.3432203389830508,0.010256410256410256,145,128,153
1157,0.868020304568528,0.7918781725888325,0.7868020304568528,90.42845106346995,89.56867645337405,141.046405,0.19298245614035087,0.75,0.6415094339622641,171,156,155,0.7169811320754716,0.5943396226415094,0.7452830188679245,10.344602571428583,23.47210388888889,12.277179942834941,0.0,0.6,0.0,76,63,79,0.7461928934010152,0.6700507614213198,0.7715736040609137,4.434844,5.565264317460319,1.7492610476190478,0.010256410256410256,0.354978354978355,0.005076142131979695,147,132,152
1158,0.9035532994923858,0.8071065989847716,0.7817258883248731,91.02556119517529,83.56186072883001,142.168969,0.2692307692307692,0.704225352112676,0.6153846153846154,178,159,154,0.7169811320754716,0.6320754716981132,0.7641509433962265,10.287396000000012,23.505148555555554,12.168870371406372,0.0,0.6095238095238096,0.011764705882352941,76,67,81,0.7360406091370558,0.6548223350253807,0.766497461928934,4.444412,5.479638317460319,1.7701050476190479,0.005263157894736842,0.33766233766233766,0.0,145,129,151
1159,0.8883248730964467,0.8071065989847716,0.8071065989847716,92.4427881595109,86.63924884253127,142.774137,0.22727272727272727,0.84375,0.5344827586206896,175,159,159,0.7264150943396226,0.5849056603773585,0.7735849056603774,9.93219642857144,23.614609111111104,12.052911851259854,0.0,0.625,0.023809523809523808,77,62,82,0.751269035532995,0.6548223350253807,0.7715736040609137,4.462911,5.514121317460319,1.7569720476190478,0.005235602094240838,0.32456140350877194,0.025252525252525252,148,129,152
1160,0.8883248730964467,0.8121827411167513,0.8020304568527918,90.24419985349147,86.12113427617327,141.376263,0.26666666666666666,0.84375,0.5471698113207547,175,160,158,0.7264150943396226,0.5849056603773585,0.7358490566037735,10.365920000000012,23.705777555555553,12.489950583860587,0.0,0.6129032258064516,0.024691358024691357,77,62,78,0.7258883248730964,0.6294416243654822,0.7817258883248731,4.496521,5.529750317460319,1.7888530476190478,0.0,0.2907488986784141,0.01015228426395939,143,124,154
1161,0.883248730964467,0.7868020304568528,0.8071065989847716,91.23916095624895,87.97786327600288,138.969906,0.2553191489361702,0.8709677419354839,0.4745762711864407,174,155,159,0.7264150943396226,0.6132075471698113,0.8018867924528302,10.183709111111122,23.607790777777776,12.821702217560219,0.0,0.5806451612903226,0.0,77,65,85,0.7157360406091371,0.6243654822335025,0.7715736040609137,4.451091,5.593736317460319,1.7995830476190477,0.015706806282722512,0.2850678733031674,0.020202020202020204,141,123,152
1162,0.8883248730964467,0.7817258883248731,0.8121827411167513,94.03557597551726,87.12210773237199,141.689584,0.19607843137254902,0.7391304347826086,0.4576271186440678,175,154,160,0.7264150943396226,0.6132075471698113,0.7169811320754716,9.955904285714299,23.86255244444444,12.35020604906205,0.0,0.5979381443298969,0.0,77,65,76,0.7360406091370558,0.6091370558375635,0.7614213197969543,4.458926,5.570786317460319,1.7855250476190478,0.025510204081632654,0.2832618025751073,0.005,145,120,150
1163,0.8477157360406091,0.7715736040609137,0.7715736040609137,93.6658523307689,87.22791144181237,138.668789,0.28,0.75,0.4918032786885246,167,152,152,0.6792452830188679,0.6509433962264151,0.7264150943396226,10.068851571428581,23.465052777777775,12.688487628815631,0.0,0.5625,0.0,72,69,77,0.6954314720812182,0.6192893401015228,0.7411167512690355,4.436337,5.598584317460319,1.751165047619048,0.015789473684210527,0.2782608695652174,0.010256410256410256,137,122,146
1164,0.8426395939086294,0.7766497461928934,0.766497461928934,92.38298383881309,83.63045500300153,139.515762,0.21818181818181817,0.8166666666666667,0.4482758620689655,166,153,151,0.660377358490566,0.6132075471698113,0.6698113207547169,9.658243000000011,23.563664999999993,12.474129492285494,0.0,0.5697674418604651,0.0,70,65,71,0.6852791878172588,0.6142131979695431,0.7258883248730964,4.457868,5.545148317460319,1.7686050476190478,0.030927835051546393,0.2968036529680365,0.020833333333333332,135,121,143
1165,0.8578680203045685,0.766497461928934,0.7563451776649747,90.69113505764898,83.56568475429421,142.633555,0.24,0.84375,0.43103448275862066,169,151,149,0.6792452830188679,0.5566037735849056,0.6698113207547169,9.850754000000011,23.4151332063492,12.52895704906205,0.0,0.5342465753424658,0.0,72,59,71,0.6903553299492385,0.6345177664974619,0.7258883248730964,4.481433,5.633135317460318,1.6484860476190477,0.02617801047120419,0.27751196172248804,0.020618556701030927,136,125,143
1166,0.8477157360406091,0.766497461928934,0.7563451776649747,88.66040127694802,83.4774238958818,142.474245,0.23684210526315788,0.8214285714285714,0.42105263157894735,167,151,149,0.6886792452830188,0.6037735849056604,0.7358490566037735,9.90747000000001,23.045785984126976,12.595175719391726,0.0,0.4942528735632184,0.0,73,64,78,0.700507614213198,0.6091370558375635,0.7309644670050761,4.396555,5.696493317460318,1.6346350476190479,0.015625,0.2843601895734597,0.020512820512820513,138,120,144
1167,0.8324873096446701,0.751269035532995,0.751269035532995,92.06677926401831,86.72695927617329,142.120764,0.22641509433962265,0.7833333333333333,0.42857142857142855,164,148,148,0.6698113207547169,0.6132075471698113,0.6320754716981132,9.820853111111123,23.260445126984127,12.301382191919194,0.0,0.5512820512820513,0.0,71,65,67,0.6954314720812182,0.5888324873096447,0.7157360406091371,4.459121,5.657396317460318,1.6699080476190478,0.03664921465968586,0.30837004405286345,0.020833333333333332,137,116,141
1168,0.8477157360406091,0.7614213197969543,0.7411167512690355,92.95958952583945,86.93946965799223,143.929995,0.22727272727272727,0.8305084745762712,0.48148148148148145,167,150,146,0.6509433962264151,0.5754716981132075,0.6981132075471698,10.3487598888889,23.484423666666665,12.774515693750699,0.0,0.5657894736842105,0.0,69,61,74,0.7106598984771574,0.5786802030456852,0.7106598984771574,4.443443,5.640365317460318,1.6588250476190478,0.02072538860103627,0.30414746543778803,0.015706806282722512,140,114,140
1169,0.8527918781725888,0.7614213197969543,0.7360406091370558,91.58401771336143,86.9224391981214,142.714451,0.2978723404255319,0.734375,0.4444444444444444,168,150,145,0.6415094339622641,0.6132075471698113,0.6981132075471698,10.113394111111123,23.685932047619037,12.820516334776338,0.0,0.5308641975308642,0.0,68,65,74,0.7106598984771574,0.5786802030456852,0.7258883248730964,4.448433,5.627252317460318,1.6740670476190478,0.015544041450777202,0.3,0.005154639175257732,140,114,143
1170,0.8375634517766497,0.7715736040609137,0.7309644670050761,88.16263160571701,87.77257981804165,146.004512,0.2653061224489796,0.8,0.4827586206896552,165,152,144,0.660377358490566,0.6226415094339622,0.6509433962264151,9.752703000000011,23.97377309523809,13.09687246930847,0.0,0.5,0.014492753623188406,70,66,69,0.7055837563451777,0.5989847715736041,0.7411167512690355,4.370977,5.683164317460318,1.6765160476190477,0.010471204188481676,0.29955947136563876,0.005128205128205128,139,118,146
1171,0.8223350253807107,0.7614213197969543,0.7411167512690355,89.69371820361864,89.77048786714228,144.816648,0.21052631578947367,0.8135593220338984,0.43548387096774194,162,150,146,0.6698113207547169,0.6226415094339622,0.6415094339622641,9.91404766666668,23.624238317460314,13.1816945985126,0.0,0.5227272727272727,0.0,71,66,68,0.6852791878172588,0.6345177664974619,0.7411167512690355,4.410011,5.723196761904763,1.6512870476190478,0.0106951871657754,0.26976744186046514,0.010101010101010102,135,125,146
1172,0.8527918781725888,0.7563451776649747,0.7360406091370558,91.54937785358324,85.75151137261948,143.450358,0.2982456140350877,0.7719298245614035,0.5,168,149,145,0.6415094339622641,0.5754716981132075,0.7358490566037735,9.961816365079377,23.53763623809523,12.82451923953824,0.0,0.5324675324675324,0.0,68,61,78,0.6700507614213198,0.6192893401015228,0.7309644670050761,4.366739,5.7572503174603185,1.6600180476190478,0.026455026455026454,0.2818181818181818,0.0053475935828877,132,122,144
1173,0.8426395939086294,0.766497461928934,0.7360406091370558,89.67990339003053,87.28408555055866,145.944012,0.2391304347826087,0.7241379310344828,0.5081967213114754,166,151,145,0.6509433962264151,0.6132075471698113,0.6509433962264151,10.339010111111124,23.57972944444444,12.595742572871577,0.0,0.4888888888888889,0.0,69,65,69,0.6954314720812182,0.6192893401015228,0.7360406091370558,4.381487,5.850609761904763,1.6567730476190479,0.021164021164021163,0.22926829268292684,0.010638297872340425,137,122,145
1174,0.8527918781725888,0.7461928934010152,0.7360406091370558,91.48191821197081,88.9380276585066,147.429995,0.14285714285714285,0.8181818181818182,0.45901639344262296,168,147,145,0.6509433962264151,0.5943396226415094,0.6698113207547169,10.130456111111123,23.812938999999993,12.823777191919193,0.0,0.46835443037974683,0.0,69,63,71,0.7106598984771574,0.6091370558375635,0.7411167512690355,4.375801,5.901703984126985,1.677839047619048,0.010362694300518135,0.21393034825870647,0.010582010582010581,140,120,146
1175,0.8527918781725888,0.7563451776649747,0.7411167512690355,92.21630311696967,89.0897549930497,145.82635,0.358974358974359,0.7619047619047619,0.5172413793103449,168,149,146,0.660377358490566,0.5849056603773585,0.6792452830188679,10.383570000000011,23.750616,12.819798631479632,0.0,0.4725274725274725,0.0,70,62,72,0.7157360406091371,0.6395939086294417,0.7614213197969543,4.37975,5.822271984126985,1.7001450476190478,0.010526315789473684,0.1990521327014218,0.02617801047120419,141,126,150
1176,0.8477157360406091,0.751269035532995,0.7411167512690355,85.57676016339165,88.7016122763469,147.429995,0.21153846153846154,0.7377049180327869,0.5263157894736842,167,148,146,0.6415094339622641,0.5849056603773585,0.6320754716981132,10.528635539682552,24.023533666666665,12.755258369741371,0.0,0.45977011494252873,0.0,68,62,67,0.7055837563451777,0.649746192893401,0.7614213197969543,4.40547,5.724048317460318,1.7286890476190477,0.02577319587628866,0.21962616822429906,0.015957446808510637,139,128,150
1177,0.8527918781725888,0.7461928934010152,0.7360406091370558,93.21359186188882,91.39256152216622,147.429995,0.14893617021276595,0.8771929824561403,0.5172413793103449,168,147,145,0.660377358490566,0.6037735849056604,0.6509433962264151,10.587423000000012,23.88439055555555,12.818746598512602,0.0,0.4942528735632184,0.0,70,64,69,0.700507614213198,0.6700507614213198,0.7411167512690355,4.404967,5.726700317460318,1.7291110476190479,0.010582010582010581,0.24423963133640553,0.02127659574468085,138,132,146
1178,0.8477157360406091,0.7614213197969543,0.7461928934010152,87.27894477034475,86.9001855387528,145.718962,0.25,0.7464788732394366,0.5357142857142857,167,150,147,0.6698113207547169,0.6226415094339622,0.660377358490566,10.61812442857144,24.170807,12.656246949161954,0.010752688172043012,0.4222222222222222,0.0,71,66,70,0.6954314720812182,0.6802030456852792,0.7360406091370558,4.365277,5.752241317460318,1.7609480476190478,0.010471204188481676,0.22685185185185186,0.015957446808510637,137,134,145
1179,0.868020304568528,0.7563451776649747,0.7461928934010152,92.66027504881433,87.18197306719551,147.429995,0.22727272727272727,0.7464788732394366,0.5357142857142857,171,149,147,0.660377358490566,0.5943396226415094,0.6320754716981132,10.52667400000001,23.90674455555555,12.460721726717729,0.0,0.4634146341463415,0.013333333333333334,70,63,67,0.7055837563451777,0.6751269035532995,0.7258883248730964,4.361242,5.816093317460319,1.7139510476190478,0.010362694300518135,0.21,0.005434782608695652,139,133,143
1180,0.8223350253807107,0.7563451776649747,0.751269035532995,92.36201177064855,91.63054272253153,146.615419,0.2549019607843137,0.8666666666666667,0.5660377358490566,162,149,148,0.6509433962264151,0.5849056603773585,0.6698113207547169,10.200889111111124,24.024947555555553,13.32018298679099,0.0,0.4578313253012048,0.014705882352941176,69,62,71,0.6903553299492385,0.6852791878172588,0.7258883248730964,4.408545,5.858508317460319,1.749235047619048,0.010638297872340425,0.1708542713567839,0.005376344086021506,136,135,143
1181,0.8324873096446701,0.751269035532995,0.7461928934010152,89.88174240752366,90.80887096783336,147.32635,0.2037037037037037,0.828125,0.5344827586206896,164,148,147,0.6320754716981132,0.5754716981132075,0.660377358490566,11.01548242857144,23.494821333333327,12.974019062049063,0.0,0.4606741573033708,0.0,67,61,70,0.6852791878172588,0.6700507614213198,0.7208121827411168,4.356573,5.906872317460318,1.7080060476190477,0.015789473684210527,0.18719211822660098,0.010869565217391304,135,132,142
1182,0.8426395939086294,0.7411167512690355,0.751269035532995,90.98284876225041,90.31672524964597,147.429995,0.2,0.84375,0.5714285714285714,166,146,148,0.6226415094339622,0.5754716981132075,0.6509433962264151,10.784092000000015,23.60572944444444,13.128920590187596,0.0,0.46511627906976744,0.0,66,61,69,0.6903553299492385,0.6548223350253807,0.6954314720812182,4.370772,5.820986317460318,1.8096590476190477,0.015706806282722512,0.18226600985221675,0.010810810810810811,136,129,137
1183,0.8324873096446701,0.7461928934010152,0.751269035532995,94.21123379727173,88.48125524964597,147.429995,0.2,0.7910447761194029,0.5555555555555556,164,147,148,0.6320754716981132,0.5754716981132075,0.6698113207547169,10.555557000000011,23.387789555555553,12.896653503274509,0.0,0.4318181818181818,0.0,67,61,71,0.6903553299492385,0.6598984771573604,0.6700507614213198,4.327443,5.880562317460318,1.7743310476190477,0.030927835051546393,0.21182266009852216,0.010869565217391304,136,130,132
1184,0.8375634517766497,0.7614213197969543,0.751269035532995,95.14330439190681,86.89301257761637,145.496801,0.058823529411764705,0.8088235294117647,0.5555555555555556,165,150,148,0.6320754716981132,0.5377358490566038,0.660377358490566,10.906633000000012,24.061496666666663,13.341719557220562,0.0,0.44,0.0,67,57,70,0.6903553299492385,0.6548223350253807,0.6751269035532995,4.36868,5.837467317460318,1.733575047619048,0.020833333333333332,0.22388059701492538,0.0106951871657754,136,129,133
1185,0.8121827411167513,0.7614213197969543,0.751269035532995,93.4536810744688,88.99629571177438,147.429995,0.175,0.7543859649122807,0.509090909090909,160,150,148,0.6226415094339622,0.5566037735849056,0.660377358490566,10.577925000000011,23.33719709523809,13.208766912531917,0.0,0.4024390243902439,0.0,66,59,70,0.6852791878172588,0.6446700507614214,0.6751269035532995,4.326157,5.851804317460319,1.7194180476190477,0.025906735751295335,0.22772277227722773,0.010810810810810811,135,127,133
1186,0.8324873096446701,0.7461928934010152,0.7411167512690355,94.23186324986982,90.15939560968023,147.429995,0.125,0.8070175438596491,0.5306122448979592,164,147,146,0.6037735849056604,0.6037735849056604,0.6886792452830188,11.016251000000015,23.47327544444444,13.233085481296483,0.0,0.43902439024390244,0.0,64,64,73,0.700507614213198,0.6700507614213198,0.6700507614213198,4.355824,5.837978317460319,1.7624630476190477,0.02564102564102564,0.21674876847290642,0.016304347826086956,138,132,132
1187,0.8477157360406091,0.7461928934010152,0.7461928934010152,91.75084694650332,92.08215817550418,147.409133,0.16326530612244897,0.8095238095238095,0.4909090909090909,167,147,147,0.6037735849056604,0.5754716981132075,0.6698113207547169,10.17382100000001,23.710373555555552,13.15295899778,0.0,0.4074074074074074,0.0,64,61,71,0.700507614213198,0.6649746192893401,0.6598984771573604,4.377264,5.827429317460319,1.7231950476190478,0.02577319587628866,0.22926829268292684,0.016304347826086956,138,131,130
1188,0.8324873096446701,0.7563451776649747,0.7461928934010152,90.61331064464822,91.34205188658635,145.579236,0.14634146341463414,0.8360655737704918,0.46296296296296297,164,149,147,0.5943396226415094,0.5754716981132075,0.6792452830188679,11.016088142857157,23.817332015873006,13.266734434676437,0.0,0.4024390243902439,0.012987012987012988,63,61,72,0.6852791878172588,0.6700507614213198,0.6700507614213198,4.331992,5.834030317460319,1.7935660476190478,0.0,0.23113207547169812,0.01639344262295082,135,132,132
1189,0.8527918781725888,0.7563451776649747,0.7461928934010152,91.62677730314864,85.49225510533299,147.429995,0.1568627450980392,0.796875,0.4423076923076923,168,149,147,0.5849056603773585,0.5377358490566038,0.7075471698113207,10.772771888888899,23.405885666666663,12.84665391719392,0.0,0.4605263157894737,0.0,62,57,75,0.6852791878172588,0.6649746192893401,0.6802030456852792,4.352222,5.7926943174603185,1.730193047619048,0.0,0.23696682464454977,0.021739130434782608,135,131,134
1190,0.8375634517766497,0.8020304568527918,0.7766497461928934,95.65258199672053,100.56401159790902,149.851369,0.1388888888888889,0.6031746031746031,0.45454545454545453,165,158,153,0.6132075471698113,0.24528301886792453,0.5283018867924528,10.518719000000015,19.13432515872761,11.987916827061829,0.0,0.46987951807228917,0.0,65,26,56,0.6852791878172588,0.6598984771573604,0.6649746192893401,4.333198,5.786139317460318,1.737343047619048,0.0,0.22277227722772278,0.005555555555555556,135,130,131
1191,0.8426395939086294,0.817258883248731,0.7868020304568528,90.77966407453233,99.98296227493164,148.761387,0.14285714285714285,0.375,0.7272727272727273,166,161,155,0.6132075471698113,0.22641509433962265,0.4716981132075472,10.63306917460319,18.728095047616502,11.669204524031523,0.0,0.4318181818181818,0.0,65,24,50,0.6700507614213198,0.6598984771573604,0.6700507614213198,4.390735,5.800354317460318,1.7562800476190479,0.0106951871657754,0.21153846153846154,0.0,132,130,132
1192,0.8324873096446701,0.8223350253807107,0.7715736040609137,89.17817342166781,97.58545520518894,153.64529,0.11904761904761904,0.40384615384615385,0.5555555555555556,164,162,152,0.6226415094339622,0.24528301886792453,0.4528301886792453,10.599413460317473,18.78466893650539,11.222963879342878,0.0,0.5,0.0,66,26,48,0.6751269035532995,0.649746192893401,0.6649746192893401,4.410383,5.733552317460318,1.804499047619048,0.0106951871657754,0.23076923076923078,0.0,133,128,131
1193,0.8324873096446701,0.7868020304568528,0.766497461928934,94.63970405525981,100.32296246420331,148.752887,0.1111111111111111,0.2727272727272727,0.6851851851851852,164,155,151,0.6037735849056604,0.18867924528301888,0.4339622641509434,10.289565000000012,18.97092871428317,11.288484715728714,0.0,0.5454545454545454,0.03636363636363636,64,20,46,0.6548223350253807,0.6142131979695431,0.6548223350253807,4.381289,5.826277317460318,1.7669020476190478,0.021505376344086023,0.215,0.0,129,121,129
1194,0.8527918781725888,0.8121827411167513,0.7563451776649747,92.93034432719904,101.32642232861514,147.117819,0.13793103448275862,0.34545454545454546,0.6268656716417911,168,160,149,0.6037735849056604,0.18867924528301888,0.44339622641509435,10.422045317460329,19.263509047616505,11.561045787767787,0.010869565217391304,0.6363636363636364,0.05357142857142857,64,20,47,0.6446700507614214,0.6345177664974619,0.6598984771573604,4.377039,5.948522317460319,1.8120010476190478,0.016042780748663103,0.23113207547169812,0.00546448087431694,127,125,130
1195,0.8375634517766497,0.7918781725888325,0.7918781725888325,96.35155296981534,97.39672416138241,150.783005,0.2972972972972973,0.32786885245901637,0.6176470588235294,165,156,156,0.6132075471698113,0.16981132075471697,0.4056603773584906,10.517889571428586,18.76617593650539,11.60615873215673,0.0,0.6,0.08620689655172414,65,18,43,0.6649746192893401,0.6395939086294417,0.6700507614213198,4.373218,5.902605317460319,1.7988210476190478,0.0106951871657754,0.24519230769230768,0.0,131,126,132
1196,0.8274111675126904,0.8020304568527918,0.7766497461928934,92.79263462825932,97.11179140124682,150.387479,0.08771929824561403,0.31666666666666665,0.6212121212121212,163,158,153,0.6226415094339622,0.1509433962264151,0.41509433962264153,10.344427968253981,18.91301282539428,11.614785383838383,0.0,0.7258064516129032,0.22,66,16,44,0.6802030456852792,0.6548223350253807,0.6649746192893401,4.400924,5.908676317460319,1.802310047619048,0.015789473684210527,0.2548076923076923,0.0,134,129,131
1197,0.8375634517766497,0.8020304568527918,0.7868020304568528,94.67236332033323,99.05557622568742,148.782154,0.10869565217391304,0.4098360655737705,0.6507936507936508,165,158,155,0.6415094339622641,0.09433962264150944,0.44339622641509435,10.637203253968268,19.10498071428317,11.15488017970918,0.0,0.803030303030303,0.1935483870967742,68,10,47,0.6903553299492385,0.649746192893401,0.6548223350253807,4.40952,5.954754317460319,1.8345850476190477,0.015789473684210527,0.22549019607843138,0.0,136,128,129
1198,0.8629441624365483,0.8071065989847716,0.7766497461928934,94.35743404570306,99.36978565119199,151.279769,0.1590909090909091,0.32142857142857145,0.6984126984126984,170,159,153,0.6320754716981132,0.09433962264150944,0.36792452830188677,10.513279000000011,18.626916936505392,11.388043056832059,0.0,0.8028169014084507,0.26,67,10,39,0.7106598984771574,0.649746192893401,0.6598984771573604,4.443179,5.933797317460319,1.8498350476190477,0.030927835051546393,0.2361111111111111,0.0,140,128,130
1199,0.8527918781725888,0.7868020304568528,0.7766497461928934,95.05360617644793,100.55449737375348,151.192868,0.0975609756097561,0.41935483870967744,0.5915492957746479,168,155,153,0.6415094339622641,0.10377358490566038,0.3490566037735849,10.701826000000011,18.846302936505392,11.530960145743144,0.0,0.8307692307692308,0.28846153846153844,68,11,37,0.6954314720812182,0.6091370558375635,0.6649746192893401,4.444558,6.045844317460319,1.8231600476190477,0.046875,0.2318840579710145,0.0,137,120,131
1200,0.8375634517766497,0.817258883248731,0.7715736040609137,95.12026650332666,97.6282211714085,149.379443,0.1724137931034483,0.2786885245901639,0.6060606060606061,165,161,152,0.6415094339622641,0.07547169811320754,0.37735849056603776,10.250305571428582,18.876214047616504,11.791864403152402,0.0,0.9047619047619048,0.3709677419354839,68,8,40,0.7106598984771574,0.6091370558375635,0.6751269035532995,4.404268,5.987861984126986,1.851641047619048,0.035897435897435895,0.21962616822429906,0.005434782608695652,140,120,133
1201,0.8223350253807107,0.8121827411167513,0.7715736040609137,94.53856190024297,96.10044403919373,151.535615,0.12121212121212122,0.425531914893617,0.6612903225806451,162,160,152,0.6320754716981132,0.08490566037735849,0.3113207547169811,10.346123000000011,18.783702936505392,11.888033089133089,0.0,0.859375,0.42857142857142855,67,9,33,0.7157360406091371,0.6548223350253807,0.6751269035532995,4.496137,6.073578984126986,1.8761090476190478,0.042328042328042326,0.2600896860986547,0.0,141,129,133
1202,0.8121827411167513,0.817258883248731,0.7563451776649747,94.49472468188972,97.29762437941251,150.886804,0.06818181818181818,0.30357142857142855,0.6875,160,161,149,0.6320754716981132,0.09433962264150944,0.27358490566037735,10.611385571428587,19.065313936505394,11.400265184371184,0.0,0.8709677419354839,0.5254237288135594,67,10,29,0.700507614213198,0.6751269035532995,0.6598984771573604,4.44683,5.988606650793653,1.8290620476190478,0.04736842105263158,0.27314814814814814,0.0,138,133,130
1203,0.7969543147208121,0.7715736040609137,0.766497461928934,88.09884907462828,91.89187407806759,148.955422,0.04081632653061224,0.3953488372093023,0.6164383561643836,157,152,151,0.6415094339622641,0.0660377358490566,0.25471698113207547,10.622974000000015,18.74765493650539,11.635288612942613,0.0,0.84375,0.559322033898305,68,7,27,0.6802030456852792,0.6700507614213198,0.6700507614213198,4.383286,5.973860984126986,1.8080660476190478,0.03664921465968586,0.2968036529680365,0.0,134,132,132
1204,0.766497461928934,0.7614213197969543,0.7258883248730964,89.74314319219313,92.23867299105272,150.367453,0.08108108108108109,0.27941176470588236,0.6417910447761194,151,150,143,0.6415094339622641,0.05660377358490566,0.2830188679245283,10.763929857142873,18.662881936505393,11.505725242979244,0.0,0.9473684210526315,0.5753424657534246,68,6,30,0.6700507614213198,0.649746192893401,0.6598984771573604,4.388557,5.950530984126986,1.7283210476190478,0.03314917127071823,0.3463414634146341,0.0,132,128,130
1205,0.7715736040609137,0.7715736040609137,0.7309644670050761,92.40166887549198,94.03957200589599,150.184257,0.04878048780487805,0.3541666666666667,0.6811594202898551,152,152,144,0.6415094339622641,0.2641509433962264,0.6415094339622641,10.481889142857156,22.988127555555554,13.619351717726717,0.0,0.625,0.3177570093457944,68,28,68,0.6598984771573604,0.6548223350253807,0.6649746192893401,4.391161,6.027748984126986,1.7449160476190477,0.011560693641618497,0.2857142857142857,0.005681818181818182,130,129,131
1206,0.7868020304568528,0.751269035532995,0.700507614213198,92.49782592912963,95.84488680766673,149.583144,0.0784313725490196,0.35555555555555557,0.6984126984126984,155,148,138,0.6226415094339622,0.2641509433962264,0.6509433962264151,10.661871000000016,23.23630033333333,13.31558705738706,0.0,0.7283950617283951,0.19402985074626866,66,28,69,0.6700507614213198,0.6294416243654822,0.6802030456852792,4.40282,6.035643984126986,1.7083210476190478,0.0335195530726257,0.26804123711340205,0.0055248618784530384,132,124,134
1207,0.7614213197969543,0.751269035532995,0.7208121827411168,94.8938930145176,97.75927370307227,151.669446,0.16666666666666666,0.29310344827586204,0.6811594202898551,150,148,142,0.6132075471698113,0.27358490566037735,0.6886792452830188,10.815435571428585,23.231762460317455,13.513220528693532,0.0,0.7378640776699029,0.19696969696969696,65,29,73,0.6598984771573604,0.6192893401015228,0.6852791878172588,4.460248,6.1173226507936524,1.6978680476190477,0.04891304347826087,0.29850746268656714,0.016853932584269662,130,122,135
1208,0.8020304568527918,0.751269035532995,0.7309644670050761,94.39723302296336,91.83340534043725,149.812779,0.0975609756097561,0.3023255813953488,0.6666666666666666,158,148,144,0.6132075471698113,0.3018867924528302,0.660377358490566,10.74006900000001,23.54662844444444,13.460081250194252,0.0,0.7719298245614035,0.1780821917808219,65,32,70,0.649746192893401,0.5685279187817259,0.6802030456852792,4.429958,6.087099650793652,1.7084640476190478,0.03389830508474576,0.26903553299492383,0.011363636363636364,128,112,134
1209,0.766497461928934,0.7411167512690355,0.7106598984771574,92.92895695393052,93.42490110158572,147.914327,0.06060606060606061,0.22807017543859648,0.7058823529411765,151,146,140,0.6037735849056604,0.3113207547169811,0.6886792452830188,11.014594000000011,22.838802777777776,13.537877812964815,0.0,0.784,0.20987654320987653,64,33,73,0.6548223350253807,0.5685279187817259,0.6802030456852792,4.426241,6.027464984126985,1.7116140476190478,0.03783783783783784,0.2761904761904762,0.005714285714285714,129,112,134
1210,0.7766497461928934,0.7715736040609137,0.7208121827411168,91.24690506883161,92.11721533207763,147.256045,0.12,0.375,0.6621621621621622,153,152,142,0.6132075471698113,0.29245283018867924,0.6509433962264151,11.03850842857144,23.108011666666663,13.448532961593965,0.0,0.7983193277310925,0.109375,65,31,69,0.6446700507614214,0.5888324873096447,0.6802030456852792,4.420165,5.9038233174603185,1.7380560476190479,0.043478260869565216,0.2837209302325581,0.005681818181818182,127,116,134
1211,0.7817258883248731,0.7411167512690355,0.7208121827411168,91.1807218103278,97.43336156809792,152.439349,0.19444444444444445,0.3783783783783784,0.6901408450704225,154,146,142,0.6226415094339622,0.27358490566037735,0.7075471698113207,11.13413100000001,23.475615555555553,13.751920154068161,0.0,0.819672131147541,0.09210526315789473,66,29,75,0.6345177664974619,0.6345177664974619,0.6802030456852792,4.390169,5.939697984126985,1.7517310476190477,0.022598870056497175,0.2757009345794392,0.011494252873563218,125,125,134
1212,0.7817258883248731,0.7563451776649747,0.7106598984771574,91.53275874001892,92.19166676601205,150.906267,0.14893617021276595,0.2631578947368421,0.7361111111111112,154,149,140,0.5943396226415094,0.2830188679245283,0.6320754716981132,10.19097742857144,23.930550015872992,13.532121644688647,0.0,0.7966101694915254,0.08955223880597014,63,30,67,0.6192893401015228,0.6548223350253807,0.6802030456852792,4.448437,5.902309317460318,1.7548860476190478,0.02247191011235955,0.32751091703056767,0.0,122,129,134
1213,0.8020304568527918,0.751269035532995,0.7055837563451777,90.146802023011,93.27758514100007,149.33233,0.2,0.32558139534883723,0.6447368421052632,158,148,139,0.5943396226415094,0.3113207547169811,0.6886792452830188,10.144042222222234,23.81566941269838,13.875984049062051,0.0,0.7230769230769231,0.06557377049180328,63,33,73,0.6294416243654822,0.649746192893401,0.6751269035532995,4.432786,5.9318703174603185,1.7654800476190478,0.0374331550802139,0.330188679245283,0.0,124,128,133
1214,0.7817258883248731,0.751269035532995,0.7106598984771574,95.45270381042307,94.21653937699746,152.300203,0.20512820512820512,0.38596491228070173,0.7361111111111112,154,148,140,0.5943396226415094,0.3018867924528302,0.7264150943396226,10.460889000000014,23.824717777777778,13.377028795093796,0.0,0.7622950819672131,0.14864864864864866,63,32,77,0.6649746192893401,0.6294416243654822,0.6649746192893401,4.469774,5.876003317460318,1.8006290476190479,0.016304347826086956,0.2961165048543689,0.0,131,124,131
1215,0.8121827411167513,0.7461928934010152,0.700507614213198,92.12540977784523,93.69485933836607,147.758644,0.14814814814814814,0.38,0.7162162162162162,160,147,138,0.6226415094339622,0.3018867924528302,0.7075471698113207,10.80962542857144,24.14543544444447,13.539116631701635,0.0,0.7950819672131147,0.10144927536231885,66,32,75,0.649746192893401,0.6040609137055838,0.6751269035532995,4.420789,5.8828049841269845,1.8558530476190478,0.022727272727272728,0.2864321608040201,0.0,128,119,133
1216,0.7715736040609137,0.7309644670050761,0.7106598984771574,93.00995839956349,95.28167539147748,147.683792,0.275,0.3384615384615385,0.6623376623376623,152,144,140,0.6132075471698113,0.27358490566037735,0.6886792452830188,10.202027000000012,24.122687365079358,13.227949252525256,0.0,0.7804878048780488,0.16176470588235295,65,29,73,0.6751269035532995,0.5736040609137056,0.6700507614213198,4.366263,5.8689236507936515,1.8071350476190478,0.02247191011235955,0.32075471698113206,0.0,133,113,132
1217,0.7766497461928934,0.7614213197969543,0.7208121827411168,91.1047559681097,93.12824197815239,152.338986,0.2,0.4032258064516129,0.7313432835820896,153,150,142,0.6226415094339622,0.29245283018867924,0.6886792452830188,10.958936000000012,24.312828777777746,14.007188363081369,0.0,0.7777777777777778,0.05555555555555555,66,31,73,0.6700507614213198,0.5939086294416244,0.6751269035532995,4.402777,5.811818317460318,1.8055400476190477,0.03409090909090909,0.3113207547169811,0.0,132,117,133
1218,0.7715736040609137,0.7614213197969543,0.6954314720812182,95.10460031599098,94.04051497377519,145.632741,0.13725490196078433,0.44642857142857145,0.7361111111111112,152,150,137,0.6320754716981132,0.3018867924528302,0.6698113207547169,10.548880000000011,24.283966666666664,13.548105992451996,0.0,0.7983870967741935,0.08823529411764706,67,32,71,0.6751269035532995,0.5939086294416244,0.6548223350253807,4.435609,5.860593317460318,1.8253110476190477,0.06077348066298342,0.2938388625592417,0.0,133,117,129
1219,0.8020304568527918,0.7360406091370558,0.700507614213198,93.6479700281145,97.65589266826352,147.718961,0.14583333333333334,0.423728813559322,0.6470588235294118,158,145,138,0.6226415094339622,0.3018867924528302,0.6320754716981132,10.132576000000011,24.26100644444444,13.786348285936292,0.0,0.768595041322314,0.07575757575757576,66,32,67,0.6700507614213198,0.5786802030456852,0.6598984771573604,4.499235,5.840165650793651,1.8367620476190478,0.05649717514124294,0.27638190954773867,0.0,132,114,130
1220,0.8020304568527918,0.7360406091370558,0.7055837563451777,93.5511043474477,93.52302537129522,148.94263,0.21428571428571427,0.46875,0.7402597402597403,158,145,139,0.6415094339622641,0.24528301886792453,0.6509433962264151,10.121197571428581,23.954672666666664,13.027821750360753,0.0,0.7950819672131147,0.08333333333333333,68,26,69,0.6548223350253807,0.6192893401015228,0.6446700507614214,4.519759,5.795488650793651,1.8045710476190477,0.028089887640449437,0.2890995260663507,0.0,129,122,127
1221,0.8071065989847716,0.751269035532995,0.7106598984771574,93.01186834550408,94.19028588181736,151.247426,0.175,0.43333333333333335,0.7,159,148,140,0.6226415094339622,0.3018867924528302,0.6886792452830188,10.201540000000012,24.008625666666664,13.415342060051062,0.0,0.743801652892562,0.11764705882352941,66,32,73,0.6548223350253807,0.6446700507614214,0.649746192893401,4.499728,5.793916984126985,1.8386860476190479,0.07027027027027027,0.2975609756097561,0.005649717514124294,129,127,128
1222,0.766497461928934,0.7461928934010152,0.7157360406091371,94.8598256554221,96.91323570428214,150.766142,0.13333333333333333,0.38596491228070173,0.6363636363636364,151,147,141,0.6320754716981132,0.2830188679245283,0.660377358490566,10.674294428571445,23.988966777777776,13.398212161616163,0.0,0.8031496062992126,0.11428571428571428,67,30,70,0.6649746192893401,0.649746192893401,0.6446700507614214,4.450856,5.752540317460318,1.8401030476190479,0.04891304347826087,0.24867724867724866,0.005747126436781609,131,128,127
1223,0.7918781725888325,0.7360406091370558,0.6954314720812182,93.42124763508365,95.46056543836337,148.984415,0.20454545454545456,0.5283018867924528,0.7183098591549296,156,145,137,0.6509433962264151,0.2830188679245283,0.6792452830188679,10.613837142857157,23.801913777777777,13.618385113997116,0.0,0.7727272727272727,0.15492957746478872,69,30,72,0.6548223350253807,0.6700507614213198,0.6446700507614214,4.427759,5.721464317460318,1.8546140476190478,0.02857142857142857,0.270935960591133,0.005681818181818182,129,132,127
1224,0.8020304568527918,0.7309644670050761,0.7157360406091371,96.66083197019302,97.15267132372986,148.261955,0.2222222222222222,0.36507936507936506,0.717948717948718,158,144,141,0.660377358490566,0.3113207547169811,0.6509433962264151,10.714306571428585,24.355790888888887,13.516458265179267,0.0,0.7674418604651163,0.14084507042253522,70,33,69,0.6751269035532995,0.6243654822335025,0.6649746192893401,4.502368,5.678325317460318,1.7649040476190478,0.03932584269662921,0.2538860103626943,0.0,133,123,131
1225,0.8020304568527918,0.7411167512690355,0.7258883248730964,94.9723635532872,97.80467760759079,150.300605,0.175,0.4117647058823529,0.6363636363636364,158,146,143,0.660377358490566,0.32075471698113206,0.6698113207547169,10.69660442857144,24.04869955555555,13.252433339438346,0.0,0.75,0.13157894736842105,70,34,71,0.649746192893401,0.6395939086294417,0.649746192893401,4.531083,5.692003317460318,1.7711450476190478,0.04,0.26865671641791045,0.005714285714285714,128,126,128
1226,0.766497461928934,0.751269035532995,0.7309644670050761,97.03282809418543,93.80075061165476,150.949828,0.21052631578947367,0.4393939393939394,0.7464788732394366,151,148,144,0.6698113207547169,0.3018867924528302,0.7264150943396226,10.387138428571443,24.74664833333333,13.454894713730717,0.0,0.816,0.15584415584415584,71,32,77,0.6345177664974619,0.6649746192893401,0.649746192893401,4.544585,5.641554317460318,1.8219310476190478,0.045454545454545456,0.271356783919598,0.0,125,131,128
1227,0.8020304568527918,0.7614213197969543,0.7258883248730964,93.25439042751874,93.61807341079235,149.894455,0.21311475409836064,0.42105263157894735,0.7142857142857143,158,150,143,0.660377358490566,0.3018867924528302,0.7075471698113207,10.49675942857144,24.52842044444444,13.506440008769012,0.0,0.7734375,0.14084507042253522,70,32,75,0.6243654822335025,0.6751269035532995,0.6446700507614214,4.540898,5.735676317460318,1.8332420476190479,0.0546448087431694,0.31,0.005681818181818182,123,133,127
1228,0.7614213197969543,0.7766497461928934,0.7258883248730964,95.37962409418544,97.88536370791142,154.262119,0.3055555555555556,0.4166666666666667,0.6666666666666666,150,153,143,0.6509433962264151,0.2830188679245283,0.7169811320754716,10.428468000000011,25.002079873015873,13.502940579198585,0.0,0.7698412698412699,0.1267605633802817,69,30,76,0.6294416243654822,0.6802030456852792,0.649746192893401,4.561555,5.7695783174603195,1.7852720476190478,0.053763440860215055,0.297029702970297,0.005681818181818182,124,134,128
1229,0.7868020304568528,0.7715736040609137,0.7157360406091371,91.43950381224957,97.86698169356006,152.914976,0.27586206896551724,0.6111111111111112,0.7564102564102564,155,152,141,0.660377358490566,0.3018867924528302,0.7264150943396226,10.327301000000011,23.956908349206344,13.383212215562217,0.0,0.7890625,0.14606741573033707,70,32,77,0.6192893401015228,0.6548223350253807,0.649746192893401,4.578578,5.770157317460319,1.8071540476190477,0.05649717514124294,0.3,0.00558659217877095,122,129,128
1230,0.8020304568527918,0.7461928934010152,0.7208121827411168,94.75353641912059,96.2177380417816,149.927729,0.3,0.5303030303030303,0.7241379310344828,158,147,142,0.6509433962264151,0.32075471698113206,0.7264150943396226,10.810221000000011,24.51418433333333,13.2435927017427,0.0,0.7744360902255639,0.16666666666666666,69,34,77,0.649746192893401,0.3401015228426396,0.7715736040609137,4.545059,5.668508317460318,1.790132536796537,0.07894736842105263,0.5987654320987654,0.004201680672268907,128,67,152
1231,0.7969543147208121,0.7817258883248731,0.7258883248730964,96.19048442756655,94.82222146058379,147.674776,0.4098360655737705,0.46153846153846156,0.6666666666666666,157,154,143,0.6509433962264151,0.3113207547169811,0.6698113207547169,10.665939000000014,24.591277682539673,13.534552564546571,0.0,0.7686567164179104,0.08571428571428572,69,33,71,0.6345177664974619,0.3248730964467005,0.7258883248730964,4.568717,5.661085317460318,1.8072143939393943,0.06557377049180328,0.8129496402877698,0.0,125,64,143
1232,0.7969543147208121,0.7411167512690355,0.7208121827411168,91.98757719888651,98.48312887997463,152.439019,0.4027777777777778,0.49206349206349204,0.7555555555555555,157,146,142,0.6320754716981132,0.2830188679245283,0.7452830188679245,10.755633000000012,24.371412650793648,13.209394263181267,0.0,0.7575757575757576,0.17857142857142858,67,30,79,0.649746192893401,0.30456852791878175,0.6903553299492385,4.599038,5.588515317460318,1.7353045194805197,0.08290155440414508,0.8254545454545454,0.0,128,60,136
1233,0.817258883248731,0.766497461928934,0.7157360406091371,96.40679160928711,96.32045940866557,153.095782,0.4,0.43283582089552236,0.7411764705882353,161,151,141,0.660377358490566,0.2641509433962264,0.7075471698113207,11.026234000000011,24.55390776190476,13.485915789654793,0.0,0.8188976377952756,0.07462686567164178,70,28,75,0.6243654822335025,0.27411167512690354,0.6852791878172588,4.551917,5.617582317460318,1.737637536796537,0.09782608695652174,0.8405797101449275,0.0,123,54,135
1234,0.7969543147208121,0.7817258883248731,0.7106598984771574,93.4907878959324,96.37267021843405,149.975807,0.3870967741935484,0.5,0.6853932584269663,157,154,140,0.660377358490566,0.27358490566037735,0.7075471698113207,10.879169571428585,24.2212804920635,13.66226681063382,0.0,0.782608695652174,0.09230769230769231,70,29,75,0.6294416243654822,0.22842639593908629,0.6802030456852792,4.627196,5.552658317460318,1.6981720952380954,0.0972972972972973,0.8881578947368421,0.0,124,45,134
1235,0.8020304568527918,0.7563451776649747,0.7309644670050761,93.10728188662054,98.24823403761536,151.471471,0.42105263157894735,0.4927536231884058,0.7078651685393258,158,149,144,0.6886792452830188,0.3113207547169811,0.7169811320754716,11.101826000000012,24.556005825396806,13.397040181596187,0.0,0.7878787878787878,0.0875,73,33,76,0.6446700507614214,0.2182741116751269,0.7461928934010152,4.572467,5.524998317460318,1.7593650303030306,0.12371134020618557,0.8837209302325582,0.0,127,43,147
1236,0.8020304568527918,0.7614213197969543,0.7208121827411168,96.08636747708967,98.44776810934187,150.460182,0.3880597014925373,0.49122807017543857,0.7058823529411765,158,150,142,0.660377358490566,0.3113207547169811,0.6792452830188679,10.934217571428581,24.27854069841268,14.015303387723396,0.0,0.762589928057554,0.10144927536231885,70,33,72,0.6649746192893401,0.25380710659898476,0.6954314720812182,4.624724,5.509310317460318,1.7157016580086581,0.13917525773195877,0.8942307692307693,0.0,131,50,137
1237,0.7969543147208121,0.7360406091370558,0.7208121827411168,93.34957952911132,101.30302162789222,149.557569,0.5081967213114754,0.6071428571428571,0.7558139534883721,157,145,142,0.6320754716981132,0.3113207547169811,0.7264150943396226,10.722988000000015,24.19552080952386,13.253335968475975,0.0,0.7846153846153846,0.1125,67,33,77,0.6649746192893401,0.22842639593908629,0.6751269035532995,4.543174,5.526247317460318,1.7323526190476193,0.10810810810810811,0.9094076655052264,0.0,131,45,133
1238,0.8020304568527918,0.7715736040609137,0.7258883248730964,94.06366261401631,94.6302730268935,145.853502,0.41935483870967744,0.44155844155844154,0.6704545454545454,158,152,143,0.6132075471698113,0.2830188679245283,0.7075471698113207,10.549903000000011,24.678560666666666,13.705238965478975,0.0,0.8267716535433071,0.12162162162162163,65,30,75,0.6700507614213198,0.22842639593908629,0.7055837563451777,4.618277,5.541905317460318,1.7511578874458873,0.10857142857142857,0.9029126213592233,0.0,132,45,139
1239,0.7918781725888325,0.766497461928934,0.6852791878172588,97.35366978177541,98.71355937094869,148.399557,0.45588235294117646,0.4647887323943662,0.7317073170731707,156,151,135,0.6037735849056604,0.3018867924528302,0.6792452830188679,10.406899571428582,24.371648936507924,13.588659810966815,0.0,0.777027027027027,0.1643835616438356,64,32,72,0.6700507614213198,0.2131979695431472,0.6852791878172588,4.630144,5.457457317460318,1.685556857142857,0.11049723756906077,0.9015873015873016,0.0,132,42,135
1240,0.7918781725888325,0.7614213197969543,0.7106598984771574,96.70149071031922,96.4489763870919,150.038534,0.5666666666666667,0.6338028169014085,0.6914893617021277,156,150,140,0.6132075471698113,0.2830188679245283,0.7358490566037735,10.35654600000001,24.502228492063477,13.801509987456992,0.0,0.8270676691729323,0.10256410256410256,65,30,78,0.6598984771573604,0.22842639593908629,0.6954314720812182,4.628059,5.516427317460318,1.716042319014319,0.12154696132596685,0.9238095238095239,0.0,130,45,137
1241,0.8020304568527918,0.7461928934010152,0.7258883248730964,92.52910875245392,96.95328232558684,150.990529,0.49230769230769234,0.5584415584415584,0.7032967032967034,158,147,143,0.6415094339622641,0.3018867924528302,0.7169811320754716,10.77036500000001,24.17837349206348,14.095440626817629,0.0,0.7702702702702703,0.19736842105263158,68,32,76,0.6040609137055838,0.22842639593908629,0.7360406091370558,4.734854,5.496913317460318,1.7158415194805197,0.10795454545454546,0.8996655518394648,0.0,119,45,145
1242,0.7969543147208121,0.7563451776649747,0.7106598984771574,91.03460517389577,96.53545112450276,151.297448,0.43023255813953487,0.4819277108433735,0.717391304347826,157,149,140,0.6320754716981132,0.3113207547169811,0.7547169811320755,10.89917585714287,24.585222666666663,13.587031970806981,0.0,0.7985611510791367,0.0875,67,33,80,0.6192893401015228,0.2182741116751269,0.7157360406091371,4.673924,5.509275317460318,1.737258770895771,0.12371134020618557,0.9010238907849829,0.0,122,43,141
1243,0.8071065989847716,0.7461928934010152,0.7309644670050761,94.93057937385312,98.92640325255677,151.899528,0.42424242424242425,0.5633802816901409,0.7701149425287356,159,147,144,0.6415094339622641,0.29245283018867924,0.6698113207547169,10.821393000000011,24.049685714285605,13.982784837273828,0.0,0.7816901408450704,0.18309859154929578,68,31,71,0.6091370558375635,0.2182741116751269,0.7461928934010152,4.639401,5.544604317460318,1.7453000023310024,0.12365591397849462,0.9155844155844156,0.0,120,43,147
1244,0.7969543147208121,0.7614213197969543,0.7106598984771574,93.50430719888672,97.49802605389267,150.927172,0.49122807017543857,0.5609756097560976,0.7555555555555555,157,150,140,0.6415094339622641,0.2830188679245283,0.6981132075471698,10.465004000000011,24.192658714285695,13.995057598179608,0.0,0.8308823529411765,0.15384615384615385,68,30,74,0.5989847715736041,0.2131979695431472,0.7258883248730964,4.6857,5.498241317460318,1.728324736596737,0.09090909090909091,0.9136212624584718,0.0,118,42,143
1245,0.8071065989847716,0.7563451776649747,0.7309644670050761,94.84628640645147,96.36881471717308,150.503657,0.49230769230769234,0.7166666666666667,0.711340206185567,159,149,144,0.6415094339622641,0.2830188679245283,0.7264150943396226,10.755961000000012,23.901491999999994,14.042892826284817,0.0,0.7762237762237763,0.12987012987012986,68,30,77,0.5939086294416244,0.20304568527918782,0.7258883248730964,4.672263,5.484891317460318,1.7488946719946723,0.10052910052910052,0.9238410596026491,0.0,117,40,143
1246,0.7868020304568528,0.7309644670050761,0.7157360406091371,95.12192826107905,99.27980623966586,153.719846,0.5147058823529411,0.5324675324675324,0.8352941176470589,155,144,141,0.6792452830188679,0.3018867924528302,0.7452830188679245,9.956563571428582,23.70865388888889,13.662270092019112,0.0,0.8156028368794326,0.09876543209876543,72,32,79,0.5989847715736041,0.20812182741116753,0.7258883248730964,4.682117,5.511542317460318,1.7519520411255414,0.058823529411764705,0.9145569620253164,0.0,118,41,143
1247,0.8020304568527918,0.7411167512690355,0.7309644670050761,93.35180006471981,97.24139729541456,153.654503,0.36486486486486486,0.5,0.7128712871287128,158,146,144,0.660377358490566,0.3113207547169811,0.7075471698113207,10.444092682539694,23.911598,14.123610645798655,0.0,0.7887323943661971,0.11764705882352941,70,33,75,0.6040609137055838,0.2182741116751269,0.7411167512690355,4.679166,5.508307317460318,1.721580901764902,0.0625,0.9073482428115016,0.0,119,43,146
1248,0.817258883248731,0.7715736040609137,0.7157360406091371,94.6582017313866,91.78424703761549,153.918305,0.5,0.6052631578947368,0.8023255813953488,161,152,141,0.6886792452830188,0.27358490566037735,0.7169811320754716,10.74247585714287,23.901745634920484,13.619157730047737,0.0,0.8111888111888111,0.075,73,29,76,0.6040609137055838,0.19796954314720813,0.7309644670050761,4.631699,5.523110317460318,1.7653424552114552,0.03932584269662921,0.9078947368421053,0.0,119,39,144
1249,0.8121827411167513,0.766497461928934,0.7208121827411168,96.85590706471994,90.51829991645184,151.847983,0.5263157894736842,0.5584415584415584,0.7096774193548387,160,151,142,0.6886792452830188,0.3113207547169811,0.7547169811320755,10.425110682539694,23.827163,14.080154444999442,0.0,0.7876712328767124,0.14102564102564102,73,33,80,0.6345177664974619,0.18781725888324874,0.751269035532995,4.722047,5.530647317460318,1.748150196969698,0.09230769230769231,0.909967845659164,0.0,125,37,148
1250,0.8020304568527918,0.7258883248730964,0.7157360406091371,93.87637873138664,98.69468627732563,154.113965,0.5555555555555556,0.5882352941176471,0.8372093023255814,158,143,141,0.6886792452830188,0.3113207547169811,0.6981132075471698,11.079927222222235,23.941403746031597,13.776191048396061,0.0,0.7687074829931972,0.15584415584415584,73,33,74,0.6142131979695431,0.4416243654822335,0.7309644670050761,4.698022,5.707747317460318,1.7110799014319007,0.06043956043956044,0.7561728395061729,0.034722222222222224,121,87,144
1251,0.7715736040609137,0.7563451776649747,0.7309644670050761,97.20151107311804,99.50884970428216,153.322051,0.4533333333333333,0.5632183908045977,0.7395833333333334,152,149,144,0.7075471698113207,0.2830188679245283,0.7358490566037735,10.714177142857157,24.004283746031597,13.417644012432014,0.0,0.8142857142857143,0.0963855421686747,75,30,78,0.6142131979695431,0.4517766497461929,0.7055837563451777,4.641493,5.5987250952380965,1.9468830476190477,0.08108108108108109,0.6654135338345865,0.027624309392265192,121,89,139
1252,0.8121827411167513,0.751269035532995,0.700507614213198,94.04161439135517,96.43086790294622,151.958399,0.4875,0.6056338028169014,0.7912087912087912,160,148,138,0.6698113207547169,0.3113207547169811,0.6792452830188679,11.288694650793664,24.007388746031605,13.717505916860922,0.0,0.7808219178082192,0.14084507042253522,71,33,72,0.6192893401015228,0.4619289340101523,0.6852791878172588,4.603465,5.801114650793651,1.8753990476190479,0.06349206349206349,0.5948275862068966,0.022099447513812154,122,91,135
1253,0.8071065989847716,0.7563451776649747,0.7055837563451777,92.62886734713251,95.71319720664835,154.936009,0.5535714285714286,0.6136363636363636,0.7523809523809524,159,149,139,0.6981132075471698,0.27358490566037735,0.7075471698113207,10.827266888888904,23.74749,13.692227741369745,0.0,0.8345864661654135,0.1,74,29,75,0.6192893401015228,0.45685279187817257,0.6954314720812182,4.610019,5.787071095238096,1.9093700476190478,0.12021857923497267,0.5862068965517241,0.010752688172043012,122,90,137
1254,0.8324873096446701,0.7868020304568528,0.7614213197969543,97.17627933256824,99.75467769944312,156.639352,0.47368421052631576,0.5393258426966292,0.74,164,155,150,0.7169811320754716,0.3490566037735849,0.7358490566037735,10.826637571428583,23.821250111111112,13.757310946497947,0.0,0.7533333333333333,0.12162162162162163,76,37,78,0.6345177664974619,0.49746192893401014,0.7055837563451777,4.627446,5.625437206349207,1.8575400476190478,0.09090909090909091,0.5480427046263345,0.015789473684210527,125,98,139
1255,0.8527918781725888,0.7969543147208121,0.7411167512690355,101.31150938300459,99.12927125901862,158.428623,0.5,0.5526315789473685,0.7222222222222222,168,157,146,0.7075471698113207,0.36792452830188677,0.7264150943396226,10.878559000000015,23.748549666666666,13.930661583527593,0.0,0.7253521126760564,0.06329113924050633,75,39,77,0.6395939086294417,0.5279187817258884,0.700507614213198,4.60733,5.68046253968254,1.8882070476190478,0.043243243243243246,0.5636363636363636,0.02040816326530612,126,104,138
1256,0.8375634517766497,0.7969543147208121,0.751269035532995,97.87931105806943,100.1491117054919,154.951127,0.4406779661016949,0.5142857142857142,0.6774193548387096,165,157,148,0.6886792452830188,0.4056603773584906,0.7075471698113207,11.495147111111127,23.60300685714271,13.896962689421704,0.0,0.6884057971014492,0.07142857142857142,73,43,75,0.649746192893401,0.5482233502538071,0.7258883248730964,4.558495,5.837529317460319,1.8752330476190477,0.03608247422680412,0.5196850393700787,0.02030456852791878,128,108,143
1257,0.8477157360406091,0.8071065989847716,0.7715736040609137,98.3303758504565,97.70601423627957,154.164644,0.35714285714285715,0.5,0.7011494252873564,167,159,152,0.6981132075471698,0.44339622641509435,0.7735849056603774,11.477319746031757,23.701229174603462,14.200237477300485,0.0,0.6923076923076923,0.07865168539325842,74,47,82,0.6446700507614214,0.5431472081218274,0.7411167512690355,4.622761,5.853431095238096,1.8830430476190478,0.03296703296703297,0.49603174603174605,0.02072538860103627,127,107,146
1258,0.8223350253807107,0.8071065989847716,0.7715736040609137,96.63672071643319,96.7804776518332,155.007105,0.5,0.5757575757575758,0.6896551724137931,162,159,152,0.6886792452830188,0.44339622641509435,0.7264150943396226,10.994991873015888,24.20352255555555,14.30579645598845,0.0,0.6511627906976745,0.014285714285714285,73,47,77,0.649746192893401,0.5380710659898477,0.751269035532995,4.616069,5.786077206349208,1.8454350476190478,0.01639344262295082,0.45121951219512196,0.025906735751295335,128,106,148
1259,0.8578680203045685,0.7918781725888325,0.7715736040609137,97.055936716338,97.30163531027594,156.140183,0.4852941176470588,0.4594594594594595,0.6914893617021277,169,156,152,0.6698113207547169,0.44339622641509435,0.7452830188679245,11.388513111111124,24.076380126984127,14.516806975468985,0.0,0.6888888888888889,0.0375,71,47,79,0.6700507614213198,0.5279187817258884,0.751269035532995,4.664124,5.744380984126986,1.8963020476190477,0.031746031746031744,0.5176470588235295,0.02631578947368421,132,104,148
1260,0.8071065989847716,0.7817258883248731,0.7563451776649747,101.68235904128112,96.07328136984367,155.440331,0.5076923076923077,0.5428571428571428,0.7142857142857143,159,154,149,0.6981132075471698,0.44339622641509435,0.7830188679245284,11.716794761904776,24.269734809523523,14.126714476301503,0.0,0.6612903225806451,0.03488372093023256,74,47,83,0.6446700507614214,0.5482233502538071,0.7411167512690355,4.622497,5.758006317460319,1.8867520476190478,0.0273224043715847,0.48031496062992124,0.015873015873015872,127,108,146
1261,0.8274111675126904,0.7918781725888325,0.7411167512690355,98.11828604962372,99.92592392240414,153.982272,0.42857142857142855,0.4605263157894737,0.7441860465116279,163,156,146,0.7358490566037735,0.46226415094339623,0.7924528301886793,11.606935317460332,24.012202492063203,14.132972116661087,0.0,0.6810344827586207,0.02666666666666667,78,49,84,0.6649746192893401,0.5380710659898477,0.751269035532995,4.646888,5.7271513174603195,1.910859047619048,0.0213903743315508,0.5173745173745173,0.020833333333333332,131,106,148
1262,0.8375634517766497,0.8121827411167513,0.751269035532995,97.06119320079023,98.62917657915119,157.037665,0.4782608695652174,0.5714285714285714,0.6666666666666666,165,160,148,0.7169811320754716,0.4339622641509434,0.7735849056603774,11.302817571428585,24.190642142857282,14.361334048729057,0.0,0.7241379310344828,0.05,76,46,82,0.6649746192893401,0.5532994923857868,0.751269035532995,4.600533,5.761669095238096,1.8503680476190478,0.026881720430107527,0.5147058823529411,0.0051813471502590676,131,109,148
1263,0.8477157360406091,0.817258883248731,0.766497461928934,98.85074952138532,98.97283424581788,157.148914,0.5072463768115942,0.49382716049382713,0.75,167,161,151,0.6981132075471698,0.4716981132075472,0.7830188679245284,11.788603968253977,24.201396269840984,14.54962443545345,0.0,0.680672268907563,0.038461538461538464,74,50,83,0.6802030456852792,0.5685279187817259,0.7411167512690355,4.613036,5.917581650793652,1.9745080476190477,0.02185792349726776,0.5076923076923077,0.010471204188481676,134,112,146
1264,0.8527918781725888,0.7969543147208121,0.7411167512690355,97.2964497162904,98.46719091248443,154.993167,0.46153846153846156,0.6231884057971014,0.7087378640776699,168,157,146,0.6886792452830188,0.4716981132075472,0.8113207547169812,11.531651111111124,24.28192492063506,13.822266118326125,0.0,0.7008547008547008,0.03614457831325301,73,50,86,0.6802030456852792,0.5126903553299492,0.7258883248730964,4.571451,5.953667317460319,1.9542580476190479,0.010810810810810811,0.50390625,0.010526315789473684,134,101,143
1265,0.8324873096446701,0.7868020304568528,0.751269035532995,96.64838726564227,99.7194625791511,150.518152,0.47540983606557374,0.5263157894736842,0.68,164,155,148,0.7169811320754716,0.4716981132075472,0.7735849056603774,11.734951777777788,24.3084438730153,14.015386123543129,0.0,0.7083333333333334,0.0,76,50,82,0.6548223350253807,0.5228426395939086,0.6700507614213198,4.638314,5.880661650793652,1.9172680476190478,0.0,0.5285714285714286,0.0213903743315508,129,103,132
1266,0.817258883248731,0.7969543147208121,0.7563451776649747,99.44712491957209,97.59194624581777,154.980925,0.43478260869565216,0.42857142857142855,0.7471264367816092,161,157,149,0.7169811320754716,0.46226415094339623,0.7735849056603774,11.822187000000012,24.01561644444444,13.691515051393013,0.0,0.6829268292682927,0.0,76,49,82,0.6446700507614214,0.5228426395939086,0.6598984771573604,4.647256,5.885942317460319,1.9405390476190478,0.005780346820809248,0.5772058823529411,0.026737967914438502,127,103,130
1267,0.8426395939086294,0.7918781725888325,0.7461928934010152,101.49002304980746,100.05759875917515,152.563521,0.5070422535211268,0.6133333333333333,0.7954545454545454,166,156,147,0.6886792452830188,0.4528301886792453,0.7547169811320755,11.680401793650805,24.068063555555554,13.92307454212459,0.0,0.6774193548387096,0.014492753623188406,73,48,80,0.6446700507614214,0.5329949238578681,0.649746192893401,4.654918,5.966480317460319,1.9666020476190478,0.011299435028248588,0.5296296296296297,0.026455026455026454,127,105,128
1268,0.8629441624365483,0.7817258883248731,0.7563451776649747,96.00142159897572,96.9867826904014,153.748881,0.45588235294117646,0.589041095890411,0.7474747474747475,170,154,149,0.7169811320754716,0.4716981132075472,0.7924528301886793,12.175385777777791,23.663151666666664,14.10120695016095,0.010416666666666666,0.6796875,0.0,76,50,84,0.649746192893401,0.5177664974619289,0.6903553299492385,4.583793,5.864758650793651,1.9426340476190478,0.005649717514124294,0.5645756457564576,0.025906735751295335,128,102,136
1269,0.8375634517766497,0.8121827411167513,0.7461928934010152,96.79197459897566,102.51076390038685,156.890869,0.5084745762711864,0.5555555555555556,0.7272727272727273,165,160,147,0.7547169811320755,0.5094339622641509,0.8207547169811321,11.91093177777779,24.073053555555553,13.85278806582307,0.020202020202020204,0.6825396825396826,0.024691358024691357,80,54,87,0.6395939086294417,0.5329949238578681,0.7055837563451777,4.640766,5.821848650793653,1.9492920476190478,0.017142857142857144,0.5381944444444444,0.02617801047120419,126,105,139
1270,0.8375634517766497,0.8274111675126904,0.7309644670050761,98.2811475779559,99.68177478467986,153.641033,0.4230769230769231,0.5212765957446809,0.7916666666666666,165,163,144,0.7264150943396226,0.5849056603773585,0.7547169811320755,11.396478222222239,23.80159644444444,14.057885631146643,0.0,0.576271186440678,0.0,77,62,80,0.6548223350253807,0.5736040609137056,0.7106598984771574,4.676248,5.906512873015875,1.9275600476190478,0.026737967914438502,0.5149253731343284,0.0051813471502590676,129,113,140
1271,0.8477157360406091,0.8223350253807107,0.7614213197969543,100.32546791124165,99.70315444934364,154.564255,0.3698630136986301,0.5454545454545454,0.6697247706422018,167,162,150,0.7641509433962265,0.5660377358490566,0.8207547169811321,11.774341571428586,24.073592666666663,13.429474953490963,0.009900990099009901,0.5964912280701754,0.022988505747126436,81,60,87,0.649746192893401,0.5583756345177665,0.7157360406091371,4.697039,5.812623650793652,1.968830047619048,0.0427807486631016,0.5095785440613027,0.020618556701030927,128,110,141
1272,0.8324873096446701,0.817258883248731,0.751269035532995,102.28642356868542,103.6551185779411,154.754286,0.423728813559322,0.6578947368421053,0.7741935483870968,164,161,148,0.7830188679245284,0.5094339622641509,0.7735849056603774,12.157184555555567,24.03486344444444,13.833936372072369,0.01,0.6086956521739131,0.06329113924050633,83,54,82,0.6598984771573604,0.5482233502538071,0.6954314720812182,4.642315,5.97574842857143,1.9165050476190477,0.016483516483516484,0.5095785440613027,0.015228426395939087,130,108,137
1273,0.8527918781725888,0.8071065989847716,0.7715736040609137,100.30440265290399,102.91677557794146,157.094997,0.5166666666666667,0.6235294117647059,0.6814159292035398,168,159,152,0.7830188679245284,0.5283018867924528,0.7641509433962265,11.84085900000001,23.773413555555553,13.501701351093324,0.0,0.576,0.039473684210526314,83,56,81,0.6294416243654822,0.5228426395939086,0.7157360406091371,4.681155,5.963154984126986,1.9972300476190479,0.011049723756906077,0.5038759689922481,0.010256410256410256,124,103,141
1274,0.8578680203045685,0.8274111675126904,0.7411167512690355,101.15233257790833,100.84489563834855,153.853467,0.43037974683544306,0.6091954022988506,0.803921568627451,169,163,146,0.7924528301886793,0.5471698113207547,0.8018867924528302,11.883106571428586,24.095973777777775,13.675747371406377,0.0,0.5934959349593496,0.06976744186046512,84,58,85,0.6395939086294417,0.5126903553299492,0.7208121827411168,4.68623,5.924980650793653,2.001058047619048,0.0374331550802139,0.5204460966542751,0.01020408163265306,126,101,142
1275,0.817258883248731,0.817258883248731,0.7563451776649747,100.85965757795776,98.04528706505201,154.546061,0.4,0.5368421052631579,0.7425742574257426,161,161,149,0.7924528301886793,0.5,0.7641509433962265,12.336468111111124,24.30967944444444,14.171530219891242,0.0,0.631578947368421,0.03571428571428571,84,53,81,0.6345177664974619,0.5482233502538071,0.7258883248730964,4.680013,5.913927317460317,1.8994260476190479,0.02631578947368421,0.5107142857142857,0.01020408163265306,125,108,143
1276,0.8477157360406091,0.817258883248731,0.751269035532995,96.86408527382882,102.89158555122688,155.58433,0.40540540540540543,0.5955056179775281,0.7692307692307693,167,161,148,0.7830188679245284,0.5377358490566038,0.7735849056603774,11.82411366666668,24.145406777777776,13.839222920856926,0.010101010101010102,0.5615384615384615,0.03614457831325301,83,57,82,0.6446700507614214,0.5736040609137056,0.7258883248730964,4.708278,5.955213650793652,1.9007710476190478,0.031413612565445025,0.5161290322580645,0.00510204081632653,127,113,143
1277,0.8477157360406091,0.8121827411167513,0.7461928934010152,99.31833561000398,101.72785337927724,150.501355,0.4626865671641791,0.6341463414634146,0.7523809523809524,167,160,147,0.8018867924528302,0.5094339622641509,0.8301886792452831,11.910202111111124,24.016113333333337,13.74647078532579,0.0,0.6048387096774194,0.06172839506172839,85,54,88,0.6751269035532995,0.5736040609137056,0.7157360406091371,4.729542,6.062675650793652,1.9209260476190477,0.015789473684210527,0.5271317829457365,0.010256410256410256,133,113,141
1278,0.8324873096446701,0.8274111675126904,0.766497461928934,101.74073551954305,102.00756283675918,157.664321,0.45,0.6043956043956044,0.7477477477477478,164,163,151,0.8113207547169812,0.5283018867924528,0.7641509433962265,12.096403111111123,24.091796555555554,13.591548841269843,0.01,0.5813953488372093,0.012345679012345678,86,56,81,0.6548223350253807,0.5583756345177665,0.7157360406091371,4.638931,6.081493317460319,1.8945140476190478,0.02702702702702703,0.4959016393442623,0.005128205128205128,129,110,141
1279,0.8477157360406091,0.8071065989847716,0.7614213197969543,98.49630181249783,106.28512034396874,155.60335,0.417910447761194,0.6,0.7857142857142857,167,159,150,0.7735849056603774,0.5188679245283019,0.8113207547169812,11.949951222222236,24.323023666666664,13.816776239538243,0.0,0.5630252100840336,0.0,82,55,86,0.6700507614213198,0.5329949238578681,0.7157360406091371,4.65925,6.130924873015874,1.872783047619048,0.03684210526315789,0.5040650406504065,0.0,132,105,141
1280,0.8527918781725888,0.8121827411167513,0.7563451776649747,99.41644294040023,101.66778674924336,158.055138,0.38235294117647056,0.6555555555555556,0.7572815533980582,168,160,149,0.7830188679245284,0.5283018867924528,0.7924528301886793,12.60697100000001,24.083465555555552,13.91356841536242,0.00980392156862745,0.6136363636363636,0.0,83,56,84,0.6700507614213198,0.5025380710659898,0.7055837563451777,4.653076,6.140608317460319,1.8493080476190478,0.046153846153846156,0.5019455252918288,0.005154639175257732,132,99,139
1281,0.8426395939086294,0.817258883248731,0.7614213197969543,101.92584060716243,101.21085917738306,155.67002,0.39655172413793105,0.57,0.7623762376237624,166,161,150,0.7735849056603774,0.5188679245283019,0.7452830188679245,12.246798666666683,24.40192711111111,13.844069494616507,0.019230769230769232,0.5703125,0.0,82,55,79,0.6751269035532995,0.5634517766497462,0.6852791878172588,4.676241,6.0094156507936525,1.9477710476190477,0.026881720430107527,0.5018867924528302,0.010416666666666666,133,111,135
1282,0.868020304568528,0.8274111675126904,0.7715736040609137,98.17685629317012,101.61561015108863,154.486858,0.4307692307692308,0.625,0.7155963302752294,171,163,152,0.7735849056603774,0.5754716981132075,0.7452830188679245,11.883374222222235,24.097062539682536,14.127796897879904,0.00980392156862745,0.5772357723577236,0.02564102564102564,82,61,79,0.6802030456852792,0.5634517766497462,0.6852791878172588,4.651096,6.012425984126985,1.9225590476190477,0.041666666666666664,0.5243445692883895,0.015306122448979591,134,111,135
1283,0.8426395939086294,0.7969543147208121,0.7614213197969543,99.45120337034376,104.51858903761534,157.474517,0.39344262295081966,0.6363636363636364,0.797979797979798,166,157,150,0.7547169811320755,0.5188679245283019,0.8207547169811321,12.43216723809525,24.354638777777776,14.001464262737267,0.00980392156862745,0.6,0.022727272727272728,80,55,87,0.6903553299492385,0.5583756345177665,0.6903553299492385,4.654327,6.054513984126985,1.9376050476190478,0.02617801047120419,0.5131086142322098,0.01507537688442211,136,110,136
1284,0.8527918781725888,0.8223350253807107,0.766497461928934,100.27490050846603,103.53143044599486,156.679429,0.4461538461538462,0.6509433962264151,0.8181818181818182,168,162,151,0.7735849056603774,0.5188679245283019,0.8018867924528302,12.258784317460332,24.291526777777776,14.230341389721394,0.0,0.6178861788617886,0.036585365853658534,82,55,85,0.6954314720812182,0.5431472081218274,0.6700507614213198,4.7307,6.091336873015873,1.8892580476190477,0.03723404255319149,0.5192307692307693,0.015384615384615385,137,107,132
1285,0.8578680203045685,0.8071065989847716,0.766497461928934,101.94014569548229,100.88140972864338,159.388787,0.3972602739726027,0.5918367346938775,0.7368421052631579,169,159,151,0.7641509433962265,0.5377358490566038,0.7358490566037735,11.380354000000011,24.449783,13.861881261516267,0.0,0.616,0.0136986301369863,81,57,78,0.700507614213198,0.5380710659898477,0.6802030456852792,4.795837,6.026668650793651,1.8900080476190477,0.031746031746031744,0.4962121212121212,0.02030456852791878,138,106,134
1286,0.883248730964467,0.8274111675126904,0.7766497461928934,99.52329203767115,100.59775938851467,152.982475,0.4177215189873418,0.5887850467289719,0.7454545454545455,174,163,153,0.7452830188679245,0.5377358490566038,0.7452830188679245,11.554228142857157,24.465866,13.960211023421028,0.0,0.6183206106870229,0.047058823529411764,79,57,79,0.7258883248730964,0.5380710659898477,0.7055837563451777,4.817256,6.05717442857143,1.886794047619048,0.05025125628140704,0.5111940298507462,0.01990049751243781,143,106,139
1287,0.8274111675126904,0.8324873096446701,0.766497461928934,101.49109662690402,100.53308899561875,150.823935,0.48333333333333334,0.64,0.75,163,164,151,0.7358490566037735,0.5377358490566038,0.7547169811320755,11.835290111111123,24.427392222222217,13.990319603174607,0.0,0.627906976744186,0.03333333333333333,78,57,80,0.7157360406091371,0.5482233502538071,0.7106598984771574,4.861888,6.0773753174603184,1.9059550476190479,0.031088082901554404,0.5035971223021583,0.025510204081632654,141,108,140
1288,0.8426395939086294,0.8274111675126904,0.7563451776649747,99.79820932155997,104.99060472759604,157.023462,0.4125,0.6526315789473685,0.7545454545454545,166,163,149,0.7452830188679245,0.5566037735849056,0.7547169811320755,11.768058666666679,24.835004,13.734968663225672,0.0,0.5714285714285714,0.0,79,59,80,0.6954314720812182,0.5329949238578681,0.7157360406091371,4.83804,6.084272317460319,1.9246750476190477,0.031578947368421054,0.5075757575757576,0.02072538860103627,137,105,141
1289,0.8730964467005076,0.8071065989847716,0.7563451776649747,98.87500397204973,103.11849354918748,157.995342,0.41935483870967744,0.6914893617021277,0.8137254901960784,172,159,149,0.7641509433962265,0.5754716981132075,0.7547169811320755,11.528267428571445,24.459827206349203,14.427725122100124,0.0,0.5793650793650794,0.0,81,61,80,0.7055837563451777,0.5279187817258884,0.7106598984771574,4.888277,6.084115206349207,1.878173047619048,0.06030150753768844,0.5018867924528302,0.015625,139,104,140
1290,0.868020304568528,0.8071065989847716,0.7563451776649747,102.38296218893775,106.23600056026208,152.171627,0.3870967741935484,0.6346153846153846,0.7435897435897436,171,159,149,0.7264150943396226,0.5377358490566038,0.7452830188679245,11.57680222222224,24.493014349206344,14.08749638095238,0.0,0.6864406779661016,0.0,77,57,79,0.6954314720812182,0.5279187817258884,0.7055837563451777,4.838575,6.1010525396825415,1.8483640476190477,0.08653846153846154,0.5202952029520295,0.00510204081632653,137,104,139
1291,0.8578680203045685,0.8274111675126904,0.7360406091370558,101.21394086064923,103.2435236926252,157.282699,0.4098360655737705,0.6526315789473685,0.8130841121495327,169,163,145,0.7169811320754716,0.5377358490566038,0.7452830188679245,11.697591888888903,24.65612688888888,14.423746910866912,0.0,0.6016260162601627,0.0,76,57,79,0.6954314720812182,0.5126903553299492,0.7055837563451777,4.810401,6.1075643174603185,1.8756430476190478,0.08695652173913043,0.5231316725978647,0.0,137,101,139
1292,0.8477157360406091,0.817258883248731,0.7715736040609137,100.50743813557015,105.34933948346718,150.589515,0.45161290322580644,0.5833333333333334,0.7478260869565218,167,161,152,0.6981132075471698,0.5471698113207547,0.7924528301886793,11.625534222222239,24.78062209523809,14.019023774336773,0.0,0.592,0.0,74,58,84,0.7055837563451777,0.5583756345177665,0.7055837563451777,4.894592,6.034324317460318,1.888578047619048,0.07425742574257425,0.4729241877256318,0.0,139,110,139
1293,0.8730964467005076,0.8223350253807107,0.7563451776649747,100.20086565496776,102.44299837094879,155.487739,0.3333333333333333,0.6483516483516484,0.7523809523809524,172,162,149,0.7358490566037735,0.5566037735849056,0.7452830188679245,11.869041777777792,24.641082111111103,14.388798038739045,0.0,0.6120689655172413,0.0,78,59,79,0.6903553299492385,0.5736040609137056,0.7106598984771574,4.804042,6.049792206349207,1.8490200476190477,0.06,0.5338078291814946,0.0,136,113,140
1294,0.8578680203045685,0.817258883248731,0.7766497461928934,102.11853451092861,102.06362397815252,155.647664,0.47368421052631576,0.6470588235294118,0.7747747747747747,169,161,153,0.7641509433962265,0.5566037735849056,0.7264150943396226,11.604947000000015,24.525572111111103,14.420739866688866,0.0,0.6290322580645161,0.0,81,59,77,0.7055837563451777,0.5228426395939086,0.7055837563451777,4.735073,6.135668984126985,1.8379390476190478,0.06,0.5335968379446641,0.0,139,103,139
1295,0.868020304568528,0.8121827411167513,0.7461928934010152,97.34018613557036,105.35305129861904,155.858426,0.463768115942029,0.59375,0.7927927927927928,171,160,147,0.7641509433962265,0.5188679245283019,0.7641509433962265,11.851995539682552,24.767558777777776,14.22413607881008,0.0,0.64,0.0,81,55,81,0.7258883248730964,0.5380710659898477,0.7208121827411168,4.745132,6.097082984126985,1.848653047619048,0.04326923076923077,0.5037878787878788,0.0,143,106,142
1296,0.8477157360406091,0.8121827411167513,0.766497461928934,99.61665914873572,104.47834963316213,155.399524,0.46875,0.6442307692307693,0.7545454545454545,167,160,151,0.7452830188679245,0.5849056603773585,0.7264150943396226,11.353226571428586,24.67157455555555,14.212712982128988,0.0,0.5859375,0.0,79,62,77,0.7258883248730964,0.5076142131979695,0.7309644670050761,4.75066,6.032979984126985,1.8731160476190478,0.055,0.4963768115942029,0.0,143,100,144
1297,0.8629441624365483,0.8274111675126904,0.7715736040609137,103.24006896579958,104.40916363258174,151.811818,0.3875,0.5773195876288659,0.7222222222222222,170,163,152,0.7641509433962265,0.5283018867924528,0.7452830188679245,11.495007317460333,24.690138555555553,14.03441782195582,0.0,0.6607142857142857,0.0,81,56,79,0.7360406091370558,0.5177664974619289,0.7309644670050761,4.744055,5.97216365079365,1.8806520476190478,0.049019607843137254,0.5120274914089347,0.0,145,102,144
1298,0.868020304568528,0.8223350253807107,0.751269035532995,103.75229533850941,101.65875797331324,156.326462,0.4117647058823529,0.6790123456790124,0.7735849056603774,171,162,148,0.7547169811320755,0.5283018867924528,0.7641509433962265,11.560344031746045,24.751558111111112,14.497586875679875,0.0,0.5916666666666667,0.0,80,56,81,0.7360406091370558,0.5431472081218274,0.7360406091370558,4.805399,5.994098317460319,1.9186180476190478,0.03980099502487562,0.4928571428571429,0.0,145,107,145
1299,0.8629441624365483,0.8121827411167513,0.766497461928934,104.7696106330757,103.31755726818648,157.388358,0.4909090909090909,0.5625,0.7452830188679245,170,160,151,0.7452830188679245,0.5471698113207547,0.7547169811320755,11.935844428571444,24.634323190476188,14.237998314019316,0.0,0.6302521008403361,0.0,79,58,80,0.7055837563451777,0.5685279187817259,0.7461928934010152,4.81026,6.132103984126983,1.8624930476190478,0.030303030303030304,0.5147058823529411,0.0,139,112,147
1300,0.8477157360406091,0.8071065989847716,0.7614213197969543,103.01019607640826,104.76900994318152,152.808853,0.532258064516129,0.6363636363636364,0.7961165048543689,167,159,150,0.7547169811320755,0.5377358490566038,0.7358490566037735,11.630603571428585,25.039450920634916,14.182229895215901,0.0,0.5714285714285714,0.0,80,57,78,0.700507614213198,0.5634517766497462,0.7461928934010152,4.787395,6.164407650793651,1.8754950476190477,0.03482587064676617,0.5053763440860215,0.0,138,111,147
1301,0.8477157360406091,0.8121827411167513,0.7461928934010152,101.9594230471532,105.9126576319525,151.48606,0.373134328358209,0.6304347826086957,0.7281553398058253,167,160,147,0.7547169811320755,0.5660377358490566,0.7547169811320755,11.737110222222235,24.291009777777777,14.502559681429693,0.0,0.6124031007751938,0.0,80,60,80,0.6903553299492385,0.5431472081218274,0.751269035532995,4.84135,6.080162317460318,1.8688810476190478,0.06372549019607843,0.5294117647058824,0.0,136,107,148
1302,0.868020304568528,0.8223350253807107,0.7715736040609137,100.65344438053522,102.35211296528534,156.58851,0.4166666666666667,0.5816326530612245,0.7777777777777778,171,162,152,0.7641509433962265,0.5471698113207547,0.7924528301886793,12.046896857142869,24.697755555555553,14.125880267510261,0.0,0.5847457627118644,0.01098901098901099,81,58,84,0.7055837563451777,0.5482233502538071,0.7461928934010152,4.844768,6.1196339841269864,1.8944310476190478,0.07729468599033816,0.5056179775280899,0.0,139,108,147
1303,0.8477157360406091,0.8274111675126904,0.7715736040609137,102.11567296977984,104.06887464481906,160.242114,0.4153846153846154,0.6547619047619048,0.7821782178217822,167,163,152,0.7735849056603774,0.5471698113207547,0.7641509433962265,11.397071777777791,24.246284777777777,14.214673714285713,0.0,0.6097560975609756,0.05405405405405406,82,58,81,0.700507614213198,0.5431472081218274,0.7309644670050761,4.877161,6.197539650793653,1.8633950476190477,0.07766990291262135,0.5221843003412969,0.0,138,107,144
1304,0.8477157360406091,0.8121827411167513,0.7766497461928934,102.92544935132801,104.82270489684792,153.998744,0.4117647058823529,0.686046511627907,0.725,167,160,153,0.7641509433962265,0.5566037735849056,0.7547169811320755,11.542879111111123,24.567719555555552,13.865287223443216,0.009708737864077669,0.6111111111111112,0.034482758620689655,81,59,80,0.7055837563451777,0.5482233502538071,0.7309644670050761,4.791707,6.225893984126988,1.8775600476190477,0.08571428571428572,0.5136986301369864,0.0,139,108,144
1305,0.8375634517766497,0.8274111675126904,0.766497461928934,99.9145869775683,109.53548763316212,153.475072,0.5,0.5576923076923077,0.78125,165,163,151,0.7641509433962265,0.5754716981132075,0.6981132075471698,11.643019000000011,24.38048455555555,14.34284122854923,0.0,0.5748031496062992,0.012345679012345678,81,61,74,0.6903553299492385,0.5380710659898477,0.7258883248730964,4.841162,6.16046265079365,1.8485670476190479,0.058823529411764705,0.5,0.0,136,106,143
1306,0.8629441624365483,0.8274111675126904,0.7614213197969543,101.9760885090911,108.69458763195237,159.703411,0.3972602739726027,0.65,0.7572815533980582,170,163,150,0.7641509433962265,0.5566037735849056,0.8113207547169812,11.561179888888903,23.750871111111113,14.051160957264958,0.0,0.6290322580645161,0.023255813953488372,81,59,86,0.6802030456852792,0.5532994923857868,0.7360406091370558,4.851221,6.2305459841269855,1.8160810476190479,0.07729468599033816,0.49070631970260226,0.0,134,109,145
1307,0.8629441624365483,0.8121827411167513,0.7563451776649747,102.20319530707599,104.99140696649548,156.027558,0.5076923076923077,0.7023809523809523,0.7281553398058253,170,160,149,0.7641509433962265,0.5660377358490566,0.7735849056603774,11.859459571428586,24.029845777777776,14.26430015528916,0.0,0.6016260162601627,0.013157894736842105,81,60,82,0.6852791878172588,0.5532994923857868,0.7309644670050761,4.808826,6.255100650793654,1.8183630476190478,0.04477611940298507,0.5018867924528302,0.0,135,109,144
1308,0.8223350253807107,0.8071065989847716,0.766497461928934,103.69026293149598,103.89705363316213,155.841533,0.4852941176470588,0.6435643564356436,0.7244897959183674,162,159,151,0.7641509433962265,0.5566037735849056,0.7358490566037735,11.514097000000016,24.076695777777775,14.244636734265736,0.0,0.5793650793650794,0.058823529411764705,81,59,78,0.6852791878172588,0.5431472081218274,0.7411167512690355,4.823778,6.2704216507936525,1.8492670476190478,0.045,0.5223880597014925,0.0,135,107,146
1309,0.8527918781725888,0.8223350253807107,0.7715736040609137,103.45191187799297,105.80815396649545,154.755864,0.3375,0.5666666666666667,0.7475728155339806,168,162,152,0.7547169811320755,0.5188679245283019,0.7547169811320755,11.200486111111124,23.97004688888888,14.02174832745033,0.0,0.6386554621848739,0.012195121951219513,80,55,80,0.6802030456852792,0.5532994923857868,0.7309644670050761,4.806676,6.293237984126985,1.8485300476190478,0.04975124378109453,0.5054945054945055,0.0,134,109,144
1310,0.868020304568528,0.8121827411167513,0.7715736040609137,99.04237143977264,103.73738508757096,155.082914,0.4696969696969697,0.6483516483516484,0.7835051546391752,171,160,152,0.7452830188679245,0.5754716981132075,0.7452830188679245,11.045014111111128,23.970593666666666,14.044591013653008,0.0,0.5461538461538461,0.0,79,61,79,0.6802030456852792,0.5634517766497462,0.7360406091370558,4.799217,6.333502984126985,1.8549630476190477,0.04455445544554455,0.5390334572490706,0.0,134,111,145
1311,0.8426395939086294,0.817258883248731,0.7461928934010152,102.54216252639132,104.09395065435737,155.83502,0.5818181818181818,0.6511627906976745,0.7474747474747475,166,161,147,0.7075471698113207,0.5660377358490566,0.6981132075471698,11.559022460317474,24.134056666666662,14.199241043956045,0.0,0.6068376068376068,0.0,75,60,74,0.6802030456852792,0.5532994923857868,0.7461928934010152,4.900803,6.404172984126985,1.8446830476190479,0.05025125628140704,0.5207547169811321,0.0,134,109,147
1312,0.8375634517766497,0.817258883248731,0.7766497461928934,98.68227390204254,102.8511494782177,153.720294,0.4189189189189189,0.5978260869565217,0.7142857142857143,165,161,153,0.6886792452830188,0.5471698113207547,0.7735849056603774,11.540064000000015,24.57130933333333,14.135273838050841,0.0,0.5882352941176471,0.0,73,58,82,0.6751269035532995,0.5532994923857868,0.7461928934010152,4.896866,6.239891984126986,1.8566780476190479,0.04568527918781726,0.5215827338129496,0.0,133,109,147
1313,0.868020304568528,0.8274111675126904,0.7563451776649747,100.26423170469765,102.16851286661523,157.130638,0.35135135135135137,0.6071428571428571,0.7127659574468085,171,163,149,0.6981132075471698,0.5660377358490566,0.7547169811320755,11.474903111111123,24.912405634920628,14.0160048978799,0.0,0.627906976744186,0.0,74,60,80,0.6852791878172588,0.5634517766497462,0.7208121827411168,4.94391,6.224823650793651,1.8731190476190478,0.05853658536585366,0.5457875457875457,0.0,135,111,142
1314,0.8527918781725888,0.8121827411167513,0.7614213197969543,102.53832222216822,104.4993339652857,155.28584,0.47058823529411764,0.6024096385542169,0.7731958762886598,168,160,150,0.7452830188679245,0.5471698113207547,0.7547169811320755,11.563027111111127,24.41249699999999,14.006386631479632,0.0,0.6101694915254238,0.0,79,58,80,0.7106598984771574,0.5786802030456852,0.7258883248730964,4.907885,6.2126226507936515,1.8575910476190478,0.03940886699507389,0.5498154981549815,0.0,140,114,143
1315,0.8527918781725888,0.8071065989847716,0.7461928934010152,98.35495063300196,101.89243107240515,158.446709,0.4067796610169492,0.6744186046511628,0.7731958762886598,168,159,147,0.7452830188679245,0.5660377358490566,0.7924528301886793,11.353697460317473,24.264659555555554,14.046600000000003,0.0,0.6,0.0,79,60,84,0.7055837563451777,0.5786802030456852,0.7208121827411168,4.892055,6.317260650793651,1.9055560476190478,0.04926108374384237,0.550561797752809,0.0,139,114,142
1316,0.8324873096446701,0.8071065989847716,0.751269035532995,103.56698149143394,102.49201314100021,158.003841,0.38181818181818183,0.58,0.6886792452830188,164,159,148,0.7358490566037735,0.5660377358490566,0.7452830188679245,11.470461142857157,24.40639344444444,13.803108710844711,0.0,0.6016260162601627,0.0,78,60,79,0.6954314720812182,0.5786802030456852,0.7106598984771574,4.851923,6.217804317460318,1.8678970476190477,0.07142857142857142,0.5376344086021505,0.0,137,114,140
1317,0.8730964467005076,0.7969543147208121,0.7817258883248731,95.09904496634368,106.50266775208819,155.927678,0.4142857142857143,0.6707317073170732,0.7407407407407407,172,157,154,0.7358490566037735,0.5094339622641509,0.7547169811320755,11.776004682539698,24.177035666666665,14.012206001221003,0.0,0.6434782608695652,0.025,78,54,80,0.700507614213198,0.5736040609137056,0.700507614213198,4.86278,6.322274984126984,1.8846270476190479,0.04950495049504951,0.5693950177935944,0.0,138,113,138
1318,0.8477157360406091,0.8071065989847716,0.7715736040609137,99.72153775292207,103.91083029740926,152.61192,0.4,0.5384615384615384,0.7326732673267327,167,159,152,0.7358490566037735,0.5377358490566038,0.8113207547169812,11.655206682539694,23.851661,14.26584935009435,0.0,0.5859375,0.0,78,57,86,0.700507614213198,0.5431472081218274,0.7055837563451777,4.912452,6.366025984126986,1.8654670476190478,0.058823529411764705,0.5475285171102662,0.0,138,107,139
1319,0.868020304568528,0.8071065989847716,0.7614213197969543,98.89480393712911,102.36502334736015,157.475657,0.5,0.5357142857142857,0.7596153846153846,171,159,150,0.7358490566037735,0.5377358490566038,0.7924528301886793,11.539219349206363,24.25088488888888,13.66561622544123,0.0,0.6386554621848739,0.0,78,57,84,0.6903553299492385,0.5532994923857868,0.7208121827411168,4.868123,6.324889650793651,1.7790040476190478,0.07729468599033816,0.5107913669064749,0.0051813471502590676,136,109,142
1320,0.8527918781725888,0.8020304568527918,0.766497461928934,100.11786157795517,107.03132601523659,157.896492,0.4,0.6351351351351351,0.7777777777777778,168,158,151,0.7452830188679245,0.5660377358490566,0.7924528301886793,11.694110539682553,24.411080555555554,13.905837909090907,0.0,0.5648854961832062,0.0,79,60,84,0.6852791878172588,0.5786802030456852,0.7208121827411168,4.92259,6.21271665079365,1.8586570476190478,0.06,0.5265017667844523,0.0,135,114,142
1321,0.8578680203045685,0.8020304568527918,0.7715736040609137,102.89351501244128,105.8440944693909,156.596171,0.48484848484848486,0.6578947368421053,0.7340425531914894,169,158,152,0.7358490566037735,0.5566037735849056,0.7547169811320755,11.790822888888902,24.236762888888887,13.96990082683983,0.0,0.5968992248062015,0.0,78,59,80,0.6802030456852792,0.5888324873096447,0.7258883248730964,4.950769,6.196241650793648,1.8593300476190477,0.04975124378109453,0.5454545454545454,0.0,134,116,143
1322,0.8730964467005076,0.817258883248731,0.7715736040609137,101.0859605262961,108.29442739368163,152.953526,0.2923076923076923,0.5555555555555556,0.6972477064220184,172,161,152,0.7358490566037735,0.5754716981132075,0.7641509433962265,11.640376571428583,24.542791317460313,13.549583277611283,0.00980392156862745,0.625,0.0,78,61,81,0.7106598984771574,0.5786802030456852,0.7258883248730964,4.988867,6.349336650793652,1.8639770476190478,0.04455445544554455,0.5286885245901639,0.0,140,114,143
1323,0.8730964467005076,0.7868020304568528,0.766497461928934,99.54188908625993,101.44413524987816,156.633107,0.3968253968253968,0.5542168674698795,0.71875,172,155,151,0.7358490566037735,0.5377358490566038,0.7547169811320755,11.65302000000001,24.613024111111105,13.707501431235436,0.0,0.6046511627906976,0.0,78,57,80,0.7157360406091371,0.5025380710659898,0.7258883248730964,4.998168,6.196079984126986,1.9008610476190477,0.04522613065326633,0.4980694980694981,0.0,141,99,143
1324,0.8527918781725888,0.8121827411167513,0.766497461928934,99.49629912559489,101.5977669798029,152.086299,0.43103448275862066,0.5301204819277109,0.7064220183486238,168,160,151,0.7169811320754716,0.5471698113207547,0.7641509433962265,12.164093571428586,24.693581777777776,13.861300408036408,0.0,0.5692307692307692,0.011111111111111112,76,58,81,0.7258883248730964,0.5329949238578681,0.7309644670050761,5.011118,6.173407317460313,1.8733780476190478,0.035175879396984924,0.4793103448275862,0.0,143,105,144
1325,0.8578680203045685,0.8071065989847716,0.766497461928934,102.23428606041556,103.82151812741321,154.303374,0.27419354838709675,0.5769230769230769,0.7553191489361702,169,159,151,0.7169811320754716,0.5566037735849056,0.7547169811320755,11.615448460317474,24.545702,13.68203977211677,0.0,0.6129032258064516,0.0,76,59,80,0.7157360406091371,0.5634517766497462,0.7208121827411168,5.002143,6.141109317460317,1.8722520476190478,0.04040404040404041,0.5384615384615384,0.0,141,111,142
1326,0.8730964467005076,0.7918781725888325,0.7563451776649747,99.44287707304177,101.57467536476028,155.109822,0.45,0.5301204819277109,0.7647058823529411,172,156,149,0.7169811320754716,0.5283018867924528,0.7641509433962265,12.168664682539694,24.006438888888887,13.886652240981242,0.0,0.608,0.0,76,56,81,0.7411167512690355,0.5786802030456852,0.7208121827411168,5.086512,6.225563984126979,1.8576000476190477,0.04975124378109453,0.5361216730038023,0.0,146,114,142
1327,0.8477157360406091,0.8121827411167513,0.7715736040609137,99.86080196631512,99.81505993555635,151.780096,0.4423076923076923,0.5064935064935064,0.7207207207207207,167,160,152,0.7358490566037735,0.5471698113207547,0.7547169811320755,11.495634111111123,24.594103666666665,13.780087891774896,0.0,0.6349206349206349,0.011764705882352941,78,58,80,0.7157360406091371,0.5634517766497462,0.7309644670050761,5.0542,6.209226984126979,1.9001850476190478,0.050505050505050504,0.5095057034220533,0.0,141,111,144
1328,0.8730964467005076,0.8071065989847716,0.7563451776649747,100.38725257795512,101.4330463725992,152.612069,0.34285714285714286,0.5797101449275363,0.7586206896551724,172,159,149,0.7264150943396226,0.5188679245283019,0.7169811320754716,11.862523000000015,24.488314888888887,13.920237768231768,0.0,0.624,0.0,77,55,76,0.7208121827411168,0.5634517766497462,0.7208121827411168,5.049983,6.151263650793669,1.851436047619048,0.025510204081632654,0.49809885931558934,0.0,142,111,142
1329,0.8629441624365483,0.8121827411167513,0.7614213197969543,100.71512427382879,99.3830490247488,150.590536,0.3090909090909091,0.48717948717948717,0.6666666666666666,170,160,150,0.7264150943396226,0.5566037735849056,0.7358490566037735,12.008290888888903,24.725530666666664,14.20835383760684,0.0,0.5895522388059702,0.0,77,59,78,0.7309644670050761,0.5685279187817259,0.7208121827411168,5.029232,6.153900984127,1.9024360476190478,0.025510204081632654,0.4962686567164179,0.0,144,112,142
1330,0.8426395939086294,0.8223350253807107,0.766497461928934,105.17418791128925,98.1393677724692,154.607032,0.40350877192982454,0.5633802816901409,0.6770833333333334,166,162,151,0.7264150943396226,0.5283018867924528,0.7264150943396226,11.580095428571443,24.382738222222216,13.86107504273504,0.0,0.6166666666666667,0.0,77,56,77,0.7258883248730964,0.583756345177665,0.7157360406091371,5.030945,6.068985317460318,1.8171810476190478,0.03608247422680412,0.5441176470588235,0.0,143,115,141
1331,0.8578680203045685,0.8020304568527918,0.751269035532995,100.08041578551625,102.52236837380897,152.161272,0.43548387096774194,0.5671641791044776,0.7439024390243902,169,158,148,0.7169811320754716,0.5471698113207547,0.7547169811320755,11.773976000000015,24.210386888888888,13.826958068154068,0.0,0.6153846153846154,0.013157894736842105,76,58,80,0.7258883248730964,0.5685279187817259,0.7157360406091371,5.120383,6.130858317460327,1.8735350476190478,0.05025125628140704,0.5230125523012552,0.0,143,112,141
1332,0.8527918781725888,0.8324873096446701,0.7614213197969543,99.6192570932797,102.27610287529643,155.085508,0.2857142857142857,0.6024096385542169,0.6633663366336634,168,164,150,0.7358490566037735,0.5377358490566038,0.7641509433962265,11.408557428571443,25.010974698412834,14.090143096903097,0.0,0.6260162601626016,0.0,78,57,81,0.7208121827411168,0.5431472081218274,0.700507614213198,5.009476,6.1521336507937,1.858961047619048,0.06030150753768844,0.5,0.0,142,107,138
1333,0.8477157360406091,0.8020304568527918,0.766497461928934,100.24853116716902,101.49127870714231,151.335025,0.3561643835616438,0.5609756097560976,0.6413043478260869,167,158,151,0.7264150943396226,0.5660377358490566,0.8018867924528302,11.778558000000015,24.52174992063506,13.967404861582866,0.0,0.584,0.03571428571428571,77,60,85,0.700507614213198,0.5583756345177665,0.6954314720812182,5.096311,6.066898317460318,1.9411540476190479,0.047619047619047616,0.48717948717948717,0.0,138,110,137
1334,0.868020304568528,0.8020304568527918,0.7563451776649747,103.41385160716213,99.92823340803287,155.931681,0.375,0.5441176470588235,0.7108433734939759,171,158,149,0.7264150943396226,0.5471698113207547,0.7452830188679245,11.689882111111126,24.76549692063506,14.0693890981241,0.0,0.6416666666666667,0.01282051282051282,77,58,79,0.7106598984771574,0.5685279187817259,0.6954314720812182,5.087065,6.007970317460318,1.8605260476190477,0.031578947368421054,0.5092250922509225,0.0,140,112,137
1335,0.8274111675126904,0.8121827411167513,0.766497461928934,107.67933004715447,101.85904902595854,153.583216,0.2727272727272727,0.4810126582278481,0.6829268292682927,163,160,151,0.7358490566037735,0.5094339622641509,0.7547169811320755,11.481448000000015,24.79690592063506,13.900452325008324,0.0,0.6271186440677966,0.0,78,54,80,0.7157360406091371,0.5380710659898477,0.6903553299492385,5.027612,6.118083317460297,1.791419047619048,0.025380710659898477,0.515625,0.0,141,106,136
1336,0.8477157360406091,0.817258883248731,0.7563451776649747,99.31259991220817,103.58576669262521,155.634353,0.3,0.6271186440677966,0.6790123456790124,167,161,149,0.7169811320754716,0.5471698113207547,0.7735849056603774,11.722683000000014,24.80325134920649,13.951918985569987,0.0,0.5873015873015873,0.0,76,58,82,0.7208121827411168,0.5076142131979695,0.6954314720812182,5.047665,6.112767984126966,1.8071550476190479,0.016129032258064516,0.48846153846153845,0.0,142,100,137
1337,0.8477157360406091,0.7766497461928934,0.766497461928934,100.00506422216804,103.72952137380896,159.426121,0.22058823529411764,0.5571428571428572,0.6373626373626373,167,153,151,0.6886792452830188,0.5471698113207547,0.7358490566037735,11.568373428571444,24.420072142857283,13.615201567432571,0.0,0.6166666666666667,0.0,73,58,78,0.7309644670050761,0.5431472081218274,0.6903553299492385,5.059446,6.051470317460318,1.8162820476190478,0.010582010582010581,0.45724907063197023,0.0,144,107,136
1338,0.8730964467005076,0.817258883248731,0.7817258883248731,102.41773552253677,102.85147565840131,157.489149,0.3191489361702128,0.5443037974683544,0.5666666666666667,172,161,154,0.6981132075471698,0.5377358490566038,0.7169811320754716,12.027039253968269,25.31807092063506,14.04651721678322,0.0,0.6014492753623188,0.0,74,57,76,0.7411167512690355,0.5786802030456852,0.700507614213198,5.179144,6.023843984127119,1.7700140476190478,0.03125,0.5055350553505535,0.0,146,114,138
1339,0.8477157360406091,0.8274111675126904,0.7563451776649747,101.08699322667411,99.10469337380897,152.876049,0.3191489361702128,0.4810126582278481,0.684931506849315,167,163,149,0.7169811320754716,0.5566037735849056,0.7547169811320755,12.12781377777779,25.254688809523948,13.814269023976028,0.0,0.6068376068376068,0.0,76,59,80,0.7411167512690355,0.5634517766497462,0.700507614213198,5.139629,6.058240317460318,1.7577300476190478,0.03076923076923077,0.5247148288973384,0.0,146,111,138
1340,0.8578680203045685,0.7868020304568528,0.7411167512690355,103.22024105934466,93.07041821664872,149.070977,0.3064516129032258,0.6290322580645161,0.6363636363636364,169,155,146,0.6981132075471698,0.5188679245283019,0.7452830188679245,12.412551682539695,25.629525571428708,13.695073492063498,0.0,0.6416666666666667,0.0,74,55,79,0.7309644670050761,0.5736040609137056,0.6852791878172588,5.132162,6.15281165079392,1.7964210476190479,0.02617801047120419,0.5038461538461538,0.0,144,113,135
1341,0.8426395939086294,0.8071065989847716,0.7157360406091371,99.14450627382875,91.50785754998206,153.813744,0.3269230769230769,0.7627118644067796,0.7758620689655172,166,159,141,0.6981132075471698,0.5377358490566038,0.7924528301886793,11.891893555555571,24.837514936508075,13.655235078255084,0.0,0.5982905982905983,0.0,74,57,84,0.7715736040609137,0.5634517766497462,0.6903553299492385,5.157799,6.076066317459916,1.8331230476190479,0.02577319587628866,0.5092936802973977,0.0,152,111,136
1342,0.8578680203045685,0.7868020304568528,0.7157360406091371,101.40072094049118,93.53903521664871,151.046836,0.23214285714285715,0.7931034482758621,0.6716417910447762,169,155,141,0.6981132075471698,0.5566037735849056,0.7641509433962265,11.661332888888904,25.685074142857275,13.638925113997116,0.0,0.6134453781512605,0.0,74,59,81,0.7563451776649747,0.5532994923857868,0.6954314720812182,5.11976,5.948684984127119,1.7861690476190477,0.03208556149732621,0.503731343283582,0.0,149,109,137
1343,0.8578680203045685,0.7969543147208121,0.7055837563451777,103.93203655550289,92.6271948687983,149.249829,0.36,0.7538461538461538,0.7846153846153846,169,157,139,0.6886792452830188,0.5283018867924528,0.6698113207547169,12.017584111111127,25.087663492063626,13.752495160173162,0.0,0.6229508196721312,0.0,73,56,71,0.751269035532995,0.5482233502538071,0.7106598984771574,5.142119,5.894019317460318,1.8157920476190479,0.026881720430107527,0.4679245283018868,0.0,148,108,140
1344,0.8375634517766497,0.8020304568527918,0.700507614213198,105.52973927382823,92.78050620213165,154.008804,0.3409090909090909,0.8245614035087719,0.6506024096385542,165,158,138,0.6981132075471698,0.5283018867924528,0.6886792452830188,11.806171000000015,25.167847888886882,14.456312371184369,0.0,0.632,0.0,74,56,73,0.7461928934010152,0.5736040609137056,0.6954314720812182,5.133754,5.849260317460318,1.799751047619048,0.02127659574468085,0.4904214559386973,0.0,147,113,137
1345,0.8426395939086294,0.7715736040609137,0.6903553299492385,99.00367022216882,91.62084312348078,152.792525,0.2676056338028169,0.7540983606557377,0.620253164556962,166,152,136,0.7075471698113207,0.5283018867924528,0.7641509433962265,12.012200317460332,24.795554634920485,14.117050601176604,0.0,0.6062992125984252,0.0,75,56,81,0.7614213197969543,0.5786802030456852,0.6954314720812182,5.11576,5.839625317460318,1.825263047619048,0.02631578947368421,0.5136186770428015,0.0,150,114,137
1346,0.8274111675126904,0.7766497461928934,0.700507614213198,102.13693760715687,92.55470553546496,154.577849,0.35714285714285715,0.7313432835820896,0.6,163,153,138,0.7169811320754716,0.5566037735849056,0.7547169811320755,11.684306000000015,25.24422182539496,13.933227976578982,0.0,0.5806451612903226,0.0,76,59,80,0.751269035532995,0.5532994923857868,0.6903553299492385,5.054917,5.767430984127119,1.8403490476190478,0.021505376344086023,0.5057915057915058,0.0,148,109,136
1347,0.8071065989847716,0.7715736040609137,0.700507614213198,102.05651432882388,91.92231553546496,155.402653,0.38,0.8333333333333334,0.6428571428571429,159,152,138,0.6886792452830188,0.5188679245283019,0.7735849056603774,11.860403111111127,24.63603071428542,14.390665027528032,0.0,0.6190476190476191,0.0,73,55,82,0.7563451776649747,0.5583756345177665,0.6903553299492385,5.113019,5.713737317460318,1.791071047619048,0.042328042328042326,0.47104247104247104,0.0,149,110,136
1348,0.8477157360406091,0.7614213197969543,0.700507614213198,103.60574355550588,92.3006568687983,153.121197,0.3230769230769231,0.78125,0.64,167,150,138,0.6981132075471698,0.5377358490566038,0.7169811320754716,11.745542539682557,25.688139428571276,13.702661974358977,0.0,0.624,0.0,74,57,76,0.7563451776649747,0.5482233502538071,0.6751269035532995,5.146607,5.6488319841267165,1.8159530476190477,0.0374331550802139,0.5139442231075697,0.0,149,108,133
1349,0.8274111675126904,0.7817258883248731,0.7055837563451777,103.76689961406235,91.76670953546495,153.121197,0.4107142857142857,0.8064516129032258,0.6438356164383562,163,154,139,0.7075471698113207,0.5377358490566038,0.7547169811320755,11.382324031746048,25.56881419047618,14.033877620490626,0.0,0.5909090909090909,0.0,75,57,80,0.7360406091370558,0.5685279187817259,0.6852791878172588,5.134427,5.728016317460318,1.7895690476190478,0.05263157894736842,0.5120967741935484,0.0,145,112,135
1350,0.8375634517766497,0.7715736040609137,0.6954314720812182,100.34151683717575,92.68460053546495,153.340763,0.2222222222222222,0.8305084745762712,0.6533333333333333,165,152,137,0.7075471698113207,0.5566037735849056,0.7547169811320755,12.00454100000001,24.744550238095233,13.835686771450774,0.0,0.6134453781512605,0.0,75,59,80,0.7258883248730964,0.5685279187817259,0.6903553299492385,5.149377,5.813300984127119,1.8325120476190477,0.02197802197802198,0.5062761506276151,0.0,143,112,136
1351,0.7969543147208121,0.7614213197969543,0.6852791878172588,104.30278604715258,95.47590853546495,154.646959,0.3541666666666667,0.78125,0.6666666666666666,157,150,135,0.6981132075471698,0.5566037735849056,0.7075471698113207,11.668214888888903,24.952702666666656,14.133723114885118,0.0,0.5677966101694916,0.0,74,59,75,0.7258883248730964,0.5685279187817259,0.6852791878172588,5.155588,5.734873984127119,1.8259330476190478,0.027472527472527472,0.4857142857142857,0.0,143,112,135
1352,0.8375634517766497,0.751269035532995,0.6751269035532995,102.65804522216955,92.94409653546495,154.411419,0.2549019607843137,0.7540983606557377,0.6533333333333333,165,148,133,0.6981132075471698,0.49056603773584906,0.7075471698113207,11.540121222222238,25.548225555555543,14.072543060051064,0.0,0.6272727272727273,0.0,74,52,75,0.7106598984771574,0.5380710659898477,0.6954314720812182,5.127791,5.7802416507936645,1.8262090476190478,0.027777777777777776,0.5368852459016393,0.0,140,106,137
1353,0.817258883248731,0.7563451776649747,0.6802030456852792,104.87744438499537,92.18255120213165,152.263601,0.2692307692307692,0.78125,0.6,161,149,134,0.6981132075471698,0.5188679245283019,0.7358490566037735,11.701502126984142,24.911197555555546,13.923769079365083,0.0,0.5819672131147541,0.0,74,55,78,0.7055837563451777,0.5583756345177665,0.6700507614213198,5.066605,5.844257650793627,1.7962950476190478,0.02717391304347826,0.4801587301587302,0.0,139,110,132
1354,0.8020304568527918,0.751269035532995,0.6751269035532995,104.7498154488454,92.11871340580409,153.08331,0.24561403508771928,0.9122807017543859,0.6172839506172839,158,148,133,0.6698113207547169,0.5283018867924528,0.7452830188679245,11.874151111111127,25.12405588888888,14.255536661782664,0.0,0.5929203539823009,0.0,71,56,79,0.6954314720812182,0.5532994923857868,0.6751269035532995,5.080202,5.945235650793665,1.7802900476190477,0.03825136612021858,0.49586776859504134,0.0,137,109,133
1355,0.8578680203045685,0.7715736040609137,0.6852791878172588,97.56509188883847,96.4032998687983,156.092279,0.2459016393442623,0.7230769230769231,0.6233766233766234,169,152,135,0.660377358490566,0.25471698113207547,0.36792452830188677,12.035486111111126,20.756812142856987,11.445337580197586,0.0,0.57,0.0,70,27,39,0.7157360406091371,0.583756345177665,0.6903553299492385,5.074025,5.924560650793664,1.8353390476190479,0.03783783783783784,0.5234375,0.0,141,115,136
1356,0.8477157360406091,0.766497461928934,0.6852791878172588,99.66747022216282,94.86538286879829,153.817901,0.4,0.8360655737704918,0.5897435897435898,167,151,135,0.6792452830188679,0.2641509433962264,0.330188679245283,11.871111222222234,20.23089525396809,12.014111059607066,0.0,0.5789473684210527,0.0,72,28,35,0.7106598984771574,0.6142131979695431,0.6954314720812182,5.019756,5.905296317460319,1.7985760476190478,0.02702702702702703,0.5176470588235295,0.0,140,121,137
1357,0.8274111675126904,0.7817258883248731,0.6852791878172588,105.65683788883547,95.87846964144767,155.526829,0.29411764705882354,0.819672131147541,0.6376811594202898,163,154,135,0.7075471698113207,0.2641509433962264,0.33962264150943394,12.067928888888899,20.61454625396809,11.593957346431353,0.0,0.6,0.0,75,28,36,0.7106598984771574,0.6040609137055838,0.6802030456852792,5.06972,5.960996984126934,1.8195340476190478,0.015789473684210527,0.47844827586206895,0.0,140,119,134
1358,0.8527918781725888,0.7715736040609137,0.6802030456852792,104.49090455550966,95.37383030811435,155.430958,0.3125,0.75,0.5301204819277109,168,152,134,0.6981132075471698,0.2169811320754717,0.3113207547169811,12.201946777777792,20.08912036507921,11.175861538683549,0.0,0.6216216216216216,0.0,74,23,33,0.7258883248730964,0.5736040609137056,0.6700507614213198,5.01911,5.935914317460317,1.839023047619048,0.0,0.47280334728033474,0.0,143,113,132
1359,0.8527918781725888,0.766497461928934,0.6751269035532995,100.09507038817326,96.56476820213163,153.337648,0.2777777777777778,0.8688524590163934,0.5057471264367817,168,151,133,0.6792452830188679,0.1792452830188679,0.3113207547169811,11.926890000000014,20.13533525396809,11.210598208791215,0.0,0.7323943661971831,0.06976744186046512,72,19,33,0.7411167512690355,0.5939086294416244,0.6700507614213198,5.095729,5.883104317460317,1.8500760476190479,0.0,0.44129554655870445,0.0,146,117,132
1360,0.8223350253807107,0.7715736040609137,0.6649746192893401,105.76641955550211,92.57875885742655,155.263089,0.34615384615384615,0.8064516129032258,0.5121951219512195,162,152,131,0.6886792452830188,0.19811320754716982,0.33962264150943394,12.214625000000014,20.316970142856977,10.992171977022982,0.0,0.7611940298507462,0.020833333333333332,73,21,36,0.7258883248730964,0.5786802030456852,0.6598984771573604,5.027204,5.955343984126972,1.8320200476190478,0.005494505494505495,0.4713656387665198,0.0,143,114,130
1361,0.8781725888324873,0.7715736040609137,0.6548223350253807,99.00555388882499,94.03667644544238,155.173056,0.29508196721311475,0.7794117647058824,0.47674418604651164,173,152,129,0.6415094339622641,0.16981132075471697,0.32075471698113206,11.783064888888903,20.64628025396809,11.10400504662005,0.01098901098901099,0.821917808219178,0.0425531914893617,68,18,34,0.7258883248730964,0.5431472081218274,0.6548223350253807,5.004266,5.946547984126972,1.8230870476190477,0.02127659574468085,0.4863636363636364,0.0,143,107,129
1362,0.8324873096446701,0.7563451776649747,0.6548223350253807,100.18897633333314,95.59635767221812,153.882834,0.37254901960784315,0.7931034482758621,0.45977011494252873,164,149,129,0.6886792452830188,0.1320754716981132,0.3490566037735849,12.54762942857144,20.548510142856976,11.586694892773897,0.0,0.8214285714285714,0.15217391304347827,73,14,37,0.7106598984771574,0.5583756345177665,0.6548223350253807,5.013025,5.919504650793664,1.7997740476190478,0.011049723756906077,0.4691358024691358,0.0,140,110,129
1363,0.8324873096446701,0.766497461928934,0.6548223350253807,101.87936422217032,95.95027367221812,154.842835,0.3684210526315789,0.8333333333333334,0.46511627906976744,164,151,129,0.6886792452830188,0.12264150943396226,0.3584905660377358,12.146273111111123,20.38488725396809,11.426512397269406,0.0,0.8809523809523809,0.10204081632653061,73,13,38,0.7208121827411168,0.5634517766497462,0.649746192893401,4.977383,6.004591650793701,1.808229047619048,0.010869565217391304,0.44214876033057854,0.0,142,111,128
1364,0.8375634517766497,0.7614213197969543,0.649746192893401,102.16422999984016,96.29153964144767,153.882834,0.2545454545454545,0.8983050847457628,0.4606741573033708,165,150,128,0.6792452830188679,0.10377358490566038,0.37735849056603776,11.657909428571443,20.71690425396809,11.76642805294706,0.0,0.92,0.1875,72,11,40,0.7157360406091371,0.583756345177665,0.6446700507614214,4.984767,6.015414650793627,1.847568047619048,0.0,0.4279835390946502,0.0,141,115,127
1365,0.8527918781725888,0.766497461928934,0.6446700507614214,100.91006510665508,95.61277450469449,153.882834,0.29850746268656714,0.7681159420289855,0.46153846153846156,168,151,127,0.6792452830188679,0.11320754716981132,0.32075471698113206,11.467685222222238,20.33334425396809,11.453301529137535,0.0,0.8809523809523809,0.18,72,12,34,0.7157360406091371,0.5939086294416244,0.6446700507614214,5.036102,5.979434984126972,1.8410240476190478,0.00546448087431694,0.4067796610169492,0.005376344086021506,141,117,127
1366,0.8426395939086294,0.751269035532995,0.6446700507614214,99.50838988883173,96.15358717136115,155.018867,0.39622641509433965,0.9137931034482759,0.46236559139784944,166,148,127,0.6886792452830188,0.11320754716981132,0.3490566037735849,11.713023888888904,20.500785142856977,11.38537181485182,0.0,0.9506172839506173,0.2641509433962264,73,12,37,0.7208121827411168,0.5989847715736041,0.6598984771573604,4.965777,6.032272984126972,1.8569430476190478,0.010869565217391304,0.42410714285714285,0.005291005291005291,142,118,130
1367,0.8324873096446701,0.766497461928934,0.6446700507614214,102.27539522216883,96.42671417136116,155.018867,0.3333333333333333,0.8571428571428571,0.45652173913043476,164,151,127,0.6886792452830188,0.11320754716981132,0.3113207547169811,11.362658111111124,20.45612325396809,11.507561232434238,0.0,0.9230769230769231,0.2708333333333333,73,12,33,0.6903553299492385,0.5736040609137056,0.649746192893401,5.036782,5.976476984126972,1.8275620476190477,0.011111111111111112,0.41517857142857145,0.005434782608695652,136,113,128
1368,0.8477157360406091,0.7614213197969543,0.6446700507614214,103.7270506621619,95.55020164144766,154.37251,0.26666666666666666,0.828125,0.46153846153846156,167,150,127,0.6698113207547169,0.09433962264150944,0.2641509433962264,11.626584888888903,20.59858925396809,11.164358576756584,0.0,0.8987341772151899,0.30434782608695654,71,10,28,0.7055837563451777,0.583756345177665,0.6395939086294417,5.024606,5.993506984126972,1.8562310476190478,0.03278688524590164,0.3888888888888889,0.005405405405405406,139,115,126
1369,0.8527918781725888,0.7563451776649747,0.6446700507614214,104.51825996613086,95.45264030811433,155.018867,0.25396825396825395,0.8153846153846154,0.46153846153846156,168,149,127,0.6415094339622641,0.09433962264150944,0.3113207547169811,11.224556000000016,20.478540253968088,11.172504313020317,0.0,0.9634146341463414,0.37037037037037035,68,10,33,0.6903553299492385,0.583756345177665,0.6294416243654822,5.050787,5.992323984126972,1.826256047619048,0.02185792349726776,0.41422594142259417,0.00546448087431694,136,115,124
1370,0.8223350253807107,0.7614213197969543,0.6446700507614214,104.20481856885995,96.40757130811431,156.309089,0.3404255319148936,0.9,0.4583333333333333,162,150,127,0.660377358490566,0.33962264150943394,0.6981132075471698,11.279050000000016,24.477722666666658,13.30608055699856,0.0,0.6637168141592921,0.14432989690721648,70,36,74,0.6802030456852792,0.5939086294416244,0.6345177664974619,5.028231,6.077887317460317,1.7996170476190478,0.032432432432432434,0.41025641025641024,0.0,134,117,125
1371,0.8324873096446701,0.7461928934010152,0.6395939086294417,104.60112822216882,95.87117164144766,154.035386,0.3076923076923077,0.9811320754716981,0.4489795918367347,164,147,126,0.6415094339622641,0.29245283018867924,0.6792452830188679,11.028950111111127,25.049852666666663,14.45241865079365,0.0,0.8448275862068966,0.07692307692307693,68,31,72,0.6802030456852792,0.5939086294416244,0.6446700507614214,5.061938,6.149437317460506,1.7732780476190477,0.021739130434782608,0.4043478260869565,0.0,134,117,127
1372,0.8578680203045685,0.7563451776649747,0.6345177664974619,103.18411519752064,95.70757130811432,154.988881,0.3076923076923077,0.8095238095238095,0.44,169,149,125,0.6509433962264151,0.32075471698113206,0.6981132075471698,11.275189571428585,24.928042666666656,13.923715298146298,0.0,0.8222222222222222,0.15853658536585366,69,34,74,0.6852791878172588,0.6040609137055838,0.6446700507614214,5.063351,6.056872650793402,1.804496047619048,0.0273224043715847,0.4112903225806452,0.0,135,119,127
1373,0.8578680203045685,0.7411167512690355,0.6243654822335025,103.13155530407964,96.30560477877572,153.632098,0.375,0.8333333333333334,0.42424242424242425,169,146,123,0.6698113207547169,0.33962264150943394,0.7264150943396226,11.462896920634932,24.823538666666657,13.84579236141636,0.0,0.8,0.1625,71,36,77,0.6903553299492385,0.6142131979695431,0.6446700507614214,5.077495,6.156530984127047,1.8621630476190478,0.021505376344086023,0.4214876033057851,0.0,136,121,127
1374,0.8324873096446701,0.7563451776649747,0.6192893401015228,100.40208866666667,95.63189124943712,154.171785,0.2833333333333333,0.8412698412698413,0.4444444444444444,164,149,122,0.660377358490566,0.33962264150943394,0.6792452830188679,11.640846460317475,25.012967666666658,14.031263191919194,0.0,0.7973856209150327,0.16049382716049382,70,36,72,0.6852791878172588,0.6142131979695431,0.6548223350253807,5.076655,6.076905317460318,1.7912450476190478,0.026881720430107527,0.3958333333333333,0.005376344086021506,135,121,129
1375,0.8375634517766497,0.7563451776649747,0.6192893401015228,102.59641703514575,94.45494833998204,154.171785,0.296875,0.8888888888888888,0.46808510638297873,165,149,122,0.6509433962264151,0.330188679245283,0.7547169811320755,11.63019100000001,25.125244666666656,13.669520539904546,0.0,0.8344370860927153,0.13953488372093023,69,35,80,0.700507614213198,0.5989847715736041,0.6548223350253807,5.123724,6.122365317460317,1.814920047619048,0.016129032258064516,0.4057377049180328,0.005434782608695652,138,118,129
1376,0.8527918781725888,0.7563451776649747,0.6192893401015228,103.9898714404711,93.94120522032803,154.171785,0.2857142857142857,0.803030303030303,0.46808510638297873,168,149,122,0.6415094339622641,0.3113207547169811,0.7547169811320755,11.440564111111128,24.88865966666666,13.629997494949494,0.010869565217391304,0.8145695364238411,0.05970149253731343,68,33,80,0.6802030456852792,0.6040609137055838,0.6548223350253807,5.115968,6.200695317460317,1.7883270476190478,0.026881720430107527,0.39330543933054396,0.0,134,119,129
1377,0.8426395939086294,0.7461928934010152,0.6192893401015228,106.58553399549447,95.31283864144767,154.171785,0.3090909090909091,0.8253968253968254,0.46808510638297873,166,147,122,0.6132075471698113,0.330188679245283,0.6320754716981132,11.668811888888904,24.895597666666657,13.77178752991453,0.0,0.793939393939394,0.1111111111111111,65,35,67,0.6903553299492385,0.5786802030456852,0.6598984771573604,5.067851,6.141701317460317,1.8102980476190478,0.031578947368421054,0.4066390041493776,0.0,136,114,130
1378,0.8121827411167513,0.7411167512690355,0.6142131979695431,104.14738210665283,95.700272974781,154.171785,0.2830188679245283,0.85,0.46808510638297873,160,146,121,0.6415094339622641,0.27358490566037735,0.6792452830188679,11.816325428571444,24.927016666666656,13.389363466644467,0.010752688172043012,0.8466666666666667,0.0821917808219178,68,29,72,0.6802030456852792,0.5888324873096447,0.6598984771573604,5.073716,6.113440317460317,1.7870070476190478,0.02717391304347826,0.4049586776859504,0.0,134,116,130
1379,0.8527918781725888,0.7461928934010152,0.6142131979695431,102.37426508164052,95.87811467502928,154.171785,0.20967741935483872,0.8688524590163934,0.46808510638297873,168,147,121,0.6509433962264151,0.3018867924528302,0.6981132075471698,11.558785000000015,25.105936666666658,13.862892144300147,0.0,0.78125,0.08,69,32,74,0.700507614213198,0.5786802030456852,0.6598984771573604,5.069584,6.1566243174603175,1.7593150476190478,0.015957446808510637,0.3872340425531915,0.0,138,114,130
1380,0.8527918781725888,0.751269035532995,0.6142131979695431,104.76197033333388,95.01101130811432,154.171785,0.22916666666666666,0.8387096774193549,0.46808510638297873,168,148,121,0.660377358490566,0.32075471698113206,0.6886792452830188,11.517644111111123,25.011345666666656,13.95700047397048,0.0,0.7687861271676301,0.07894736842105263,70,34,73,0.6852791878172588,0.5736040609137056,0.649746192893401,5.075728,6.109097317460317,1.7654180476190477,0.021621621621621623,0.38461538461538464,0.0,135,113,128
1381,0.8527918781725888,0.7309644670050761,0.6142131979695431,102.87645355549391,94.84991614511067,154.171785,0.21153846153846154,0.8153846153846154,0.4583333333333333,168,144,121,0.6886792452830188,0.330188679245283,0.6792452830188679,11.744287000000014,24.964476666666656,13.793156679098685,0.0,0.7777777777777778,0.11842105263157894,73,35,72,0.6954314720812182,0.5482233502538071,0.6395939086294417,5.118251,6.175618984127047,1.7667990476190478,0.016483516483516484,0.41975308641975306,0.0,137,108,126
1382,0.8426395939086294,0.751269035532995,0.6142131979695431,104.75286811040787,93.98651591105067,154.171785,0.3,0.7727272727272727,0.4583333333333333,166,148,121,0.6981132075471698,0.330188679245283,0.7169811320754716,11.883644571428587,24.982485555555552,13.769455352092356,0.010526315789473684,0.7647058823529411,0.0875,74,35,76,0.6598984771573604,0.5431472081218274,0.6548223350253807,5.065729,6.094846317460317,1.8231130476190478,0.01092896174863388,0.4156378600823045,0.0,130,107,129
1383,0.8477157360406091,0.7461928934010152,0.6142131979695431,105.19836322216882,94.88047839813689,153.506602,0.18,0.796875,0.45918367346938777,167,147,121,0.6886792452830188,0.3113207547169811,0.6886792452830188,12.419121777777791,24.410962555555546,13.78188442368743,0.010752688172043012,0.8152866242038217,0.0684931506849315,73,33,73,0.6802030456852792,0.5888324873096447,0.6598984771573604,5.065946,6.1198843174603175,1.8189670476190478,0.0213903743315508,0.41365461847389556,0.0,134,116,130
1384,0.8375634517766497,0.751269035532995,0.6142131979695431,105.54439232882423,95.87862253546494,153.506602,0.22916666666666666,0.8666666666666667,0.44554455445544555,165,148,121,0.6698113207547169,0.32075471698113206,0.7452830188679245,11.786442793650806,24.579494555555545,13.695784819957824,0.0,0.8074534161490683,0.06172839506172839,71,34,79,0.6903553299492385,0.5685279187817259,0.6598984771573604,5.06848,6.217617317460317,1.8411100476190478,0.026595744680851064,0.4017094017094017,0.0,136,112,130
1385,0.8274111675126904,0.7614213197969543,0.6700507614213198,105.66615188883472,110.42207137380896,159.383914,0.22388059701492538,0.8225806451612904,0.4322033898305085,163,150,132,0.660377358490566,0.330188679245283,0.6886792452830188,12.136103111111128,24.888402555555544,14.244723499611506,0.010869565217391304,0.7898089171974523,0.029411764705882353,70,35,73,0.6649746192893401,0.5685279187817259,0.6446700507614214,5.052229,6.2347249841270465,1.8354480476190478,0.01639344262295082,0.39662447257383965,0.0,131,112,127
1386,0.8578680203045685,0.7766497461928934,0.6852791878172588,102.30683688883623,106.22015651278338,163.904628,0.30434782608695654,0.4520547945205479,0.7888888888888889,169,153,135,0.6509433962264151,0.32075471698113206,0.7169811320754716,11.673511000000016,25.540967666666656,13.825170903540908,0.010638297872340425,0.7834394904458599,0.028985507246376812,69,34,76,0.6852791878172588,0.5431472081218274,0.649746192893401,5.087179,6.2845509841268585,1.8398780476190477,0.026455026455026454,0.42857142857142855,0.0,135,107,128
1387,0.8375634517766497,0.8020304568527918,0.6903553299492385,108.15645360716272,106.26398503914135,164.561278,0.1951219512195122,0.4126984126984127,0.8214285714285714,165,158,136,0.6509433962264151,0.3113207547169811,0.7830188679245284,11.766417000000015,24.86931277777777,13.848379588522588,0.010869565217391304,0.7928994082840237,0.02564102564102564,69,33,83,0.6751269035532995,0.5329949238578681,0.6548223350253807,5.100382,6.317230984127047,1.8454100476190478,0.032432432432432434,0.40948275862068967,0.0,133,105,129
1388,0.8629441624365483,0.8274111675126904,0.7309644670050761,110.18011455550214,110.99178552853252,161.453933,0.2857142857142857,0.46153846153846156,0.75,170,163,144,0.7264150943396226,0.36792452830188677,0.7169811320754716,11.869767000000015,24.54039144444444,14.006574144300147,0.0,0.7701863354037267,0.05714285714285714,77,39,76,0.6903553299492385,0.5482233502538071,0.6751269035532995,5.053786,6.364798984127047,1.8301030476190479,0.03608247422680412,0.42616033755274263,0.0,136,108,133
1389,0.8629441624365483,0.817258883248731,0.7461928934010152,115.5973371929626,111.46965744643578,163.813252,0.30357142857142855,0.4861111111111111,0.82,170,161,147,0.7264150943396226,0.39622641509433965,0.7169811320754716,12.092722571428586,24.925439666666655,14.269756964812967,0.0,0.7423312883435583,0.036585365853658534,77,42,76,0.6751269035532995,0.6040609137055838,0.6649746192893401,5.137264,6.2653913174601295,1.8824190476190479,0.030303030303030304,0.37358490566037733,0.0,133,119,131
1390,0.8984771573604061,0.8527918781725888,0.7208121827411168,108.74854306385225,106.65058974170783,168.997349,0.22580645161290322,0.4507042253521127,0.7669902912621359,177,168,142,0.7358490566037735,0.37735849056603776,0.7075471698113207,12.456006746031761,24.589973777777768,13.945663441003447,0.0,0.7142857142857143,0.025974025974025976,78,40,75,0.700507614213198,0.6142131979695431,0.6700507614213198,5.136629,6.260246317460505,1.8545200476190478,0.034653465346534656,0.3684210526315789,0.0,138,121,132
1391,0.883248730964467,0.8578680203045685,0.7411167512690355,110.33919755551658,108.99717593707737,170.536678,0.32,0.4305555555555556,0.7787610619469026,174,169,146,0.7264150943396226,0.41509433962264153,0.7547169811320755,11.877808571428586,24.954834555555546,14.484011441003446,0.0,0.6912751677852349,0.0125,77,44,80,0.700507614213198,0.6345177664974619,0.6751269035532995,5.120483,6.395750317460317,1.8902150476190478,0.04411764705882353,0.37398373983739835,0.0,138,125,133
1392,0.8883248730964467,0.8426395939086294,0.7461928934010152,110.63466278220422,111.81844425907069,165.42247,0.22727272727272727,0.4918032786885246,0.8080808080808081,175,166,147,0.7358490566037735,0.39622641509433965,0.7075471698113207,12.138177428571444,24.929754555555544,14.3058927999778,0.0,0.6645161290322581,0.0,78,42,75,0.6954314720812182,0.6345177664974619,0.6700507614213198,5.206912,6.458913984127235,1.9336240476190478,0.035175879396984924,0.3401639344262295,0.0,137,125,132
1393,0.883248730964467,0.8527918781725888,0.751269035532995,108.78471669136307,110.09498207383126,167.469222,0.3333333333333333,0.5285714285714286,0.7870370370370371,174,168,148,0.7641509433962265,0.4339622641509434,0.7830188679245284,11.861835111111127,24.594585444444434,14.056594345765353,0.0,0.6571428571428571,0.0,81,46,83,0.6954314720812182,0.649746192893401,0.6802030456852792,5.159513,6.397153984126484,1.9112580476190477,0.02564102564102564,0.3306122448979592,0.0,137,128,134
1394,0.8781725888324873,0.8426395939086294,0.7461928934010152,108.64734608630903,110.03785057792062,169.644535,0.2830188679245283,0.5,0.7961165048543689,173,166,147,0.7264150943396226,0.4528301886792453,0.7547169811320755,11.919410428571444,24.57650077777777,14.163995851259854,0.0,0.647887323943662,0.0,77,48,80,0.6954314720812182,0.6649746192893401,0.6802030456852792,5.103464,6.3634529841272345,1.8734790476190477,0.030456852791878174,0.3472803347280335,0.0,137,131,134
1395,0.8934010152284264,0.8274111675126904,0.7461928934010152,111.80644963295065,106.8546644652734,166.163149,0.1694915254237288,0.4925373134328358,0.7567567567567568,176,163,147,0.7452830188679245,0.4528301886792453,0.7641509433962265,11.775122000000016,24.79770712698412,14.087537880563886,0.0,0.6462585034013606,0.0,79,48,81,0.6903553299492385,0.6649746192893401,0.6700507614213198,5.090182,6.319757984127235,1.923658047619048,0.010309278350515464,0.326271186440678,0.0,136,131,132
1396,0.8781725888324873,0.8121827411167513,0.7411167512690355,108.45007178750654,106.99317572511269,166.786662,0.26,0.4225352112676056,0.822429906542056,173,160,146,0.7735849056603774,0.4811320754716981,0.7358490566037735,12.203072000000015,25.020528888888887,13.794769536241537,0.0,0.6319444444444444,0.0,82,51,78,0.7055837563451777,0.6700507614213198,0.6700507614213198,5.133831,6.402982317460317,1.8948740476190478,0.02030456852791878,0.30638297872340425,0.0,139,132,132
1397,0.8781725888324873,0.8527918781725888,0.751269035532995,110.1254265894952,105.43028552825483,162.132109,0.2830188679245283,0.49295774647887325,0.7787610619469026,173,168,148,0.7735849056603774,0.4811320754716981,0.7830188679245284,11.889107888888903,25.478627999999993,14.05997284393385,0.0,0.6538461538461539,0.0,82,51,83,0.6954314720812182,0.6649746192893401,0.6751269035532995,5.135564,6.511694984127234,1.9078420476190479,0.015544041450777202,0.33195020746887965,0.0,137,131,133
1398,0.8934010152284264,0.8426395939086294,0.7411167512690355,107.1765451649065,113.80698798323382,163.870373,0.2653061224489796,0.36507936507936506,0.7478260869565218,176,166,146,0.7547169811320755,0.42452830188679247,0.8018867924528302,11.719372000000014,25.59643409523808,13.79347243734044,0.0,0.6319444444444444,0.0,80,45,85,0.7106598984771574,0.6446700507614214,0.6548223350253807,5.149675,6.495519317458555,1.8746040476190478,0.015384615384615385,0.31512605042016806,0.0,140,127,129
1399,0.8984771573604061,0.8426395939086294,0.7309644670050761,105.7233573422046,110.14074608921652,168.082541,0.2786885245901639,0.463768115942029,0.8240740740740741,177,166,144,0.7735849056603774,0.49056603773584906,0.7547169811320755,11.551071000000015,24.678398555555546,14.295821408036407,0.0,0.6103896103896104,0.038461538461538464,82,52,80,0.7106598984771574,0.6142131979695431,0.6649746192893401,5.111979,6.445523317459568,1.9349520476190478,0.015384615384615385,0.3305785123966942,0.0051813471502590676,140,121,131
1400,0.8578680203045685,0.8477157360406091,0.7360406091370558,111.468096,110.05140922338438,166.23181,0.21153846153846154,0.3698630136986301,0.8235294117647058,169,167,145,0.7641509433962265,0.49056603773584906,0.7830188679245284,11.993207317460332,24.292444666666658,13.959512402930404,0.0,0.6333333333333333,0.0,81,52,83,0.7208121827411168,0.3756345177664975,0.7918781725888325,5.178073,6.393545412693416,1.9810826060606062,0.015228426395939087,0.5782122905027933,0.0,142,74,156
1401,0.9137055837563451,0.8477157360406091,0.7461928934010152,107.81298722201085,112.23542774049793,159.442071,0.13793103448275862,0.4393939393939394,0.7777777777777778,180,167,147,0.7641509433962265,0.4716981132075472,0.8018867924528302,11.580894571428585,24.14517944444444,14.39061137773338,0.0,0.6549295774647887,0.013333333333333334,81,50,85,0.7157360406091371,0.41624365482233505,0.7309644670050761,5.137305,6.339651579360082,1.9397304502164505,0.010362694300518135,0.7550335570469798,0.0,141,82,144
1402,0.8934010152284264,0.8375634517766497,0.7360406091370558,106.40633711551524,111.5066212857967,162.017735,0.2826086956521739,0.43243243243243246,0.7821782178217822,176,165,145,0.7547169811320755,0.49056603773584906,0.7924528301886793,11.435887793650807,24.115631555555545,14.42985581363082,0.0,0.6474820143884892,0.025,80,52,84,0.7157360406091371,0.41624365482233505,0.7055837563451777,5.105618,6.2884529841219114,1.8868548874458877,0.0051813471502590676,0.8156996587030717,0.0,141,82,139
1403,0.883248730964467,0.8426395939086294,0.7208121827411168,108.20716299999773,113.85201960288542,166.401936,0.3157894736842105,0.5614035087719298,0.7878787878787878,174,166,142,0.7452830188679245,0.5094339622641509,0.7452830188679245,11.860783000000016,24.446128222222217,13.915638653679657,0.0,0.6462585034013606,0.0,79,54,79,0.7309644670050761,0.37055837563451777,0.7157360406091371,5.192923,6.219147317460318,1.8539809653679655,0.005154639175257732,0.8351648351648352,0.0,144,73,141
1404,0.8934010152284264,0.8426395939086294,0.7309644670050761,110.42877102470088,110.69459682162561,166.613835,0.2653061224489796,0.4246575342465753,0.7403846153846154,176,166,144,0.7452830188679245,0.5188679245283019,0.7641509433962265,11.346128000000014,24.449869999999994,14.272104503274505,0.0,0.6643356643356644,0.012345679012345678,79,55,81,0.7157360406091371,0.3553299492385787,0.6852791878172588,5.119407,6.288329317460243,1.8760692077922083,0.0,0.8286713286713286,0.0,141,70,135
1405,0.883248730964467,0.8223350253807107,0.7360406091370558,107.91379266779414,110.78002705844605,161.515829,0.27586206896551724,0.515625,0.7941176470588235,174,162,145,0.7169811320754716,0.46226415094339623,0.7830188679245284,11.685332000000015,24.323803666666663,14.196519690087692,0.0,0.6413793103448275,0.0,76,49,83,0.7106598984771574,0.3401015228426396,0.7258883248730964,5.167971,6.232767317460467,1.8431713809523813,0.010582010582010581,0.8590604026845637,0.0,140,67,143
1406,0.8781725888324873,0.8477157360406091,0.7258883248730964,104.94051500910248,110.19786526400534,162.084618,0.265625,0.3953488372093023,0.8125,173,167,143,0.7641509433962265,0.49056603773584906,0.7358490566037735,11.679050000000014,24.3761322063492,14.451572948939951,0.0,0.6510067114093959,0.0,81,52,78,0.7258883248730964,0.3147208121827411,0.7106598984771574,5.204372,6.190506317460318,1.820008943722944,0.010256410256410256,0.8766233766233766,0.0,143,62,140
1407,0.8629441624365483,0.8578680203045685,0.751269035532995,114.35285278242965,110.3885923481967,164.527873,0.25862068965517243,0.5849056603773585,0.719626168224299,170,169,148,0.7547169811320755,0.4811320754716981,0.7075471698113207,12.008810428571444,23.983911666666664,13.882902999445003,0.0,0.6304347826086957,0.0,80,51,75,0.7157360406091371,0.30456852791878175,0.700507614213198,5.153389,6.153128317460318,1.814964943722944,0.005208333333333333,0.8921568627450981,0.0,141,60,138
1408,0.883248730964467,0.8324873096446701,0.7411167512690355,106.87255878217648,109.0716122323758,164.469875,0.32142857142857145,0.4857142857142857,0.8131868131868132,174,164,146,0.7264150943396226,0.4811320754716981,0.7641509433962265,12.273950888888903,24.58411677777777,14.348243904761905,0.0,0.656934306569343,0.0,77,51,81,0.7208121827411168,0.30456852791878175,0.6852791878172588,5.167458,6.185599317460318,1.878265363636364,0.010416666666666666,0.8929765886287625,0.0,142,60,135
1409,0.883248730964467,0.8477157360406091,0.7411167512690355,109.04452822216919,109.31819117981398,163.811235,0.19230769230769232,0.391304347826087,0.7735849056603774,174,167,146,0.7358490566037735,0.46226415094339623,0.7641509433962265,11.419819571428587,24.358221873015864,13.780700620490625,0.0,0.6470588235294118,0.0,78,49,81,0.7106598984771574,0.2893401015228426,0.7157360406091371,5.172144,6.20790088888889,1.888371411255412,0.010416666666666666,0.9039735099337748,0.0,140,57,141
1410,0.9035532994923858,0.8426395939086294,0.7411167512690355,106.81016388883567,108.05888957522518,163.459485,0.21568627450980393,0.5230769230769231,0.8484848484848485,178,166,146,0.7452830188679245,0.4811320754716981,0.7924528301886793,11.659185888888903,24.514331682539673,14.142935239538247,0.0,0.6474820143884892,0.0,79,51,84,0.700507614213198,0.27918781725888325,0.6802030456852792,5.203835,6.20021088888889,1.845978112554113,0.026041666666666668,0.9152542372881356,0.0,138,55,134
1411,0.883248730964467,0.868020304568528,0.7411167512690355,112.27886333333484,110.33135251266887,162.468835,0.15384615384615385,0.48333333333333334,0.7735849056603774,174,171,146,0.7547169811320755,0.4716981132075472,0.7830188679245284,11.843581571428587,24.510068444444432,13.895123339660346,0.0,0.6934306569343066,0.0,80,50,83,0.7055837563451777,0.25888324873096447,0.6852791878172588,5.197401,6.156270150793652,1.9220104545454548,0.020618556701030927,0.912621359223301,0.0,139,51,135
1412,0.883248730964467,0.8477157360406091,0.7157360406091371,104.64663289359248,109.31105356570912,161.540625,0.2692307692307692,0.6041666666666666,0.8080808080808081,174,167,141,0.7641509433962265,0.5,0.7075471698113207,11.784014539682552,24.51627766666667,14.104466802419802,0.0,0.647887323943662,0.0,81,53,75,0.6903553299492385,0.24873096446700507,0.6903553299492385,5.253282,6.161775317460318,1.8866869740259742,0.015706806282722512,0.9260450160771704,0.0,136,49,136
1413,0.883248730964467,0.8629441624365483,0.7309644670050761,108.83978722200936,107.22690340696349,159.006048,0.2641509433962264,0.4626865671641791,0.7431192660550459,174,170,144,0.7358490566037735,0.5,0.7452830188679245,11.817599460317474,24.24581533333333,14.32115426151627,0.0,0.6842105263157895,0.0,78,53,79,0.6903553299492385,0.24873096446700507,0.7055837563451777,5.200132,6.141576317460318,1.8726656363636365,0.015625,0.9433962264150944,0.005747126436781609,136,49,139
1414,0.9086294416243654,0.8274111675126904,0.7411167512690355,108.95064622216901,106.12623251720139,161.602672,0.32653061224489793,0.40540540540540543,0.8316831683168316,179,163,146,0.7264150943396226,0.5,0.7641509433962265,12.378657888888903,24.48904366666667,14.101231160173166,0.0,0.6785714285714286,0.013157894736842105,77,53,81,0.6903553299492385,0.2639593908629442,0.7157360406091371,5.183935,6.175255317460318,1.8848470000000002,0.015384615384615385,0.9294478527607362,0.0,136,52,141
1415,0.8781725888324873,0.8527918781725888,0.7411167512690355,109.682653115504,106.16651494323627,164.300499,0.3409090909090909,0.4583333333333333,0.7372881355932204,173,168,146,0.7547169811320755,0.5,0.7452830188679245,12.293741222222234,24.31673888888888,14.184278832944836,0.0,0.6778523489932886,0.0136986301369863,80,53,79,0.6954314720812182,0.24873096446700507,0.7157360406091371,5.200011,6.089355317460318,1.9280247142857148,0.02040816326530612,0.9258064516129032,0.0,137,49,141
1416,0.8934010152284264,0.8578680203045685,0.7563451776649747,112.2852985511565,111.1953949896399,166.378217,0.27692307692307694,0.5666666666666667,0.78125,176,169,149,0.7924528301886793,0.5,0.8018867924528302,12.408509888888902,24.32589011111111,13.873693042735045,0.0,0.6870229007633588,0.023529411764705882,84,53,85,0.6954314720812182,0.25888324873096447,0.7157360406091371,5.261881,6.127563317460318,1.9529221255411258,0.005154639175257732,0.9297124600638977,0.0,137,51,141
1417,0.9187817258883249,0.868020304568528,0.7614213197969543,109.1335278846557,110.6834785659424,163.78929,0.2857142857142857,0.4805194805194805,0.7254901960784313,181,171,150,0.7924528301886793,0.5377358490566038,0.7641509433962265,12.555548031746044,24.755190777777777,13.905702191919195,0.0,0.6326530612244898,0.01282051282051282,84,57,81,0.7055837563451777,0.24873096446700507,0.7411167512690355,5.171616,6.170260317460318,1.9200953419913418,0.015228426395939087,0.9035369774919614,0.0,139,49,146
1418,0.8883248730964467,0.883248730964467,0.7614213197969543,114.97215466666667,104.77702924348323,161.084694,0.28125,0.5384615384615384,0.72,175,174,150,0.7830188679245284,0.5377358490566038,0.7641509433962265,12.867339682539694,24.757536777777776,14.057820389721392,0.0,0.6575342465753424,0.011904761904761904,83,57,81,0.7258883248730964,0.25888324873096447,0.7411167512690355,5.164737,6.169573317460318,1.9352256666666667,0.005128205128205128,0.8945686900958466,0.00558659217877095,143,51,146
1419,0.934010152284264,0.8477157360406091,0.766497461928934,105.90735655566199,108.0106646873103,167.77716,0.3194444444444444,0.4935064935064935,0.7047619047619048,184,167,151,0.7924528301886793,0.5188679245283019,0.8207547169811321,12.720880000000012,24.515711444444403,14.43649448862249,0.0,0.6714285714285714,0.0,84,55,87,0.7055837563451777,0.27411167512690354,0.7258883248730964,5.161456,6.180778317460318,1.926739350649351,0.01507537688442211,0.889967637540453,0.0,139,54,143
1420,0.9086294416243654,0.8730964467005076,0.7614213197969543,107.30140410665884,111.18348968131804,164.79721,0.26666666666666666,0.4266666666666667,0.7835051546391752,179,172,150,0.7830188679245284,0.5283018867924528,0.8490566037735849,12.96760974603176,24.857640666666665,14.330232257409264,0.0,0.6484375,0.0,83,56,90,0.7258883248730964,0.4873096446700508,0.7461928934010152,5.221555,6.400909317460318,1.9374514285714288,0.015228426395939087,0.7835365853658537,0.0,143,96,147
1421,0.8883248730964467,0.8883248730964467,0.7461928934010152,109.62687823551347,109.59410568250699,167.555064,0.44,0.5147058823529411,0.7181818181818181,175,175,147,0.7641509433962265,0.5,0.7358490566037735,12.627518920634932,24.878811777777777,14.302205656898657,0.0,0.648854961832061,0.0,81,53,78,0.7258883248730964,0.5532994923857868,0.751269035532995,5.245109,6.39023198413623,2.0489970476190478,0.015228426395939087,0.5602836879432624,0.0,143,109,148
1422,0.8883248730964467,0.8527918781725888,0.7461928934010152,107.67752063730082,110.32251763474852,162.73212,0.2638888888888889,0.5652173913043478,0.7171717171717171,175,168,147,0.7641509433962265,0.5094339622641509,0.8018867924528302,12.535829682539697,24.562440111111112,14.554209133311133,0.0,0.6616541353383458,0.0,81,54,85,0.7258883248730964,0.5736040609137056,0.7563451776649747,5.182482,6.392870984108492,2.0343250476190478,0.025,0.5468164794007491,0.0,143,113,149
1423,0.9086294416243654,0.8629441624365483,0.7360406091370558,108.674121,106.80474308944981,168.159064,0.2786885245901639,0.4864864864864865,0.7628865979381443,179,170,145,0.7735849056603774,0.5094339622641509,0.7735849056603774,13.053510126984142,24.699015888888844,14.058212799977804,0.0,0.6428571428571429,0.0,82,54,82,0.7411167512690355,0.5634517766497462,0.7563451776649747,5.189646,6.6223376508121445,2.0472550476190476,0.01990049751243781,0.53515625,0.010309278350515464,146,111,149
1424,0.9086294416243654,0.8730964467005076,0.7563451776649747,108.96559333333335,108.70432242278314,169.509019,0.41935483870967744,0.6266666666666667,0.7326732673267327,179,172,149,0.7735849056603774,0.5283018867924528,0.7830188679245284,12.574244650793664,24.62360177777777,14.176803337662342,0.0,0.6615384615384615,0.0,82,56,83,0.7309644670050761,0.49746192893401014,0.766497461928934,5.166866,6.5747253174603175,2.073656047619048,0.025,0.5153846153846153,0.005154639175257732,144,98,151
1425,0.9137055837563451,0.8426395939086294,0.7258883248730964,108.07437270471182,109.62695823260904,165.223098,0.39285714285714285,0.5135135135135135,0.7777777777777778,180,166,143,0.7641509433962265,0.5283018867924528,0.7830188679245284,12.284894111111123,25.226005777777768,14.476285898434906,0.0,0.6439393939393939,0.0,81,56,83,0.7208121827411168,0.5076142131979695,0.7614213197969543,5.261297,6.486229650784405,2.038637047619048,0.01015228426395939,0.4946236559139785,0.0,142,100,150
1426,0.8934010152284264,0.8781725888324873,0.7461928934010152,107.38477366666667,107.20547818004727,160.428159,0.3333333333333333,0.5205479452054794,0.6964285714285714,176,173,147,0.8018867924528302,0.5566037735849056,0.7924528301886793,12.341781031746045,24.76326777777777,14.246221477633483,0.0,0.6178861788617886,0.0,85,59,84,0.7411167512690355,0.5685279187817259,0.751269035532995,5.202133,6.427990317460317,2.0021600476190478,0.034653465346534656,0.4982456140350877,0.0,146,112,148
1427,0.9137055837563451,0.868020304568528,0.751269035532995,106.07752833333335,109.21672019543249,166.117324,0.3968253968253968,0.6056338028169014,0.7755102040816326,180,171,148,0.7830188679245284,0.5188679245283019,0.7735849056603774,13.161659888888902,25.02556477777777,14.538164187035195,0.0,0.6585365853658537,0.0,83,55,82,0.7360406091370558,0.5685279187817259,0.7360406091370558,5.248171,6.376528317460317,2.1002680476190476,0.020100502512562814,0.5527272727272727,0.0051813471502590676,145,112,145
1428,0.8781725888324873,0.8477157360406091,0.7360406091370558,113.69016566200148,110.73766739201265,169.435338,0.31666666666666665,0.49333333333333335,0.7227722772277227,173,167,145,0.8018867924528302,0.5,0.8113207547169812,12.525856000000015,24.603502222222165,14.981159412698416,0.0,0.6535433070866141,0.0,85,53,86,0.766497461928934,0.5736040609137056,0.751269035532995,5.238185,6.4146243174603175,2.073138047619048,0.02926829268292683,0.5263157894736842,0.005050505050505051,151,113,148
1429,0.9238578680203046,0.8781725888324873,0.7360406091370558,110.13430310665882,106.88426919495404,163.980881,0.3230769230769231,0.4883720930232558,0.7572815533980582,182,173,145,0.8018867924528302,0.5471698113207547,0.7641509433962265,12.593920000000015,24.524966666666657,14.103933112554122,0.0,0.6222222222222222,0.0,85,58,81,0.7563451776649747,0.5482233502538071,0.7411167512690355,5.22168,6.3822813174603175,2.002583047619048,0.02577319587628866,0.5296296296296297,0.0,149,108,146
1430,0.8984771573604061,0.868020304568528,0.751269035532995,111.3560688933412,105.2609030958559,165.102408,0.32075471698113206,0.5616438356164384,0.7238095238095238,177,171,148,0.8018867924528302,0.5566037735849056,0.8113207547169812,12.285629000000014,24.356712666666656,14.016894239538244,0.009259259259259259,0.6666666666666666,0.0,85,59,86,0.7360406091370558,0.5279187817258884,0.7360406091370558,5.239191,6.336744317460317,2.039089047619048,0.02040816326530612,0.4827586206896552,0.0,145,104,145
1431,0.9187817258883249,0.8629441624365483,0.7411167512690355,109.78138400047226,104.92339229453067,166.026491,0.37681159420289856,0.4782608695652174,0.7115384615384616,181,170,146,0.7924528301886793,0.5377358490566038,0.7924528301886793,11.81270342857144,24.838975904761895,14.09474257287158,0.009615384615384616,0.6153846153846154,0.0,84,57,84,0.7309644670050761,0.5177664974619289,0.7563451776649747,5.124462,6.279743317460317,1.9990360476190479,0.034482758620689655,0.48375451263537905,0.0,144,102,149
1432,0.9187817258883249,0.868020304568528,0.7614213197969543,106.74630856000786,104.50616683132867,166.913185,0.4,0.4868421052631579,0.672566371681416,181,171,150,0.8018867924528302,0.5471698113207547,0.7358490566037735,12.32445242857144,24.31898298412698,14.077389206571214,0.009615384615384616,0.6444444444444445,0.0,85,58,78,0.7411167512690355,0.5685279187817259,0.7614213197969543,5.163748,6.271283317460317,2.0422350476190476,0.005,0.5121107266435986,0.0,146,112,150
1433,0.8934010152284264,0.868020304568528,0.7309644670050761,105.35534688883567,106.70850649799536,164.797594,0.3157894736842105,0.5833333333333334,0.7959183673469388,176,171,144,0.8301886792452831,0.5660377358490566,0.7830188679245284,12.411688888888904,24.604329444444442,13.834983108891118,0.0,0.6115107913669064,0.0,88,60,83,0.7411167512690355,0.5786802030456852,0.7461928934010152,5.064516,6.356794317460317,2.027590047619048,0.01,0.5359712230215827,0.0,146,114,147
1434,0.8934010152284264,0.8578680203045685,0.751269035532995,107.36460722216901,110.90075069371642,162.389402,0.38571428571428573,0.5571428571428572,0.7522123893805309,176,169,148,0.7830188679245284,0.5471698113207547,0.7735849056603774,13.115302571428586,25.00434233333333,14.098381476190479,0.0,0.6796875,0.011904761904761904,83,58,82,0.7411167512690355,0.5634517766497462,0.7461928934010152,5.110419,6.335982317460317,1.9791360476190478,0.005050505050505051,0.5056179775280899,0.0,146,111,147
1435,0.9086294416243654,0.8629441624365483,0.751269035532995,108.00215133333333,103.68149989303829,165.410157,0.3888888888888889,0.5616438356164384,0.8155339805825242,179,170,148,0.7641509433962265,0.4716981132075472,0.8113207547169812,12.49098877777779,24.859567015873008,13.903549715506726,0.0,0.6722689075630253,0.011363636363636364,81,50,86,0.7360406091370558,0.5279187817258884,0.7411167512690355,5.111454,6.403086317460317,2.018974047619048,0.014925373134328358,0.5092250922509225,0.0,145,104,146
1436,0.8730964467005076,0.8477157360406091,0.7258883248730964,112.29140043999217,105.75098490654094,167.525209,0.3484848484848485,0.42857142857142855,0.6826923076923077,172,167,143,0.7735849056603774,0.4339622641509434,0.7924528301886793,12.121223793650806,24.974017666666658,14.176550979464986,0.0,0.627906976744186,0.0,82,46,84,0.7208121827411168,0.5025380710659898,0.7157360406091371,5.203723,6.284360317460317,1.960468047619048,0.010362694300518135,0.46946564885496184,0.0,142,99,141
1437,0.8883248730964467,0.8324873096446701,0.7411167512690355,108.944421555662,101.98313175181723,164.920896,0.37254901960784315,0.4819277108433735,0.7043478260869566,175,164,146,0.7264150943396226,0.5094339622641509,0.8113207547169812,12.624779428571443,24.81993166666666,13.93761150160951,0.0,0.6027397260273972,0.0,77,54,86,0.7208121827411168,0.5279187817258884,0.7055837563451777,5.114651,6.2387403174603175,2.018211047619048,0.010256410256410256,0.4784172661870504,0.0,142,104,139
1438,0.8883248730964467,0.868020304568528,0.7614213197969543,109.89106600000001,107.17628081335816,159.315641,0.42,0.45,0.7326732673267327,175,171,150,0.7075471698113207,0.5094339622641509,0.7358490566037735,12.349188253968268,25.394393222222217,14.173546471528484,0.0,0.5714285714285714,0.0,75,54,78,0.7157360406091371,0.5634517766497462,0.7106598984771574,5.190086,6.304141317460317,2.053182047619048,0.005263157894736842,0.4703703703703704,0.0,141,111,140
1439,0.8934010152284264,0.868020304568528,0.7461928934010152,113.13192199549452,105.01432444925435,164.703814,0.3,0.5384615384615384,0.7439024390243902,176,171,147,0.7358490566037735,0.5660377358490566,0.7924528301886793,12.788632888888904,25.110436111111106,14.53940303318904,0.0,0.5703125,0.011235955056179775,78,60,84,0.7157360406091371,0.5736040609137056,0.6954314720812182,5.18522,6.305373317460317,2.0675570476190477,0.010256410256410256,0.5073529411764706,0.0,141,113,137
1440,0.868020304568528,0.8730964467005076,0.7614213197969543,111.71370210665883,104.76345625199832,158.594853,0.3448275862068966,0.49206349206349204,0.6082474226804123,171,172,150,0.7264150943396226,0.5660377358490566,0.7830188679245284,12.618924857142874,25.38206009523809,14.260294055389064,0.0,0.5625,0.012195121951219513,77,60,83,0.7258883248730964,0.5888324873096447,0.6802030456852792,5.229681,6.300817317460242,2.0495050476190477,0.015384615384615385,0.4496124031007752,0.0,143,116,134
1441,0.8934010152284264,0.8730964467005076,0.7715736040609137,109.94594187998429,110.67931749799533,166.604647,0.29508196721311475,0.47297297297297297,0.7283950617283951,176,172,152,0.7452830188679245,0.5377358490566038,0.7641509433962265,12.556191539682557,25.446032444444434,14.320172635142644,0.0,0.5714285714285714,0.011627906976744186,79,57,81,0.7208121827411168,0.5888324873096447,0.6954314720812182,5.186825,6.332749317460392,2.033739047619048,0.025380710659898477,0.4696969696969697,0.0,142,116,137
1442,0.8984771573604061,0.8578680203045685,0.7766497461928934,113.43602955550236,110.85504710312108,160.091138,0.3076923076923077,0.4050632911392405,0.6888888888888889,177,169,153,0.7547169811320755,0.5471698113207547,0.7358490566037735,12.611709317460331,26.226575015873006,14.254621455655464,0.0,0.5284552845528455,0.011627906976744186,80,58,78,0.7360406091370558,0.5888324873096447,0.6802030456852792,5.242376,6.298297317460243,2.021347047619048,0.020512820512820513,0.46564885496183206,0.0,145,116,134
1443,0.883248730964467,0.8781725888324873,0.7461928934010152,109.65808743549907,110.09195249799536,162.888226,0.32075471698113206,0.4852941176470588,0.7325581395348837,174,173,147,0.7358490566037735,0.5283018867924528,0.7924528301886793,12.577707000000014,25.705467126984118,14.394505107670113,0.0,0.5,0.0,78,56,84,0.7461928934010152,0.5989847715736041,0.6802030456852792,5.214863,6.388657317460468,2.0238750476190477,0.035897435897435895,0.4627450980392157,0.0,147,118,134
1444,0.868020304568528,0.8984771573604061,0.766497461928934,106.96409877332547,103.88392666380508,167.568137,0.26785714285714285,0.5087719298245614,0.7157894736842105,171,177,151,0.7452830188679245,0.5471698113207547,0.8018867924528302,12.864431888888904,25.52843477777777,14.560989012432021,0.0,0.5294117647058824,0.0,79,58,85,0.7563451776649747,0.5888324873096447,0.6852791878172588,5.164631,6.435466317460243,2.1008160476190474,0.010471204188481676,0.4426229508196721,0.0,149,116,135
1445,0.8883248730964467,0.8934010152284264,0.7715736040609137,111.66014810216573,108.91209497819875,164.456439,0.21052631578947367,0.4246575342465753,0.7634408602150538,175,176,152,0.7169811320754716,0.5943396226415094,0.7830188679245284,12.240980142857156,25.889744666666648,13.759462592185598,0.0,0.4596774193548387,0.024691358024691357,76,63,83,0.766497461928934,0.583756345177665,0.6802030456852792,5.186949,6.354268317460317,2.0612160476190478,0.0,0.4669260700389105,0.005128205128205128,151,115,134
1446,0.8984771573604061,0.8578680203045685,0.7614213197969543,108.52346667552878,112.45351670996074,164.065275,0.3333333333333333,0.4482758620689655,0.6470588235294118,177,169,150,0.7358490566037735,0.6226415094339622,0.7169811320754716,12.313019111111126,26.515700222222215,14.3109833933844,0.0,0.4727272727272727,0.05063291139240506,78,66,76,0.751269035532995,0.5532994923857868,0.6852791878172588,5.171354,6.527599317460393,2.1587750476190473,0.00510204081632653,0.46153846153846156,0.0,148,109,135
1447,0.8730964467005076,0.8781725888324873,0.7715736040609137,112.27407846470525,106.7090434206885,164.484867,0.2545454545454545,0.36486486486486486,0.6875,172,173,152,0.7169811320754716,0.5566037735849056,0.7264150943396226,13.013988000000015,25.976836873015827,14.075329601398607,0.0,0.5045871559633027,0.02247191011235955,76,59,77,0.7614213197969543,0.5228426395939086,0.6700507614213198,5.129756,6.552062317460317,2.144076047619047,0.01015228426395939,0.43373493975903615,0.0,150,103,132
1448,0.883248730964467,0.8781725888324873,0.7766497461928934,109.20684088888567,109.14191754652435,165.401298,0.39215686274509803,0.4339622641509434,0.6867469879518072,174,173,153,0.6981132075471698,0.5849056603773585,0.7735849056603774,12.905135000000016,25.567551142857276,14.245209288378296,0.0,0.532258064516129,0.0,74,62,82,0.751269035532995,0.5177664974619289,0.6548223350253807,5.168028,6.439362317460317,2.112738047619047,0.0,0.41015625,0.0,148,102,129
1449,0.868020304568528,0.8984771573604061,0.7360406091370558,109.32987910214548,111.39111531680041,169.810094,0.3125,0.423728813559322,0.6777777777777778,171,177,145,0.6981132075471698,0.5849056603773585,0.7264150943396226,13.269305000000015,25.653563587301576,14.740519843933848,0.0,0.4766355140186916,0.0,74,62,77,0.7461928934010152,0.5583756345177665,0.649746192893401,5.153396,6.410357317460317,2.121423047619047,0.0,0.390625,0.005154639175257732,147,110,128
1450,0.8629441624365483,0.883248730964467,0.7614213197969543,110.3200645821991,107.21663125934671,161.64117,0.32142857142857145,0.43859649122807015,0.7216494845360825,170,174,150,0.7075471698113207,0.5471698113207547,0.7830188679245284,13.502059428571444,26.09871080952394,14.671832825618832,0.0,0.46078431372549017,0.0,75,58,83,0.7715736040609137,0.5989847715736041,0.6649746192893401,5.162318,6.454476317460317,2.0771830476190476,0.005235602094240838,0.4576923076923077,0.0,152,118,131
1451,0.8934010152284264,0.8883248730964467,0.751269035532995,109.25687095544544,109.67131155782234,169.132825,0.1724137931034483,0.3448275862068966,0.7142857142857143,176,175,148,0.6981132075471698,0.5849056603773585,0.7924528301886793,13.097650571428586,26.08827288888888,14.313156770673775,0.0,0.47619047619047616,0.0,74,62,84,0.7868020304568528,0.6040609137055838,0.6700507614213198,5.165483,6.525010317460318,2.066336047619048,0.015625,0.4375,0.0,155,119,132
1452,0.883248730964467,0.883248730964467,0.766497461928934,108.22114519550321,108.91617290565046,165.824489,0.32075471698113206,0.4489795918367347,0.7472527472527473,174,174,151,0.7169811320754716,0.6037735849056604,0.6981132075471698,12.892441000000014,26.663910666666656,14.560914546009554,0.0,0.48623853211009177,0.0,76,64,74,0.766497461928934,0.5989847715736041,0.6649746192893401,5.18665,6.661621317460317,2.082466047619048,0.010309278350515464,0.4248927038626609,0.0051813471502590676,151,118,131
1453,0.8730964467005076,0.8629441624365483,0.7360406091370558,110.80262098214222,110.96594925498079,165.018698,0.35294117647058826,0.423728813559322,0.71875,172,170,145,0.7169811320754716,0.5943396226415094,0.7547169811320755,12.844781000000015,26.152981095238083,14.473946984126991,0.0,0.46226415094339623,0.0,76,63,80,0.7614213197969543,0.5583756345177665,0.6700507614213198,5.205041,6.641554317460242,2.074065047619048,0.0,0.4426229508196721,0.0,150,110,132
1454,0.8934010152284264,0.883248730964467,0.7766497461928934,113.44513552107,113.03335639201265,165.201489,0.36507936507936506,0.34285714285714286,0.6804123711340206,176,174,153,0.7169811320754716,0.6037735849056604,0.8113207547169812,12.940301571428586,25.914880984126977,14.547329719169724,0.0,0.5,0.0,76,64,86,0.7563451776649747,0.5279187817258884,0.649746192893401,5.18256,6.644538317460393,2.0822100476190477,0.005208333333333333,0.43209876543209874,0.0,149,104,128
1455,0.8781725888324873,0.868020304568528,0.7614213197969543,113.02303126399053,111.13630893403567,166.438697,0.42,0.3404255319148936,0.723404255319149,173,171,150,0.6886792452830188,0.6037735849056604,0.7264150943396226,13.204389000000015,26.16774233333333,14.968503556998565,0.0,0.46846846846846846,0.0,73,64,77,0.7461928934010152,0.5380710659898477,0.6649746192893401,5.209822,6.614045317460393,2.154296047619047,0.005208333333333333,0.41935483870967744,0.0,147,106,131
1456,0.8883248730964467,0.8883248730964467,0.7715736040609137,110.67815023251387,113.30186082159243,171.197439,0.25675675675675674,0.2857142857142857,0.6633663366336634,175,175,152,0.660377358490566,0.5471698113207547,0.7547169811320755,13.347098571428585,26.387208682539672,15.319249460872465,0.0,0.4537037037037037,0.0,70,58,80,0.7360406091370558,0.5329949238578681,0.6598984771573604,5.207651,6.523467317459943,2.096562047619048,0.005263157894736842,0.42063492063492064,0.0,145,105,130
1457,0.8730964467005076,0.8730964467005076,0.766497461928934,114.4717303156352,111.8398665578223,168.244959,0.42857142857142855,0.4358974358974359,0.6136363636363636,172,172,151,0.6698113207547169,0.6037735849056604,0.8113207547169812,12.797898000000014,25.82616777777777,14.508868532578537,0.0,0.4864864864864865,0.0,71,64,86,0.7563451776649747,0.5177664974619289,0.6751269035532995,5.202251,6.548907317460767,2.124903047619047,0.010362694300518135,0.4132231404958678,0.0,149,102,133
1458,0.8730964467005076,0.8883248730964467,0.7817258883248731,111.33208031547554,115.31232555953632,165.280784,0.3382352941176471,0.2033898305084746,0.6067415730337079,172,175,154,0.6698113207547169,0.5849056603773585,0.7452830188679245,13.343284000000015,26.906492666666658,14.685947390387396,0.0,0.4424778761061947,0.0,71,62,79,0.766497461928934,0.5329949238578681,0.6700507614213198,5.17023,6.579418317460992,2.059702047619048,0.0051813471502590676,0.38934426229508196,0.0,151,105,132
1459,0.8984771573604061,0.8984771573604061,0.7868020304568528,112.61740247342107,114.20457778640062,165.146484,0.36666666666666664,0.3695652173913043,0.5822784810126582,177,177,155,0.6886792452830188,0.6320754716981132,0.7358490566037735,13.048028888888902,26.70336088888888,15.032586260295266,0.0,0.43103448275862066,0.0,73,67,78,0.7411167512690355,0.5685279187817259,0.6700507614213198,5.220799,6.528859317460992,2.121456047619047,0.010582010582010581,0.4063745019920319,0.0,146,112,132
1460,0.9035532994923858,0.8730964467005076,0.7817258883248731,109.66793211232964,110.0029354826101,168.391818,0.36923076923076925,0.3023255813953488,0.6578947368421053,178,172,154,0.6886792452830188,0.6226415094339622,0.7547169811320755,13.015592000000014,26.676126666666658,15.207899722388726,0.0,0.4205607476635514,0.0,73,66,80,0.7563451776649747,0.5939086294416244,0.6649746192893401,5.221725,6.632005317458968,2.022546047619048,0.010416666666666666,0.43373493975903615,0.0,149,117,131
1461,0.8730964467005076,0.883248730964467,0.7817258883248731,112.48875110791064,112.00343628690133,165.16688,0.40384615384615385,0.22388059701492538,0.5915492957746479,172,174,154,0.6981132075471698,0.6415094339622641,0.7452830188679245,13.006491571428585,26.825802555555544,15.095559484293489,0.0,0.3706896551724138,0.0,74,68,79,0.751269035532995,0.5989847715736041,0.6802030456852792,5.202151,6.739563317460992,2.045583047619048,0.010471204188481676,0.4291845493562232,0.0,148,118,134
1462,0.8984771573604061,0.883248730964467,0.7868020304568528,109.8480738193949,113.18497859202068,170.675819,0.3880597014925373,0.3157894736842105,0.582089552238806,177,174,155,0.6886792452830188,0.6320754716981132,0.7075471698113207,12.522541000000015,26.720555666666655,14.801288853701857,0.0,0.3942307692307692,0.0,73,67,75,0.7461928934010152,0.5939086294416244,0.6802030456852792,5.220721,6.766926317460992,2.0986420476190477,0.015544041450777202,0.3974358974358974,0.0,147,117,134
1463,0.8781725888324873,0.868020304568528,0.7817258883248731,106.27342743814992,114.64301148690933,172.077027,0.3684210526315789,0.2033898305084746,0.5945945945945946,173,171,154,0.6886792452830188,0.6320754716981132,0.6886792452830188,13.167017428571445,27.23944266666666,14.895116012432016,0.0,0.3783783783783784,0.0,73,67,73,0.751269035532995,0.6040609137055838,0.6700507614213198,5.215048,6.746503317460992,2.073131047619048,0.005208333333333333,0.3924050632911392,0.0,148,119,132
1464,0.883248730964467,0.8730964467005076,0.7817258883248731,109.06634567817676,116.53638151338059,170.760706,0.22950819672131148,0.3137254901960784,0.676056338028169,174,172,154,0.6886792452830188,0.5754716981132075,0.7641509433962265,12.408775000000015,26.90473244444444,15.007214428571437,0.0,0.40625,0.0,73,61,81,0.7411167512690355,0.5989847715736041,0.6700507614213198,5.166263,6.819630317460993,2.0628580476190477,0.021164021164021163,0.4204081632653061,0.0,146,118,132
1465,0.883248730964467,0.8883248730964467,0.766497461928934,108.96223001151009,109.8112591986111,167.13297,0.2857142857142857,0.29508196721311475,0.6162790697674418,174,175,151,0.6981132075471698,0.6415094339622641,0.7075471698113207,12.150887142857156,27.605842761904754,14.770855415806421,0.0,0.358974358974359,0.0,74,68,75,0.7614213197969543,0.583756345177665,0.6649746192893401,5.145086,6.8128713174549205,2.084022047619048,0.010471204188481676,0.4107883817427386,0.0,150,115,131
1466,0.868020304568528,0.8781725888324873,0.7868020304568528,111.82674105745252,114.55328186061428,169.330042,0.29411764705882354,0.14814814814814814,0.6575342465753424,171,173,155,0.6886792452830188,0.6886792452830188,0.7169811320754716,12.799947428571445,26.880664444444434,15.246966451437459,0.0,0.33962264150943394,0.0,73,73,76,0.7715736040609137,0.5482233502538071,0.6649746192893401,5.168872,6.739233317467065,2.073945047619048,0.015706806282722512,0.4024896265560166,0.0,152,108,131
1467,0.9035532994923858,0.8984771573604061,0.7918781725888325,107.53289080997617,114.10295534692074,174.985173,0.36585365853658536,0.2558139534883721,0.6538461538461539,178,177,156,0.7075471698113207,0.6509433962264151,0.6792452830188679,12.853808428571444,27.353753888888882,15.045236787545797,0.0,0.36904761904761907,0.0,75,69,72,0.7868020304568528,0.5685279187817259,0.649746192893401,5.148808,6.625550317460467,2.0532250476190477,0.02512562814070352,0.376984126984127,0.0,155,112,128
1468,0.868020304568528,0.8629441624365483,0.7817258883248731,107.4691415670124,110.86630542795375,168.852065,0.25,0.3170731707317073,0.6896551724137931,171,170,154,0.6886792452830188,0.6886792452830188,0.660377358490566,12.580971000000014,27.538880333333328,14.94980592474193,0.0,0.38317757009345793,0.0,73,73,70,0.766497461928934,0.583756345177665,0.649746192893401,5.215284,6.535867317453721,2.0213010476190476,0.015463917525773196,0.42913385826771655,0.0,151,115,128
1469,0.8883248730964467,0.868020304568528,0.766497461928934,110.25894869546511,111.23134523750097,167.978986,0.24242424242424243,0.2127659574468085,0.6097560975609756,175,171,151,0.6698113207547169,0.660377358490566,0.6981132075471698,12.700903111111128,27.295861,14.818319007326012,0.0,0.3541666666666667,0.0,71,70,74,0.7766497461928934,0.6040609137055838,0.6446700507614214,5.173873,6.622273317467065,2.073407047619048,0.0051813471502590676,0.4204081632653061,0.0,153,119,127
1470,0.8578680203045685,0.8375634517766497,0.7868020304568528,109.82985767817675,112.64739231132006,166.726877,0.32075471698113206,0.16363636363636364,0.6744186046511628,169,165,155,0.6698113207547169,0.5943396226415094,0.6415094339622641,12.895817857142873,26.99936166666666,14.963484445110453,0.01,0.4065934065934066,0.0,71,63,68,0.7563451776649747,0.5634517766497462,0.6294416243654822,5.151587,6.721905317467065,2.0739530476190478,0.015957446808510637,0.45267489711934156,0.0,149,111,124
1471,0.868020304568528,0.8375634517766497,0.7868020304568528,111.73362356701242,115.41304247840861,171.535027,0.3,0.22,0.6111111111111112,171,165,155,0.660377358490566,0.6509433962264151,0.6981132075471698,13.129495428571444,27.632067333333328,14.756326698412705,0.0,0.3300970873786408,0.0,70,69,74,0.7563451776649747,0.5532994923857868,0.6395939086294417,5.144386,6.693375317473812,2.077287047619048,0.0,0.4117647058823529,0.0,149,109,126
1472,0.8629441624365483,0.868020304568528,0.7868020304568528,111.05736788302085,110.1546223096292,165.342941,0.3050847457627119,0.1836734693877551,0.6808510638297872,170,171,155,0.660377358490566,0.6415094339622641,0.6886792452830188,12.654382571428586,26.88070877777777,15.006925372849379,0.0,0.3711340206185567,0.0,70,68,73,0.7614213197969543,0.5431472081218274,0.6294416243654822,5.186896,6.67716831745357,2.1043910476190475,0.0,0.41365461847389556,0.0,150,107,124
1473,0.8324873096446701,0.8121827411167513,0.7715736040609137,107.36613945434542,112.8960053207604,167.569146,0.3684210526315789,0.16363636363636364,0.6785714285714286,164,160,152,0.6226415094339622,0.5754716981132075,0.6792452830188679,12.842900571428586,27.304415666666657,14.630962134532139,0.0,0.3707865168539326,0.0,66,61,72,0.7258883248730964,0.5482233502538071,0.6091370558375635,5.135941,6.5510173174603175,2.0824100476190477,0.0,0.4196078431372549,0.0,143,108,120
1474,0.8375634517766497,0.817258883248731,0.7563451776649747,108.50683012541622,111.92102269011673,174.159612,0.3111111111111111,0.26666666666666666,0.6179775280898876,165,161,149,0.6226415094339622,0.5849056603773585,0.6792452830188679,12.881054428571444,26.899214555555552,15.038380403152411,0.0,0.3076923076923077,0.0,66,62,72,0.7208121827411168,0.5634517766497462,0.5989847715736041,5.189321,6.61613031745357,2.118989047619047,0.005405405405405406,0.42323651452282157,0.0,142,111,118
1475,0.8020304568527918,0.7918781725888325,0.7563451776649747,113.86760091666878,109.52696317335166,170.292507,0.3333333333333333,0.16666666666666666,0.6712328767123288,158,156,149,0.6320754716981132,0.5754716981132075,0.6132075471698113,12.672900142857157,27.33342033333333,14.453435834609841,0.0,0.3465346534653465,0.0,67,61,65,0.7208121827411168,0.5583756345177665,0.6091370558375635,5.192182,6.6382993174603175,2.1023210476190477,0.0,0.3869565217391304,0.0,142,110,120
1476,0.7969543147208121,0.8071065989847716,0.7360406091370558,108.045224205429,112.12840070996074,168.696853,0.2857142857142857,0.21153846153846154,0.6716417910447762,157,159,145,0.6320754716981132,0.6037735849056604,0.6415094339622641,12.630223349206366,26.721326555555553,14.524352326673336,0.0,0.32323232323232326,0.0,67,64,68,0.7208121827411168,0.5279187817258884,0.6142131979695431,5.204631,6.667666317440075,2.0537360476190476,0.0,0.365296803652968,0.0,142,104,121
1477,0.8121827411167513,0.817258883248731,0.7614213197969543,110.89195833474484,113.76207532627024,168.659402,0.3191489361702128,0.2916666666666667,0.6125,160,161,150,0.6226415094339622,0.5849056603773585,0.6886792452830188,12.247024111111127,26.94881788888888,14.468275144300149,0.0,0.325,0.0,66,62,73,0.7157360406091371,0.5583756345177665,0.6243654822335025,5.167563,6.563166317460317,2.106687047619048,0.0,0.3697478991596639,0.0,141,110,123
1478,0.8223350253807107,0.8071065989847716,0.751269035532995,110.74532409040502,110.48888076978776,170.840266,0.24489795918367346,0.3181818181818182,0.6231884057971014,162,159,148,0.6509433962264151,0.5660377358490566,0.7264150943396226,12.790243222222239,27.238518111111105,14.788227349761357,0.0,0.37333333333333335,0.0,69,60,77,0.7208121827411168,0.5583756345177665,0.6395939086294417,5.203323,6.625371317440075,2.073039047619048,0.0,0.40086206896551724,0.0,142,110,126
1479,0.8324873096446701,0.7918781725888325,0.766497461928934,111.68432131365137,111.48501254757902,167.153351,0.28,0.15217391304347827,0.7121212121212122,164,156,151,0.6698113207547169,0.5943396226415094,0.6509433962264151,12.894546571428586,27.84727512698412,14.713121155289162,0.0,0.3253012048192771,0.0,71,63,69,0.7309644670050761,0.5736040609137056,0.6294416243654822,5.194839,6.687916317440075,2.0548870476190477,0.005434782608695652,0.3829787234042553,0.0,144,113,124
1480,0.8426395939086294,0.8324873096446701,0.7614213197969543,107.7490809864656,112.69803718004727,170.796505,0.3333333333333333,0.2,0.5797101449275363,166,164,150,0.6698113207547169,0.5849056603773585,0.6037735849056604,13.003473142857157,27.315423666666657,14.90643494405595,0.0,0.3132530120481928,0.0,71,62,64,0.751269035532995,0.5786802030456852,0.6243654822335025,5.208344,6.745137317460317,2.038476047619048,0.005405405405405406,0.3620689655172414,0.0,148,114,123
1481,0.8121827411167513,0.7969543147208121,0.7766497461928934,107.93447970075259,110.28321612969009,167.780232,0.40476190476190477,0.25,0.5970149253731343,160,157,153,0.6886792452830188,0.6132075471698113,0.6037735849056604,12.733903000000016,27.81385833333333,14.729182513708523,0.0,0.3488372093023256,0.0,73,65,64,0.7461928934010152,0.5939086294416244,0.6345177664974619,5.130397,6.727072317521044,2.080995047619048,0.01639344262295082,0.3565217391304348,0.0,147,117,125
1482,0.817258883248731,0.8071065989847716,0.766497461928934,110.22422198780386,108.39500424727618,169.361875,0.3191489361702128,0.11538461538461539,0.5942028985507246,161,159,151,0.6886792452830188,0.5849056603773585,0.660377358490566,12.827207460317474,27.583144555555545,14.633035352647362,0.0,0.3625,0.012658227848101266,73,62,70,0.7309644670050761,0.6091370558375635,0.649746192893401,5.154664,6.671946317460317,2.073153047619048,0.0273224043715847,0.37554585152838427,0.0,144,120,128
1483,0.8324873096446701,0.8020304568527918,0.7715736040609137,110.72346078847892,113.66987112969005,168.755947,0.2608695652173913,0.22916666666666666,0.6721311475409836,164,158,152,0.6509433962264151,0.5849056603773585,0.660377358490566,12.815863000000014,27.08101888888888,14.599790877899885,0.0,0.325,0.01282051282051282,69,62,70,0.7258883248730964,0.6243654822335025,0.649746192893401,5.115071,6.699931317460317,2.0539590476190477,0.05434782608695652,0.36018957345971564,0.0,143,123,128
1484,0.817258883248731,0.8121827411167513,0.7614213197969543,111.27047069095676,113.15310051338061,169.937084,0.2727272727272727,0.18604651162790697,0.6190476190476191,161,160,150,0.6415094339622641,0.5566037735849056,0.6037735849056604,12.910902539682557,26.96415044444444,14.62351092185593,0.0,0.2804878048780488,0.0,68,59,64,0.7157360406091371,0.5939086294416244,0.6598984771573604,5.169451,6.69646931748056,2.061542047619048,0.047619047619047616,0.35023041474654376,0.0,141,117,130
1485,0.8223350253807107,0.8223350253807107,0.766497461928934,112.26749416930278,111.9828209186504,171.973465,0.1875,0.09615384615384616,0.6567164179104478,162,162,151,0.6509433962264151,0.5566037735849056,0.660377358490566,13.014719428571444,27.163023111111112,14.792413650793657,0.0,0.3125,0.013157894736842105,69,59,70,0.6802030456852792,0.5786802030456852,0.6598984771573604,5.120957,6.776472317480559,2.071552047619048,0.0625,0.36936936936936937,0.0,134,114,130
1486,0.8121827411167513,0.7969543147208121,0.766497461928934,106.71123105563926,113.63382824961052,171.706981,0.2558139534883721,0.2558139534883721,0.5342465753424658,160,157,151,0.6320754716981132,0.5849056603773585,0.6981132075471698,12.940945571428585,27.01485255555556,14.753849720945729,0.0,0.3068181818181818,0.0,67,62,74,0.6700507614213198,0.5482233502538071,0.6649746192893401,5.152688,6.761263317500802,2.032470047619048,0.05945945945945946,0.3515981735159817,0.010869565217391304,132,108,131
1487,0.8324873096446701,0.7969543147208121,0.766497461928934,107.9370882776511,113.70915658294386,167.38645,0.22,0.2682926829268293,0.6060606060606061,164,157,151,0.6415094339622641,0.5566037735849056,0.6886792452830188,13.371171428571444,26.978659111111103,14.941368309135317,0.0,0.2857142857142857,0.0,68,59,73,0.6700507614213198,0.5177664974619289,0.6649746192893401,5.172194,6.716300317460317,2.111400047619047,0.07329842931937172,0.37662337662337664,0.005494505494505495,132,102,131
1488,0.8426395939086294,0.7969543147208121,0.7563451776649747,108.20946255567051,110.34568318004726,166.056982,0.2222222222222222,0.2459016393442623,0.647887323943662,166,157,149,0.6226415094339622,0.5377358490566038,0.6698113207547169,12.779457111111126,27.566131111111105,14.789900049062057,0.0,0.3466666666666667,0.0,66,57,71,0.6954314720812182,0.5685279187817259,0.6598984771573604,5.16297,6.7163313174805594,2.059683047619048,0.06217616580310881,0.3389830508474576,0.0,137,112,130
1489,0.8121827411167513,0.8121827411167513,0.7461928934010152,108.59686627765109,110.65290101717923,170.042935,0.3333333333333333,0.2653061224489796,0.5441176470588235,160,160,147,0.5943396226415094,0.5943396226415094,0.6698113207547169,13.087380714285727,27.44294177777777,14.712859693528701,0.0,0.3048780487804878,0.0,63,63,71,0.7055837563451777,0.5989847715736041,0.6548223350253807,5.130635,6.725858317460317,2.0845160476190476,0.047619047619047616,0.4017094017094017,0.0,139,118,129
1490,0.8223350253807107,0.7817258883248731,0.7766497461928934,109.54879561098443,111.93131757772667,173.847559,0.21568627450980393,0.3137254901960784,0.56,162,154,153,0.5943396226415094,0.5754716981132075,0.6981132075471698,13.026293000000015,27.60630888888888,15.010436174603182,0.0,0.29850746268656714,0.0,63,61,74,0.6903553299492385,0.6091370558375635,0.6345177664974619,5.150666,6.791437317406338,2.079005047619048,0.049723756906077346,0.4353448275862069,0.016216216216216217,136,120,125
1491,0.8324873096446701,0.7969543147208121,0.766497461928934,107.13310991644772,112.92164059143984,166.391035,0.3333333333333333,0.27941176470588236,0.6666666666666666,164,157,151,0.6320754716981132,0.5754716981132075,0.7075471698113207,12.964491428571444,27.192452999999993,14.36229348396049,0.010416666666666666,0.32894736842105265,0.0,67,61,75,0.7055837563451777,0.5634517766497462,0.6294416243654822,5.180325,6.843497317460317,2.0857680476190477,0.02702702702702703,0.3781094527363184,0.02185792349726776,139,111,124
1492,0.8274111675126904,0.7817258883248731,0.7715736040609137,109.07429891003169,113.03025270996082,171.062728,0.2765957446808511,0.37209302325581395,0.5735294117647058,163,154,152,0.6509433962264151,0.5849056603773585,0.6792452830188679,12.367672000000015,27.361170555555546,14.81027457142858,0.0,0.3235294117647059,0.0,69,62,72,0.700507614213198,0.5583756345177665,0.6345177664974619,5.184342,6.741518317480559,2.077668047619048,0.02824858757062147,0.3607305936073059,0.016483516483516484,138,110,125
1493,0.817258883248731,0.7969543147208121,0.7563451776649747,108.10890231961493,111.25848374960451,168.78387,0.38636363636363635,0.3191489361702128,0.5932203389830508,161,157,149,0.660377358490566,0.5943396226415094,0.6698113207547169,12.775386111111127,27.17299323809523,15.133492029748037,0.0,0.3088235294117647,0.0,70,63,71,0.7309644670050761,0.5482233502538071,0.6548223350253807,5.168901,6.711558317440075,2.065767047619048,0.0374331550802139,0.388646288209607,0.016042780748663103,144,108,129
1494,0.817258883248731,0.7868020304568528,0.7614213197969543,109.76367815172854,107.95169604329405,168.038394,0.36,0.3055555555555556,0.5079365079365079,161,155,150,0.6415094339622641,0.5849056603773585,0.6509433962264151,12.631096428571444,27.435430777777775,14.775671525252529,0.0,0.30666666666666664,0.0,68,62,69,0.7106598984771574,0.5634517766497462,0.6649746192893401,5.147687,6.664613317480559,2.142062047619047,0.033707865168539325,0.37662337662337664,0.016666666666666666,140,111,131
1495,0.8071065989847716,0.7766497461928934,0.766497461928934,110.48243973841296,112.91116718004726,169.76738,0.24444444444444444,0.3,0.6153846153846154,159,153,151,0.6415094339622641,0.5943396226415094,0.6792452830188679,12.490065571428586,27.142447777777768,15.090214258852264,0.0,0.32142857142857145,0.0,68,63,72,0.7106598984771574,0.5989847715736041,0.7055837563451777,5.209949,6.748918317541286,2.063715047619048,0.04,0.3670886075949367,0.03208556149732621,140,118,139
1496,0.8223350253807107,0.817258883248731,0.7563451776649747,109.15033489366566,111.59618118978345,167.459732,0.2708333333333333,0.3783783783783784,0.5294117647058824,162,161,149,0.6226415094339622,0.5660377358490566,0.6981132075471698,12.529218682539698,27.476354539682536,14.876735436341445,0.0,0.35294117647058826,0.02666666666666667,66,60,74,0.6700507614213198,0.583756345177665,0.7157360406091371,5.214412,6.756367317440075,2.110555047619047,0.02857142857142857,0.3991769547325103,0.021739130434782608,132,115,141
1497,0.8121827411167513,0.7868020304568528,0.766497461928934,110.71334823727187,111.1131971128573,167.481373,0.2926829268292683,0.4107142857142857,0.6323529411764706,160,155,151,0.6415094339622641,0.5849056603773585,0.6886792452830188,13.213742000000014,26.88253977777777,14.755713521811527,0.0,0.3,0.0,68,62,73,0.6751269035532995,0.5786802030456852,0.7055837563451777,5.228871,6.718419317521044,2.0974920476190477,0.022727272727272728,0.3898305084745763,0.0111731843575419,133,114,139
1498,0.8477157360406091,0.7868020304568528,0.766497461928934,109.8934204147755,108.1974230625001,171.069359,0.2777777777777778,0.36363636363636365,0.6060606060606061,167,155,151,0.6509433962264151,0.6132075471698113,0.6509433962264151,13.50817074603176,26.639159460317455,14.6872724963925,0.0,0.3235294117647059,0.02564102564102564,69,65,69,0.6700507614213198,0.5634517766497462,0.700507614213198,5.269771,6.714243317460317,2.0539560476190477,0.011363636363636364,0.4194915254237288,0.016216216216216217,132,111,138
1499,0.8324873096446701,0.7918781725888325,0.751269035532995,110.39955398129472,112.83338618004726,170.530225,0.3125,0.375,0.7058823529411765,164,156,148,0.6698113207547169,0.5943396226415094,0.7075471698113207,12.591325888888903,27.556280666666662,14.507789007770015,0.0,0.3076923076923077,0.012345679012345678,71,63,75,0.6751269035532995,0.5431472081218274,0.6751269035532995,5.285647,6.731663317460317,2.180152047619047,0.0055248618784530384,0.40948275862068967,0.011111111111111112,133,107,133
1500,0.817258883248731,0.7817258883248731,0.7461928934010152,110.63820590479247,109.17460369102106,167.603679,0.21052631578947367,0.3333333333333333,0.6233766233766234,161,154,147,0.6415094339622641,0.5849056603773585,0.6509433962264151,12.529843571428586,26.975470317460314,14.847382738483747,0.0,0.2328767123287671,0.0,68,62,69,0.6751269035532995,0.5076142131979695,0.6598984771573604,5.27561,6.751661317460317,2.160863047619047,0.016483516483516484,0.4067796610169492,0.022099447513812154,133,100,130
1501,0.8274111675126904,0.7969543147208121,0.7715736040609137,109.23811702438012,109.63116177005423,173.011563,0.20754716981132076,0.36065573770491804,0.575,163,157,152,0.6509433962264151,0.5660377358490566,0.6981132075471698,13.068663000000015,27.29687999999999,14.61119150449551,0.0,0.2463768115942029,0.0,69,60,74,0.6751269035532995,0.5177664974619289,0.6395939086294417,5.254559,6.645486317460318,2.194417047619047,0.01092896174863388,0.38934426229508196,0.016483516483516484,133,102,126
1502,0.8223350253807107,0.7918781725888325,0.7715736040609137,108.25090968953275,115.12895086381297,168.748856,0.2682926829268293,0.3888888888888889,0.6712328767123288,162,156,152,0.660377358490566,0.6320754716981132,0.6226415094339622,12.658289666666683,27.340329777777768,14.607341499611504,0.0,0.25675675675675674,0.0,70,67,66,0.6802030456852792,0.5279187817258884,0.6192893401015228,5.223633,6.6511603174603176,2.1997690476190472,0.026881720430107527,0.3562231759656652,0.021621621621621623,134,104,122
1503,0.8020304568527918,0.8071065989847716,0.7715736040609137,114.94234488569798,111.71981874837279,164.06393,0.2,0.34545454545454546,0.5625,158,159,152,0.6698113207547169,0.6320754716981132,0.6509433962264151,11.634225460317474,27.26384477777777,14.690915704739714,0.0,0.26666666666666666,0.0,71,67,69,0.6700507614213198,0.5989847715736041,0.6243654822335025,5.226237,6.654092317460317,2.194993047619047,0.00558659217877095,0.3865546218487395,0.02185792349726776,132,118,123
1504,0.8020304568527918,0.8121827411167513,0.7715736040609137,109.53946569724516,112.69028916294806,168.213625,0.20454545454545456,0.3620689655172414,0.7083333333333334,158,160,152,0.6792452830188679,0.5566037735849056,0.6037735849056604,12.459837000000014,27.107596349206343,14.725005249306252,0.0,0.3492063492063492,0.0,72,59,64,0.6700507614213198,0.5989847715736041,0.6700507614213198,5.186301,6.656261317460317,2.172768047619047,0.026737967914438502,0.41702127659574467,0.021052631578947368,132,118,132
1505,0.8071065989847716,0.7766497461928934,0.7411167512690355,109.33556982882347,108.85085218004748,165.885013,0.22448979591836735,0.375,0.6935483870967742,159,153,146,0.6698113207547169,0.5849056603773585,0.5943396226415094,12.248567111111127,27.38224899999999,14.698596218559224,0.0,0.2857142857142857,0.0,71,62,63,0.6598984771573604,0.5634517766497462,0.6598984771573604,5.221683,6.7920583174603175,2.140721047619047,0.032432432432432434,0.3870967741935484,0.0111731843575419,130,111,130
1506,0.8020304568527918,0.751269035532995,0.7309644670050761,107.0051088043656,112.37690688512579,173.595083,0.1794871794871795,0.35294117647058826,0.5526315789473685,158,148,144,0.6792452830188679,0.5754716981132075,0.6415094339622641,12.749562000000015,26.977928873015866,14.735576084027086,0.0,0.2676056338028169,0.0,72,61,68,0.6446700507614214,0.49746192893401014,0.649746192893401,5.229497,6.765766317460317,2.269289047619047,0.03314917127071823,0.39545454545454545,0.028409090909090908,127,98,128
1507,0.7715736040609137,0.7868020304568528,0.7411167512690355,108.3272605968478,112.2938940503033,168.666271,0.3333333333333333,0.3793103448275862,0.6212121212121212,152,155,146,0.6698113207547169,0.5471698113207547,0.5754716981132075,13.021860412698429,26.910313222222218,14.84492655577756,0.0,0.2753623188405797,0.0,71,58,61,0.6446700507614214,0.49238578680203043,0.6598984771573604,5.207918,6.619232317460317,2.181708047619047,0.03260869565217391,0.3829787234042553,0.034482758620689655,127,97,130
1508,0.7969543147208121,0.7766497461928934,0.7258883248730964,109.98795563906599,109.84067382503328,168.606015,0.21666666666666667,0.3548387096774194,0.6818181818181818,157,153,143,0.6698113207547169,0.5754716981132075,0.660377358490566,12.412390000000014,26.81080068253967,15.032956949161951,0.0,0.25316455696202533,0.0,71,61,70,0.6243654822335025,0.5025380710659898,0.6852791878172588,5.183215,6.689379317460317,2.199146047619047,0.049723756906077346,0.37662337662337664,0.017045454545454544,123,99,135
1509,0.8121827411167513,0.7614213197969543,0.7360406091370558,110.66717594431776,113.85108019925359,173.826315,0.28205128205128205,0.4883720930232558,0.6857142857142857,160,150,145,0.660377358490566,0.5377358490566038,0.6320754716981132,12.824043079365097,27.27678133333332,14.819166314796318,0.0,0.3055555555555556,0.0,70,57,67,0.6040609137055838,0.5279187817258884,0.6751269035532995,5.199726,6.668213317460317,2.1660410476190473,0.05555555555555555,0.4100418410041841,0.011627906976744186,119,104,133
1510,0.7817258883248731,0.7461928934010152,0.7309644670050761,106.43308678072486,112.05954195725168,170.869857,0.3111111111111111,0.42,0.6296296296296297,154,147,144,0.6698113207547169,0.5943396226415094,0.6320754716981132,12.931365000000016,26.55270777777777,14.71517487323788,0.0,0.30666666666666664,0.0,71,63,67,0.6040609137055838,0.5380710659898477,0.6852791878172588,5.186697,6.6770663174603175,2.1547970476190472,0.053763440860215055,0.4170403587443946,0.011428571428571429,119,106,135
1511,0.8121827411167513,0.7715736040609137,0.7461928934010152,107.49378699026173,113.41264353258617,170.366204,0.23076923076923078,0.38181818181818183,0.575,160,152,147,0.7075471698113207,0.5849056603773585,0.6132075471698113,12.723670000000018,26.70564842857142,14.721983581862586,0.0,0.32894736842105265,0.02666666666666667,75,62,65,0.6192893401015228,0.5431472081218274,0.6802030456852792,5.172453,6.728075317460317,2.188236047619047,0.043243243243243246,0.40375586854460094,0.017341040462427744,122,107,134
1512,0.7868020304568528,0.7868020304568528,0.7411167512690355,108.70911111228924,111.05713886592014,168.454373,0.2857142857142857,0.45652173913043476,0.6323529411764706,155,155,146,0.7169811320754716,0.5754716981132075,0.5754716981132075,12.424081349206366,27.114872666666656,15.010318422688428,0.0,0.3088235294117647,0.0,76,61,61,0.6243654822335025,0.5279187817258884,0.6446700507614214,5.194398,6.612984317460318,2.169615047619047,0.04918032786885246,0.40611353711790393,0.022988505747126436,123,104,127
1513,0.817258883248731,0.7461928934010152,0.7309644670050761,108.77104583331307,112.04902386592016,169.85561,0.3090909090909091,0.3617021276595745,0.7258064516129032,161,147,144,0.7075471698113207,0.5566037735849056,0.6226415094339622,12.588004000000016,26.92973777777777,14.948959697413704,0.0,0.3380281690140845,0.0,75,59,66,0.6243654822335025,0.5126903553299492,0.6243654822335025,5.254851,6.674914317460317,2.227227047619047,0.038461538461538464,0.41743119266055045,0.017341040462427744,123,101,123
1514,0.817258883248731,0.7614213197969543,0.7208121827411168,108.09921052790159,108.4071581079225,166.733918,0.225,0.3469387755102041,0.625,161,150,142,0.7075471698113207,0.5660377358490566,0.6415094339622641,12.419417000000015,26.756915999999993,14.997208771672776,0.0,0.3333333333333333,0.0,75,60,68,0.6395939086294417,0.5380710659898477,0.6142131979695431,5.227121,6.694481317460317,2.227224047619047,0.016666666666666666,0.4230769230769231,0.02247191011235955,126,106,121
1515,0.8121827411167513,0.766497461928934,0.7411167512690355,108.67788494431777,110.85828051090415,168.506684,0.391304347826087,0.2413793103448276,0.6493506493506493,160,151,146,0.7075471698113207,0.6037735849056604,0.6132075471698113,12.169074000000014,27.215147333333327,14.890644810966812,0.0,0.3108108108108108,0.0136986301369863,75,64,65,0.649746192893401,0.5228426395939086,0.6395939086294417,5.291885,6.807116317460317,2.261651047619047,0.03278688524590164,0.4605263157894737,0.03260869565217391,128,103,126
1516,0.7969543147208121,0.7817258883248731,0.7309644670050761,107.76556507665175,111.32759839583325,170.118274,0.32608695652173914,0.4375,0.6301369863013698,157,154,144,0.6792452830188679,0.6226415094339622,0.6981132075471698,12.880130888888903,26.9293158095238,15.356284406038407,0.0,0.3088235294117647,0.025974025974025976,72,66,74,0.6548223350253807,0.5329949238578681,0.6598984771573604,5.251063,6.708759317460317,2.171699047619047,0.03296703296703297,0.42857142857142855,0.033707865168539325,129,105,130
1517,0.8020304568527918,0.7563451776649747,0.7258883248730964,104.48134818187525,109.19306651338059,169.477311,0.21052631578947367,0.5,0.6811594202898551,158,149,143,0.6792452830188679,0.6226415094339622,0.6792452830188679,12.274143682539698,27.11353744444444,14.842832841269841,0.0,0.3,0.0,72,66,72,0.6649746192893401,0.5279187817258884,0.6802030456852792,5.216426,6.678967317460317,2.223546047619047,0.05319148936170213,0.4330357142857143,0.0449438202247191,131,104,134
1518,0.7918781725888325,0.7614213197969543,0.7360406091370558,109.66669944780953,113.44799584671391,166.806592,0.4166666666666667,0.423728813559322,0.625,156,150,145,0.6886792452830188,0.5754716981132075,0.6132075471698113,12.155392317460333,26.76982988888889,14.742613653457653,0.0,0.3150684931506849,0.0136986301369863,73,61,65,0.6649746192893401,0.5634517766497462,0.6700507614213198,5.208065,6.773030317460317,2.247155047619047,0.10606060606060606,0.4345991561181435,0.02857142857142857,131,111,132
1519,0.7817258883248731,0.7817258883248731,0.7411167512690355,106.96567114227432,113.14462218004728,164.815188,0.36363636363636365,0.3684210526315789,0.6753246753246753,154,154,146,0.6886792452830188,0.5660377358490566,0.6415094339622641,12.261309888888903,26.931920888888882,15.14448960583861,0.0,0.3026315789473684,0.0,73,60,68,0.6751269035532995,0.5634517766497462,0.6802030456852792,5.224428,6.831071317460317,2.194984047619047,0.13526570048309178,0.4043478260869565,0.011494252873563218,133,111,134
1520,0.817258883248731,0.751269035532995,0.7411167512690355,107.15961908095201,111.85871379908684,166.920604,0.25,0.3958333333333333,0.6511627906976745,161,148,146,0.6792452830188679,0.20754716981132076,0.3490566037735849,12.295246888888903,23.11236399999968,13.755919260517262,0.0,0.3333333333333333,0.0,72,22,37,0.6802030456852792,0.5736040609137056,0.6751269035532995,5.246501,6.868675317440075,2.202640047619047,0.09693877551020408,0.4297872340425532,0.005813953488372093,134,113,133
1521,0.8020304568527918,0.7817258883248731,0.7360406091370558,108.17316095445814,111.70057184671349,169.43377,0.30612244897959184,0.3584905660377358,0.7183098591549296,158,154,145,0.6698113207547169,0.19811320754716982,0.3113207547169811,12.446846000000015,23.068004111110792,13.75816048740149,0.0,0.3333333333333333,0.0,71,21,33,0.6649746192893401,0.5532994923857868,0.6700507614213198,5.191653,6.781101317460317,2.1838580476190472,0.11616161616161616,0.459915611814346,0.005813953488372093,131,109,132
1522,0.7766497461928934,0.7614213197969543,0.7461928934010152,111.96881539038702,110.0224690028309,170.606292,0.23333333333333334,0.42857142857142855,0.6707317073170732,153,150,147,0.6792452830188679,0.19811320754716982,0.2830188679245283,12.517295111111126,22.935950222221905,13.790084795315794,0.0,0.3448275862068966,0.0,72,21,30,0.6548223350253807,0.5279187817258884,0.649746192893401,5.164324,6.805978317460317,2.278470047619047,0.11734693877551021,0.41743119266055045,0.017142857142857144,129,104,128
1523,0.7817258883248731,0.766497461928934,0.7461928934010152,106.29086031728674,112.26611776757915,170.761925,0.2857142857142857,0.375,0.6933333333333334,154,151,147,0.6981132075471698,0.16981132075471697,0.330188679245283,12.860023888888904,22.97972411111079,13.561232211233214,0.0,0.42105263157894735,0.0,74,18,35,0.6649746192893401,0.5583756345177665,0.6294416243654822,5.244305,6.781582317460317,2.300120047619047,0.08994708994708994,0.39748953974895396,0.022598870056497175,131,110,124
1524,0.766497461928934,0.7715736040609137,0.7360406091370558,109.34612127765111,115.04707500241184,172.660163,0.2641509433962264,0.39285714285714285,0.7236842105263158,151,152,145,0.6886792452830188,0.18867924528301888,0.3018867924528302,12.822689539682555,22.88273311111079,13.823147572871573,0.0,0.475,0.058823529411764705,73,20,32,0.6446700507614214,0.5786802030456852,0.6142131979695431,5.20139,6.859542317460317,2.3372010476190472,0.10471204188481675,0.42920353982300885,0.028089887640449437,127,114,121
1525,0.7766497461928934,0.766497461928934,0.7411167512690355,110.52351654713388,113.27342270996097,166.630414,0.40816326530612246,0.5,0.7468354430379747,153,151,146,0.6981132075471698,0.16981132075471697,0.2830188679245283,13.186637000000015,22.63240411111079,13.778323862248865,0.0,0.625,0.09523809523809523,74,18,30,0.6091370558375635,0.5634517766497462,0.6243654822335025,5.172757,6.870010317460317,2.263126047619047,0.10880829015544041,0.48068669527896996,0.02197802197802198,120,111,123
1526,0.7868020304568528,0.7563451776649747,0.7309644670050761,111.48455627806915,115.97351704329164,174.650282,0.2608695652173913,0.4827586206896552,0.7066666666666667,155,149,144,0.7075471698113207,0.12264150943396226,0.27358490566037735,12.994255317460333,22.69377711111079,13.4482613018093,0.0,0.6410256410256411,0.1388888888888889,75,13,29,0.5888324873096447,0.5583756345177665,0.6192893401015228,5.183226,6.810999317460317,2.224358047619047,0.1134020618556701,0.4434389140271493,0.02197802197802198,116,110,122
1527,0.7817258883248731,0.7614213197969543,0.7461928934010152,106.47034261140253,113.36448600241332,169.653926,0.3275862068965517,0.4918032786885246,0.6785714285714286,154,150,147,0.6886792452830188,0.11320754716981132,0.2169811320754717,12.614508000000015,22.920854111110792,13.885289266622268,0.0,0.7380952380952381,0.14285714285714285,73,12,23,0.5989847715736041,0.5786802030456852,0.6548223350253807,5.145441,6.785599317460317,2.215641047619047,0.10714285714285714,0.42358078602620086,0.026881720430107527,118,114,129
1528,0.7715736040609137,0.7766497461928934,0.7411167512690355,110.21462101360031,112.17670529116734,171.002826,0.37142857142857144,0.4225352112676056,0.7066666666666667,152,153,146,0.6792452830188679,0.10377358490566038,0.24528301886792453,12.717425682539698,22.69071811111079,13.542672628815628,0.0,0.7555555555555555,0.15384615384615385,72,11,26,0.5939086294416244,0.5888324873096447,0.6700507614213198,5.09422,6.7856403174603175,2.205659047619047,0.12626262626262627,0.5155555555555555,0.05913978494623656,117,116,132
1529,0.8020304568527918,0.7817258883248731,0.7461928934010152,109.44470008266477,113.57816397704467,169.250238,0.390625,0.46153846153846156,0.7162162162162162,158,154,147,0.6698113207547169,0.07547169811320754,0.25471698113207547,13.166801539682556,22.73604599999968,13.4946880972361,0.0,0.8536585365853658,0.15789473684210525,71,8,27,0.5989847715736041,0.5685279187817259,0.6751269035532995,5.111049,6.8105873174603175,2.2721370476190472,0.135,0.467005076142132,0.01675977653631285,118,112,133
1530,0.7918781725888325,0.766497461928934,0.7258883248730964,106.88755727806912,113.67123699625077,169.6894,0.4642857142857143,0.4098360655737705,0.6829268292682927,156,151,143,0.6698113207547169,0.08490566037735849,0.2641509433962264,12.982973571428586,22.977687222221903,13.738908006327007,0.0,0.8723404255319149,0.18181818181818182,71,9,28,0.5989847715736041,0.5634517766497462,0.6649746192893401,5.003722,6.8043913174603174,2.2571990476190473,0.14215686274509803,0.4626865671641791,0.011428571428571429,118,111,131
1531,0.7918781725888325,0.751269035532995,0.7360406091370558,110.59127435104867,114.5445612911717,165.723947,0.3898305084745763,0.4918032786885246,0.6629213483146067,156,148,145,0.6886792452830188,0.0660377358490566,0.2641509433962264,12.852180492063507,22.892804222221905,13.801191552114554,0.0,0.9545454545454546,0.17142857142857143,73,7,28,0.5939086294416244,0.5431472081218274,0.6700507614213198,5.075848,6.809094317460318,2.306821047619047,0.14634146341463414,0.4748858447488584,0.011235955056179775,117,107,132
1532,0.7817258883248731,0.766497461928934,0.7258883248730964,106.4702567190852,115.01885695783866,170.037438,0.45454545454545453,0.43333333333333335,0.7108433734939759,154,151,143,0.6792452830188679,0.07547169811320754,0.25471698113207547,12.662410000000015,22.940144222221903,13.595483216117218,0.010752688172043012,0.9333333333333333,0.15,72,8,27,0.6192893401015228,0.5126903553299492,0.6751269035532995,5.075826,6.788377317460317,2.2729220476190473,0.16129032258064516,0.4885844748858447,0.0055248618784530384,122,101,133
1533,0.8020304568527918,0.7766497461928934,0.7360406091370558,107.50674880086699,113.51483654757914,167.563924,0.39285714285714285,0.5,0.6421052631578947,158,153,145,0.6792452830188679,0.0660377358490566,0.24528301886792453,12.64122114285716,22.951038222221904,13.488756228549232,0.0,0.9361702127659575,0.1875,72,7,26,0.6243654822335025,0.5228426395939086,0.6649746192893401,5.072212,6.701314317460318,2.233467047619047,0.12077294685990338,0.48672566371681414,0.005649717514124294,123,103,131
1534,0.7918781725888325,0.7817258883248731,0.7309644670050761,107.8745755896777,112.11873690856685,168.018277,0.39344262295081966,0.4696969696969697,0.8,156,154,144,0.6886792452830188,0.0660377358490566,0.2358490566037736,12.783469571428586,22.826038222221904,13.637889780885786,0.0,0.9583333333333334,0.2727272727272727,73,7,25,0.6243654822335025,0.5380710659898477,0.6649746192893401,4.997118,6.657222317460318,2.206979047619047,0.11764705882352941,0.5,0.0,123,106,131
1535,0.8071065989847716,0.766497461928934,0.7411167512690355,110.60761545997012,99.27703749607696,168.145339,0.40625,0.5714285714285714,0.7021276595744681,159,151,146,0.7075471698113207,0.3584905660377358,0.5849056603773585,12.907899428571444,26.418143111111103,14.305108467865471,0.0,0.5476190476190477,0.15053763440860216,75,38,62,0.6446700507614214,0.5532994923857868,0.6649746192893401,5.003233,6.648592317460317,2.263838047619047,0.13744075829383887,0.4827586206896552,0.005494505494505495,127,109,131
1536,0.7918781725888325,0.7563451776649747,0.7309644670050761,107.95045535911362,99.55220226769057,165.773198,0.4,0.7678571428571429,0.863013698630137,156,149,144,0.6981132075471698,0.33962264150943394,0.5849056603773585,12.501297571428585,26.398985777777767,14.913905561882565,0.0,0.71875,0.27941176470588236,74,36,62,0.6802030456852792,0.5532994923857868,0.6598984771573604,5.041241,6.7116013174603175,2.220224047619047,0.12195121951219512,0.5324074074074074,0.0,134,109,130
1537,0.8020304568527918,0.7614213197969543,0.7309644670050761,110.15796788508227,98.2279185325867,164.995476,0.3508771929824561,0.8333333333333334,0.8611111111111112,158,150,144,0.7169811320754716,0.33962264150943394,0.5471698113207547,12.592741571428586,26.28328288888888,14.472568415362417,0.0,0.7699115044247787,0.3333333333333333,76,36,58,0.6802030456852792,0.5482233502538071,0.6446700507614214,5.037998,6.803036317460317,2.2082460476190473,0.15048543689320387,0.4604651162790698,0.0055248618784530384,134,108,127
1538,0.7918781725888325,0.751269035532995,0.7258883248730964,107.29196881470824,101.93602059883628,167.689872,0.4126984126984127,0.6607142857142857,0.8529411764705882,156,148,143,0.6981132075471698,0.3490566037735849,0.6320754716981132,12.994751888888903,26.22641588888888,15.151327261516265,0.0,0.7651515151515151,0.30851063829787234,74,37,67,0.6903553299492385,0.5279187817258884,0.6548223350253807,4.982853,6.775681317460317,2.1916740476190473,0.10256410256410256,0.45535714285714285,0.011049723756906077,136,104,129
1539,0.7918781725888325,0.7614213197969543,0.7157360406091371,112.389029729328,101.46009650280597,163.290118,0.391304347826087,0.7931034482758621,0.8153846153846154,156,150,141,0.7075471698113207,0.3584905660377358,0.6886792452830188,12.925038857142873,26.094094777777777,15.081345699855705,0.0,0.7762237762237763,0.28421052631578947,75,38,73,0.6954314720812182,0.583756345177665,0.6700507614213198,4.990416,6.727034317460317,2.235625047619047,0.13725490196078433,0.4847161572052402,0.0055248618784530384,137,115,132
1540,0.817258883248731,0.7715736040609137,0.7258883248730964,108.54858352092701,102.95492419925323,170.094956,0.4246575342465753,0.71875,0.7671232876712328,161,152,143,0.6886792452830188,0.39622641509433965,0.6792452830188679,12.422449000000015,26.508626999999994,14.938938372849373,0.0,0.6870229007633588,0.24210526315789474,73,42,72,0.6954314720812182,0.6243654822335025,0.6751269035532995,5.014814,6.7732433174603175,2.206874047619047,0.15789473684210525,0.4434782608695652,0.0,137,123,133
1541,0.8071065989847716,0.7715736040609137,0.7208121827411168,111.30569406182524,101.00187028470879,169.660249,0.4852941176470588,0.7936507936507936,0.7714285714285715,159,152,142,0.6886792452830188,0.41509433962264153,0.7169811320754716,12.574396571428586,26.55884644444444,15.144344058830061,0.0,0.6617647058823529,0.20833333333333334,73,44,76,0.6954314720812182,0.6091370558375635,0.6751269035532995,5.044801,6.751494317460317,2.222142047619047,0.1497584541062802,0.4252336448598131,0.0,137,120,133
1542,0.8071065989847716,0.7817258883248731,0.7055837563451777,111.4508932298471,99.67730053258674,167.471798,0.5135135135135135,0.7101449275362319,0.7027027027027027,159,154,139,0.6886792452830188,0.4056603773584906,0.7169811320754716,12.47952522222224,26.21158077777777,15.076114609501609,0.0,0.6885245901639344,0.22826086956521738,73,43,76,0.6751269035532995,0.6294416243654822,0.6751269035532995,5.079635,6.783024317460317,2.246964047619047,0.11282051282051282,0.4099099099099099,0.0055248618784530384,133,124,133
1543,0.7918781725888325,0.7817258883248731,0.7157360406091371,114.83124709318612,101.1337000198533,165.52086,0.5,0.8035714285714286,0.675,156,154,141,0.7075471698113207,0.4056603773584906,0.7264150943396226,12.850444888888903,26.624441555555546,15.758614939171938,0.0,0.671875,0.1797752808988764,75,43,77,0.6548223350253807,0.6345177664974619,0.6802030456852792,5.089197,6.831618317460317,2.230115047619047,0.14705882352941177,0.4106280193236715,0.00558659217877095,129,125,134
1544,0.8121827411167513,0.7715736040609137,0.7106598984771574,111.27557623262916,101.27980761803707,167.292061,0.48717948717948717,0.8181818181818182,0.7662337662337663,160,152,140,0.6981132075471698,0.44339622641509435,0.6792452830188679,12.986252888888902,26.708497222222217,15.290415180930184,0.0,0.6716417910447762,0.15789473684210525,74,47,72,0.6446700507614214,0.5939086294416244,0.700507614213198,5.15008,6.886736317460318,2.269099047619047,0.10606060606060606,0.4230769230769231,0.0,127,117,138
1545,0.8071065989847716,0.766497461928934,0.7106598984771574,106.203374510999,99.36288495137543,167.723753,0.49206349206349204,0.7384615384615385,0.6551724137931034,159,151,140,0.6886792452830188,0.41509433962264153,0.7075471698113207,12.545025428571444,26.129762666666657,15.438006515262513,0.0,0.6821705426356589,0.16666666666666666,73,44,75,0.6243654822335025,0.6040609137055838,0.7258883248730964,5.143114,6.872528317460318,2.264640047619047,0.1116751269035533,0.36486486486486486,0.0053475935828877,123,119,143
1546,0.8121827411167513,0.7868020304568528,0.7055837563451777,105.91313081119876,100.67471828470896,168.773336,0.4090909090909091,0.7428571428571429,0.6666666666666666,160,155,139,0.7358490566037735,0.39622641509433965,0.7264150943396226,12.92172053968256,26.10515133333333,15.397398566766567,0.0,0.6691176470588235,0.14583333333333334,78,42,77,0.6040609137055838,0.6091370558375635,0.7055837563451777,5.158593,6.738383317460317,2.273890047619047,0.10714285714285714,0.41702127659574467,0.0,119,120,139
1547,0.817258883248731,0.7817258883248731,0.700507614213198,108.99242087022336,101.18546495137544,168.766709,0.5172413793103449,0.8305084745762712,0.7228915662650602,161,154,138,0.6886792452830188,0.41509433962264153,0.7452830188679245,12.793259111111126,26.388054111111103,15.366186204351207,0.0,0.6737588652482269,0.0945945945945946,73,44,79,0.6091370558375635,0.5989847715736041,0.7106598984771574,5.178368,6.7796613174603175,2.318446047619047,0.09693877551020408,0.3930131004366812,0.0,120,118,140
1548,0.8071065989847716,0.7817258883248731,0.700507614213198,113.35477459408737,100.2180776180421,167.640112,0.423728813559322,0.7741935483870968,0.6847826086956522,159,154,138,0.660377358490566,0.41509433962264153,0.7452830188679245,12.750033253968269,26.47437844444444,15.640273765567766,0.0,0.7076923076923077,0.08333333333333333,70,44,79,0.6040609137055838,0.5786802030456852,0.700507614213198,5.121361,6.8032163174603175,2.267103047619047,0.11330049261083744,0.4,0.005434782608695652,119,114,138
1549,0.7969543147208121,0.7817258883248731,0.6903553299492385,108.83828288186739,101.54046695137544,167.925014,0.4745762711864407,0.8028169014084507,0.7010309278350515,157,154,136,0.7169811320754716,0.37735849056603776,0.7735849056603774,12.805671222222239,26.31112433333333,15.309246055389053,0.0,0.7016129032258065,0.11392405063291139,76,40,82,0.5888324873096447,0.5685279187817259,0.6954314720812182,5.082951,6.834336317460317,2.289880047619047,0.12376237623762376,0.3869565217391304,0.0,116,112,137
1550,0.8071065989847716,0.7817258883248731,0.700507614213198,109.49419160711432,102.57515926550275,171.769974,0.39705882352941174,0.7794117647058824,0.6666666666666666,159,154,138,0.7452830188679245,0.4528301886792453,0.8301886792452831,13.149131888888906,26.46939333333333,15.534477726717727,0.0,0.6742424242424242,0.07954545454545454,79,48,88,0.5888324873096447,0.5786802030456852,0.6903553299492385,5.126082,6.761142317460317,2.352437047619047,0.12682926829268293,0.41025641025641024,0.0,116,114,136
1551,0.817258883248731,0.7817258883248731,0.7157360406091371,109.77534583738783,103.01128361804211,174.433166,0.35384615384615387,0.8450704225352113,0.6774193548387096,161,154,141,0.7358490566037735,0.4339622641509434,0.8018867924528302,13.347331000000015,26.453161444444433,15.959911539904546,0.0,0.6549295774647887,0.05405405405405406,78,46,85,0.583756345177665,0.5685279187817259,0.6903553299492385,5.105698,6.748492317460317,2.276969047619047,0.09595959595959595,0.37606837606837606,0.0,115,112,136
1552,0.8324873096446701,0.7868020304568528,0.7106598984771574,114.87774643199973,97.21345495137562,173.009745,0.3220338983050847,0.7901234567901234,0.7045454545454546,164,155,140,0.6981132075471698,0.46226415094339623,0.8018867924528302,12.673675000000015,26.70472423809523,16.083123599733604,0.0,0.6376811594202898,0.025,74,49,85,0.5786802030456852,0.5736040609137056,0.6903553299492385,5.136656,6.7686553174603175,2.2794990476190473,0.08673469387755102,0.3672566371681416,0.0,114,113,136
1553,0.8781725888324873,0.7614213197969543,0.7258883248730964,111.95488898427882,100.75375493216961,171.619228,0.3181818181818182,0.9,0.6808510638297872,173,150,143,0.7169811320754716,0.5,0.8207547169811321,12.785783857142873,27.457667444444432,15.896878683982681,0.0,0.5833333333333334,0.07228915662650602,76,53,87,0.5939086294416244,0.5888324873096447,0.700507614213198,5.154243,6.905419317460317,2.3121150476190473,0.095,0.3524229074889868,0.0,117,116,138
1554,0.8629441624365483,0.7715736040609137,0.7360406091370558,118.1329792212272,99.70059513760316,170.499259,0.5517241379310345,0.8314606741573034,0.6704545454545454,170,152,145,0.7075471698113207,0.5094339622641509,0.8490566037735849,13.122083317460335,27.678681015873007,15.9930204949495,0.0,0.5806451612903226,0.012345679012345678,75,54,90,0.5786802030456852,0.5939086294416244,0.700507614213198,5.187122,6.9164993174603175,2.3251350476190473,0.10628019323671498,0.36363636363636365,0.0,114,117,138
1555,0.8578680203045685,0.7715736040609137,0.7360406091370558,113.3815650854699,101.84146295556607,174.03565,0.49295774647887325,0.8522727272727273,0.7804878048780488,169,152,145,0.6981132075471698,0.5,0.839622641509434,13.315482888888907,28.23997166666666,15.743748895215896,0.0,0.5555555555555556,0.023809523809523808,74,53,89,0.5888324873096447,0.5989847715736041,0.6903553299492385,5.168859,6.937623317460317,2.341285047619047,0.09569377990430622,0.36363636363636365,0.0,116,118,136
1556,0.868020304568528,0.766497461928934,0.7309644670050761,108.94845106486343,100.86912653258673,176.03565,0.4852941176470588,0.8372093023255814,0.7848101265822784,171,151,144,0.6886792452830188,0.5566037735849056,0.7735849056603774,12.786881000000015,27.55151544444444,15.412007298368302,0.0,0.5317460317460317,0.02564102564102564,73,59,82,0.5989847715736041,0.5888324873096447,0.6903553299492385,5.182916,6.9294803174603175,2.265336047619047,0.09569377990430622,0.3920704845814978,0.010526315789473684,118,116,136
1557,0.868020304568528,0.7614213197969543,0.7309644670050761,112.24232231947289,100.06191086592007,171.488757,0.4050632911392405,0.9024390243902439,0.7974683544303798,171,150,144,0.6886792452830188,0.5566037735849056,0.7547169811320755,13.29886833333335,28.08014044444444,15.787707104229101,0.0,0.5371900826446281,0.012345679012345678,73,59,80,0.5989847715736041,0.5939086294416244,0.7106598984771574,5.161491,6.800608317460317,2.3627960476190473,0.08737864077669903,0.37083333333333335,0.005128205128205128,118,117,140
1558,0.8781725888324873,0.766497461928934,0.7208121827411168,114.25950769260265,99.50107586592007,174.577913,0.46153846153846156,0.8488372093023255,0.7560975609756098,173,151,142,0.6886792452830188,0.4716981132075472,0.8018867924528302,13.647069111111128,28.458681317460307,15.942721528471532,0.0,0.5238095238095238,0.0,73,50,85,0.5786802030456852,0.5685279187817259,0.700507614213198,5.162173,6.814807317460317,2.379782047619047,0.12206572769953052,0.38589211618257263,0.010526315789473684,114,112,138
1559,0.8426395939086294,0.7715736040609137,0.7208121827411168,111.98881871871197,100.11071818004737,174.886341,0.5,0.8478260869565217,0.7241379310344828,166,152,142,0.6886792452830188,0.5660377358490566,0.8113207547169812,13.330956000000015,28.220988555555543,15.728677933066933,0.0,0.49612403100775193,0.0,73,60,86,0.5888324873096447,0.5583756345177665,0.6954314720812182,5.118431,6.743220317460318,2.316434047619047,0.11682242990654206,0.3483606557377049,0.005235602094240838,116,110,137
1560,0.8426395939086294,0.766497461928934,0.7208121827411168,115.66113628188651,103.61016586591988,173.745986,0.4794520547945205,0.8765432098765432,0.6703296703296703,166,151,142,0.7264150943396226,0.5754716981132075,0.7924528301886793,13.250691888888907,28.818271222222215,15.97119929059829,0.0,0.5692307692307692,0.01282051282051282,77,61,84,0.583756345177665,0.5634517766497462,0.7106598984771574,5.107076,6.677926317460317,2.382992047619047,0.09569377990430622,0.3603238866396761,0.0,115,111,140
1561,0.8578680203045685,0.7614213197969543,0.700507614213198,111.0494710520454,105.20701319925321,175.371986,0.5571428571428572,0.8604651162790697,0.7078651685393258,169,150,138,0.7169811320754716,0.5660377358490566,0.839622641509434,13.586914777777794,28.21398866666666,15.628356492285494,0.0,0.5289256198347108,0.0,76,60,89,0.5786802030456852,0.5532994923857868,0.7106598984771574,5.110922,6.723988317460317,2.331982047619047,0.09569377990430622,0.33613445378151263,0.015306122448979591,114,109,140
1562,0.868020304568528,0.7614213197969543,0.700507614213198,111.46933768652264,103.54999419925323,173.783979,0.4857142857142857,0.9012345679012346,0.686046511627907,171,150,138,0.7075471698113207,0.5943396226415094,0.7641509433962265,13.249019539682555,28.544434666666657,15.711612055167059,0.0,0.5555555555555556,0.028169014084507043,75,63,81,0.5685279187817259,0.5685279187817259,0.7055837563451777,5.069351,6.734774317460317,2.324459047619047,0.07035175879396985,0.3319327731092437,0.0,112,112,139
1563,0.8477157360406091,0.7614213197969543,0.7055837563451777,112.18552233217,101.16256953258656,173.783979,0.421875,0.8505747126436781,0.686046511627907,167,150,139,0.6981132075471698,0.5943396226415094,0.8018867924528302,13.645981888888903,29.124231111111104,16.414126632256643,0.0,0.5317460317460317,0.0,74,63,85,0.5634517766497462,0.6142131979695431,0.6954314720812182,5.107104,6.647143317460317,2.316984047619047,0.06091370558375635,0.32098765432098764,0.005263157894736842,111,121,137
1564,0.8527918781725888,0.7614213197969543,0.7106598984771574,112.93526601985597,102.44153953258676,173.783979,0.4142857142857143,0.9240506329113924,0.7407407407407407,168,150,140,0.7075471698113207,0.5943396226415094,0.7924528301886793,14.032185285714302,29.03156888888888,15.610281475413482,0.0,0.5658914728682171,0.024096385542168676,75,63,84,0.5685279187817259,0.6243654822335025,0.700507614213198,5.068091,6.671244317460317,2.372387047619047,0.07920792079207921,0.33617021276595743,0.005291005291005291,112,123,138
1565,0.868020304568528,0.7614213197969543,0.7055837563451777,111.02377460249566,102.91831753258676,173.783979,0.5,0.8444444444444444,0.7380952380952381,171,150,139,0.7075471698113207,0.5943396226415094,0.7830188679245284,13.012968428571444,29.48552099999999,16.163947198246202,0.0,0.5528455284552846,0.0,75,63,83,0.5634517766497462,0.6091370558375635,0.6852791878172588,5.021923,6.789486317460317,2.403113047619047,0.04591836734693878,0.34893617021276596,0.015957446808510637,111,120,135
1566,0.8578680203045685,0.7563451776649747,0.7055837563451777,110.68627807143406,103.30513853259399,173.783979,0.5138888888888888,0.8941176470588236,0.7469879518072289,169,149,139,0.7169811320754716,0.5943396226415094,0.8679245283018868,12.962065111111126,28.934584555555546,15.857202851037856,0.0,0.5726495726495726,0.021505376344086023,76,63,92,0.5888324873096447,0.5888324873096447,0.6852791878172588,5.098724,6.834605317460317,2.3573060476190473,0.0861244019138756,0.32510288065843623,0.015625,116,116,135
1567,0.8477157360406091,0.7614213197969543,0.7055837563451777,111.28380405001862,102.23255757099881,176.087923,0.5138888888888888,0.8863636363636364,0.7647058823529411,167,150,139,0.7169811320754716,0.5283018867924528,0.8867924528301887,13.222952777777795,29.62306233333333,16.10757786957488,0.0,0.5354330708661418,0.012048192771084338,76,56,94,0.6040609137055838,0.6091370558375635,0.6954314720812182,5.06625,6.7561253174603175,2.332470047619047,0.06435643564356436,0.32661290322580644,0.010309278350515464,119,120,137
1568,0.8223350253807107,0.7563451776649747,0.6954314720812182,113.93591408194388,104.39982119925322,173.012225,0.47058823529411764,0.8953488372093024,0.7529411764705882,162,149,137,0.7075471698113207,0.5566037735849056,0.8490566037735849,12.52637379365081,29.274184555555546,16.440730512043515,0.0,0.5220588235294118,0.02631578947368421,75,59,90,0.5888324873096447,0.6192893401015228,0.7106598984771574,5.122077,6.813101317460317,2.347591047619047,0.0845771144278607,0.36904761904761907,0.010309278350515464,116,122,140
1569,0.8629441624365483,0.7614213197969543,0.6954314720812182,108.7460110672741,105.49451053258657,172.67903,0.4605263157894737,0.8850574712643678,0.7439024390243902,170,150,137,0.6886792452830188,0.5943396226415094,0.839622641509434,13.061384000000015,28.97818633333332,15.966887031746035,0.010416666666666666,0.5887096774193549,0.04819277108433735,73,63,89,0.6040609137055838,0.583756345177665,0.7055837563451777,5.162199,6.858755317460317,2.3716950476190473,0.1,0.34913793103448276,0.005208333333333333,119,115,139
1570,0.8781725888324873,0.7563451776649747,0.6954314720812182,113.72275560997218,103.81150253258657,172.581219,0.5068493150684932,0.8554216867469879,0.7380952380952381,173,149,137,0.6981132075471698,0.5849056603773585,0.8679245283018868,13.577616571428585,29.317129666666656,15.655975459096458,0.0,0.5433070866141733,0.012048192771084338,74,62,92,0.6243654822335025,0.36548223350253806,0.868020304568528,5.224012,6.862060317460317,2.3736208528138523,0.09813084112149532,0.5568181818181818,0.003787878787878788,123,72,171
1571,0.883248730964467,0.7614213197969543,0.6802030456852792,113.7710112301986,105.28925584671387,171.330183,0.6229508196721312,0.8809523809523809,0.7468354430379747,174,150,134,0.6981132075471698,0.5566037735849056,0.8584905660377359,14.001539428571444,28.964627111111106,15.912861988233994,0.0,0.5409836065573771,0.024691358024691357,74,59,91,0.6294416243654822,0.3604060913705584,0.7817258883248731,5.21211,6.676013539682539,2.2930546996336996,0.10096153846153846,0.7459807073954984,0.0,124,71,154
1572,0.8223350253807107,0.7614213197969543,0.6802030456852792,111.67965755071243,104.33994518004778,171.330183,0.45454545454545453,0.8823529411764706,0.6951219512195121,162,150,134,0.6981132075471698,0.5849056603773585,0.839622641509434,13.569193888888902,28.736719111111103,16.147286031968033,0.0,0.5271317829457365,0.0,74,62,89,0.649746192893401,0.3756345177664975,0.7715736040609137,5.206296,6.559127317460317,2.2627863339993333,0.10328638497652583,0.761744966442953,0.0,128,74,152
1573,0.8629441624365483,0.751269035532995,0.6802030456852792,115.35224900921415,104.10637286592008,173.194145,0.4482758620689655,0.9069767441860465,0.7272727272727273,170,148,134,0.7264150943396226,0.5754716981132075,0.7924528301886793,12.878541428571443,29.21173077777777,15.70142386957487,0.0,0.578125,0.0,77,61,84,0.6345177664974619,0.3553299492385787,0.7715736040609137,5.242637,6.535421317460317,2.2190237515817515,0.09047619047619047,0.7919463087248322,0.0,125,70,152
1574,0.8629441624365483,0.7461928934010152,0.6802030456852792,112.81778617901554,102.02155223766547,173.194145,0.44594594594594594,0.9318181818181818,0.7386363636363636,170,147,134,0.7075471698113207,0.5849056603773585,0.8679245283018868,13.110604079365096,28.71962398412698,16.121783204351207,0.0,0.5073529411764706,0.023529411764705882,75,62,92,0.649746192893401,0.34517766497461927,0.766497461928934,5.277772,6.506434317460317,2.2625790652680653,0.102803738317757,0.8217821782178217,0.0,128,68,151
1575,0.8375634517766497,0.7563451776649747,0.6751269035532995,114.60237890975927,105.60476219925343,171.330183,0.6031746031746031,0.8207547169811321,0.7282608695652174,165,149,133,0.6792452830188679,0.5754716981132075,0.8584905660377359,12.926736571428586,28.678896666666656,15.8312054966145,0.0,0.5671641791044776,0.0,72,61,91,0.6446700507614214,0.27411167512690354,0.7715736040609137,5.292598,6.533139317460317,2.2774226406926408,0.107981220657277,0.8461538461538461,0.0,127,54,152
1576,0.8578680203045685,0.7563451776649747,0.6802030456852792,114.51067812495536,102.61551155179298,171.071988,0.4936708860759494,0.9247311827956989,0.7282608695652174,169,149,134,0.7264150943396226,0.5660377358490566,0.8301886792452831,13.187812682539697,28.606577555555546,15.914241349206353,0.0,0.56,0.0,77,60,88,0.649746192893401,0.2893401015228426,0.766497461928934,5.309782,6.509553317460317,2.228260485181485,0.08490566037735849,0.8562691131498471,0.0,128,57,151
1577,0.8324873096446701,0.7563451776649747,0.6751269035532995,114.06975463828378,102.14704053258676,171.330183,0.4788732394366197,0.9148936170212766,0.7319587628865979,164,149,133,0.7169811320754716,0.6037735849056604,0.8301886792452831,13.040002888888903,28.955818222222216,16.10062378243979,0.0,0.5564516129032258,0.0,76,64,88,0.6294416243654822,0.2639593908629442,0.7614213197969543,5.327587,6.513404317460317,2.217022093906094,0.10526315789473684,0.8846153846153846,0.0,124,52,150
1578,0.868020304568528,0.7563451776649747,0.6700507614213198,111.67949997425487,103.02584919925086,171.064942,0.475,0.8775510204081632,0.7659574468085106,171,149,132,0.7641509433962265,0.5566037735849056,0.8584905660377359,13.485777460317474,29.23542188888888,16.239218521589525,0.0,0.5348837209302325,0.0,81,59,91,0.6345177664974619,0.26903553299492383,0.7868020304568528,5.301663,6.534017317460317,2.2281163016983014,0.07804878048780488,0.8675078864353313,0.0,125,53,155
1579,0.868020304568528,0.7461928934010152,0.6751269035532995,112.41122453211564,102.09675653258174,173.751931,0.5,0.9175257731958762,0.7708333333333334,171,147,133,0.7641509433962265,0.5754716981132075,0.8584905660377359,13.539013428571447,28.991182555555543,16.325978931845935,0.0,0.5373134328358209,0.0,81,61,91,0.649746192893401,0.25380710659898476,0.7868020304568528,5.369457,6.463003317460317,2.2245731355311356,0.09859154929577464,0.8895705521472392,0.0,128,50,155
1580,0.8629441624365483,0.8020304568527918,0.7258883248730964,113.3062177644414,122.44853113942601,179.331455,0.5606060606060606,0.7425742574257426,0.696969696969697,170,158,143,0.7547169811320755,0.5754716981132075,0.8584905660377359,13.572754539682556,29.360658333333323,16.205640339105337,0.0,0.575,0.0,80,61,91,0.6294416243654822,0.25380710659898476,0.7766497461928934,5.392381,6.474318317460317,2.228511945054945,0.08653846153846154,0.8958990536277602,0.0,124,50,153
1581,0.868020304568528,0.8121827411167513,0.7208121827411168,114.9737359114331,116.254626729167,177.121427,0.5625,0.6764705882352942,0.75,171,160,142,0.7358490566037735,0.6132075471698113,0.8207547169811321,13.228854888888907,29.56834355555555,16.255389690087696,0.0,0.5555555555555556,0.0125,78,65,87,0.6142131979695431,0.23857868020304568,0.7817258883248731,5.312005,6.518728317460317,2.2347395001664996,0.10096153846153846,0.9137380191693291,0.0,121,47,154
1582,0.8578680203045685,0.8223350253807107,0.7208121827411168,114.96815873314354,119.99051375256707,176.486502,0.4861111111111111,0.7307692307692307,0.8380952380952381,169,162,142,0.7358490566037735,0.6132075471698113,0.8018867924528302,13.23621853968256,29.163001111111104,16.031954338994336,0.0,0.5537190082644629,0.01282051282051282,78,65,85,0.6192893401015228,0.233502538071066,0.7868020304568528,5.400409,6.505739317460317,2.217477603063603,0.10697674418604651,0.9015384615384615,0.0,122,46,155
1583,0.8578680203045685,0.817258883248731,0.7258883248730964,112.70848161957085,116.17969975588254,178.888931,0.47619047619047616,0.6105263157894737,0.7433628318584071,169,161,143,0.7735849056603774,0.5849056603773585,0.7830188679245284,13.467836238095254,29.199314555555546,15.988059302808303,0.0,0.6016260162601627,0.0,82,62,83,0.6294416243654822,0.233502538071066,0.7766497461928934,5.257605,6.447441317460317,2.2037276793206795,0.08837209302325581,0.92,0.0,124,46,153
1584,0.8781725888324873,0.8274111675126904,0.7309644670050761,115.68206669812855,115.04005454754412,179.413229,0.43243243243243246,0.6161616161616161,0.7304347826086957,173,163,144,0.7735849056603774,0.5943396226415094,0.8113207547169812,13.654436000000015,29.06699088888888,16.727711599955605,0.0,0.5508474576271186,0.0,82,63,86,0.6446700507614214,0.24873096446700507,0.7766497461928934,5.266847,6.520524317460318,2.204562157509158,0.10697674418604651,0.9115853658536586,0.0,127,49,153
1585,0.8477157360406091,0.8375634517766497,0.751269035532995,118.17308467038386,115.65136206250008,174.910933,0.5614035087719298,0.7325581395348837,0.7058823529411765,167,165,148,0.7547169811320755,0.5943396226415094,0.8207547169811321,13.233886111111127,29.07879533333332,15.78824078532579,0.0,0.5950413223140496,0.0,80,63,87,0.6446700507614214,0.2436548223350254,0.7817258883248731,5.339384,6.465354317460317,2.2060899147519146,0.1320754716981132,0.9051987767584098,0.0,127,48,154
1586,0.8324873096446701,0.7969543147208121,0.7157360406091371,117.92368217216448,118.10381804329413,177.587852,0.45454545454545453,0.6867469879518072,0.7864077669902912,164,157,141,0.7547169811320755,0.6132075471698113,0.8679245283018868,14.064910698412717,29.36246977777777,15.940736764790767,0.0,0.6050420168067226,0.0,80,65,92,0.6548223350253807,0.2436548223350254,0.7817258883248731,5.384569,6.499152317460317,2.2250885554445556,0.11981566820276497,0.910828025477707,0.0,129,48,154
1587,0.8629441624365483,0.8020304568527918,0.7411167512690355,115.34569251310016,116.02226304329436,174.663948,0.5,0.5957446808510638,0.7565217391304347,170,158,146,0.7452830188679245,0.6037735849056604,0.7924528301886793,13.672641000000015,29.425212555555543,16.00326216017317,0.0,0.5853658536585366,0.0,79,64,84,0.649746192893401,0.2436548223350254,0.8071065989847716,5.392227,6.480865317460317,2.2506023146853145,0.11818181818181818,0.9127725856697819,0.0,128,48,159
1588,0.8629441624365483,0.8324873096446701,0.7461928934010152,114.02099544548977,117.08913987771344,178.113362,0.5671641791044776,0.6633663366336634,0.7767857142857143,170,164,147,0.7547169811320755,0.5754716981132075,0.7924528301886793,13.596312888888907,29.341437111111105,15.871715261516266,0.0,0.632,0.0,80,61,84,0.649746192893401,0.23857868020304568,0.7918781725888325,5.375364,6.523545317460317,2.2306415777555775,0.12217194570135746,0.9195046439628483,0.0,128,47,156
1589,0.8527918781725888,0.8324873096446701,0.7461928934010152,112.36324251374607,113.29137537662744,168.532863,0.5774647887323944,0.6781609195402298,0.782608695652174,168,164,147,0.7641509433962265,0.6037735849056604,0.8018867924528302,13.123391571428586,29.714641555555545,16.22067501875902,0.0,0.6190476190476191,0.0,81,64,85,0.6598984771573604,0.2436548223350254,0.817258883248731,5.340819,6.515038317460317,2.1990960902430903,0.11711711711711711,0.9044585987261147,0.0,130,48,161
1590,0.8477157360406091,0.817258883248731,0.7411167512690355,115.02251701963655,117.98867187237624,171.257663,0.46835443037974683,0.6710526315789473,0.7192982456140351,167,161,146,0.7547169811320755,0.6037735849056604,0.8113207547169812,13.254441571428586,29.40869488888888,16.001586439782443,0.0,0.6470588235294118,0.0,80,64,86,0.6802030456852792,0.4416243654822335,0.7715736040609137,5.327858,6.709365317460317,2.4329898571428568,0.1277533039647577,0.798219584569733,0.025806451612903226,134,87,152
1591,0.8578680203045685,0.8274111675126904,0.7461928934010152,116.70416682713001,117.90435267896125,174.31508,0.5205479452054794,0.6326530612244898,0.7777777777777778,169,163,147,0.7735849056603774,0.5754716981132075,0.8207547169811321,13.310348000000015,29.826669555555544,16.197622716949727,0.0,0.608,0.0,82,61,87,0.6700507614213198,0.4720812182741117,0.7360406091370558,5.291821,6.558968317460317,2.4029317142857143,0.1572052401746725,0.6655172413793103,0.020512820512820513,132,93,145
1592,0.868020304568528,0.8274111675126904,0.7309644670050761,113.79766875785323,115.89376070996076,174.321422,0.5571428571428572,0.7263157894736842,0.7927927927927928,171,163,144,0.8018867924528302,0.5849056603773585,0.8018867924528302,13.526899000000018,29.219983222222215,15.81317232722833,0.0,0.6666666666666666,0.0,85,62,85,0.6649746192893401,0.49238578680203043,0.7309644670050761,5.318763,6.744582095238095,2.396528714285714,0.1318181818181818,0.6082089552238806,0.010256410256410256,131,97,144
1593,0.868020304568528,0.7868020304568528,0.751269035532995,113.64898585967234,117.78405494926876,173.944131,0.5428571428571428,0.6481481481481481,0.7222222222222222,171,155,148,0.8113207547169812,0.6132075471698113,0.8301886792452831,13.416549222222239,29.925810555555543,16.23599841192141,0.0,0.5483870967741935,0.0,86,65,88,0.6649746192893401,0.48223350253807107,0.7360406091370558,5.2893,6.677595539682539,2.372598047619047,0.13274336283185842,0.5845070422535211,0.01015228426395939,131,95,145
1594,0.8578680203045685,0.8223350253807107,0.7411167512690355,115.78519683699699,116.64032739583348,177.343372,0.5076923076923077,0.6288659793814433,0.7350427350427351,169,162,146,0.7924528301886793,0.5754716981132075,0.7735849056603774,13.73003322222224,29.191749126984114,16.032367895437904,0.0,0.6129032258064516,0.0,84,61,82,0.6548223350253807,0.45685279187817257,0.7614213197969543,5.264218,6.7119820952380955,2.4218810476190473,0.14035087719298245,0.6048109965635738,0.01,129,90,150
1595,0.8527918781725888,0.817258883248731,0.7411167512690355,111.9867873285072,117.88485437662708,174.750824,0.5625,0.7065217391304348,0.8073394495412844,168,161,146,0.8301886792452831,0.6037735849056604,0.8113207547169812,13.906496000000015,29.64778877777777,16.7623212879343,0.0,0.6033057851239669,0.0,88,64,86,0.6548223350253807,0.4517766497461929,0.751269035532995,5.302178,6.786750317460317,2.393329047619047,0.14096916299559473,0.5927152317880795,0.020100502512562814,129,89,148
1596,0.8375634517766497,0.8375634517766497,0.7563451776649747,113.43935887110162,116.77128165391423,174.802544,0.5384615384615384,0.6705882352941176,0.7217391304347827,165,165,149,0.8207547169811321,0.5849056603773585,0.8207547169811321,13.611834888888904,30.049528333333342,16.437230277389283,0.0,0.6033057851239669,0.0,87,62,87,0.6548223350253807,0.4720812182741117,0.7360406091370558,5.34576,6.819407317460318,2.3686130476190472,0.13274336283185842,0.6038961038961039,0.025510204081632654,129,93,145
1597,0.8730964467005076,0.7969543147208121,0.7157360406091371,112.26967583699606,117.65080257551814,174.727741,0.5454545454545454,0.6444444444444445,0.780952380952381,172,157,141,0.8018867924528302,0.5754716981132075,0.6981132075471698,13.418100746031762,29.21005723809523,17.17659187745588,0.0,0.5942028985507246,0.0,85,61,74,0.649746192893401,0.4720812182741117,0.7309644670050761,5.287307,6.921108317460317,2.3431900476190473,0.13839285714285715,0.5972696245733788,0.025510204081632654,128,93,144
1598,0.8730964467005076,0.8121827411167513,0.7563451776649747,111.3565760327832,116.57449431405593,176.109112,0.5161290322580645,0.6095238095238096,0.7339449541284404,172,160,149,0.7641509433962265,0.5471698113207547,0.7924528301886793,12.833700682539698,29.950176777777752,16.396950698190704,0.0,0.6228070175438597,0.0,81,58,84,0.6395939086294417,0.4873096446700508,0.7461928934010152,5.329211,7.011216317460317,2.409171047619047,0.09767441860465116,0.6109324758842444,0.025380710659898477,126,96,147
1599,0.8730964467005076,0.8223350253807107,0.7411167512690355,108.73501705101498,117.8988767099608,173.982273,0.49333333333333335,0.6597938144329897,0.7345132743362832,172,162,146,0.7641509433962265,0.5943396226415094,0.839622641509434,13.160745000000015,29.88557222222223,16.27099738650239,0.0,0.5939849624060151,0.0,81,63,89,0.6649746192893401,0.4873096446700508,0.751269035532995,5.303386,7.061989317460317,2.398051047619047,0.06132075471698113,0.6266666666666667,0.0051813471502590676,131,96,148
