Time_Sec,embb_Norm_availability,embb_Fault_availability,embb_Res_availability,embb_Norm_throughput,embb_Fault_throughput,embb_Res_throughput,embb_Norm_blocking,embb_Fault_blocking,embb_Res_blocking,embb_Norm_connected_count,embb_Fault_connected_count,embb_Res_connected_count,urllc_Norm_availability,urllc_Fault_availability,urllc_Res_availability,urllc_Norm_throughput,urllc_Fault_throughput,urllc_Res_throughput,urllc_Norm_blocking,urllc_Fault_blocking,urllc_Res_blocking,urllc_Norm_connected_count,urllc_Fault_connected_count,urllc_Res_connected_count,mmtc_Norm_availability,mmtc_Fault_availability,mmtc_Res_availability,mmtc_Norm_throughput,mmtc_Fault_throughput,mmtc_Res_throughput,mmtc_Norm_blocking,mmtc_Fault_blocking,mmtc_Res_blocking,mmtc_Norm_connected_count,mmtc_Fault_connected_count,mmtc_Res_connected_count
0,0.0,0.288135593220339,0.288135593220339,0.0,0.0,0.0,0.0,0.0,0.0,0,34,34,0.0,0.2711864406779661,0.2711864406779661,0.0,0.0,0.0,0.0,0.0,0.0,0,16,16,0.0,0.13821138211382114,0.13821138211382114,0.0,0.0,0.0,0.0,0.0,0.0,0,17,17
1,0.4745762711864407,0.7542372881355932,0.7627118644067796,0.0,31.534849530261088,31.186526575897844,0.034482758620689655,0.3522727272727273,0.3522727272727273,56,89,90,0.5254237288135594,0.6779661016949152,0.6610169491525424,0.0,2.202485,2.143382,0.0,0.0,0.0,31,40,39,0.4796747967479675,0.6666666666666666,0.6747967479674797,0.0,0.55084,0.527415,0.0,0.0423728813559322,0.05042016806722689,59,82,83
2,0.7627118644067796,0.7627118644067796,0.7627118644067796,33.568704818018205,29.828966822548416,29.80813984313811,0.5384615384615384,0.9696969696969697,0.9696969696969697,90,90,90,0.576271186440678,0.6610169491525424,0.6610169491525424,0.014218838143050671,2.054312,2.447687063571751,0.0,0.0,0.0,34,39,39,0.5284552845528455,0.6747967479674797,0.6829268292682927,0.081972,0.509759,0.541854,0.072,0.03361344537815126,0.03361344537815126,65,83,84
3,0.7627118644067796,0.7288135593220338,0.7372881355932204,31.09321023237277,26.859283892808364,28.406634854066937,0.9696969696969697,0.6976744186046512,0.7142857142857143,90,86,87,0.576271186440678,0.6610169491525424,0.6610169491525424,0.308482,1.8156178381430508,2.966267,0.0,0.0,0.0,34,39,39,0.5609756097560976,0.6829268292682927,0.6829268292682927,0.136781,0.494692,0.595602,0.040983606557377046,0.008620689655172414,0.008620689655172414,69,84,84
4,0.7627118644067796,0.7542372881355932,0.7457627118644068,29.50994220787155,26.51520121184277,26.299776599557386,0.66,0.6037735849056604,0.6521739130434783,90,89,88,0.5932203389830508,0.6610169491525424,0.6610169491525424,0.4952498497293857,2.111965,2.8550344682141247,0.0,0.0,0.0,35,39,39,0.5691056910569106,0.6829268292682927,0.6829268292682927,0.198714,0.573511,0.637959,0.02564102564102564,0.0,0.008620689655172414,70,84,84
5,0.7711864406779662,0.7627118644067796,0.7542372881355932,27.691103280475538,24.016515139051617,23.916151272650783,0.6666666666666666,0.5409836065573771,0.5454545454545454,91,90,89,0.6271186440677966,0.6610169491525424,0.6779661016949152,1.2100251502706143,2.3633898381430507,2.555521546975821,0.0,0.0,0.0,37,39,40,0.5691056910569106,0.6829268292682927,0.6585365853658537,0.206407,0.607973,0.647433,0.03389830508474576,0.008695652173913044,0.0,70,84,81
6,0.7627118644067796,0.7457627118644068,0.7542372881355932,24.88422292095948,24.54205485983016,26.29093329431797,0.6363636363636364,0.6326530612244898,0.6458333333333334,90,88,89,0.6440677966101694,0.6440677966101694,0.6779661016949152,0.5427059999999998,1.644116,2.8652405165959305,0.0,0.0,0.0,38,38,40,0.5691056910569106,0.6910569105691057,0.6666666666666666,0.252937,0.545912,0.645763,0.008695652173913044,0.0,0.0,70,85,82
7,0.7627118644067796,0.7542372881355932,0.7457627118644068,24.25045099497979,26.511252798630633,29.567425642476987,0.5483870967741935,0.6041666666666666,0.6140350877192983,90,89,88,0.6440677966101694,0.6779661016949152,0.6949152542372882,0.8025509999999998,1.8026880751353072,2.8265555317858757,0.0,0.0,0.0,38,40,41,0.5853658536585366,0.6747967479674797,0.6829268292682927,0.282669,0.475093,0.602121,0.008547008547008548,0.0,0.0,72,83,84
8,0.7457627118644068,0.7627118644067796,0.7796610169491526,27.265271716794157,27.06623702452928,29.14143072365453,0.5,0.52,0.6530612244897959,88,90,92,0.6610169491525424,0.6949152542372882,0.6949152542372882,0.9629531618569491,1.656798,3.4671054682141245,0.0,0.0,0.0,39,41,41,0.5853658536585366,0.6666666666666666,0.6747967479674797,0.292133,0.575349,0.739336,0.0,0.008620689655172414,0.0,72,82,83
9,0.7796610169491526,0.788135593220339,0.7627118644067796,27.525943424557916,29.17749743369016,28.84932538733554,0.6904761904761905,0.6363636363636364,0.7209302325581395,92,93,90,0.6610169491525424,0.6949152542372882,0.711864406779661,1.1864159248646926,2.001355,4.074923,0.0,0.0,0.0,39,41,42,0.5853658536585366,0.6585365853658537,0.6829268292682927,0.276848,0.511755,0.744665,0.0,0.0,0.0,72,81,84
10,0.7796610169491526,0.7966101694915254,0.7542372881355932,22.76986488372403,26.483808816354145,29.008913678173016,0.6739130434782609,0.4883720930232558,0.6521739130434783,92,94,89,0.6440677966101694,0.6949152542372882,0.7627118644067796,0.9822419999999997,1.817618,4.4522824530241785,0.0,0.0,0.0,38,41,45,0.5934959349593496,0.6666666666666666,0.6747967479674797,0.272827,0.470823,0.761991,0.0,0.0,0.0,73,82,83
11,0.788135593220339,0.7711864406779662,0.7711864406779662,27.085758988995664,25.90348451582492,24.426324904233898,0.5535714285714286,0.525,0.6226415094339622,93,91,91,0.6440677966101694,0.6949152542372882,0.7627118644067796,1.3137199248646927,1.804411,4.571886531785876,0.0,0.0,0.0,38,41,45,0.5853658536585366,0.6585365853658537,0.6666666666666666,0.306748,0.47677,0.685393,0.0,0.0,0.0,72,81,82
12,0.7796610169491526,0.7627118644067796,0.7711864406779662,24.51317988834382,27.474820125460983,30.52428938806467,0.5581395348837209,0.4897959183673469,0.5882352941176471,92,90,91,0.6779661016949152,0.6949152542372882,0.7288135593220338,1.3704119248646927,1.584965,4.591161625737518,0.0,0.0,0.0,40,41,43,0.5934959349593496,0.6585365853658537,0.6666666666666666,0.281087,0.536305,0.760864,0.0,0.0,0.0,73,81,82
13,0.7542372881355932,0.7711864406779662,0.7627118644067796,25.487624198780228,25.24766742576619,29.475630733222886,0.5333333333333333,0.5208333333333334,0.6136363636363636,89,91,90,0.6779661016949152,0.6949152542372882,0.7457627118644068,1.6744259999999997,2.059626,4.701704015189946,0.0,0.0,0.0,40,41,44,0.5853658536585366,0.6504065040650406,0.6829268292682927,0.327579,0.502853,0.832498,0.0,0.0,0.0,72,80,84
14,0.7711864406779662,0.8050847457627118,0.7542372881355932,24.785113415041735,25.552039874538988,31.674484652697576,0.6,0.5306122448979592,0.6153846153846154,91,95,89,0.6779661016949152,0.6779661016949152,0.7796610169491526,1.4921449999999998,1.7983788381430508,4.346235453024179,0.0,0.0,0.0,40,40,46,0.6016260162601627,0.6504065040650406,0.6910569105691057,0.351442,0.547125,0.783566,0.0,0.0,0.008547008547008548,74,80,85
15,0.7542372881355932,0.788135593220339,0.7796610169491526,24.284061854733036,25.21081006542879,34.44432118382914,0.5952380952380952,0.75,0.5283018867924528,89,93,92,0.6949152542372882,0.6779661016949152,0.7457627118644068,1.2282848381430505,1.980319,4.667577406560364,0.0,0.0,0.0,41,40,44,0.6097560975609756,0.6422764227642277,0.6829268292682927,0.357313,0.490923,0.842427,0.0,0.0,0.0,75,79,84
16,0.7796610169491526,0.788135593220339,0.788135593220339,24.91767223645369,24.400820884693903,31.33571214371335,0.4807692307692308,0.6666666666666666,0.5909090909090909,92,93,93,0.6949152542372882,0.6949152542372882,0.7457627118644068,1.4515099999999999,1.893794,4.697279889005438,0.0,0.0,0.0,41,41,44,0.6260162601626016,0.6422764227642277,0.6829268292682927,0.33616,0.477104,0.816361,0.0,0.008403361344537815,0.00847457627118644,77,79,84
17,0.788135593220339,0.788135593220339,0.788135593220339,24.686512505894015,24.237163469362475,32.597400381279805,0.5333333333333333,0.5952380952380952,0.575,93,93,93,0.6949152542372882,0.6949152542372882,0.7288135593220338,1.6835049999999998,1.679046,4.488438,0.0,0.0,0.0,41,41,43,0.6260162601626016,0.6504065040650406,0.6747967479674797,0.377329,0.433088,0.837891,0.0,0.00847457627118644,0.0,77,80,83
18,0.7711864406779662,0.7627118644067796,0.7966101694915254,27.891601582821213,28.598806562445702,29.82511082931363,0.6944444444444444,0.4772727272727273,0.5853658536585366,91,90,94,0.6949152542372882,0.6949152542372882,0.7627118644067796,1.7803709999999997,1.997992,4.572750389452428,0.0,0.0,0.0,41,41,45,0.6178861788617886,0.6504065040650406,0.6747967479674797,0.350115,0.477334,0.872063,0.0,0.0,0.0,76,80,83
19,0.788135593220339,0.7796610169491526,0.788135593220339,25.861410456510797,25.177803830158965,33.54705734688528,0.5952380952380952,0.625,0.5581395348837209,93,92,93,0.6949152542372882,0.711864406779661,0.7627118644067796,1.6359839999999997,2.085839323713899,4.527871531785876,0.0,0.0,0.0,41,42,45,0.6260162601626016,0.6504065040650406,0.6829268292682927,0.424873,0.547877,0.944969,0.0,0.0,0.00847457627118644,77,80,84
20,0.7627118644067796,0.788135593220339,0.7542372881355932,24.659297074620735,25.226181694187694,34.87165811570357,0.5434782608695652,0.4375,0.6486486486486487,90,93,89,0.711864406779661,0.711864406779661,0.7457627118644068,2.0335439999999996,1.7973468381430506,4.617872594398631,0.0,0.0,0.0,42,42,44,0.6178861788617886,0.6585365853658537,0.6910569105691057,0.411753,0.476914,0.974174,0.0,0.0,0.024793388429752067,76,81,85
21,0.7627118644067796,0.7966101694915254,0.788135593220339,24.637465592472253,26.86278822231439,35.84220190237672,0.5106382978723404,0.6111111111111112,0.6486486486486487,90,94,93,0.6949152542372882,0.7457627118644068,0.711864406779661,1.7906369999999998,2.1495058381430505,5.034685141374452,0.0,0.0,0.0,41,44,42,0.6016260162601627,0.6666666666666666,0.6910569105691057,0.44112,0.519218,1.008511,0.0,0.0,0.00847457627118644,74,82,85
22,0.7627118644067796,0.788135593220339,0.788135593220339,24.66213869369364,25.420406657731633,31.86385588285063,0.5652173913043478,0.6,0.6511627906976745,90,93,93,0.6949152542372882,0.7457627118644068,0.6949152542372882,1.5759149999999997,2.461680075135307,5.470903609588577,0.0,0.0,0.0,41,44,41,0.5934959349593496,0.6747967479674797,0.6991869918699187,0.430891,0.534888,1.005185,0.0,0.0,0.008403361344537815,73,83,86
23,0.7627118644067796,0.788135593220339,0.8050847457627118,25.114444900273217,24.343559354505658,31.729272928753346,0.5869565217391305,0.5333333333333333,0.5945945945945946,90,93,95,0.6949152542372882,0.7288135593220338,0.711864406779661,2.114303,2.307851,5.467061062612755,0.0,0.0,0.0,41,43,42,0.5853658536585366,0.6747967479674797,0.6991869918699187,0.456974,0.469761,1.158046,0.0,0.0,0.01680672268907563,72,83,86
24,0.7796610169491526,0.8050847457627118,0.788135593220339,25.68983853863431,27.27657563107514,33.844486473689734,0.6486486486486487,0.5675675675675675,0.6410256410256411,92,95,93,0.6949152542372882,0.711864406779661,0.7457627118644068,1.8087599999999997,2.392848,5.76194601423095,0.0,0.0,0.0,41,42,44,0.5772357723577236,0.6747967479674797,0.7235772357723578,0.410568,0.479401,1.186433,0.0,0.0,0.008264462809917356,71,83,89
25,0.7542372881355932,0.7627118644067796,0.7966101694915254,25.728252451573276,29.234427161422964,32.961510831899936,0.5111111111111111,0.5555555555555556,0.5833333333333334,89,90,94,0.6949152542372882,0.6949152542372882,0.7627118644067796,1.7443859999999998,2.4034368381430506,5.318726110994563,0.0,0.0,0.0,41,41,45,0.5934959349593496,0.6910569105691057,0.7235772357723578,0.421813,0.461741,1.177239,0.008264462809917356,0.008333333333333333,0.008333333333333333,73,85,89
26,0.7796610169491526,0.788135593220339,0.8050847457627118,26.11600042491677,29.008714916008046,33.50544151807958,0.5319148936170213,0.5208333333333334,0.5666666666666667,92,93,95,0.6949152542372882,0.6949152542372882,0.7457627118644068,1.7069949999999998,2.2650218381430505,5.664472703540219,0.0,0.0,0.0,41,41,44,0.6097560975609756,0.7073170731707317,0.7317073170731707,0.430236,0.447315,1.131858,0.0,0.008333333333333333,0.016129032258064516,75,87,90
27,0.7627118644067796,0.7796610169491526,0.7711864406779662,25.403611958530895,27.146092903716095,36.95220288200122,0.5641025641025641,0.6,0.5555555555555556,90,92,91,0.6949152542372882,0.6610169491525424,0.7457627118644068,1.6463509999999997,2.3927001618569492,5.568684609588576,0.0,0.0,0.0,41,39,44,0.6097560975609756,0.7073170731707317,0.7235772357723578,0.443619,0.46338,1.191134,0.0,0.0,0.008403361344537815,75,87,89
28,0.7627118644067796,0.7966101694915254,0.7796610169491526,24.710557505797443,25.840662563015243,37.12690099265945,0.5227272727272727,0.5777777777777777,0.5384615384615384,90,94,92,0.6949152542372882,0.6610169491525424,0.7288135593220338,1.7091109999999998,2.463716,5.752432609588577,0.0,0.0,0.0,41,39,43,0.6097560975609756,0.7154471544715447,0.7235772357723578,0.440864,0.385554,1.164549,0.00847457627118644,0.0,0.0,75,88,89
29,0.7711864406779662,0.7796610169491526,0.788135593220339,24.616720706362,25.249222432047166,34.904113343011346,0.5714285714285714,0.6,0.4634146341463415,91,92,93,0.6949152542372882,0.6610169491525424,0.7627118644067796,1.8399529999999997,2.147529,5.8121226095885765,0.0,0.0,0.0,41,39,45,0.6178861788617886,0.7073170731707317,0.7235772357723578,0.449508,0.440618,1.201068,0.0,0.0,0.0,76,87,89
30,0.7711864406779662,0.788135593220339,0.7966101694915254,25.120249692909884,25.327352473043252,33.198440751388496,0.47619047619047616,0.6388888888888888,0.6060606060606061,91,93,94,0.6949152542372882,0.6610169491525424,0.7288135593220338,2.140423,2.167093,5.585981594398632,0.0,0.0,0.0,41,39,43,0.6097560975609756,0.7073170731707317,0.7235772357723578,0.448024,0.374969,1.243447,0.0,0.0,0.01639344262295082,75,87,89
31,0.7627118644067796,0.7711864406779662,0.8050847457627118,26.28961085696397,26.64716789406506,36.30130099362649,0.625,0.5,0.5294117647058824,90,91,95,0.6779661016949152,0.6779661016949152,0.711864406779661,1.6271249999999997,2.217,5.967561126184506,0.0,0.0,0.0,40,40,42,0.6097560975609756,0.7154471544715447,0.7235772357723578,0.491311,0.412652,1.235675,0.0,0.0,0.0,75,88,89
32,0.7627118644067796,0.7796610169491526,0.7796610169491526,25.31507890129921,27.950639000783713,37.14576596758868,0.5128205128205128,0.4772727272727273,0.53125,90,92,92,0.6949152542372882,0.6779661016949152,0.6949152542372882,1.8869429999999998,1.926954,6.332517077802701,0.0,0.0,0.0,41,40,41,0.6097560975609756,0.7317073170731707,0.7317073170731707,0.472882,0.463508,1.304258,0.008403361344537815,0.0,0.0,75,90,90
33,0.7627118644067796,0.7966101694915254,0.8135593220338984,23.57839058203745,26.013816595393,35.48326713192526,0.5641025641025641,0.5476190476190477,0.5172413793103449,90,94,96,0.6949152542372882,0.6610169491525424,0.7288135593220338,2.161598,2.279888,6.335459609588576,0.0,0.0,0.0,41,39,43,0.6178861788617886,0.7235772357723578,0.7398373983739838,0.469036,0.467205,1.378578,0.008403361344537815,0.0,0.008333333333333333,76,89,91
34,0.7457627118644068,0.8050847457627118,0.7966101694915254,22.974544692740462,24.514742721133857,34.80580697913449,0.5128205128205128,0.6666666666666666,0.6363636363636364,88,95,94,0.6949152542372882,0.6779661016949152,0.7457627118644068,2.037461,2.462509,6.8664402039872074,0.0,0.0,0.0,41,40,44,0.6341463414634146,0.7317073170731707,0.7642276422764228,0.480247,0.439224,1.366759,0.0,0.0,0.008264462809917356,78,90,94
35,0.788135593220339,0.7711864406779662,0.7796610169491526,24.130747020589656,26.297182067555987,34.87253915224899,0.46808510638297873,0.5555555555555556,0.5625,93,91,92,0.6949152542372882,0.6610169491525424,0.7457627118644068,1.8961839999999999,2.471085,6.947961858625547,0.0,0.0,0.0,41,39,44,0.6422764227642277,0.7235772357723578,0.7560975609756098,0.494355,0.507296,1.40031,0.0,0.0,0.00847457627118644,79,89,93
36,0.7627118644067796,0.7288135593220338,0.788135593220339,25.40360982927146,28.351016009865194,34.034875372972216,0.625,0.5428571428571428,0.5151515151515151,90,86,93,0.711864406779661,0.6440677966101694,0.6779661016949152,2.198693,2.453269,6.214972952577188,0.0,0.0,0.0,42,38,40,0.6585365853658537,0.7235772357723578,0.7723577235772358,0.428542,0.440062,1.472898,0.0,0.0,0.01652892561983471,81,89,95
37,0.7796610169491526,0.7711864406779662,0.7796610169491526,25.285403873475357,24.112908212373657,36.19348301632951,0.5,0.47619047619047616,0.5666666666666667,92,91,92,0.711864406779661,0.6440677966101694,0.6949152542372882,1.9832659999999998,2.316659,6.090126953536183,0.0,0.0,0.0,42,38,41,0.6666666666666666,0.7154471544715447,0.7560975609756098,0.515899,0.450146,1.445489,0.0,0.0,0.01652892561983471,82,88,93
38,0.7796610169491526,0.7966101694915254,0.8050847457627118,24.21922367246486,23.80973515088444,32.46775636881843,0.5348837209302325,0.4883720930232558,0.4594594594594595,92,94,95,0.711864406779661,0.6440677966101694,0.711864406779661,1.8435439999999998,2.0981,6.981137281789908,0.0,0.0,0.0,42,38,42,0.6666666666666666,0.6910569105691057,0.7642276422764228,0.46806,0.519527,1.479959,0.0,0.0,0.016666666666666666,82,85,94
39,0.7542372881355932,0.7457627118644068,0.7796610169491526,25.71183439182092,25.512165320894866,36.169217425873995,0.6190476190476191,0.5,0.6296296296296297,89,88,92,0.7288135593220338,0.6440677966101694,0.7457627118644068,2.203527,2.086611,6.6733715943986285,0.0,0.0,0.0,43,38,44,0.6829268292682927,0.6991869918699187,0.7642276422764228,0.431496,0.454836,1.513148,0.0,0.0,0.0,84,86,94
40,0.7711864406779662,0.7711864406779662,0.8050847457627118,25.13994265009734,28.237894022896096,37.04930706280177,0.4666666666666667,0.55,0.6551724137931034,91,91,95,0.7288135593220338,0.6271186440677966,0.711864406779661,2.24726,2.649542,6.804565077802699,0.0,0.0,0.0,43,37,42,0.6910569105691057,0.7073170731707317,0.7642276422764228,0.414262,0.500316,1.514778,0.0,0.0,0.00819672131147541,85,87,94
41,0.7457627118644068,0.7966101694915254,0.7796610169491526,24.61256817562791,24.606873497475977,35.74833211763046,0.6470588235294118,0.5853658536585366,0.6129032258064516,88,94,92,0.711864406779661,0.6101694915254238,0.7796610169491526,2.206114838143051,2.173652,6.716077062612754,0.0,0.0,0.0,42,36,46,0.6910569105691057,0.6910569105691057,0.7560975609756098,0.487892,0.485726,1.552649,0.0,0.0,0.00847457627118644,85,85,93
42,0.7796610169491526,0.7796610169491526,0.7796610169491526,24.344033276514836,23.4857030813608,35.586299537595835,0.5,0.6,0.5,92,92,92,0.711864406779661,0.6101694915254238,0.7966101694915254,2.373225,2.30259,6.700022703540217,0.0,0.0,0.0,42,36,47,0.7073170731707317,0.6829268292682927,0.7642276422764228,0.452497,0.469188,1.474918,0.0,0.0,0.008333333333333333,87,84,94
43,0.788135593220339,0.7796610169491526,0.8050847457627118,22.407165611549026,24.697990129725184,39.01934007682079,0.5641025641025641,0.4,0.53125,93,92,95,0.6779661016949152,0.6101694915254238,0.7796610169491526,2.3612121618569493,2.044514,7.236651782301914,0.0,0.0,0.0,40,36,46,0.7073170731707317,0.6910569105691057,0.7479674796747967,0.494962,0.509694,1.534809,0.0,0.0,0.008547008547008548,87,85,92
44,0.7542372881355932,0.7627118644067796,0.7711864406779662,24.556459617830015,28.644688266294253,37.69860682376177,0.6176470588235294,0.5641025641025641,0.72,89,90,91,0.6610169491525424,0.6271186440677966,0.7457627118644068,2.415121,2.10002,7.103966967767133,0.0,0.0,0.0,39,37,44,0.7073170731707317,0.6829268292682927,0.7235772357723578,0.458746,0.467132,1.600594,0.0,0.0,0.008849557522123894,87,84,89
45,0.7627118644067796,0.788135593220339,0.7796610169491526,19.754971985241966,26.39919971900664,39.23823710504476,0.5106382978723404,0.5,0.5454545454545454,90,93,92,0.6271186440677966,0.6440677966101694,0.7627118644067796,2.4934768381430508,1.761995,7.4483621404154565,0.0,0.0,0.0,37,38,45,0.7073170731707317,0.6829268292682927,0.7073170731707317,0.439008,0.446245,1.648656,0.0,0.0,0.017391304347826087,87,84,87
46,0.7711864406779662,0.7627118644067796,0.8135593220338984,21.84056197177597,27.668252375215605,36.74287304792352,0.5555555555555556,0.5294117647058824,0.5,91,90,96,0.6271186440677966,0.6440677966101694,0.7457627118644068,2.5062378381430506,1.936321,7.178446593439635,0.0,0.0,0.0,37,38,44,0.7073170731707317,0.6829268292682927,0.6991869918699187,0.473082,0.457677,1.623439,0.0,0.0,0.017699115044247787,87,84,86
47,0.7627118644067796,0.7542372881355932,0.7711864406779662,24.18470539260465,27.384564337116572,36.93734804192239,0.5714285714285714,0.5454545454545454,0.4857142857142857,90,89,91,0.6271186440677966,0.6440677966101694,0.7457627118644068,2.24762,1.852649,7.67212860862958,0.0,0.0,0.0,37,38,44,0.7154471544715447,0.6991869918699187,0.7073170731707317,0.454927,0.508461,1.642201,0.0,0.0,0.017543859649122806,88,86,87
48,0.7796610169491526,0.788135593220339,0.788135593220339,21.308392678321297,27.184153718533654,37.35796068943346,0.5526315789473685,0.4318181818181818,0.5151515151515151,92,93,93,0.6271186440677966,0.6440677966101694,0.7966101694915254,2.307443,2.478048,7.569483162890336,0.0,0.0,0.0,37,38,47,0.7073170731707317,0.6910569105691057,0.7073170731707317,0.436819,0.466676,1.636586,0.0,0.0,0.017857142857142856,87,85,87
49,0.788135593220339,0.7966101694915254,0.7966101694915254,22.46431542065921,26.029122804062165,39.29049687044822,0.5789473684210527,0.5581395348837209,0.6206896551724138,93,94,94,0.6271186440677966,0.6440677966101694,0.7457627118644068,2.353062,1.995652,7.625808117940577,0.0,0.0,0.0,37,38,44,0.7154471544715447,0.6910569105691057,0.7235772357723578,0.484349,0.458029,1.746264,0.0,0.0,0.017543859649122806,88,85,89
50,0.7627118644067796,0.7627118644067796,0.7966101694915254,20.81991429171772,25.43926004359623,40.22838625446549,0.4888888888888889,0.5625,0.64,90,90,94,0.6271186440677966,0.6440677966101694,0.7288135593220338,1.9616969999999998,2.127232,7.380203125225511,0.0,0.0,0.0,37,38,43,0.7154471544715447,0.6991869918699187,0.7317073170731707,0.434551,0.535274,1.720979,0.0,0.0,0.008928571428571428,88,86,90
51,0.788135593220339,0.7627118644067796,0.7796610169491526,21.785451452926516,26.05543475316606,39.543795895022285,0.5238095238095238,0.425,0.68,93,90,92,0.6101694915254238,0.6271186440677966,0.7288135593220338,2.301901,2.218605,7.761578718665147,0.0,0.0,0.0,36,37,43,0.7073170731707317,0.6991869918699187,0.7479674796747967,0.513601,0.523596,1.751178,0.0,0.0,0.02608695652173913,87,86,92
52,0.7372881355932204,0.7966101694915254,0.8135593220338984,25.25542778862418,24.312277223547376,38.69110774133731,0.5128205128205128,0.5,0.5588235294117647,87,94,96,0.6101694915254238,0.6101694915254238,0.7288135593220338,2.0400959999999997,1.997137,7.453779734814087,0.0,0.0,0.0,36,36,43,0.7154471544715447,0.6991869918699187,0.7398373983739838,0.466193,0.494635,1.755524,0.0,0.0,0.037037037037037035,88,86,91
53,0.7627118644067796,0.7542372881355932,0.788135593220339,24.741926636292494,22.537930338180164,37.44798055229485,0.5869565217391305,0.5757575757575758,0.8333333333333334,90,89,93,0.6101694915254238,0.6271186440677966,0.711864406779661,2.312457,2.011254,8.22018254505783,0.0,0.0,0.0,36,37,42,0.7154471544715447,0.6991869918699187,0.7479674796747967,0.452182,0.528003,1.840311,0.0,0.0,0.02727272727272727,88,86,92
54,0.7542372881355932,0.7457627118644068,0.7796610169491526,25.16529699815259,25.17540171216998,37.14258297194948,0.5945945945945946,0.44680851063829785,0.5806451612903226,89,88,92,0.6101694915254238,0.6271186440677966,0.711864406779661,2.251384,2.16316,7.351481709866155,0.0,0.0,0.0,36,37,42,0.7154471544715447,0.7073170731707317,0.7723577235772358,0.496354,0.49762,1.876965,0.0,0.0,0.05454545454545454,88,87,95
55,0.788135593220339,0.7796610169491526,0.7796610169491526,23.124332842944916,25.230073800678223,37.39803135102922,0.5526315789473685,0.49019607843137253,0.6,93,92,92,0.6101694915254238,0.6101694915254238,0.6949152542372882,2.466469,2.203976,7.7036650151899435,0.0,0.0,0.0,36,36,41,0.7073170731707317,0.6991869918699187,0.7642276422764228,0.478651,0.477082,1.988375,0.0,0.0,0.028037383177570093,87,86,94
56,0.7966101694915254,0.788135593220339,0.7966101694915254,20.813573546793492,24.78800824413707,35.735127140223014,0.4358974358974359,0.5833333333333334,0.5294117647058824,94,93,94,0.6101694915254238,0.6101694915254238,0.6779661016949152,2.299246,2.194867,8.046832140415454,0.0,0.0,0.0,36,36,40,0.6991869918699187,0.6991869918699187,0.7398373983739838,0.481258,0.492428,1.999696,0.0,0.0,0.018518518518518517,86,86,91
57,0.7542372881355932,0.7796610169491526,0.7966101694915254,23.56754426163657,23.68244904988703,38.47138833981071,0.4838709677419355,0.6111111111111112,0.7037037037037037,89,92,94,0.5932203389830508,0.6271186440677966,0.711864406779661,2.269938,2.039315,7.694527125225509,0.0,0.0,0.0,35,37,42,0.7073170731707317,0.7073170731707317,0.7317073170731707,0.483312,0.494161,2.025533,0.0,0.008849557522123894,0.018691588785046728,87,87,90
58,0.7542372881355932,0.7372881355932204,0.8050847457627118,26.415173720284418,28.635945685320355,36.58189012563445,0.5277777777777778,0.4878048780487805,0.6538461538461539,89,87,95,0.5932203389830508,0.6440677966101694,0.7288135593220338,2.0234069999999997,1.88914,8.055110529867882,0.0,0.0,0.0,35,38,43,0.6991869918699187,0.6991869918699187,0.7398373983739838,0.466895,0.482075,2.101803,0.0,0.008771929824561403,0.01834862385321101,86,86,91
59,0.7288135593220338,0.7711864406779662,0.7796610169491526,24.375796603625044,24.628200175627896,38.10012698238426,0.5588235294117647,0.4666666666666667,0.6428571428571429,86,91,92,0.576271186440678,0.6440677966101694,0.6949152542372882,2.03706,2.083167,8.252400608629578,0.0,0.0,0.0,34,38,41,0.6910569105691057,0.6991869918699187,0.7235772357723578,0.496008,0.468553,2.145789,0.0,0.008547008547008548,0.019230769230769232,85,86,89
60,0.7372881355932204,0.7711864406779662,0.7966101694915254,22.858389542919564,23.619610588038555,39.88550245590052,0.5476190476190477,0.5128205128205128,0.6551724137931034,87,91,94,0.5932203389830508,0.6440677966101694,0.6779661016949152,2.315783,2.573822,7.921301976566123,0.0,0.0,0.0,35,38,40,0.6910569105691057,0.6991869918699187,0.7317073170731707,0.480623,0.471892,2.167513,0.0,0.008849557522123894,0.018518518518518517,85,86,90
61,0.7796610169491526,0.7966101694915254,0.788135593220339,24.013868575017465,23.784462256205,37.307458581761665,0.4888888888888889,0.47619047619047616,0.7037037037037037,92,94,93,0.6101694915254238,0.6271186440677966,0.6949152542372882,2.326288,2.282803,8.064002608629579,0.0,0.0,0.0,36,37,41,0.6829268292682927,0.6829268292682927,0.7317073170731707,0.458103,0.462919,2.140873,0.0,0.008771929824561403,0.009708737864077669,84,84,90
62,0.7796610169491526,0.7627118644067796,0.7711864406779662,21.253045678632038,24.032474627201186,37.73915390865769,0.6,0.5277777777777778,0.6060606060606061,92,90,91,0.6101694915254238,0.6101694915254238,0.6949152542372882,2.536185,1.99032,8.214396593439632,0.0,0.0,0.0,36,36,41,0.6829268292682927,0.6829268292682927,0.7479674796747967,0.465321,0.422377,2.196816,0.0,0.017391304347826087,0.0,84,84,92
63,0.7457627118644068,0.7711864406779662,0.7711864406779662,24.053715715626748,24.76033479799536,40.005682317867716,0.5,0.425,0.6333333333333333,88,91,91,0.6271186440677966,0.6101694915254238,0.7288135593220338,2.277994,2.242508,8.33488177247891,0.0,0.0,0.0,37,36,43,0.6666666666666666,0.6910569105691057,0.7398373983739838,0.467658,0.476707,2.198071,0.0,0.008771929824561403,0.02,82,85,91
64,0.7711864406779662,0.7711864406779662,0.788135593220339,22.271944596960445,24.71818206312231,38.303206383127126,0.4146341463414634,0.5454545454545454,0.625,91,91,93,0.6271186440677966,0.5932203389830508,0.7627118644067796,2.658547,2.435102,8.715541570964753,0.0,0.0,0.0,37,35,45,0.6747967479674797,0.6910569105691057,0.7317073170731707,0.460461,0.422301,2.251712,0.0,0.008771929824561403,0.0,83,85,90
65,0.7796610169491526,0.7796610169491526,0.8050847457627118,23.766745911574354,25.404723595607162,36.10950979564822,0.5294117647058824,0.47058823529411764,0.7037037037037037,92,92,95,0.6271186440677966,0.6101694915254238,0.7288135593220338,2.536124,2.520029,8.474416570964754,0.0,0.0,0.0,37,36,43,0.6829268292682927,0.6910569105691057,0.7804878048780488,0.490413,0.459524,2.310765,0.0,0.008849557522123894,0.019417475728155338,84,85,96
66,0.7542372881355932,0.7796610169491526,0.788135593220339,25.238322158408238,22.39666791391576,38.26666880232265,0.5517241379310345,0.525,0.5294117647058824,89,92,93,0.6271186440677966,0.5932203389830508,0.6949152542372882,2.333721,2.917958,9.093677647253397,0.0,0.0,0.0,37,35,41,0.6666666666666666,0.7073170731707317,0.7479674796747967,0.535879,0.464619,2.319123,0.0,0.00847457627118644,0.010526315789473684,82,87,92
67,0.7542372881355932,0.7627118644067796,0.8135593220338984,22.879428704128358,23.63954780935504,37.697306782796566,0.4594594594594595,0.46875,0.6923076923076923,89,90,96,0.6440677966101694,0.5932203389830508,0.711864406779661,2.373038,2.045631,8.81231167220133,0.0,0.0,0.0,38,35,42,0.6504065040650406,0.6991869918699187,0.7560975609756098,0.453956,0.461322,2.335151,0.0,0.008620689655172414,0.010526315789473684,80,86,93
68,0.7627118644067796,0.7627118644067796,0.7966101694915254,19.928562828805617,23.739093482887387,38.26696415637906,0.5,0.46875,0.6153846153846154,90,90,94,0.6271186440677966,0.5932203389830508,0.711864406779661,2.80342,2.694937,9.142051061653758,0.0,0.0,0.0,37,35,42,0.6666666666666666,0.6991869918699187,0.7398373983739838,0.509353,0.414364,2.373527,0.0,0.008695652173913044,0.010869565217391304,82,86,91
69,0.7457627118644068,0.788135593220339,0.8050847457627118,21.036451858900648,24.200515683569574,39.36088028655356,0.5161290322580645,0.5,0.6521739130434783,88,93,95,0.6271186440677966,0.5932203389830508,0.7457627118644068,2.499754,2.745002,9.150106608629578,0.0,0.0,0.0,37,35,44,0.6504065040650406,0.6910569105691057,0.7398373983739838,0.504331,0.475625,2.335901,0.0,0.008695652173913044,0.010309278350515464,80,85,91
70,0.7711864406779662,0.7796610169491526,0.8135593220338984,21.680375494720217,26.06991368095238,39.921174557401784,0.4166666666666667,0.42424242424242425,0.64,91,92,96,0.6101694915254238,0.6101694915254238,0.6949152542372882,2.426762,2.732166,9.154807484363062,0.0,0.0,0.0,36,36,41,0.6422764227642277,0.7073170731707317,0.7235772357723578,0.491724,0.503971,2.362054,0.0,0.008620689655172414,0.010416666666666666,79,87,89
71,0.8220338983050848,0.8220338983050848,0.8135593220338984,21.895881817825003,24.16089892065585,40.04007763954637,0.43902439024390244,0.42105263157894735,0.5277777777777778,97,97,96,0.6101694915254238,0.6101694915254238,0.6779661016949152,2.388132,2.69627,9.278818203987205,0.0,0.0,0.0,36,36,40,0.6341463414634146,0.6991869918699187,0.7235772357723578,0.497802,0.520258,2.394347,0.0,0.008771929824561403,0.010526315789473684,78,86,89
72,0.8050847457627118,0.788135593220339,0.8135593220338984,20.597066319831224,24.844666801948836,40.54583756112121,0.5294117647058824,0.4074074074074074,0.6666666666666666,95,93,96,0.6271186440677966,0.6101694915254238,0.7288135593220338,2.244813,2.433461,9.105868529867882,0.0,0.0,0.0,37,36,43,0.6422764227642277,0.6829268292682927,0.7317073170731707,0.48638,0.466068,2.362643,0.0,0.008547008547008548,0.020618556701030927,79,84,90
73,0.8135593220338984,0.7711864406779662,0.7966101694915254,20.44389722307437,27.2624025458823,41.66890702472381,0.5,0.40540540540540543,0.5,96,91,94,0.6610169491525424,0.6271186440677966,0.711864406779661,2.489012,2.760659,9.309969203028212,0.0,0.0,0.0,39,37,42,0.6422764227642277,0.6829268292682927,0.7398373983739838,0.518509,0.528968,2.398403,0.0,0.017094017094017096,0.010416666666666666,79,84,91
74,0.7966101694915254,0.8135593220338984,0.8135593220338984,22.53213769806156,22.697880792090782,44.81261930505365,0.4444444444444444,0.38095238095238093,0.47058823529411764,94,96,96,0.6779661016949152,0.6271186440677966,0.6949152542372882,2.603476,2.364463,9.389244076843703,0.0,0.0,0.0,40,37,41,0.6341463414634146,0.6910569105691057,0.7479674796747967,0.510668,0.517322,2.427755,0.0,0.016666666666666666,0.010526315789473684,78,85,92
75,0.8135593220338984,0.8135593220338984,0.8305084745762712,23.998167882498134,24.04241530825018,43.28952231133465,0.4594594594594595,0.4594594594594595,0.6521739130434783,96,96,98,0.6779661016949152,0.6271186440677966,0.711864406779661,2.492131,2.536992,9.833827140415455,0.0,0.0,0.0,40,37,42,0.6422764227642277,0.6991869918699187,0.7479674796747967,0.462341,0.465078,2.457853,0.0,0.01680672268907563,0.020618556701030927,79,86,92
76,0.8220338983050848,0.788135593220339,0.8135593220338984,23.484814390822958,22.693568340154954,43.08898097746705,0.4642857142857143,0.45454545454545453,0.5833333333333334,97,93,96,0.6779661016949152,0.6271186440677966,0.711864406779661,2.37583,2.415117,9.522859546016821,0.0,0.0,0.0,40,37,42,0.6422764227642277,0.6991869918699187,0.7398373983739838,0.421955,0.479564,2.496223,0.0,0.017094017094017096,0.010416666666666666,79,86,91
77,0.788135593220339,0.7966101694915254,0.8050847457627118,24.33451949806654,25.8933917244382,41.26454749612676,0.6,0.4473684210526316,0.68,93,94,95,0.6779661016949152,0.6610169491525424,0.7457627118644068,2.596232,3.006747,9.676458671242337,0.0,0.0,0.0,40,39,44,0.6341463414634146,0.6991869918699187,0.7479674796747967,0.484384,0.494208,2.516771,0.0,0.016666666666666666,0.010309278350515464,78,86,92
78,0.7796610169491526,0.788135593220339,0.8389830508474576,25.685248185479217,25.256471060032123,42.656424853553204,0.35135135135135137,0.5,0.5333333333333333,92,93,99,0.6610169491525424,0.6610169491525424,0.7288135593220338,2.807047,2.977290161856949,9.616904015189943,0.0,0.0,0.0,39,39,43,0.6341463414634146,0.6991869918699187,0.7398373983739838,0.504907,0.426773,2.54109,0.0,0.0,0.010101010101010102,78,86,91
79,0.788135593220339,0.7966101694915254,0.8305084745762712,22.732772515337974,26.080884363220495,44.213066367465125,0.5,0.46808510638297873,0.5357142857142857,93,94,98,0.6610169491525424,0.6610169491525424,0.7457627118644068,2.688114,2.5083421618569495,9.817049546975818,0.0,0.0,0.0,39,39,44,0.6666666666666666,0.6991869918699187,0.7398373983739838,0.482728,0.450152,2.575688,0.0,0.0,0.010101010101010102,82,86,91
80,0.7966101694915254,0.8220338983050848,0.8135593220338984,25.16922059976093,23.453534511545715,43.72293689714948,0.4594594594594595,0.4418604651162791,0.6538461538461539,94,97,96,0.6101694915254238,0.6271186440677966,0.711864406779661,2.840664,2.6351338381430507,9.76591567220133,0.0,0.0,0.0,36,37,42,0.6260162601626016,0.6910569105691057,0.7235772357723578,0.460512,0.439464,2.537616,0.0,0.0,0.010526315789473684,77,85,89
81,0.788135593220339,0.7627118644067796,0.8389830508474576,23.834244041963043,23.871455645484424,44.787835304062895,0.4482758620689655,0.48484848484848486,0.5925925925925926,93,90,99,0.6101694915254238,0.6101694915254238,0.7288135593220338,2.644094,2.687758,9.935742140415455,0.0,0.0,0.0,36,36,43,0.6016260162601627,0.6747967479674797,0.7154471544715447,0.456562,0.51994,2.529632,0.0,0.0,0.010869565217391304,74,83,88
82,0.8050847457627118,0.8135593220338984,0.8135593220338984,25.164825389900685,22.309049621030642,45.940078925263016,0.5172413793103449,0.38636363636363635,0.8,95,96,96,0.6101694915254238,0.6271186440677966,0.711864406779661,2.652315,3.0723558381430505,10.005893140415454,0.0,0.0,0.0,36,37,42,0.6097560975609756,0.6747967479674797,0.7235772357723578,0.485745,0.511855,2.613932,0.008928571428571428,0.0,0.010869565217391304,75,83,89
83,0.7966101694915254,0.8050847457627118,0.8050847457627118,24.07087006281871,26.553933855116583,43.35327638447058,0.5,0.4782608695652174,0.5172413793103449,94,95,95,0.5932203389830508,0.6271186440677966,0.6949152542372882,2.763929,2.386584,9.913772608629577,0.0,0.0,0.0,35,37,41,0.6016260162601627,0.6666666666666666,0.7479674796747967,0.457094,0.531466,2.687759,0.0,0.0,0.010638297872340425,74,82,92
84,0.8305084745762712,0.8050847457627118,0.8389830508474576,22.22566107732725,25.907365121587013,43.17846667792525,0.4666666666666667,0.36666666666666664,0.5,98,95,99,0.6101694915254238,0.6271186440677966,0.711864406779661,2.45354,2.618094,9.860379608629577,0.0,0.0,0.0,36,37,42,0.6260162601626016,0.6829268292682927,0.7642276422764228,0.465816,0.5283,2.696953,0.0,0.008403361344537815,0.010416666666666666,77,84,94
85,0.7796610169491526,0.8135593220338984,0.8389830508474576,22.25717344016156,23.88759324439585,45.564626376836294,0.5172413793103449,0.35294117647058826,0.52,92,96,99,0.5932203389830508,0.6271186440677966,0.7627118644067796,2.251749,2.378699,9.970292140415452,0.0,0.0,0.0,35,37,45,0.6260162601626016,0.6829268292682927,0.7560975609756098,0.494443,0.580096,2.641173,0.0,0.0,0.01098901098901099,77,84,93
86,0.7796610169491526,0.7796610169491526,0.847457627118644,25.19916030946211,28.080526128875746,43.89200950028054,0.5151515151515151,0.32142857142857145,0.6153846153846154,92,92,100,0.5932203389830508,0.6271186440677966,0.7288135593220338,2.508085,2.694679,10.179367140415453,0.0,0.0,0.0,35,37,43,0.6178861788617886,0.6991869918699187,0.7642276422764228,0.47748,0.551673,2.677677,0.0,0.0,0.010752688172043012,76,86,94
87,0.7711864406779662,0.8220338983050848,0.8305084745762712,25.120987585452223,27.05479926620031,44.04483794063531,0.525,0.34285714285714286,0.5909090909090909,91,97,98,0.5932203389830508,0.6101694915254238,0.6949152542372882,2.613785,2.647418,10.04582360862958,0.0,0.0,0.0,35,36,41,0.6260162601626016,0.7073170731707317,0.7479674796747967,0.513552,0.530521,2.749939,0.0,0.0,0.010869565217391304,77,87,92
88,0.8220338983050848,0.8220338983050848,0.8220338983050848,22.905825709946182,29.23161228963246,42.293177324932444,0.4418604651162791,0.391304347826087,0.6190476190476191,97,97,97,0.576271186440678,0.6101694915254238,0.7288135593220338,3.02188,2.8419701618569495,9.9582250778027,0.0,0.0,0.0,34,36,43,0.6178861788617886,0.7073170731707317,0.7398373983739838,0.460772,0.459982,2.737338,0.0,0.008620689655172414,0.010869565217391304,76,87,91
89,0.7966101694915254,0.8220338983050848,0.8305084745762712,22.995595706545245,26.570437086647683,45.14558958242512,0.5151515151515151,0.2702702702702703,0.4482758620689655,94,97,98,0.559322033898305,0.6101694915254238,0.711864406779661,3.230029,2.6560971618569496,10.069711140415455,0.0,0.0,0.0,33,36,42,0.6422764227642277,0.7073170731707317,0.7560975609756098,0.458931,0.577262,2.784334,0.0,0.008620689655172414,0.010638297872340425,79,87,93
90,0.7711864406779662,0.8135593220338984,0.8305084745762712,24.7368204721629,27.16388957778707,45.62238817540126,0.5517241379310345,0.4,0.68,91,96,98,0.559322033898305,0.6101694915254238,0.6779661016949152,3.27682,2.658041838143051,10.595250140415454,0.0,0.0,0.0,33,36,40,0.6666666666666666,0.6991869918699187,0.7642276422764228,0.494459,0.517205,2.779443,0.0,0.008403361344537815,0.0,82,86,94
91,0.7711864406779662,0.8135593220338984,0.8220338983050848,23.185620873119962,28.014659023344322,45.447451539892434,0.4473684210526316,0.38235294117647056,0.7272727272727273,91,96,97,0.6101694915254238,0.6271186440677966,0.6440677966101694,3.08264,3.0627518381430505,10.566453265640966,0.0,0.0,0.0,36,37,38,0.6747967479674797,0.6991869918699187,0.7560975609756098,0.529993,0.55753,2.805873,0.0,0.008620689655172414,0.0,83,86,93
92,0.8050847457627118,0.8135593220338984,0.8220338983050848,22.945235999216177,24.709106207739673,45.80066412428115,0.5294117647058824,0.3870967741935484,0.8148148148148148,95,96,97,0.5932203389830508,0.6271186440677966,0.6610169491525424,2.851076,3.064116,10.439584203028211,0.0,0.0,0.0,35,37,39,0.6747967479674797,0.6991869918699187,0.7642276422764228,0.525106,0.50657,2.738316,0.0,0.008547008547008548,0.0,83,86,94
93,0.8220338983050848,0.8305084745762712,0.8220338983050848,23.005347302442154,26.740222382169865,45.25876947783369,0.45454545454545453,0.41025641025641024,0.7857142857142857,97,98,97,0.576271186440678,0.6271186440677966,0.6440677966101694,3.035559,3.143637,10.797227124266515,0.0,0.0,0.0,34,37,38,0.6747967479674797,0.6991869918699187,0.7804878048780488,0.514299,0.547314,2.773314,0.0,0.008620689655172414,0.0,83,86,96
94,0.8220338983050848,0.8135593220338984,0.8305084745762712,24.03674396431778,28.85910149747594,42.60019874026387,0.5806451612903226,0.48148148148148145,0.6129032258064516,97,96,98,0.576271186440678,0.6440677966101694,0.6271186440677966,2.874991,2.75141,10.765244203028212,0.0,0.0,0.0,34,38,37,0.6829268292682927,0.6910569105691057,0.7967479674796748,0.526988,0.560151,2.816895,0.0,0.01694915254237288,0.0,84,85,98
95,0.8050847457627118,0.8135593220338984,0.8305084745762712,25.109370617999403,27.810982793361397,45.25491096565865,0.475,0.45161290322580644,0.75,95,96,98,0.576271186440678,0.6440677966101694,0.6271186440677966,2.781332,2.624325,10.901523203028212,0.0,0.0,0.0,34,38,37,0.7073170731707317,0.6991869918699187,0.7723577235772358,0.510004,0.555001,2.791874,0.008333333333333333,0.01694915254237288,0.011494252873563218,87,86,95
96,0.8050847457627118,0.8220338983050848,0.8389830508474576,25.301912471499435,25.050428166812374,46.1431424663353,0.5714285714285714,0.3409090909090909,0.6551724137931034,95,97,99,0.5932203389830508,0.6440677966101694,0.6440677966101694,2.669228,2.922969,10.59263520302821,0.0,0.0,0.0,35,38,38,0.6991869918699187,0.6910569105691057,0.7804878048780488,0.51788,0.523834,2.792638,0.008333333333333333,0.01694915254237288,0.02247191011235955,86,85,96
97,0.8220338983050848,0.8305084745762712,0.8389830508474576,25.797803908867767,25.89856899893633,45.75780054926363,0.4782608695652174,0.53125,0.6428571428571429,97,98,99,0.5423728813559322,0.6440677966101694,0.6440677966101694,2.791935,2.546116,10.882901203028212,0.0,0.0,0.0,32,38,38,0.6991869918699187,0.7073170731707317,0.7804878048780488,0.566405,0.507977,2.859446,0.016666666666666666,0.01652892561983471,0.02247191011235955,86,87,96
98,0.8135593220338984,0.8220338983050848,0.8389830508474576,25.214019029177045,25.10583484040057,46.09016672169095,0.6470588235294118,0.5625,0.7037037037037037,96,97,99,0.5423728813559322,0.6440677966101694,0.6271186440677966,2.555375,2.820806,10.94578665605239,0.0,0.0,0.0,32,38,37,0.6991869918699187,0.6829268292682927,0.8048780487804879,0.577786,0.520676,2.855149,0.00847457627118644,0.008547008547008548,0.021739130434782608,86,84,99
99,0.8135593220338984,0.847457627118644,0.8389830508474576,24.701686339637167,25.368020391541037,44.79271300403754,0.6388888888888888,0.4722222222222222,0.7692307692307693,96,100,99,0.559322033898305,0.6440677966101694,0.6610169491525424,2.871234,2.603036,11.253471203028212,0.0,0.0,0.0,33,38,39,0.6829268292682927,0.6747967479674797,0.7886178861788617,0.606831,0.510462,2.870566,0.00847457627118644,0.00847457627118644,0.022727272727272728,84,83,97
100,0.8050847457627118,0.7966101694915254,0.8389830508474576,22.812785507237408,27.268586126790503,46.43145694922275,0.5853658536585366,0.6428571428571429,0.6296296296296297,95,94,99,0.559322033898305,0.6610169491525424,0.6610169491525424,2.532448,2.770665,11.40699075000403,0.0,0.0,0.0,33,39,39,0.6829268292682927,0.6585365853658537,0.7886178861788617,0.612925,0.562208,2.767824,0.008403361344537815,0.008547008547008548,0.02197802197802198,84,81,97
101,0.8305084745762712,0.8305084745762712,0.8305084745762712,21.894851121092934,24.072688628095367,46.881109282399784,0.4782608695652174,0.42857142857142855,0.7586206896551724,98,98,98,0.576271186440678,0.6440677966101694,0.6440677966101694,2.672034,2.939259,11.922511734814087,0.0,0.0,0.0,34,38,38,0.6910569105691057,0.6585365853658537,0.8048780487804879,0.595861,0.538439,2.871318,0.00819672131147541,0.008333333333333333,0.012195121951219513,85,81,99
102,0.7627118644067796,0.7966101694915254,0.8389830508474576,27.022047675904375,25.237658550488174,47.14444079479882,0.6052631578947368,0.4444444444444444,0.6153846153846154,90,94,99,0.5423728813559322,0.6440677966101694,0.6271186440677966,2.66175,2.40722,11.890092281789906,0.0,0.0,0.0,32,38,37,0.6829268292682927,0.6585365853658537,0.7723577235772358,0.590942,0.523618,2.883771,0.008403361344537815,0.00847457627118644,0.0,84,81,95
103,0.8050847457627118,0.8305084745762712,0.847457627118644,26.03552029895184,25.18443061462937,48.415386965658655,0.5714285714285714,0.43902439024390244,0.65625,95,98,100,0.559322033898305,0.6440677966101694,0.6440677966101694,2.785838,2.697738,11.89050175000403,0.0,0.0,0.0,33,38,38,0.6910569105691057,0.6747967479674797,0.7804878048780488,0.552784,0.511052,3.012649,0.024193548387096774,0.008403361344537815,0.0,85,83,96
104,0.8220338983050848,0.8220338983050848,0.8389830508474576,23.3324558377275,25.754899226747995,45.79883002676426,0.5,0.5625,0.7142857142857143,97,97,99,0.559322033898305,0.6440677966101694,0.6440677966101694,2.698105,2.449853,11.78090875000403,0.0,0.0,0.0,33,38,38,0.6991869918699187,0.6829268292682927,0.7723577235772358,0.561331,0.548956,2.989402,0.008403361344537815,0.008403361344537815,0.0,86,84,95
105,0.8220338983050848,0.8220338983050848,0.847457627118644,27.99421830495297,24.843418661501772,47.37321606395927,0.48936170212765956,0.5135135135135135,0.6333333333333333,97,97,100,0.559322033898305,0.6271186440677966,0.6779661016949152,2.813173,2.345025,11.77038975000403,0.0,0.0,0.0,33,37,40,0.6991869918699187,0.7073170731707317,0.8048780487804879,0.595564,0.591797,2.983155,0.00847457627118644,0.01639344262295082,0.0,86,87,99
106,0.788135593220339,0.8220338983050848,0.8559322033898306,24.69457651761634,22.815134254851696,44.563886259393186,0.6666666666666666,0.4,0.7,93,97,101,0.559322033898305,0.6271186440677966,0.6610169491525424,2.905933,2.542706838143051,11.72377075000403,0.0,0.0,0.0,33,37,39,0.7073170731707317,0.6991869918699187,0.7967479674796748,0.560642,0.559256,3.010493,0.008264462809917356,0.01639344262295082,0.0,87,86,98
107,0.7627118644067796,0.8135593220338984,0.847457627118644,25.31033449522408,25.634178834940926,45.25406790775367,0.5609756097560976,0.475,0.92,90,96,100,0.576271186440678,0.6271186440677966,0.6610169491525424,2.48834,2.480533,11.841337750004032,0.0,0.0,0.0,34,37,39,0.7235772357723578,0.7073170731707317,0.8048780487804879,0.605325,0.607694,2.99159,0.008333333333333333,0.008403361344537815,0.0,89,87,99
108,0.8135593220338984,0.8135593220338984,0.847457627118644,24.979775526838996,25.149809035178187,45.59171871231977,0.4772727272727273,0.6206896551724138,0.6785714285714286,96,96,100,0.576271186440678,0.6101694915254238,0.6610169491525424,2.973012,2.727483,11.961802750004031,0.0,0.0,0.0,34,36,39,0.6991869918699187,0.7073170731707317,0.8048780487804879,0.581432,0.599863,3.010363,0.00847457627118644,0.008333333333333333,0.0,86,87,99
109,0.8135593220338984,0.8135593220338984,0.847457627118644,23.177704929523117,24.577536633105748,46.318405889011316,0.5833333333333334,0.4473684210526316,0.7407407407407407,96,96,100,0.576271186440678,0.6101694915254238,0.6779661016949152,2.896765,2.686777,12.058291750004031,0.0,0.0,0.0,34,36,40,0.6991869918699187,0.7154471544715447,0.8130081300813008,0.594455,0.597367,2.995889,0.01639344262295082,0.00819672131147541,0.02702702702702703,86,88,100
110,0.788135593220339,0.8389830508474576,0.8559322033898306,25.63290812707034,23.307754972839557,46.255638450673295,0.5588235294117647,0.4473684210526316,0.6333333333333333,93,99,101,0.5932203389830508,0.6271186440677966,0.6949152542372882,2.343501,2.751403,11.825513750004031,0.0,0.0,0.0,35,37,41,0.7073170731707317,0.7073170731707317,0.7967479674796748,0.632989,0.596879,3.017524,0.008333333333333333,0.008333333333333333,0.02631578947368421,87,87,98
111,0.8305084745762712,0.8220338983050848,0.8305084745762712,23.10869326714362,25.442345276065538,48.19665108511852,0.48936170212765956,0.5151515151515151,0.6428571428571429,98,97,98,0.576271186440678,0.6271186440677966,0.6949152542372882,2.787146,2.790959,12.06571975000403,0.0,0.0,0.0,34,37,41,0.6991869918699187,0.7154471544715447,0.7886178861788617,0.536591,0.56812,3.011882,0.008264462809917356,0.008333333333333333,0.0273972602739726,86,88,97
112,0.8135593220338984,0.8220338983050848,0.8559322033898306,23.182659564982796,23.88162045736015,47.53611967898885,0.4838709677419355,0.46875,0.6551724137931034,96,97,101,0.576271186440678,0.6440677966101694,0.6949152542372882,2.497346,2.336876,12.09235075000403,0.0,0.0,0.0,34,38,41,0.6910569105691057,0.7235772357723578,0.7967479674796748,0.571243,0.5977,3.042428,0.00847457627118644,0.008333333333333333,0.02666666666666667,85,89,98
113,0.7966101694915254,0.8135593220338984,0.8305084745762712,27.877802613351538,24.136821452215614,46.969560234649705,0.4186046511627907,0.5,0.6923076923076923,94,96,98,0.5932203389830508,0.6440677966101694,0.6949152542372882,2.6709131618569493,2.598462,11.99164075000403,0.0,0.0,0.0,35,38,41,0.6910569105691057,0.7235772357723578,0.8048780487804879,0.536874,0.591462,3.051028,0.008403361344537815,0.008403361344537815,0.02857142857142857,85,89,99
114,0.788135593220339,0.8305084745762712,0.847457627118644,25.167945346207834,24.919621847378554,47.99043092834336,0.5405405405405406,0.43243243243243246,0.6296296296296297,93,98,100,0.5932203389830508,0.6440677966101694,0.6949152542372882,2.38145,2.550052,12.23475575000403,0.0,0.0,0.0,35,38,41,0.6829268292682927,0.7154471544715447,0.8048780487804879,0.525332,0.580092,3.056038,0.008403361344537815,0.008403361344537815,0.029411764705882353,84,88,99
115,0.8050847457627118,0.8559322033898306,0.864406779661017,23.32191813551207,24.46063972000454,47.928873139149566,0.5263157894736842,0.4594594594594595,0.7083333333333334,95,101,102,0.5932203389830508,0.6101694915254238,0.6949152542372882,2.798428,2.7983211618569492,12.177184750004031,0.0,0.0,0.0,35,36,41,0.6829268292682927,0.7154471544715447,0.8130081300813008,0.577275,0.636558,3.032376,0.008403361344537815,0.008333333333333333,0.028169014084507043,84,88,100
116,0.7966101694915254,0.8305084745762712,0.8389830508474576,24.918147125740767,22.715259151268004,46.696335235713306,0.45714285714285713,0.5714285714285714,0.6666666666666666,94,98,99,0.5932203389830508,0.6101694915254238,0.6949152542372882,2.7620468381430507,2.66723,11.91748475000403,0.0,0.0,0.0,35,36,41,0.6829268292682927,0.7154471544715447,0.8211382113821138,0.563048,0.610092,3.077522,0.0,0.008333333333333333,0.04285714285714286,84,88,101
117,0.8135593220338984,0.8220338983050848,0.8728813559322034,27.04622645494324,26.78894728746735,50.153911917908594,0.5263157894736842,0.5142857142857142,0.5862068965517241,96,97,103,0.5932203389830508,0.5932203389830508,0.711864406779661,2.878452,2.9834591618569495,12.73665175000403,0.0,0.0,0.0,35,35,42,0.6829268292682927,0.7073170731707317,0.8292682926829268,0.586974,0.592758,3.054095,0.0,0.00847457627118644,0.0547945205479452,84,87,102
118,0.8050847457627118,0.8220338983050848,0.864406779661017,27.596294156415848,27.321380835013766,48.7133523307889,0.4722222222222222,0.4146341463414634,0.47619047619047616,95,97,102,0.6271186440677966,0.5932203389830508,0.711864406779661,2.539361,2.7330868381430506,13.045891802914085,0.0,0.0,0.0,37,35,42,0.6829268292682927,0.6910569105691057,0.8373983739837398,0.564965,0.601393,3.099418,0.008130081300813009,0.008333333333333333,0.0,84,85,103
119,0.8135593220338984,0.847457627118644,0.864406779661017,26.88273363977295,25.208942021238165,48.71026249214238,0.358974358974359,0.40540540540540543,0.631578947368421,96,100,102,0.6271186440677966,0.6101694915254238,0.711864406779661,2.625759,2.6839379248646926,13.1896192440698,0.0,0.0,0.0,37,36,42,0.6829268292682927,0.6829268292682927,0.8373983739837398,0.519253,0.631627,3.064574,0.0,0.008333333333333333,0.0,84,84,103
120,0.7966101694915254,0.8135593220338984,0.864406779661017,28.315358229465794,26.99587841947532,48.08146844023853,0.475,0.5,0.5909090909090909,94,96,102,0.6271186440677966,0.6101694915254238,0.711864406779661,2.665155161856949,3.390152312127564,13.1383512440698,0.0,0.0,0.0,37,36,42,0.6747967479674797,0.6910569105691057,0.8292682926829268,0.578059,0.626345,3.027418,0.0,0.008333333333333333,0.0,83,85,102
121,0.8220338983050848,0.847457627118644,0.864406779661017,25.837556698185132,27.18389706340215,49.41681247340004,0.47058823529411764,0.40540540540540543,0.5714285714285714,97,100,102,0.6101694915254238,0.6101694915254238,0.6949152542372882,2.836942,2.5383998381430506,13.000170708962443,0.0,0.0,0.0,36,36,41,0.6747967479674797,0.6829268292682927,0.8211382113821138,0.586144,0.673599,3.053104,0.0,0.008403361344537815,0.015384615384615385,83,84,101
122,0.8050847457627118,0.8389830508474576,0.8813559322033898,30.398558541427718,24.288885928390016,50.65150303942283,0.42424242424242425,0.358974358974359,0.6,95,99,104,0.5932203389830508,0.6271186440677966,0.711864406779661,2.773109676286101,2.7768737630077434,13.278412203028209,0.0,0.0,0.0,35,37,42,0.6829268292682927,0.6829268292682927,0.8292682926829268,0.550236,0.558221,3.04425,0.0,0.0,0.0,84,84,102
123,0.8050847457627118,0.864406779661017,0.8898305084745762,26.375243624304083,27.304876981786187,47.92665228876344,0.3870967741935484,0.4,0.5294117647058824,95,102,105,0.6101694915254238,0.6271186440677966,0.7288135593220338,2.951188,3.159086838143051,13.26141820302821,0.0,0.0,0.0,36,37,43,0.6585365853658537,0.6910569105691057,0.8130081300813008,0.560577,0.657827,3.118853,0.0,0.0,0.0,81,85,100
124,0.8135593220338984,0.8220338983050848,0.8813559322033898,26.36397868594164,25.313938190901304,49.470660495246456,0.24324324324324326,0.375,0.4666666666666667,96,97,104,0.6271186440677966,0.6271186440677966,0.7627118644067796,2.580987,3.622113,13.005187656052389,0.0,0.0,0.0,37,37,45,0.6585365853658537,0.6910569105691057,0.8292682926829268,0.582259,0.673722,3.163861,0.0,0.008333333333333333,0.0,81,85,102
125,0.8389830508474576,0.847457627118644,0.8813559322033898,26.698496345399345,28.66936872716917,50.02087983441073,0.35294117647058826,0.3,0.4444444444444444,99,100,104,0.6271186440677966,0.6101694915254238,0.7288135593220338,2.978129161856949,3.4486308381430506,13.36001820302821,0.0,0.0,0.0,37,36,43,0.6504065040650406,0.6910569105691057,0.8536585365853658,0.531119,0.648897,3.20302,0.0,0.00819672131147541,0.0,80,85,105
126,0.847457627118644,0.8220338983050848,0.8898305084745762,23.44008178547194,28.71361299435766,51.14658737650183,0.45161290322580644,0.3793103448275862,0.5,100,97,105,0.6271186440677966,0.6101694915254238,0.7457627118644068,2.7398568381430506,3.2376909248646926,13.096881671242334,0.0,0.0,0.0,37,36,44,0.6504065040650406,0.6991869918699187,0.8455284552845529,0.559269,0.588605,3.21254,0.0,0.008264462809917356,0.0,80,86,104
127,0.8220338983050848,0.8220338983050848,0.8898305084745762,28.195744912544686,28.82368802642133,51.475351623604524,0.375,0.3939393939393939,0.34782608695652173,97,97,105,0.6271186440677966,0.6101694915254238,0.7288135593220338,2.794231,3.3913530751353074,13.33738620302821,0.0,0.0,0.0,37,36,43,0.6666666666666666,0.7073170731707317,0.8617886178861789,0.594078,0.592559,3.212944,0.0,0.00819672131147541,0.0,82,87,106
128,0.8220338983050848,0.8305084745762712,0.8728813559322034,27.576166973827966,26.459960168912524,50.902936475696656,0.42105263157894735,0.47058823529411764,0.5,97,98,103,0.6271186440677966,0.6101694915254238,0.7288135593220338,2.78227,3.055514,13.482789734814085,0.0,0.0,0.0,37,36,43,0.6666666666666666,0.7154471544715447,0.8699186991869918,0.593418,0.670532,3.21459,0.0,0.0,0.0,82,88,107
129,0.8050847457627118,0.788135593220339,0.8728813559322034,26.959400938555458,28.35764760160443,51.325438930760264,0.2857142857142857,0.4482758620689655,0.25,95,93,103,0.6101694915254238,0.6101694915254238,0.7457627118644068,2.605821,3.5686291618569492,13.47443020302821,0.0,0.0,0.0,36,36,44,0.6747967479674797,0.7235772357723578,0.8617886178861789,0.560749,0.626744,3.211618,0.0,0.0,0.0,83,89,106
130,0.8559322033898306,0.847457627118644,0.8983050847457628,27.070280922858498,26.879289108002336,50.75278176607096,0.2962962962962963,0.3157894736842105,0.2857142857142857,101,100,106,0.6101694915254238,0.6101694915254238,0.7627118644067796,2.769085,3.234252,13.39683420302821,0.0,0.0,0.0,36,36,45,0.6747967479674797,0.7235772357723578,0.8699186991869918,0.57412,0.632998,3.238741,0.0,0.0,0.0,83,89,107
131,0.8559322033898306,0.8135593220338984,0.8898305084745762,29.2654380333169,30.612105707128134,50.95401798209456,0.3448275862068966,0.42857142857142855,0.5,101,96,105,0.6101694915254238,0.5932203389830508,0.7796610169491526,2.885223,3.079228,13.49548720302821,0.0,0.0,0.0,36,35,46,0.6666666666666666,0.7317073170731707,0.8536585365853658,0.549232,0.638823,3.252879,0.008264462809917356,0.0,0.0,82,90,105
132,0.788135593220339,0.8559322033898306,0.8898305084745762,29.32851561788891,30.636410802284317,50.41021468622301,0.25,0.3783783783783784,0.25,93,101,105,0.6271186440677966,0.6101694915254238,0.7627118644067796,2.754601,3.522530751421409,13.35400420302821,0.0,0.0,0.0,37,36,45,0.6585365853658537,0.7317073170731707,0.8536585365853658,0.508051,0.586103,3.235638,0.0,0.0,0.0,81,90,105
133,0.8220338983050848,0.8135593220338984,0.8898305084745762,30.115466784701063,26.5230237210643,52.23374725002201,0.21875,0.48148148148148145,0.2,97,96,105,0.6271186440677966,0.6101694915254238,0.7796610169491526,2.667834,3.397926063548972,13.620192203028209,0.0,0.0,0.0,37,36,46,0.6422764227642277,0.7317073170731707,0.8536585365853658,0.505395,0.656081,3.242193,0.0,0.0,0.0,79,90,105
134,0.8305084745762712,0.8305084745762712,0.8389830508474576,26.182451893015255,30.22396579526051,51.77010551111282,0.2692307692307692,0.275,0.13333333333333333,98,98,99,0.6610169491525424,0.5932203389830508,0.7796610169491526,3.224545,3.570542,13.36167620302821,0.0,0.0,0.0,39,35,46,0.6260162601626016,0.7317073170731707,0.8536585365853658,0.462601,0.643818,3.253439,0.0,0.0,0.0,77,90,105
135,0.8135593220338984,0.8559322033898306,0.8983050847457628,27.33688390006328,29.633429955537235,50.57012585943406,0.2,0.275,0.125,96,101,106,0.6610169491525424,0.5932203389830508,0.7966101694915254,2.729446838143051,3.366071,13.687415203028209,0.0,0.0,0.0,39,35,47,0.6341463414634146,0.7398373983739838,0.8699186991869918,0.49685,0.640805,3.275966,0.0,0.0,0.0,78,91,107
136,0.7966101694915254,0.8559322033898306,0.8983050847457628,27.72993882525222,32.14218036285077,53.57293379187804,0.2608695652173913,0.4090909090909091,0.3333333333333333,94,101,106,0.6779661016949152,0.576271186440678,0.7627118644067796,2.982075,3.2391369248646926,13.417402750004031,0.0,0.0,0.0,40,34,45,0.6260162601626016,0.7317073170731707,0.8780487804878049,0.523538,0.612266,3.20109,0.0,0.0,0.0,77,90,108
137,0.8305084745762712,0.8305084745762712,0.8728813559322034,26.270041113458618,29.79702529345459,53.41394796536897,0.1875,0.28,0.42857142857142855,98,98,103,0.6610169491525424,0.576271186440678,0.7796610169491526,2.8356948381430507,3.3194328381430505,13.773819203028209,0.0,0.0,0.0,39,34,46,0.6341463414634146,0.7317073170731707,0.8699186991869918,0.461498,0.644742,3.269446,0.0,0.0,0.0,78,90,107
138,0.847457627118644,0.864406779661017,0.9067796610169492,30.156643633202243,28.67797912546092,54.224036815948224,0.21428571428571427,0.3,0.2,100,102,107,0.6440677966101694,0.5932203389830508,0.7627118644067796,2.824179,3.103202,13.664858656052388,0.0,0.0,0.0,38,35,45,0.6504065040650406,0.7479674796747967,0.8536585365853658,0.517582,0.579186,3.27986,0.0,0.0,0.0,80,92,105
139,0.847457627118644,0.8559322033898306,0.9067796610169492,30.086140419764952,27.95188929890604,55.157983385917795,0.20689655172413793,0.38461538461538464,0.16666666666666666,100,101,107,0.6440677966101694,0.6271186440677966,0.7966101694915254,2.488751,3.07566,14.06413875000403,0.0,0.0,0.0,38,37,47,0.6504065040650406,0.7479674796747967,0.8699186991869918,0.50192,0.595617,3.259852,0.0,0.0,0.0,80,92,107
140,0.8559322033898306,0.8135593220338984,0.9067796610169492,27.3371844187742,33.24917279939674,54.24500921870786,0.14814814814814814,0.2222222222222222,0.6666666666666666,101,96,107,0.6440677966101694,0.6440677966101694,0.7796610169491526,2.731104,3.7407219248646926,13.91872820302821,0.0,0.0,0.0,38,38,46,0.6666666666666666,0.7317073170731707,0.8617886178861789,0.488795,0.60709,3.31904,0.0,0.0,0.0,82,90,106
141,0.8389830508474576,0.8220338983050848,0.8898305084745762,29.28764328932447,31.068350806078886,55.11852771203008,0.2,0.17857142857142858,0.4,99,97,105,0.6440677966101694,0.6440677966101694,0.7627118644067796,2.758815,3.709280086721642,13.79323520302821,0.0,0.0,0.0,38,38,45,0.6666666666666666,0.7317073170731707,0.8536585365853658,0.522097,0.587507,3.292295,0.0,0.0,0.0,82,90,105
142,0.8135593220338984,0.8559322033898306,0.8813559322033898,28.761787226724223,29.600513441707974,55.079133078561746,0.17391304347826086,0.34615384615384615,0.3333333333333333,96,101,104,0.6271186440677966,0.6440677966101694,0.7796610169491526,2.8998,3.534244,14.03629320302821,0.0,0.0,0.0,37,38,46,0.6747967479674797,0.7398373983739838,0.8536585365853658,0.495405,0.601362,3.274763,0.0,0.0,0.0,83,91,105
143,0.8220338983050848,0.8305084745762712,0.8898305084745762,29.995612395805214,31.016047358179218,54.25659193327108,0.24,0.3,0.2,97,98,105,0.6440677966101694,0.6271186440677966,0.7627118644067796,2.963156,3.229445,13.74143820302821,0.0,0.0,0.0,38,37,45,0.6666666666666666,0.7398373983739838,0.8292682926829268,0.457383,0.586776,3.281233,0.0,0.0,0.0,82,91,102
144,0.8389830508474576,0.8135593220338984,0.8813559322033898,26.50951798405802,30.396286024359796,55.16104841094114,0.12121212121212122,0.1724137931034483,0.2222222222222222,99,96,104,0.6271186440677966,0.6271186440677966,0.7627118644067796,2.874022,3.7599461618569494,13.58347220302821,0.0,0.0,0.0,37,37,45,0.6747967479674797,0.7398373983739838,0.8455284552845529,0.454236,0.623591,3.24375,0.0,0.0,0.0,83,91,104
145,0.8728813559322034,0.847457627118644,0.8983050847457628,26.75686998244858,31.246924153968877,54.810214501223875,0.18181818181818182,0.19230769230769232,0.5,103,100,106,0.6271186440677966,0.6271186440677966,0.7796610169491526,2.714601,3.767502,13.76773320302821,0.0,0.0,0.0,37,37,46,0.6666666666666666,0.7317073170731707,0.8292682926829268,0.471829,0.583137,3.29967,0.0,0.0,0.0,82,90,102
146,0.7966101694915254,0.8559322033898306,0.8983050847457628,25.365177332379268,30.85884298773168,54.810794639536546,0.16666666666666666,0.30434782608695654,0.3333333333333333,94,101,106,0.6610169491525424,0.6271186440677966,0.7627118644067796,3.0022370751353074,3.287228,14.04602420302821,0.0,0.0,0.0,39,37,45,0.6829268292682927,0.7317073170731707,0.8211382113821138,0.46861,0.574125,3.31321,0.0,0.0,0.0,84,90,101
147,0.8389830508474576,0.8305084745762712,0.8898305084745762,27.247430013959935,32.79126878122393,53.64689818554637,0.07407407407407407,0.22580645161290322,0.2857142857142857,99,98,105,0.6271186440677966,0.6101694915254238,0.7796610169491526,2.8137258497293853,3.6463642369922566,13.825871203028209,0.0,0.0,0.0,37,36,46,0.6747967479674797,0.7154471544715447,0.8292682926829268,0.511669,0.574226,3.322944,0.0,0.0,0.0,83,88,102
148,0.8135593220338984,0.864406779661017,0.8983050847457628,27.21530321074041,30.271370322935294,55.33162922914264,0.15384615384615385,0.19047619047619047,0.5,96,102,106,0.6271186440677966,0.5932203389830508,0.7796610169491526,2.913346,3.178943,14.26119320302821,0.0,0.0,0.0,37,35,46,0.7073170731707317,0.7154471544715447,0.8373983739837398,0.454301,0.648417,3.340107,0.0,0.0,0.0,87,88,103
149,0.8389830508474576,0.8305084745762712,0.8813559322033898,27.980790763231056,30.53945144918104,53.92729533923133,0.08695652173913043,0.2,0.3,99,98,104,0.6271186440677966,0.5932203389830508,0.7966101694915254,2.609165,3.2600698497293856,13.958262656052389,0.0,0.0,0.0,37,35,47,0.6910569105691057,0.7154471544715447,0.8373983739837398,0.447963,0.609513,3.325493,0.0,0.0,0.0,85,88,103
150,0.8305084745762712,0.847457627118644,0.8983050847457628,26.02872867410848,30.26238235184977,54.67823139635257,0.13333333333333333,0.2608695652173913,0.25,98,100,106,0.6440677966101694,0.5932203389830508,0.8135593220338984,2.48331,3.313625,14.03472720302821,0.0,0.0,0.0,38,35,48,0.6910569105691057,0.7073170731707317,0.8373983739837398,0.449066,0.573349,3.353015,0.0,0.0,0.0,85,87,103
151,0.847457627118644,0.8220338983050848,0.8983050847457628,27.198051500283103,27.87229253845168,54.243755979957534,0.09375,0.125,0.4,100,97,106,0.6271186440677966,0.6101694915254238,0.8135593220338984,2.634232,3.5890020751353076,13.99545220302821,0.0,0.0,0.0,37,36,48,0.6829268292682927,0.7073170731707317,0.8455284552845529,0.482597,0.630618,3.373113,0.0,0.0,0.0,84,87,104
152,0.8135593220338984,0.7627118644067796,0.8813559322033898,28.08809087946922,32.53378918496116,54.16138485449654,0.13636363636363635,0.18518518518518517,0.5,96,90,104,0.6271186440677966,0.6101694915254238,0.8135593220338984,2.676595,2.9616468381430505,14.260680656052388,0.0,0.0,0.0,37,36,48,0.6829268292682927,0.7154471544715447,0.8373983739837398,0.527255,0.616749,3.340344,0.0,0.0,0.0,84,88,103
153,0.8135593220338984,0.847457627118644,0.8559322033898306,29.41721662743903,26.469460530256367,54.85168702765997,0.07692307692307693,0.13333333333333333,0.375,96,100,101,0.6271186440677966,0.6101694915254238,0.8305084745762712,2.613958,3.328197,14.28566220302821,0.0,0.0,0.0,37,36,49,0.6829268292682927,0.7154471544715447,0.8130081300813008,0.501502,0.574377,3.358885,0.0,0.0,0.0,84,88,100
154,0.847457627118644,0.7796610169491526,0.8305084745762712,29.101780715708344,30.270211415792275,54.99427384788163,0.06896551724137931,0.5172413793103449,0.9166666666666666,100,92,98,0.6271186440677966,0.5932203389830508,0.8305084745762712,2.518653,3.173856,14.17661520302821,0.0,0.0,0.0,37,35,49,0.6747967479674797,0.7073170731707317,0.8211382113821138,0.455508,0.652384,3.296869,0.0,0.0,0.0,83,87,101
155,0.8559322033898306,0.788135593220339,0.847457627118644,28.71074370395891,29.654779098613893,55.677956856883135,0.0,0.4782608695652174,0.7058823529411765,101,93,100,0.6101694915254238,0.576271186440678,0.8135593220338984,2.587829,2.999693,14.46226020302821,0.0,0.0,0.0,36,34,48,0.6747967479674797,0.7073170731707317,0.8373983739837398,0.48185,0.619667,3.333506,0.0,0.0,0.0,83,87,103
156,0.8220338983050848,0.7372881355932204,0.788135593220339,28.191628455292584,32.02139847037955,53.29470857184162,0.0,0.5833333333333334,0.8333333333333334,97,87,93,0.6101694915254238,0.559322033898305,0.7966101694915254,2.374055,3.116593161856949,14.18215720302821,0.0,0.0,0.0,36,33,47,0.6422764227642277,0.7073170731707317,0.8455284552845529,0.433154,0.541055,3.307737,0.0,0.0,0.0,79,87,104
157,0.847457627118644,0.7457627118644068,0.8135593220338984,28.433591328804518,31.42990120894593,54.26413366079791,0.0,0.5490196078431373,0.7407407407407407,100,88,96,0.5932203389830508,0.559322033898305,0.847457627118644,2.695624,3.3022688497293857,14.58678620302821,0.0,0.0,0.0,35,33,50,0.6341463414634146,0.7073170731707317,0.8455284552845529,0.503058,0.591319,3.333887,0.0,0.0,0.0,78,87,104
158,0.8389830508474576,0.7288135593220338,0.7966101694915254,29.25029781112947,29.997747561137864,56.1658417071971,0.0,0.6956521739130435,0.85,99,86,94,0.5932203389830508,0.576271186440678,0.864406779661017,2.652211,2.7908568381430507,14.850902109076568,0.0,0.0,0.0,35,34,51,0.6422764227642277,0.6991869918699187,0.8455284552845529,0.470418,0.596289,3.351048,0.0,0.0,0.0,79,86,104
159,0.8305084745762712,0.6864406779661016,0.7966101694915254,26.089153633524408,31.423033478313815,53.2004531318748,0.0,0.6545454545454545,0.7916666666666666,98,81,94,0.6101694915254238,0.576271186440678,0.847457627118644,2.840744,3.2689001618569495,15.103999296979852,0.0,0.0,0.0,36,34,50,0.6260162601626016,0.6991869918699187,0.8373983739837398,0.479089,0.553022,3.359148,0.0,0.0,0.0,77,86,103
160,0.8389830508474576,0.6694915254237288,0.8050847457627118,27.254502113831705,29.61904406482477,53.37969997195369,0.0,0.7407407407407407,0.75,99,79,95,0.6101694915254238,0.559322033898305,0.8305084745762712,3.101612,3.304120225405921,14.724492203028209,0.0,0.0,0.0,36,33,49,0.6341463414634146,0.6910569105691057,0.8292682926829268,0.463843,0.544132,3.340488,0.0,0.0,0.0,78,85,102
161,0.7966101694915254,0.6779661016949152,0.8135593220338984,30.557928923974053,30.105728885975793,54.97213502504785,0.0,0.7,0.782608695652174,94,80,96,0.6271186440677966,0.5423728813559322,0.8305084745762712,2.773616,2.741592,14.671681203028209,0.0,0.0,0.0,37,32,49,0.6260162601626016,0.6829268292682927,0.8292682926829268,0.429827,0.545046,3.346271,0.0,0.0,0.0,77,84,102
162,0.8728813559322034,0.6864406779661016,0.8050847457627118,28.047086578956996,32.65267024393536,55.24571105485938,0.0,0.74,0.7241379310344828,103,81,95,0.6271186440677966,0.5423728813559322,0.8135593220338984,2.668202,2.8047148381430507,14.67461220302821,0.0,0.0,0.0,37,32,48,0.6504065040650406,0.6747967479674797,0.8373983739837398,0.415748,0.571879,3.391405,0.0,0.0,0.0,80,83,103
163,0.8559322033898306,0.7203389830508474,0.8135593220338984,29.186602408021663,30.452641032042553,54.98312238577742,0.0,0.6,0.7407407407407407,101,85,96,0.6610169491525424,0.559322033898305,0.8135593220338984,2.7826499248646925,3.1608129132783582,14.93062620302821,0.0,0.0,0.0,39,33,48,0.6585365853658537,0.6991869918699187,0.8455284552845529,0.423221,0.528187,3.357481,0.008771929824561403,0.0,0.0,81,86,104
164,0.864406779661017,0.7711864406779662,0.8305084745762712,26.211176934699534,33.26170864168732,56.22892332412536,0.06060606060606061,0.6964285714285714,0.7586206896551724,102,91,98,0.6610169491525424,0.559322033898305,0.8305084745762712,2.736723,2.8248248381430505,15.15536420302821,0.0,0.0,0.0,39,33,49,0.6666666666666666,0.6747967479674797,0.8373983739837398,0.435773,0.539659,3.391914,0.008547008547008548,0.0,0.0,82,83,103
165,0.9152542372881356,0.788135593220339,0.8559322033898306,29.82507903042757,33.370561721062145,56.93519181417801,0.06666666666666667,0.6507936507936508,0.7352941176470589,108,93,101,0.7457627118644068,0.6101694915254238,0.864406779661017,2.893082,2.853695,15.102303656052388,0.0,0.0,0.0,44,36,51,0.6747967479674797,0.6991869918699187,0.9024390243902439,0.448493,0.530742,3.472965,0.008547008547008548,0.0,0.0,83,86,111
166,0.940677966101695,0.8050847457627118,0.864406779661017,30.636375784808116,30.98947969530418,59.332092099350945,0.0967741935483871,0.6274509803921569,0.6764705882352942,111,95,102,0.7457627118644068,0.6440677966101694,0.847457627118644,2.700278,3.207086838143051,15.378378203028209,0.0,0.0,0.0,44,38,50,0.6910569105691057,0.6991869918699187,0.8943089430894309,0.449531,0.55823,3.440872,0.008064516129032258,0.008,0.0,85,86,110
167,0.864406779661017,0.8305084745762712,0.864406779661017,33.00809666732408,31.631541288968265,58.557529905641026,0.2222222222222222,0.5862068965517241,0.7931034482758621,102,98,102,0.7288135593220338,0.6440677966101694,0.8305084745762712,2.786558,2.823753,15.355407203028209,0.0,0.0,0.0,43,38,49,0.6747967479674797,0.6991869918699187,0.8943089430894309,0.470054,0.563594,3.483157,0.008264462809917356,0.008064516129032258,0.0,83,86,110
168,0.9067796610169492,0.8559322033898306,0.864406779661017,34.174070276558005,34.639235452426576,60.530781667822716,0.08108108108108109,0.6041666666666666,0.75,107,101,102,0.7288135593220338,0.6610169491525424,0.8305084745762712,3.10794,2.851716,15.48217520302821,0.0,0.0,0.0,43,39,49,0.6829268292682927,0.7154471544715447,0.8943089430894309,0.452894,0.572555,3.482254,0.008130081300813009,0.008,0.0,84,88,110
169,0.9576271186440678,0.7966101694915254,0.8813559322033898,33.920079525145766,37.17218970754903,60.02852400238335,0.10256410256410256,0.72,0.7352941176470589,113,94,104,0.7288135593220338,0.6440677966101694,0.8305084745762712,2.965509161856949,3.055127,15.36046920302821,0.0,0.0,0.0,43,38,49,0.6585365853658537,0.6910569105691057,0.9105691056910569,0.463942,0.572241,3.515982,0.00819672131147541,0.0,0.0,81,85,112
170,0.9067796610169492,0.8559322033898306,0.864406779661017,31.56788931065645,36.64105682006489,60.72018337858726,0.26666666666666666,0.546875,0.6764705882352942,107,101,102,0.7288135593220338,0.6271186440677966,0.8305084745762712,2.99904,2.855239,15.34824120302821,0.0,0.0,0.0,43,37,49,0.6666666666666666,0.6910569105691057,0.9186991869918699,0.454303,0.582353,3.521885,0.008130081300813009,0.0,0.0,82,85,113
171,0.9152542372881356,0.864406779661017,0.8728813559322034,31.027279731433353,33.53417982381947,59.034803813735856,0.1,0.5636363636363636,0.7419354838709677,108,102,103,0.7288135593220338,0.6610169491525424,0.8305084745762712,2.772521,3.192126,15.42713020302821,0.0,0.0,0.0,43,39,49,0.6585365853658537,0.6910569105691057,0.8943089430894309,0.473557,0.561622,3.498048,0.008130081300813009,0.0,0.0,81,85,110
172,0.9322033898305084,0.8220338983050848,0.8898305084745762,32.11469383389448,35.38611954649826,58.9087511366399,0.12121212121212122,0.7380952380952381,0.7241379310344828,110,97,105,0.7288135593220338,0.6440677966101694,0.8305084745762712,2.7806068381430507,3.7071161618569493,15.33855720302821,0.0,0.0,0.0,43,38,49,0.6585365853658537,0.6991869918699187,0.9024390243902439,0.451506,0.5831,3.511833,0.008064516129032258,0.0,0.0,81,86,111
173,0.9152542372881356,0.8559322033898306,0.8728813559322034,33.41579833464064,32.10693948431011,59.59062211185544,0.12,0.5689655172413793,0.8148148148148148,108,101,103,0.7288135593220338,0.6440677966101694,0.8135593220338984,2.668262,3.159136,15.52372520302821,0.0,0.0,0.0,43,38,48,0.6747967479674797,0.6829268292682927,0.9105691056910569,0.49873,0.57904,3.519695,0.008,0.0,0.0,83,84,112
174,0.9491525423728814,0.8728813559322034,0.8813559322033898,30.01404574059034,34.4868159471429,59.49951733500219,0.07142857142857142,0.5740740740740741,0.7419354838709677,112,103,104,0.7288135593220338,0.6440677966101694,0.8135593220338984,2.922739,2.645206,15.71456220302821,0.0,0.0,0.0,43,38,48,0.6829268292682927,0.6747967479674797,0.926829268292683,0.517438,0.558656,3.567474,0.008,0.008130081300813009,0.0,84,83,114
175,0.9576271186440678,0.8389830508474576,0.8813559322033898,32.74313493262873,35.24846110994931,59.153257593199314,0.10526315789473684,0.6,0.7333333333333333,113,99,104,0.7457627118644068,0.6610169491525424,0.8135593220338984,2.588443,3.537423,15.676701203028209,0.0,0.0,0.0,44,39,48,0.6991869918699187,0.6910569105691057,0.9024390243902439,0.538811,0.554447,3.586605,0.007874015748031496,0.0,0.0,86,85,111
176,0.8728813559322034,0.8389830508474576,0.8728813559322034,33.03883566425074,36.00989421264325,59.73223333090114,0.07692307692307693,0.6956521739130435,0.7857142857142857,103,99,103,0.7457627118644068,0.6779661016949152,0.7966101694915254,2.646757161856949,3.102317,16.08190975000403,0.0,0.0,0.0,44,40,47,0.6829268292682927,0.6910569105691057,0.8943089430894309,0.53035,0.599714,3.606134,0.008130081300813009,0.0,0.0,84,85,110
177,0.9322033898305084,0.8220338983050848,0.8389830508474576,30.871338539949605,35.73215356517418,58.139419246792535,0.08,0.6136363636363636,0.75,110,97,99,0.7796610169491526,0.6610169491525424,0.7966101694915254,3.033761,3.3547211618569492,15.66836720302821,0.0,0.0,0.0,46,39,47,0.6910569105691057,0.6910569105691057,0.9024390243902439,0.536879,0.617042,3.610075,0.0,0.0,0.0,85,85,111
178,0.9152542372881356,0.847457627118644,0.8813559322033898,32.16659470886446,35.39671146346149,60.28557547761354,0.09090909090909091,0.5660377358490566,0.6470588235294118,108,100,104,0.7627118644067796,0.6440677966101694,0.7966101694915254,3.251481,3.32655,15.60041420302821,0.0,0.0,0.0,45,38,47,0.6829268292682927,0.6829268292682927,0.8943089430894309,0.547499,0.638616,3.589757,0.0,0.0,0.0,84,84,110
179,0.923728813559322,0.8559322033898306,0.864406779661017,31.40157481116002,37.12387893037246,61.640260346145546,0.06451612903225806,0.58,0.7419354838709677,109,101,102,0.7457627118644068,0.6440677966101694,0.8305084745762712,3.12647,3.23975,15.53242520302821,0.0,0.0,0.0,44,38,49,0.6910569105691057,0.6829268292682927,0.9024390243902439,0.583369,0.572929,3.625871,0.0,0.0,0.0,85,84,111
180,0.9067796610169492,0.8305084745762712,0.8813559322033898,32.39054222531429,34.70262039696591,59.65522238467089,0.08333333333333333,0.5957446808510638,0.7777777777777778,107,98,104,0.7288135593220338,0.6101694915254238,0.7796610169491526,2.987805,2.61609,15.716147750004032,0.0,0.0,0.0,43,36,46,0.6910569105691057,0.6910569105691057,0.9105691056910569,0.549375,0.592885,3.611173,0.0,0.0,0.0196078431372549,85,85,112
181,0.9152542372881356,0.8389830508474576,0.8813559322033898,31.832534631903048,37.87230838213115,61.3823018955929,0.1,0.4909090909090909,0.6666666666666666,108,99,104,0.7457627118644068,0.6101694915254238,0.7796610169491526,3.090047,3.100686,15.65972020302821,0.0,0.0,0.0,44,36,46,0.6829268292682927,0.6910569105691057,0.8943089430894309,0.572724,0.562755,3.618047,0.0,0.0,0.0,84,85,110
182,0.8983050847457628,0.8305084745762712,0.864406779661017,32.091850875360166,36.599014728654595,61.43305101116183,0.045454545454545456,0.7142857142857143,0.7692307692307693,106,98,102,0.7457627118644068,0.5932203389830508,0.7796610169491526,3.174784,3.282494,15.77456820302821,0.0,0.0,0.0,44,35,46,0.6829268292682927,0.6991869918699187,0.9105691056910569,0.544636,0.591229,3.665892,0.0,0.0,0.0,84,86,112
183,0.9322033898305084,0.864406779661017,0.9152542372881356,32.210437960159545,35.917113798146744,59.21560746962718,0.06896551724137931,0.5535714285714286,0.5294117647058824,110,102,108,0.711864406779661,0.5932203389830508,0.7627118644067796,3.425365,3.257794,16.01219920302821,0.0,0.0,0.0,42,35,45,0.6829268292682927,0.7154471544715447,0.9186991869918699,0.548397,0.57174,3.653164,0.0,0.0,0.0,84,88,113
184,0.9491525423728814,0.8898305084745762,0.940677966101695,32.67098853979403,34.777580232644546,60.34983470262817,0.08,0.3055555555555556,0.42105263157894735,112,105,111,0.711864406779661,0.5932203389830508,0.7627118644067796,3.233265,2.889641,16.00117820302821,0.0,0.0,0.0,42,35,45,0.6991869918699187,0.7398373983739838,0.9105691056910569,0.497496,0.628718,3.687986,0.015503875968992248,0.0,0.0,86,91,112
185,0.9491525423728814,0.9067796610169492,0.9661016949152542,32.46293573409866,38.713190837947906,63.3910325616149,0.08695652173913043,0.23076923076923078,0.4666666666666667,112,107,114,0.711864406779661,0.6101694915254238,0.7627118644067796,3.642991,3.273657,16.54657320302821,0.0,0.0,0.0,42,36,45,0.6910569105691057,0.7479674796747967,0.926829268292683,0.515577,0.576748,3.663602,0.016129032258064516,0.0,0.0,85,92,114
186,0.9491525423728814,0.923728813559322,0.9661016949152542,32.649248233991564,34.433108546220765,63.00926568292211,0.125,0.21212121212121213,0.5,112,109,114,0.6949152542372882,0.6271186440677966,0.7627118644067796,3.5054,2.630222,16.50633120302821,0.0,0.0,0.0,41,37,45,0.6747967479674797,0.7317073170731707,0.9186991869918699,0.479963,0.566893,3.685597,0.016,0.0,0.0,83,90,113
187,0.9322033898305084,0.8898305084745762,0.9576271186440678,30.58007311284659,36.73909743563857,63.70544343288932,0.043478260869565216,0.25806451612903225,0.45454545454545453,110,105,113,0.711864406779661,0.6779661016949152,0.7457627118644068,3.717632,2.616858,16.73943620302821,0.0,0.0,0.0,42,40,44,0.6666666666666666,0.7235772357723578,0.9105691056910569,0.555784,0.652234,3.695527,0.016260162601626018,0.0,0.0,82,89,112
188,0.9322033898305084,0.9491525423728814,0.9830508474576272,34.655026258845496,35.35268681467476,64.81360521206166,0.09523809523809523,0.25,0.35714285714285715,110,112,116,0.711864406779661,0.6949152542372882,0.7627118644067796,3.582863,2.747214,16.55691720302821,0.0,0.0,0.0,42,41,45,0.6585365853658537,0.7073170731707317,0.9186991869918699,0.490307,0.556489,3.731106,0.01639344262295082,0.0,0.0,81,87,113
189,0.923728813559322,0.8983050847457628,0.9745762711864406,35.37198887855362,35.11832906257638,61.87337396543813,0.07692307692307693,0.12903225806451613,0.42857142857142855,109,106,115,0.711864406779661,0.6779661016949152,0.7966101694915254,3.699714,2.793163,16.70701620302821,0.0,0.0,0.0,42,40,47,0.6747967479674797,0.6991869918699187,0.9349593495934959,0.488348,0.601655,3.75096,0.015873015873015872,0.008130081300813009,0.0,83,86,115
190,0.940677966101695,0.9661016949152542,0.9661016949152542,34.4937545067528,35.914134466277915,63.07878472191136,0.09090909090909091,0.03333333333333333,0.36363636363636365,111,114,114,0.7457627118644068,0.6440677966101694,0.7796610169491526,3.683429,3.1319,16.83319820302821,0.0,0.0,0.0,44,38,46,0.6829268292682927,0.6829268292682927,0.926829268292683,0.519143,0.637576,3.820986,0.016129032258064516,0.0,0.0,84,84,114
191,0.9322033898305084,0.940677966101695,0.9661016949152542,32.158120872814806,38.669149243886174,65.5894446258536,0.03571428571428571,0.09090909090909091,0.3076923076923077,110,111,114,0.7457627118644068,0.6610169491525424,0.7627118644067796,2.88959,2.997882,17.252756750004032,0.0,0.0,0.0,44,39,45,0.6829268292682927,0.6747967479674797,0.9105691056910569,0.472684,0.616943,3.824656,0.031746031746031744,0.0,0.0,84,83,112
192,0.9322033898305084,0.576271186440678,0.7288135593220338,33.45827411896535,26.02888512211074,36.79493306468894,0.07407407407407407,0.08695652173913043,0.4444444444444444,110,68,86,0.7457627118644068,0.4576271186440678,0.559322033898305,3.463082,1.853338,8.572036219177155,0.0,0.0,0.0,44,27,33,0.6991869918699187,0.43902439024390244,0.7073170731707317,0.485485,0.376051,2.183459,0.023809523809523808,0.0,0.0,86,54,87
193,0.9745762711864406,0.6186440677966102,0.7203389830508474,38.525734637386414,22.92845256398199,37.08690733755956,0.09523809523809523,0.11764705882352941,0.23076923076923078,115,73,85,0.7457627118644068,0.4406779661016949,0.4406779661016949,3.210189,1.82503,8.476605672201334,0.0,0.0,0.0,44,26,26,0.6991869918699187,0.43089430894308944,0.6260162601626016,0.515586,0.38248,2.226472,0.024,0.0,0.0,86,53,77
194,0.940677966101695,0.5677966101694916,0.711864406779661,34.21404744475299,24.382774233093173,38.305168575996824,0.12,0.3333333333333333,0.5714285714285714,111,67,84,0.7457627118644068,0.5254237288135594,0.4745762711864407,2.924008,2.069405075135307,8.616642672201333,0.0,0.0,0.0,44,31,28,0.7073170731707317,0.45528455284552843,0.6097560975609756,0.471387,0.396609,2.20679,0.0234375,0.0,0.0,87,56,75
195,0.9491525423728814,0.5677966101694916,0.7033898305084746,37.43464547696135,27.14079450755646,37.34772005949521,0.14705882352941177,0.2903225806451613,0.25,112,67,83,0.7457627118644068,0.4745762711864407,0.4745762711864407,3.499226,2.017447,8.383825672201333,0.0,0.0,0.0,44,28,28,0.7073170731707317,0.5121951219512195,0.6178861788617886,0.498848,0.491722,2.245408,0.024193548387096774,0.05521472392638037,0.0,87,63,76
196,0.940677966101695,0.5508474576271186,0.6864406779661016,35.567277985058254,22.919666958825715,38.1147135932883,0.11538461538461539,0.6666666666666666,0.25,111,65,81,0.7457627118644068,0.4915254237288136,0.4915254237288136,3.323492,2.031044640373058,8.682524672201334,0.0,0.0,0.0,44,29,29,0.6991869918699187,0.4796747967479675,0.6178861788617886,0.515359,0.539873,2.241877,0.024,0.12371134020618557,0.0,86,59,76
197,0.940677966101695,0.5169491525423728,0.6779661016949152,35.31241183391481,22.245022622523724,37.43550986199949,0.20833333333333334,0.5333333333333333,0.2222222222222222,111,61,80,0.7457627118644068,0.5254237288135594,0.4576271186440678,3.440671,1.9707071618569494,8.908158294562087,0.0,0.0,0.0,44,31,27,0.7073170731707317,0.4796747967479675,0.6097560975609756,0.488375,0.511976,2.297947,0.016,0.18,0.02564102564102564,87,59,75
198,0.9491525423728814,0.5254237288135594,0.6864406779661016,35.566503483769914,21.90170964790337,39.12800343850212,0.0967741935483871,0.5675675675675675,0.3333333333333333,112,62,81,0.7457627118644068,0.5254237288135594,0.4915254237288136,2.98235,1.7352268227733505,9.029173294562087,0.0,0.0,0.0,44,31,29,0.6910569105691057,0.45528455284552843,0.6178861788617886,0.473287,0.57463,2.264303,0.008064516129032258,0.1827956989247312,0.02631578947368421,85,56,76
199,0.9491525423728814,0.5169491525423728,0.652542372881356,36.47654745815331,23.643181809318236,36.35600119601204,0.16666666666666666,0.6666666666666666,0.38461538461538464,112,61,77,0.7627118644067796,0.4915254237288136,0.4576271186440678,3.547714,2.00808680952381,9.335906332945285,0.0,0.05,0.034482758620689655,45,29,27,0.7073170731707317,0.4634146341463415,0.6016260162601627,0.540842,0.605828,2.289261,0.015873015873015872,0.21212121212121213,0.029411764705882353,87,57,74
200,0.923728813559322,0.576271186440678,0.6779661016949152,39.29634072225863,39.16506418068301,64.70974876435247,0.2222222222222222,0.6304347826086957,0.4444444444444444,109,68,80,0.7627118644067796,0.7457627118644068,0.8305084745762712,2.942583,3.708254207852233,18.033858772478908,0.0,0.014925373134328358,0.037037037037037035,45,44,49,0.7073170731707317,0.5853658536585366,0.6829268292682927,0.445845,0.802263,3.979332,0.015748031496062992,0.15315315315315314,0.044444444444444446,87,72,84
201,0.940677966101695,0.5932203389830508,0.6949152542372882,35.59323743511849,43.340343746025795,63.835867332585124,0.12903225806451613,0.7818181818181819,0.7575757575757576,111,70,82,0.7627118644067796,0.7627118644067796,0.8135593220338984,3.154387,5.2810456651636395,18.91231986377216,0.0,0.0,0.0,45,45,48,0.6991869918699187,0.6829268292682927,0.7642276422764228,0.491722,0.813164,3.995774,0.0,0.13821138211382114,0.1206896551724138,86,84,94
202,0.940677966101695,0.5847457627118644,0.6864406779661016,38.57405206805224,39.71483222696215,64.27880293700655,0.13333333333333333,0.7534246575342466,0.9210526315789473,111,69,81,0.7627118644067796,0.7796610169491526,0.864406779661017,2.9899,4.811150316659159,18.57369678700577,0.0,0.0,0.0,45,46,51,0.7154471544715447,0.7154471544715447,0.8130081300813008,0.50202,0.935734,4.001143,0.0,0.1956521739130435,0.2857142857142857,88,88,100
203,0.940677966101695,0.6101694915254238,0.7033898305084746,35.537396553342695,42.06693396385561,66.7652943751178,0.16666666666666666,0.8888888888888888,0.8888888888888888,111,72,83,0.7627118644067796,0.7457627118644068,0.8813559322033898,3.45523,5.250317960599563,18.326485969592266,0.0,0.01818181818181818,0.03225806451612903,45,44,52,0.7235772357723578,0.7154471544715447,0.8373983739837398,0.495405,0.870042,4.014755,0.0,0.22602739726027396,0.3188405797101449,89,88,103
204,0.940677966101695,0.5932203389830508,0.7033898305084746,37.84171756937129,40.136053700692614,65.06137708660066,0.17391304347826086,0.89,0.9305555555555556,111,70,83,0.7796610169491526,0.7457627118644068,0.864406779661017,3.277619,5.082086479378157,18.81910682538896,0.0,0.0,0.0,46,44,51,0.7235772357723578,0.7317073170731707,0.8292682926829268,0.479645,0.821754,4.017626,0.0,0.21768707482993196,0.3225806451612903,89,90,102
205,0.8983050847457628,0.6101694915254238,0.6949152542372882,36.268494097203934,42.16928800773791,68.08113967875545,0.13793103448275862,0.8737864077669902,0.9295774647887324,106,72,82,0.7796610169491526,0.7288135593220338,0.847457627118644,3.064935,5.3427097219401185,18.778477772478908,0.0,0.03508771929824561,0.0,46,43,50,0.7317073170731707,0.7317073170731707,0.8373983739837398,0.511573,0.903178,4.026244,0.0,0.19148936170212766,0.3088235294117647,90,90,103
206,0.9576271186440678,0.6016949152542372,0.711864406779661,37.51832993149064,39.370138435410425,66.81020625777126,0.06666666666666667,0.8725490196078431,0.8918918918918919,113,71,84,0.7966101694915254,0.7796610169491526,0.864406779661017,3.528232,5.397326329103561,18.836119394839663,0.0,0.018518518518518517,0.0,47,46,51,0.7235772357723578,0.7398373983739838,0.8211382113821138,0.495383,0.858143,4.081293,0.0,0.2054794520547945,0.3064516129032258,89,91,101
207,0.9661016949152542,0.6186440677966102,0.711864406779661,38.78101729778674,41.750769907804134,65.50792216573772,0.2222222222222222,0.883495145631068,0.9428571428571428,114,73,84,0.8135593220338984,0.7457627118644068,0.8813559322033898,3.212073,5.497683216631068,18.776833787005767,0.0,0.01818181818181818,0.0,48,44,52,0.7317073170731707,0.7073170731707317,0.8292682926829268,0.498595,0.843825,4.102912,0.0,0.19444444444444445,0.28125,90,87,102
208,0.8983050847457628,0.6186440677966102,0.7033898305084746,37.51231441494736,43.06810111967395,64.39896431778953,0.15384615384615385,0.9456521739130435,0.9041095890410958,106,73,83,0.8135593220338984,0.711864406779661,0.8305084745762712,3.428313,5.162808370571231,18.925637878299018,0.0,0.0,0.0,48,42,49,0.7398373983739838,0.7235772357723578,0.8130081300813008,0.535676,0.858547,4.116953,0.0,0.15492957746478872,0.29508196721311475,91,89,100
209,0.9661016949152542,0.6016949152542372,0.711864406779661,39.052080650511215,40.01958418910102,65.49794209393136,0.18181818181818182,0.883495145631068,0.9420289855072463,114,71,84,0.8305084745762712,0.711864406779661,0.847457627118644,3.318984,5.1519962021194345,18.944682878299016,0.0,0.0,0.0,49,42,50,0.7235772357723578,0.7154471544715447,0.8211382113821138,0.503865,0.815333,4.201117,0.0,0.12408759124087591,0.23529411764705882,89,88,101
210,0.923728813559322,0.6016949152542372,0.711864406779661,35.262413321822144,40.78520290792848,65.38160393898966,0.19047619047619047,0.8380952380952381,0.9411764705882353,109,71,84,0.8305084745762712,0.6949152542372882,0.8305084745762712,3.285363,5.5453537200968706,18.87700468118566,0.0,0.0,0.0,49,41,49,0.7235772357723578,0.7235772357723578,0.8455284552845529,0.541433,0.849757,4.18887,0.0,0.12857142857142856,0.208955223880597,89,89,104
211,0.9322033898305084,0.635593220338983,0.7203389830508474,37.02229310271273,38.35359637194924,67.9360298912396,0.19230769230769232,0.865979381443299,0.9027777777777778,110,75,85,0.8305084745762712,0.711864406779661,0.847457627118644,3.249104,5.0014088730158734,18.60817082538896,0.0,0.0,0.0,49,42,50,0.7317073170731707,0.7154471544715447,0.8292682926829268,0.5514,0.877288,4.208144,0.0,0.11278195488721804,0.2153846153846154,90,88,102
212,0.940677966101695,0.6101694915254238,0.7203389830508474,37.25490284602751,39.576648779622666,67.42419974355576,0.24,0.9010989010989011,0.9117647058823529,111,72,85,0.8135593220338984,0.7627118644067796,0.847457627118644,3.460581,4.8219700634920635,18.635050969592267,0.0,0.0,0.0,48,45,50,0.7479674796747967,0.7235772357723578,0.8455284552845529,0.515415,0.927418,4.170154,0.0,0.11678832116788321,0.2,92,89,104
213,0.9576271186440678,0.635593220338983,0.711864406779661,33.574245510875684,39.68987429199082,68.16092377750098,0.20833333333333334,0.8118811881188119,0.9841269841269841,113,75,84,0.8135593220338984,0.7288135593220338,0.847457627118644,3.159399,4.943322082531312,18.61632078700577,0.0,0.0,0.0,48,43,50,0.7235772357723578,0.7154471544715447,0.8373983739837398,0.53152,0.885377,4.194748,0.0,0.05343511450381679,0.22058823529411764,89,88,103
214,0.940677966101695,0.635593220338983,0.711864406779661,35.88829037161296,40.26239328276099,67.36576522964384,0.15789473684210525,0.9021739130434783,0.8823529411764706,111,75,84,0.7796610169491526,0.711864406779661,0.864406779661017,2.74561,4.745978393637715,18.799416394839664,0.0,0.0,0.0,46,42,51,0.7154471544715447,0.6991869918699187,0.8617886178861789,0.500881,0.7967,4.217222,0.0,0.061068702290076333,0.19696969696969696,88,86,106
215,0.9152542372881356,0.635593220338983,0.7033898305084746,40.629471696303206,40.94801871661442,68.87737766584482,0.14814814814814814,0.8541666666666666,0.9264705882352942,108,75,83,0.7796610169491526,0.7457627118644068,0.8135593220338984,2.87919,4.41698087381703,19.331889394839664,0.0,0.0,0.0,46,44,48,0.7235772357723578,0.7154471544715447,0.8536585365853658,0.549701,0.794017,4.21833,0.0,0.05384615384615385,0.19402985074626866,89,88,105
216,0.923728813559322,0.635593220338983,0.7203389830508474,35.305637575541816,40.73620225478599,66.26986371802853,0.17857142857142858,0.8791208791208791,0.8873239436619719,109,75,85,0.7796610169491526,0.7457627118644068,0.7966101694915254,3.02521,4.688987171436941,18.988953686487562,0.0,0.0,0.0,46,44,47,0.7398373983739838,0.7073170731707317,0.8455284552845529,0.551993,0.762399,4.211984,0.0,0.06870229007633588,0.22388059701492538,91,87,104
217,0.9576271186440678,0.635593220338983,0.711864406779661,36.759437979775,41.49510924850499,67.67951994420704,0.21052631578947367,0.8556701030927835,0.9411764705882353,113,75,84,0.7796610169491526,0.7288135593220338,0.8305084745762712,2.67439,4.5468933531951885,19.19833215011816,0.0,0.0,0.0,46,43,49,0.7317073170731707,0.7235772357723578,0.8455284552845529,0.598822,0.805833,4.266525,0.0,0.0390625,0.2,90,89,104
218,0.923728813559322,0.6186440677966102,0.7203389830508474,34.76694051007105,41.34978428188069,68.31805640807228,0.17391304347826086,0.8817204301075269,0.9130434782608695,109,73,85,0.7627118644067796,0.7796610169491526,0.8135593220338984,2.859303,4.798021417729342,18.75053525593826,0.0,0.0,0.0,45,46,48,0.7235772357723578,0.7154471544715447,0.8780487804878049,0.543697,0.836165,4.225497,0.0,0.05426356589147287,0.203125,89,88,108
219,0.940677966101695,0.6440677966101694,0.7288135593220338,37.50454091603159,40.39230888372676,68.42696566062743,0.09523809523809523,0.8804347826086957,0.9696969696969697,111,76,86,0.7457627118644068,0.7457627118644068,0.8305084745762712,3.049975,4.4510690634920635,19.253639623874808,0.0,0.0,0.0,44,44,49,0.7317073170731707,0.7154471544715447,0.8699186991869918,0.524994,0.81931,4.26362,0.0,0.08148148148148149,0.22950819672131148,90,88,107
220,0.9322033898305084,0.6440677966101694,0.7203389830508474,40.442465491947395,42.037944468727154,65.39705376656232,0.19047619047619047,0.8804347826086957,0.927536231884058,110,76,85,0.7457627118644068,0.7288135593220338,0.7627118644067796,2.963352,4.611200178832946,19.57266831855102,0.0,0.0,0.0,44,43,45,0.7398373983739838,0.7235772357723578,0.8699186991869918,0.53688,0.783101,4.265348,0.0,0.07352941176470588,0.19047619047619047,91,89,107
221,0.923728813559322,0.6440677966101694,0.7203389830508474,38.986453052051715,38.89040824038337,66.43844752259463,0.19047619047619047,0.8556701030927835,0.927536231884058,109,76,85,0.7457627118644068,0.7796610169491526,0.7966101694915254,3.206734,5.084445574533913,19.393897255938263,0.0,0.0,0.0,44,46,47,0.7479674796747967,0.7235772357723578,0.8617886178861789,0.528804,0.76812,4.308737,0.0,0.05303030303030303,0.21212121212121213,92,89,106
222,0.9661016949152542,0.635593220338983,0.7288135593220338,40.353057646163286,42.4063460430784,66.90087558650073,0.14814814814814814,0.8444444444444444,0.9014084507042254,114,75,86,0.7457627118644068,0.7627118644067796,0.7966101694915254,2.849971,4.484169274390332,19.261340686487564,0.0,0.0,0.0,44,45,47,0.7479674796747967,0.7073170731707317,0.8699186991869918,0.507422,0.848711,4.2938,0.0,0.06923076923076923,0.20588235294117646,92,87,107
223,0.940677966101695,0.635593220338983,0.7203389830508474,39.590366830375345,40.80531965872948,65.91055119832967,0.21052631578947367,0.8367346938775511,0.9696969696969697,111,75,85,0.7457627118644068,0.7457627118644068,0.864406779661017,2.808437,4.507128217432225,19.765492140415457,0.0,0.0,0.0,44,44,51,0.7317073170731707,0.7235772357723578,0.8617886178861789,0.512485,0.821418,4.276981,0.0,0.04580152671755725,0.2222222222222222,90,89,106
224,0.923728813559322,0.6440677966101694,0.7203389830508474,37.44200550988877,38.994762030464635,65.99891618711115,0.17391304347826086,0.845360824742268,0.927536231884058,109,76,85,0.7457627118644068,0.7288135593220338,0.864406779661017,3.076501,4.502372207852233,19.787885825388965,0.0,0.0,0.0,44,43,51,0.7235772357723578,0.7398373983739838,0.8617886178861789,0.482604,0.849418,4.258762,0.0,0.06015037593984962,0.2,89,91,106
225,0.9661016949152542,0.652542372881356,0.7203389830508474,37.02944028579166,41.53750957753806,64.9806224756283,0.10714285714285714,0.8522727272727273,0.9130434782608695,114,77,85,0.7457627118644068,0.7288135593220338,0.8813559322033898,3.110829,4.576729631492021,19.96953377247891,0.0,0.01694915254237288,0.0,44,43,52,0.7154471544715447,0.7642276422764228,0.8536585365853658,0.505597,0.898059,4.281235,0.0,0.03816793893129771,0.20967741935483872,88,94,105
226,0.9491525423728814,0.6610169491525424,0.7288135593220338,41.40183677432206,40.458834236053455,66.40392288680594,0.13636363636363635,0.9,0.9558823529411765,112,78,86,0.7627118644067796,0.7457627118644068,0.864406779661017,3.008856,4.576559470599322,19.893532878299016,0.0,0.017857142857142856,0.0,45,44,51,0.7235772357723578,0.7642276422764228,0.8536585365853658,0.524303,0.868704,4.289927,0.0,0.031746031746031744,0.21666666666666667,89,94,105
227,0.9491525423728814,0.635593220338983,0.7288135593220338,40.18005763413398,40.2949255256342,65.44533599689464,0.15384615384615385,0.8555555555555555,0.9420289855072463,112,75,86,0.7627118644067796,0.711864406779661,0.8813559322033898,3.049801,4.754311846059837,19.844475762776206,0.0,0.0,0.0,45,42,52,0.7154471544715447,0.7642276422764228,0.8455284552845529,0.502757,0.880299,4.275106,0.0,0.031496062992125984,0.20689655172413793,88,94,104
228,0.9322033898305084,0.6440677966101694,0.7203389830508474,39.892081865104316,38.93612864878877,65.13877125129713,0.25,0.7843137254901961,1.0,110,76,85,0.7457627118644068,0.711864406779661,0.864406779661017,2.595815,4.29054491344145,19.635881825388964,0.0,0.0,0.0,44,42,51,0.7073170731707317,0.7560975609756098,0.8536585365853658,0.537944,0.805374,4.324531,0.0,0.03816793893129771,0.2033898305084746,87,93,105
229,0.923728813559322,0.652542372881356,0.7288135593220338,34.544742318856606,39.77495135443991,63.537522739401965,0.16,0.83,0.8857142857142857,109,77,86,0.7627118644067796,0.6949152542372882,0.8983050847457628,2.816893,4.545295872153824,19.87201871956886,0.0,0.0,0.0,45,41,53,0.7073170731707317,0.7642276422764228,0.8617886178861789,0.469479,0.865529,4.324334,0.0,0.03125,0.25862068965517243,87,94,106
230,0.923728813559322,0.652542372881356,0.7203389830508474,37.85427090372547,39.75496199286948,64.28201968121712,0.1935483870967742,0.9523809523809523,0.9538461538461539,109,77,85,0.7627118644067796,0.6949152542372882,0.864406779661017,3.092158,4.038908683340839,19.835462787005767,0.0,0.0,0.0,45,41,51,0.7154471544715447,0.7479674796747967,0.8373983739837398,0.471434,0.838956,4.322423,0.0,0.031746031746031744,0.32142857142857145,88,92,103
231,0.940677966101695,0.652542372881356,0.7288135593220338,38.75902598349077,41.049975482037915,64.28201968121712,0.20833333333333334,0.9302325581395349,0.953125,111,77,86,0.7457627118644068,0.7457627118644068,0.8813559322033898,2.859107,4.131180897103517,19.845458916682215,0.0,0.0,0.0,44,44,52,0.7154471544715447,0.7560975609756098,0.8455284552845529,0.486421,0.844367,4.306225,0.0,0.023809523809523808,0.29310344827586204,88,93,104
232,0.923728813559322,0.652542372881356,0.7288135593220338,38.14937799672868,41.75094943456773,64.86367783905588,0.3157894736842105,0.8315789473684211,0.9841269841269841,109,77,86,0.7457627118644068,0.7627118644067796,0.8813559322033898,2.862886,4.538693150213706,19.811794916682214,0.0,0.017857142857142856,0.0,44,45,52,0.7235772357723578,0.7398373983739838,0.8536585365853658,0.465277,0.832416,4.318841,0.007936507936507936,0.0234375,0.3148148148148148,89,91,105
233,0.940677966101695,0.6610169491525424,0.7288135593220338,37.54775073341847,40.37184578098983,64.28201968121712,0.21739130434782608,0.8556701030927835,0.9682539682539683,111,78,86,0.7288135593220338,0.7627118644067796,0.8983050847457628,3.276342,3.885733746832903,20.248702394839665,0.0,0.0,0.0,43,45,53,0.7479674796747967,0.7479674796747967,0.8536585365853658,0.447588,0.84149,4.313306,0.007874015748031496,0.03125,0.3269230769230769,92,92,105
234,0.9322033898305084,0.652542372881356,0.7288135593220338,37.47728647339363,41.75414002922179,64.86367783905588,0.2857142857142857,0.8876404494382022,0.96875,110,77,86,0.7288135593220338,0.7288135593220338,0.9152542372881356,2.929384,4.207338469578162,20.11003273409571,0.0,0.0,0.0,43,43,54,0.7560975609756098,0.7479674796747967,0.8455284552845529,0.499728,0.812086,4.30418,0.008,0.015748031496062992,0.3076923076923077,93,92,104
235,0.9491525423728814,0.6440677966101694,0.7203389830508474,37.57457509923223,40.49597014363368,65.21244341328968,0.125,0.8404255319148937,0.9838709677419355,112,76,85,0.7288135593220338,0.711864406779661,0.9322033898305084,2.988386,4.6727031618569494,20.540122486132915,0.0,0.0,0.0,43,42,55,0.7723577235772358,0.7560975609756098,0.8373983739837398,0.506667,0.804661,4.304339,0.007874015748031496,0.03125,0.36538461538461536,95,93,103
236,0.9576271186440678,0.652542372881356,0.7288135593220338,38.150717864746156,41.430575493536296,65.70051019832968,0.24,0.8478260869565217,0.9538461538461539,113,77,86,0.7288135593220338,0.7627118644067796,0.9152542372881356,3.204661,4.3008598497293855,20.306866878299015,0.0,0.0,0.0,43,45,54,0.7642276422764228,0.7479674796747967,0.8455284552845529,0.523891,0.837085,4.31533,0.0,0.008,0.34615384615384615,94,92,104
237,0.940677966101695,0.6440677966101694,0.7288135593220338,39.634149479895996,40.83308674059419,65.42317520770085,0.3333333333333333,0.9176470588235294,0.9264705882352942,111,76,86,0.7627118644067796,0.7796610169491526,0.9152542372881356,3.059323,4.446144515052136,20.48842942352016,0.0,0.01694915254237288,0.0,45,46,54,0.7560975609756098,0.7479674796747967,0.8536585365853658,0.505388,0.745652,4.318562,0.0,0.007751937984496124,0.34615384615384615,93,92,105
238,0.9067796610169492,0.6440677966101694,0.7288135593220338,40.12078474092858,40.423271289300764,65.44533599689464,0.23076923076923078,0.8695652173913043,0.984375,107,76,86,0.7627118644067796,0.7966101694915254,0.8983050847457628,3.487868,4.565365194564318,20.526261503901065,0.0,0.01694915254237288,0.0,45,47,53,0.7560975609756098,0.7398373983739838,0.8617886178861789,0.494101,0.754691,4.34324,0.0,0.007936507936507936,0.3673469387755102,93,91,106
239,0.9491525423728814,0.652542372881356,0.7288135593220338,40.390772538840864,40.15489431067418,64.91358998752347,0.20689655172413793,0.8229166666666666,1.0,112,77,86,0.7627118644067796,0.7288135593220338,0.8983050847457628,3.534164,4.097527698653631,20.625070394839664,0.0,0.0,0.0,45,43,53,0.7560975609756098,0.7317073170731707,0.8780487804878049,0.523952,0.768042,4.333383,0.0,0.008064516129032258,0.36,93,90,108
240,0.9491525423728814,0.6440677966101694,0.7288135593220338,37.921525815313785,40.211122468512954,64.63050488265216,0.35294117647058826,0.9204545454545454,0.953125,112,76,86,0.7627118644067796,0.7288135593220338,0.9152542372881356,3.129206,4.827823394658874,20.405625347231513,0.0,0.018518518518518517,0.0,45,43,54,0.7560975609756098,0.7235772357723578,0.8699186991869918,0.546836,0.721463,4.340576,0.0,0.008064516129032258,0.3673469387755102,93,89,107
241,0.8898305084745762,0.6694915254237288,0.7372881355932204,41.10381829479691,44.69823991700589,70.39618720459677,0.2,0.8526315789473684,0.9402985074626866,105,79,87,0.7457627118644068,0.7288135593220338,0.8983050847457628,3.646822,4.762259241523853,20.682666212253164,0.0,0.0,0.0,44,43,53,0.7479674796747967,0.7398373983739838,0.8780487804878049,0.511976,0.757947,4.378791,0.0,0.03816793893129771,0.34782608695652173,92,91,108
242,0.9661016949152542,0.6949152542372882,0.7372881355932204,41.76185128224063,45.06947260412887,68.01411921291823,0.14285714285714285,0.8255813953488372,0.9344262295081968,114,82,87,0.7627118644067796,0.711864406779661,0.8983050847457628,3.814759,4.816133667006889,21.021636064126813,0.0,0.0,0.0,45,42,53,0.7398373983739838,0.7317073170731707,0.8861788617886179,0.499326,0.793148,4.44315,0.0,0.0390625,0.35555555555555557,91,90,109
243,0.940677966101695,0.6864406779661016,0.7288135593220338,44.708777248397894,42.22700440354324,72.64310415995078,0.09090909090909091,0.8313253012048193,0.9508196721311475,111,81,86,0.7627118644067796,0.7288135593220338,0.9152542372881356,3.512676,4.233815075135308,20.68398973409571,0.0,0.0,0.0,45,43,54,0.7398373983739838,0.7398373983739838,0.8861788617886179,0.530355,0.815724,4.397989,0.0,0.03875968992248062,0.3333333333333333,91,91,109
244,0.9322033898305084,0.6779661016949152,0.7288135593220338,43.73556370069822,44.738144532905935,72.8472305084306,0.08333333333333333,0.8414634146341463,0.9180327868852459,110,80,86,0.7627118644067796,0.711864406779661,0.8813559322033898,3.819668,4.419255317460316,20.66823596959227,0.0,0.0,0.0,45,42,52,0.7398373983739838,0.7398373983739838,0.8780487804878049,0.505449,0.797174,4.421986,0.0,0.0390625,0.34782608695652173,91,91,108
245,0.9322033898305084,0.7033898305084746,0.7457627118644068,41.94543286070925,43.947883052901666,71.75707540967608,0.07142857142857142,0.8045977011494253,0.8787878787878788,110,83,88,0.7966101694915254,0.6949152542372882,0.8983050847457628,3.425964,4.5745631108701765,21.31944277247891,0.0,0.0,0.0,47,41,53,0.7398373983739838,0.7479674796747967,0.8699186991869918,0.561092,0.762313,4.452926,0.008,0.0234375,0.34782608695652173,91,92,107
246,0.9491525423728814,0.6779661016949152,0.7542372881355932,44.07898555268849,43.518696999430325,72.47837917348963,0.09090909090909091,0.7926829268292683,0.8833333333333333,112,80,89,0.7796610169491526,0.7457627118644068,0.8983050847457628,3.351664,4.3375519016351145,20.90178473409571,0.0,0.0,0.0,46,44,53,0.7317073170731707,0.7398373983739838,0.8617886178861789,0.578809,0.731771,4.487055,0.008064516129032258,0.0234375,0.32,90,91,106
247,0.9576271186440678,0.7033898305084746,0.7627118644067796,41.682858324905844,41.57456547322646,73.38141565716082,0.08333333333333333,0.8227848101265823,0.9285714285714286,113,83,90,0.7796610169491526,0.7457627118644068,0.9152542372881356,3.716386,4.653819714186424,21.62207434192961,0.0,0.0,0.0,46,44,54,0.7479674796747967,0.7398373983739838,0.8780487804878049,0.539689,0.751382,4.54193,0.0,0.023255813953488372,0.2962962962962963,92,91,108
248,0.9322033898305084,0.7033898305084746,0.7627118644067796,41.076481075644566,44.40492140482103,72.62533065905994,0.11764705882352941,0.8048780487804879,1.0,110,83,90,0.7966101694915254,0.7457627118644068,0.9322033898305084,3.733104,4.525127984687208,21.526790347231515,0.0,0.0,0.0,47,44,55,0.7317073170731707,0.7479674796747967,0.8780487804878049,0.59113,0.720533,4.529576,0.0,0.023255813953488372,0.3137254901960784,90,92,108
249,0.9576271186440678,0.6694915254237288,0.7457627118644068,40.42079543612794,45.18676287048883,73.49836029373324,0.0,0.8873239436619719,0.9473684210526315,113,79,88,0.7966101694915254,0.7627118644067796,0.9152542372881356,3.683801,4.6689761396525125,21.570368341929612,0.0,0.0,0.0,47,45,54,0.7479674796747967,0.7479674796747967,0.8943089430894309,0.575202,0.738491,4.564022,0.0,0.023622047244094488,0.2857142857142857,92,92,110
250,0.923728813559322,0.711864406779661,0.7627118644067796,41.0150640850438,44.38970493681183,74.02168445078826,0.0,0.8571428571428571,0.9152542372881356,109,84,90,0.7966101694915254,0.7288135593220338,0.9322033898305084,3.076851,4.749543125157827,21.502463825388965,0.0,0.0,0.0,47,43,55,0.7560975609756098,0.7398373983739838,0.8699186991869918,0.555902,0.824628,4.601671,0.0,0.016129032258064516,0.32558139534883723,93,91,107
251,0.9322033898305084,0.7033898305084746,0.7542372881355932,38.62327628727911,43.79766353500537,74.08638785781211,0.0,0.8375,1.0,110,83,89,0.7796610169491526,0.6949152542372882,0.9152542372881356,3.414917,4.608492090448098,21.940936772478913,0.0,0.018518518518518517,0.0,46,41,54,0.7560975609756098,0.7398373983739838,0.8780487804878049,0.619606,0.729834,4.575779,0.0,0.015873015873015872,0.27450980392156865,93,91,108
252,0.9152542372881356,0.7033898305084746,0.7627118644067796,41.3385025999254,44.21822955907554,72.46574312573958,0.0,0.875,0.8983050847457628,108,83,90,0.7627118644067796,0.711864406779661,0.8983050847457628,3.231939,4.572499846059837,22.200846825388965,0.0,0.0,0.0,45,42,53,0.7642276422764228,0.7560975609756098,0.8780487804878049,0.535644,0.755721,4.575044,0.0,0.015625,0.2857142857142857,94,93,108
253,0.8983050847457628,0.6949152542372882,0.7542372881355932,41.775722548591276,45.36388616637428,72.74142349853831,0.0,0.775,0.9122807017543859,106,82,89,0.7288135593220338,0.7288135593220338,0.8813559322033898,3.334911,4.425901572690665,22.373003772478913,0.0,0.0,0.0,43,43,52,0.7560975609756098,0.7398373983739838,0.8699186991869918,0.576677,0.825815,4.527467,0.0,0.016,0.28,93,91,107
254,0.9491525423728814,0.711864406779661,0.7627118644067796,41.32337363552251,44.16609477375568,72.96693773207124,0.0,0.8533333333333334,0.9629629629629629,112,84,90,0.7288135593220338,0.6949152542372882,0.8813559322033898,3.195214,4.847578,22.248234878299016,0.0,0.0,0.0,43,41,52,0.7560975609756098,0.7235772357723578,0.8699186991869918,0.606843,0.81369,4.590692,0.0,0.016260162601626018,0.2916666666666667,93,89,107
255,0.9576271186440678,0.7033898305084746,0.7627118644067796,41.156736201886474,44.3356501736911,74.85836813511074,0.0,0.8611111111111112,0.9454545454545454,113,83,90,0.7457627118644068,0.711864406779661,0.8983050847457628,3.299696,4.5804855928927415,22.683254825388964,0.0,0.0,0.0,44,42,53,0.7479674796747967,0.7479674796747967,0.8536585365853658,0.597638,0.781422,4.613637,0.0,0.015873015873015872,0.3125,92,92,105
256,0.9322033898305084,0.6864406779661016,0.7627118644067796,40.16510003687252,45.335902870599284,71.47835759925584,0.10526315789473684,0.8356164383561644,0.9454545454545454,110,81,90,0.7288135593220338,0.7288135593220338,0.8813559322033898,3.456624,4.508403090448098,22.590470772478913,0.0,0.0,0.0,43,43,52,0.7479674796747967,0.7479674796747967,0.8455284552845529,0.580391,0.795803,4.60433,0.0,0.00819672131147541,0.29411764705882354,92,92,104
257,0.940677966101695,0.6949152542372882,0.7457627118644068,42.195136295780486,47.132382131676195,73.10383848530304,0.0,0.8266666666666667,0.9454545454545454,111,82,88,0.7457627118644068,0.711864406779661,0.864406779661017,4.074058,5.1236662262110615,22.875224772478912,0.0,0.0,0.0,44,42,51,0.7479674796747967,0.7642276422764228,0.8536585365853658,0.62283,0.807336,4.671405,0.0,0.008,0.3,92,94,105
258,0.9322033898305084,0.7288135593220338,0.7542372881355932,40.2526241032864,44.61223204611679,75.4400262929495,0.0,0.8157894736842105,0.9,110,86,89,0.7288135593220338,0.6949152542372882,0.864406779661017,3.573463,4.589054138627371,22.758372164645014,0.0,0.0,0.0,43,41,51,0.7398373983739838,0.7560975609756098,0.8780487804878049,0.632582,0.830391,4.653878,0.00819672131147541,0.008,0.3181818181818182,91,93,108
259,0.923728813559322,0.711864406779661,0.7627118644067796,39.4427296484592,43.96154664043639,76.080018451572,0.0,0.782051282051282,0.9298245614035088,109,84,90,0.7457627118644068,0.6949152542372882,0.864406779661017,3.587522,5.437504924864693,22.622783825388964,0.0,0.0,0.0,44,41,51,0.7317073170731707,0.7317073170731707,0.8699186991869918,0.57325,0.812869,4.664332,0.00819672131147541,0.008064516129032258,0.3684210526315789,90,90,107
260,0.923728813559322,0.7203389830508474,0.7627118644067796,36.82392663259353,43.750770301303014,74.99039269553971,0.0,0.9142857142857143,0.9298245614035088,109,85,90,0.7457627118644068,0.7288135593220338,0.8305084745762712,3.547272,5.59311968334084,22.658853671482955,0.0,0.0,0.0,44,43,49,0.7154471544715447,0.7235772357723578,0.8536585365853658,0.621197,0.812576,4.714737,0.0,0.0,0.3684210526315789,88,89,105
261,0.923728813559322,0.6949152542372882,0.7542372881355932,42.669291953211946,44.80169646929668,75.27966684737733,0.0,0.8493150684931506,0.9166666666666666,109,82,89,0.7627118644067796,0.6779661016949152,0.847457627118644,3.901957,5.434615078804854,22.47602870016345,0.0,0.0,0.0,45,40,50,0.7317073170731707,0.7317073170731707,0.8455284552845529,0.60203,0.836898,4.707079,0.0,0.0,0.32558139534883723,90,90,104
262,0.940677966101695,0.7033898305084746,0.7711864406779662,36.19902513329876,47.01946817271654,76.27374207198838,0.04,0.7631578947368421,0.9473684210526315,111,83,91,0.7627118644067796,0.711864406779661,0.8305084745762712,3.893103,5.106203830747046,22.644258279316855,0.0,0.0,0.0,45,42,49,0.7398373983739838,0.7317073170731707,0.8536585365853658,0.582789,0.814286,4.757882,0.0,0.0,0.32558139534883723,91,90,105
263,0.8813559322033898,0.7372881355932204,0.7627118644067796,38.67865580541766,43.000594153040126,75.90497609549882,0.0,0.8243243243243243,0.9464285714285714,104,87,90,0.7627118644067796,0.711864406779661,0.8135593220338984,3.975795,4.709834244388261,22.624798787005762,0.0,0.0,0.0,45,42,48,0.7479674796747967,0.7154471544715447,0.8373983739837398,0.564435,0.853392,4.740296,0.0,0.0,0.2826086956521739,92,88,103
264,0.9067796610169492,0.7288135593220338,0.7711864406779662,38.450716066864,46.16755725778188,76.88158789434367,0.0,0.875,0.9122807017543859,107,86,91,0.7288135593220338,0.711864406779661,0.8305084745762712,3.795549,5.084246307880324,22.766617375193636,0.0,0.0,0.0,43,42,49,0.7398373983739838,0.6991869918699187,0.8617886178861789,0.533213,0.896115,4.76002,0.0,0.0,0.30952380952380953,91,86,106
265,0.9491525423728814,0.711864406779661,0.7627118644067796,38.312598001974315,45.457857131531505,77.21437713511074,0.0,0.8382352941176471,0.9629629629629629,112,84,90,0.7457627118644068,0.7288135593220338,0.864406779661017,4.006447,5.379994885460274,22.451715906979512,0.0,0.0,0.0,44,43,51,0.7317073170731707,0.6829268292682927,0.8617886178861789,0.571167,0.817927,4.721517,0.0,0.0,0.3157894736842105,90,84,106
266,0.940677966101695,0.7372881355932204,0.7627118644067796,41.92367663750667,46.63666441490642,78.0572153467007,0.0,0.7368421052631579,0.9122807017543859,111,87,90,0.7796610169491526,0.8305084745762712,0.847457627118644,3.596963,5.329039378324924,22.825320010739006,0.0,0.0,0.0,46,49,50,0.7479674796747967,0.6991869918699187,0.8780487804878049,0.571082,0.871801,4.780085,0.0,0.0,0.32432432432432434,92,86,108
267,0.9576271186440678,0.7372881355932204,0.7627118644067796,41.12274655815505,49.55310685597542,78.1677153782947,0.0,0.8169014084507042,0.9285714285714286,113,87,90,0.7796610169491526,0.8305084745762712,0.8305084745762712,3.301904,4.827468924864693,22.925337916682217,0.0,0.0,0.0,46,49,49,0.7479674796747967,0.7073170731707317,0.8861788617886179,0.600422,0.850702,4.798118,0.0,0.0,0.3076923076923077,92,87,109
268,0.8983050847457628,0.7203389830508474,0.7542372881355932,42.19794731009743,45.99573639365689,77.97991207654229,0.0,0.9206349206349206,0.9285714285714286,106,85,89,0.7627118644067796,0.8305084745762712,0.7796610169491526,3.546357,5.341763,23.24740591668222,0.0,0.0,0.0,45,49,46,0.7479674796747967,0.7073170731707317,0.8943089430894309,0.637555,0.853059,4.790283,0.0,0.0,0.3,92,87,110
269,0.8983050847457628,0.711864406779661,0.7542372881355932,39.75429322887404,47.3270749088677,77.59544866237822,0.0,0.8405797101449275,0.8983050847457628,106,84,89,0.7627118644067796,0.8135593220338984,0.8305084745762712,3.331229,5.2313270634920634,22.96916685406946,0.0,0.0,0.0,45,48,49,0.7479674796747967,0.7235772357723578,0.8861788617886179,0.592876,0.881708,4.780062,0.0,0.0,0.34210526315789475,92,89,109
270,0.9322033898305084,0.7457627118644068,0.7542372881355932,44.05234711173349,44.62180027127261,78.14804112573958,0.0,0.8656716417910447,0.9259259259259259,110,88,89,0.7796610169491526,0.7966101694915254,0.8305084745762712,3.298668,4.8233982415238525,23.074062709866155,0.0,0.0,0.0,46,47,49,0.7479674796747967,0.7317073170731707,0.8861788617886179,0.635021,0.855699,4.787657,0.0,0.0,0.3,92,90,109
271,0.8983050847457628,0.7288135593220338,0.7542372881355932,38.771778737814884,47.91156681901933,77.11006101980466,0.09523809523809523,0.7702702702702703,0.9122807017543859,106,86,89,0.7796610169491526,0.7288135593220338,0.8135593220338984,3.5681178381430505,4.986552344420335,22.895878825388966,0.0,0.0,0.0,46,43,48,0.7398373983739838,0.7479674796747967,0.8699186991869918,0.620505,0.866264,4.805403,0.0,0.0,0.2926829268292683,91,92,107
272,0.940677966101695,0.711864406779661,0.7627118644067796,44.07624670342585,47.605135763166395,76.7406262160223,0.08333333333333333,0.8823529411764706,0.9152542372881356,111,84,90,0.7796610169491526,0.7288135593220338,0.8135593220338984,3.501188,5.445132494690949,22.95898373409571,0.0,0.0,0.0,46,43,48,0.7235772357723578,0.7479674796747967,0.8699186991869918,0.620211,0.900788,4.789585,0.0,0.0,0.25,89,92,107
273,0.9322033898305084,0.7627118644067796,0.7542372881355932,40.61399365005108,47.98159172919642,78.66786539473063,0.07692307692307693,0.7368421052631579,0.9473684210526315,110,90,89,0.7627118644067796,0.7966101694915254,0.8135593220338984,3.362596,5.49836145346023,22.896862618572904,0.0,0.0,0.0,45,47,48,0.7479674796747967,0.7398373983739838,0.8861788617886179,0.580315,0.878069,4.790886,0.0,0.0,0.2702702702702703,92,91,109
274,0.940677966101695,0.7627118644067796,0.7372881355932204,41.376031041150654,47.30251773750398,77.44839939445076,0.0,0.8360655737704918,0.873015873015873,111,90,87,0.7627118644067796,0.7457627118644068,0.8135593220338984,3.406439,5.036132441816988,22.995122734095713,0.0,0.0,0.0,45,44,48,0.7479674796747967,0.7398373983739838,0.9024390243902439,0.631472,0.887255,4.789655,0.0,0.0,0.2564102564102564,92,91,111
275,0.9491525423728814,0.7372881355932204,0.7627118644067796,40.218568610167054,47.19317234578291,77.97172355150578,0.0,0.8448275862068966,0.9473684210526315,112,87,90,0.7457627118644068,0.7288135593220338,0.847457627118644,3.710304,5.0223060769616055,23.381967752832885,0.0,0.0,0.0,44,43,50,0.7560975609756098,0.7317073170731707,0.8943089430894309,0.594667,0.874317,4.80996,0.0,0.0,0.2777777777777778,93,90,110
276,0.9067796610169492,0.7288135593220338,0.7457627118644068,45.69216778089768,48.41997954977387,77.4178879055622,0.0,0.8412698412698413,1.0,107,86,88,0.7457627118644068,0.7288135593220338,0.8305084745762712,3.363439,5.360831556356713,23.238392618572902,0.0,0.0,0.0,44,43,49,0.7560975609756098,0.7317073170731707,0.8780487804878049,0.609702,0.924642,4.841727,0.0,0.0,0.2777777777777778,93,90,108
277,0.9322033898305084,0.7542372881355932,0.7627118644067796,40.75301148800581,49.10844420853386,78.68762455886018,0.0,0.6712328767123288,0.9310344827586207,110,89,90,0.7796610169491526,0.6949152542372882,0.8305084745762712,3.694189,5.422705936507937,23.26375281568626,0.0,0.0,0.0,46,41,49,0.7560975609756098,0.7398373983739838,0.8861788617886179,0.659097,0.914601,4.839543,0.0,0.0,0.2857142857142857,93,91,109
278,0.940677966101695,0.7627118644067796,0.7542372881355932,44.08452947289353,50.520210929108025,78.72866034670069,0.0,0.7868852459016393,0.9473684210526315,111,90,89,0.7627118644067796,0.7288135593220338,0.8305084745762712,3.408405,5.125032455286531,23.648231762776206,0.0,0.0,0.0,45,43,49,0.7398373983739838,0.7154471544715447,0.8780487804878049,0.605635,0.953659,4.846078,0.0,0.0,0.3225806451612903,91,88,108
279,0.9576271186440678,0.788135593220339,0.7627118644067796,39.97551365929482,47.61539511030273,78.55402726377237,0.0,0.8181818181818182,0.9298245614035088,113,93,90,0.7966101694915254,0.7627118644067796,0.8305084745762712,3.345947,5.32538913862737,23.36658385406946,0.0,0.0,0.0,47,45,49,0.7154471544715447,0.7073170731707317,0.8780487804878049,0.594334,0.965462,4.879822,0.0,0.0,0.32142857142857145,88,87,108
280,0.9067796610169492,0.7627118644067796,0.7627118644067796,42.2890160959405,47.93385124380534,79.60281841347297,0.0,0.7241379310344828,0.9464285714285714,107,90,90,0.7796610169491526,0.7457627118644068,0.864406779661017,3.2058029248646926,5.219560597644341,23.309899709866155,0.0,0.0,0.0,46,44,51,0.7154471544715447,0.6991869918699187,0.8617886178861789,0.599407,0.855593,4.888562,0.008264462809917356,0.0,0.27586206896551724,88,86,106
281,0.9322033898305084,0.7711864406779662,0.7627118644067796,40.04495943480405,48.931490346566655,79.95607037386108,0.0,0.7735849056603774,0.9152542372881356,110,91,90,0.7627118644067796,0.7796610169491526,0.847457627118644,3.488763,5.0760012648103405,23.181480618572902,0.0,0.0,0.0,45,46,50,0.7235772357723578,0.6910569105691057,0.8699186991869918,0.566858,0.961574,4.888851,0.0,0.0,0.24242424242424243,89,85,107
282,0.9152542372881356,0.7796610169491526,0.7372881355932204,36.96747959798969,47.083816001190925,79.05708792015076,0.0,0.7636363636363637,0.9642857142857143,108,92,87,0.711864406779661,0.7627118644067796,0.7966101694915254,3.4839118381430505,4.843542253167096,23.470005762776207,0.0,0.0,0.0,42,45,47,0.7073170731707317,0.6666666666666666,0.8617886178861789,0.604352,0.902891,4.889007,0.0,0.0,0.22580645161290322,87,82,106
283,0.8813559322033898,0.7457627118644068,0.7203389830508474,41.89997474666321,46.74808051124461,79.83364266159445,0.0,0.8636363636363636,0.9649122807017544,104,88,85,0.711864406779661,0.711864406779661,0.7966101694915254,3.50035,5.191692988356756,23.60395476277621,0.0,0.0,0.0,42,42,47,0.6829268292682927,0.6585365853658537,0.8373983739837398,0.596294,0.939566,4.896337,0.0,0.0,0.23076923076923078,84,81,103
284,0.8813559322033898,0.7203389830508474,0.6949152542372882,41.43001995985933,47.33753230615786,79.08481133654577,0.0,0.7647058823529411,0.9649122807017544,104,85,82,0.711864406779661,0.7288135593220338,0.7966101694915254,3.51651,4.856105861372631,23.50526976277621,0.0,0.0,0.0,42,43,47,0.6747967479674797,0.6504065040650406,0.8536585365853658,0.603403,0.945362,4.947761,0.0,0.0,0.1935483870967742,83,80,105
285,0.8898305084745762,0.7711864406779662,0.7203389830508474,41.39351484467788,47.15705238007037,79.24048460969061,0.0,0.7413793103448276,0.9152542372881356,105,91,85,0.6779661016949152,0.7288135593220338,0.7966101694915254,3.271676,5.2657126680280495,23.081557762776207,0.0,0.0,0.0,40,43,47,0.6747967479674797,0.6422764227642277,0.8536585365853658,0.62937,0.902893,4.917958,0.0,0.0,0.2222222222222222,83,79,105
286,0.8728813559322034,0.7627118644067796,0.7203389830508474,38.58740744764669,47.768158582282425,79.3733270368101,0.0,0.7735849056603774,0.9310344827586207,103,90,85,0.6779661016949152,0.7627118644067796,0.7796610169491526,3.522073,4.878001520621844,22.972409762776206,0.0,0.0,0.0,40,45,46,0.6747967479674797,0.6422764227642277,0.8617886178861789,0.615175,0.898344,4.957866,0.0,0.0,0.2222222222222222,83,79,106
287,0.864406779661017,0.7542372881355932,0.7203389830508474,44.234172374213905,46.622855005918595,78.89629655672314,0.0,0.7358490566037735,0.9473684210526315,102,89,85,0.6779661016949152,0.7288135593220338,0.7796610169491526,3.603039,5.015853738274071,23.19984076277621,0.0,0.0,0.0,40,43,46,0.6747967479674797,0.6504065040650406,0.8536585365853658,0.622758,0.890101,4.937585,0.0,0.0,0.28125,83,80,105
288,0.8983050847457628,0.7542372881355932,0.7203389830508474,41.71331023465765,49.10899938674478,79.2519845037557,0.0,0.7321428571428571,0.9298245614035088,106,89,85,0.6779661016949152,0.7457627118644068,0.7796610169491526,3.9199451618569494,4.77974031665916,22.971727762776208,0.0,0.0,0.0,40,44,46,0.6829268292682927,0.6422764227642277,0.8536585365853658,0.600826,0.898614,4.964006,0.0,0.0,0.3225806451612903,84,79,105
289,0.8983050847457628,0.7457627118644068,0.7203389830508474,39.02745838791058,47.980186981678706,79.3689291403281,0.0,0.8235294117647058,0.9818181818181818,106,88,85,0.6779661016949152,0.7796610169491526,0.7796610169491526,3.788537,5.0773422031445765,23.14581876277621,0.0,0.0,0.0,40,46,46,0.6991869918699187,0.6341463414634146,0.8373983739837398,0.610223,0.929728,4.992438,0.0,0.0,0.3125,86,78,103
290,0.864406779661017,0.7711864406779662,0.7203389830508474,36.89591479383995,49.69285496340264,80.31907896790081,0.0,0.6909090909090909,0.9642857142857143,102,91,85,0.6949152542372882,0.7627118644067796,0.7796610169491526,3.756078,5.147131638207606,22.960999762776208,0.0,0.0,0.0,41,45,46,0.6991869918699187,0.6504065040650406,0.8536585365853658,0.620353,0.907094,4.966735,0.0,0.0,0.24324324324324326,86,80,105
291,0.8559322033898306,0.7627118644067796,0.711864406779661,39.27757321800387,44.438390078663936,80.17571830001422,0.0,0.7368421052631579,0.9824561403508771,101,90,84,0.6949152542372882,0.7288135593220338,0.8135593220338984,3.878267,5.1321575157325565,23.17027376277621,0.0,0.0,0.0,41,43,48,0.6910569105691057,0.6504065040650406,0.8373983739837398,0.606952,0.896131,4.980133,0.0,0.0,0.2972972972972973,85,80,103
292,0.864406779661017,0.7627118644067796,0.7203389830508474,37.63305335781893,46.73091518405302,79.32670623167446,0.0,0.7543859649122807,0.9491525423728814,102,90,85,0.6949152542372882,0.7457627118644068,0.8135593220338984,3.951706,4.958689002864408,23.144461762776206,0.0,0.0,0.0,41,44,48,0.6829268292682927,0.6504065040650406,0.8455284552845529,0.57427,0.92262,4.976795,0.0,0.0,0.3076923076923077,84,80,104
293,0.8389830508474576,0.7711864406779662,0.6949152542372882,38.660260733521916,47.523281882491084,79.25198450375572,0.043478260869565216,0.7555555555555555,0.9661016949152542,99,91,82,0.711864406779661,0.7796610169491526,0.8135593220338984,3.623006,4.980508241523853,23.100917762776206,0.0,0.0,0.0,42,46,48,0.6422764227642277,0.6260162601626016,0.7886178861788617,0.617273,0.895506,5.096982,0.0,0.0,0.34285714285714286,79,77,97
294,0.8135593220338984,0.7457627118644068,0.6694915254237288,38.49580087977731,45.46703516946445,78.9217470832069,0.10526315789473684,0.825,0.9629629629629629,96,88,79,0.6949152542372882,0.7627118644067796,0.8135593220338984,3.8906150751353072,5.011900183942235,23.719993762776205,0.0,0.0,0.0,41,45,48,0.6422764227642277,0.6178861788617886,0.7886178861788617,0.588432,0.903896,5.053371,0.00909090909090909,0.0,0.2727272727272727,79,76,97
295,0.8305084745762712,0.7372881355932204,0.6610169491525424,38.04875377210782,44.548799630868004,80.89073851111013,0.05263157894736842,0.7446808510638298,0.9285714285714286,98,87,78,0.6779661016949152,0.6949152542372882,0.8135593220338984,3.839355,5.062585244388261,23.899315762776208,0.0,0.0196078431372549,0.0,40,41,48,0.6504065040650406,0.6260162601626016,0.7723577235772358,0.606134,0.855844,5.133548,0.0,0.0,0.2727272727272727,80,77,95
296,0.8305084745762712,0.7372881355932204,0.6694915254237288,39.430857817409354,45.65809255637878,81.35545203237646,0.10526315789473684,0.7906976744186046,0.9433962264150944,98,87,79,0.6779661016949152,0.7288135593220338,0.8135593220338984,3.595076,4.870284199255025,24.33289376277621,0.0,0.0,0.0,40,43,48,0.6585365853658537,0.6260162601626016,0.7804878048780488,0.623532,0.890083,5.111228,0.008849557522123894,0.008928571428571428,0.27906976744186046,81,77,96
297,0.8220338983050848,0.7288135593220338,0.6694915254237288,40.021021279967115,45.851661864649905,79.68998475507784,0.09523809523809523,0.7446808510638298,1.0,97,86,79,0.6949152542372882,0.7457627118644068,0.7966101694915254,3.885835,4.502750072270898,24.72623876277621,0.0,0.0,0.0,41,44,47,0.6747967479674797,0.6341463414634146,0.7804878048780488,0.631938,0.858005,5.164892,0.0,0.008771929824561403,0.3191489361702128,83,78,96
298,0.7796610169491526,0.7542372881355932,0.6610169491525424,38.05430008628662,43.38920209746497,79.84436683200502,0.1111111111111111,0.6666666666666666,0.9583333333333334,92,89,78,0.6949152542372882,0.711864406779661,0.7966101694915254,3.975473,4.635303394601967,24.916823762776207,0.0,0.0,0.0,41,42,47,0.6829268292682927,0.6341463414634146,0.7886178861788617,0.643601,0.908149,5.145116,0.0,0.02654867256637168,0.32653061224489793,84,78,97
299,0.788135593220339,0.7288135593220338,0.6694915254237288,39.47446206740984,44.924812710764826,80.7737938745377,0.041666666666666664,0.8285714285714286,0.9583333333333334,93,86,79,0.6949152542372882,0.7288135593220338,0.8305084745762712,3.560688,5.0264031925394415,24.85913576277621,0.0,0.0,0.0,41,43,49,0.6991869918699187,0.6341463414634146,0.8130081300813008,0.63089,0.896303,5.172932,0.0,0.008928571428571428,0.32653061224489793,86,78,100
300,0.8050847457627118,0.7203389830508474,0.6694915254237288,39.71988764158827,43.29825017662338,80.19213571669894,0.21052631578947367,0.6304347826086957,0.9583333333333334,95,85,79,0.6949152542372882,0.7288135593220338,0.8305084745762712,3.812652,4.793168226211061,24.885144762776207,0.0,0.0,0.0,41,43,49,0.6910569105691057,0.6422764227642277,0.8048780487804879,0.657469,0.858203,5.179816,0.0,0.008928571428571428,0.34782608695652173,85,79,99
301,0.7966101694915254,0.7203389830508474,0.6610169491525424,39.56058174047132,47.07248991901544,80.28826066479509,0.16666666666666666,0.7894736842105263,0.9574468085106383,94,85,78,0.6949152542372882,0.6779661016949152,0.8305084745762712,3.668678,5.026339845197789,24.83368476277621,0.0,0.0,0.0,41,40,49,0.7073170731707317,0.6504065040650406,0.7886178861788617,0.639444,0.898872,5.190042,0.0,0.0,0.36,87,80,97
302,0.7966101694915254,0.7372881355932204,0.6694915254237288,42.786921842015055,45.05720165035622,80.4938063386828,0.2222222222222222,0.6458333333333334,0.9591836734693877,94,87,79,0.6949152542372882,0.6949152542372882,0.8305084745762712,3.390898,4.564748202119434,24.709570762776206,0.0,0.0,0.0,41,41,49,0.6991869918699187,0.6747967479674797,0.7804878048780488,0.653462,0.924405,5.201728,0.0,0.0,0.34615384615384615,86,83,96
303,0.8135593220338984,0.7288135593220338,0.6779661016949152,38.277278559508346,43.67800105309579,79.92672577488378,0.15,0.6744186046511628,0.9411764705882353,96,86,80,0.6949152542372882,0.6610169491525424,0.8305084745762712,4.174438075135307,4.61705419047619,25.177384762776207,0.0,0.0,0.0,41,39,49,0.7073170731707317,0.6666666666666666,0.8048780487804879,0.678206,0.968407,5.279938,0.0,0.017391304347826087,0.3103448275862069,87,82,99
304,0.8135593220338984,0.7457627118644068,0.6779661016949152,36.82238454258918,44.45543996909303,80.7737938745377,0.13636363636363635,0.675,0.9795918367346939,96,88,80,0.6949152542372882,0.6440677966101694,0.847457627118644,3.8574831618569494,4.7127509634639715,25.146006762776207,0.0,0.0,0.0,41,38,50,0.7073170731707317,0.6747967479674797,0.7967479674796748,0.676855,0.94618,5.285524,0.0,0.01694915254237288,0.3333333333333333,87,83,98
305,0.8305084745762712,0.7627118644067796,0.6779661016949152,38.13499189053937,44.9136451608533,80.16297086516651,0.1,0.7073170731707317,0.9795918367346939,98,90,80,0.6779661016949152,0.6779661016949152,0.847457627118644,3.6981879248646927,4.78359072194012,25.297885762776207,0.0,0.0,0.0,40,40,50,0.7073170731707317,0.6829268292682927,0.8130081300813008,0.670759,0.957017,5.268677,0.0,0.0,0.2962962962962963,87,84,100
306,0.7966101694915254,0.7457627118644068,0.6779661016949152,35.62904370172758,43.94826884702313,81.10693845398887,0.1,0.7142857142857143,0.9215686274509803,94,88,80,0.6610169491525424,0.6610169491525424,0.8305084745762712,3.787616241523853,4.359958380151223,25.338460762776208,0.0,0.019230769230769232,0.0,39,39,49,0.7073170731707317,0.6747967479674797,0.8130081300813008,0.682381,0.98271,5.289776,0.008771929824561403,0.0,0.3137254901960784,87,83,100
307,0.8220338983050848,0.7542372881355932,0.6779661016949152,39.677664804625955,43.364760718029665,80.42602498984378,0.12,0.7058823529411765,0.96,97,89,80,0.6610169491525424,0.6779661016949152,0.8305084745762712,3.825901,4.696951531226977,25.217939762776208,0.0,0.0,0.0,39,40,49,0.7073170731707317,0.6666666666666666,0.8130081300813008,0.69363,0.960151,5.273147,0.008695652173913044,0.0,0.3018867924528302,87,82,100
308,0.8305084745762712,0.7372881355932204,0.6779661016949152,37.10613076684231,44.043827366479725,80.7737938745377,0.12,0.6486486486486487,1.0,98,87,80,0.6779661016949152,0.6949152542372882,0.8305084745762712,4.095871075135308,4.527483267515637,25.119706762776207,0.0,0.0196078431372549,0.0,40,41,49,0.6991869918699187,0.6747967479674797,0.8048780487804879,0.668265,0.90586,5.251192,0.0,0.0,0.3137254901960784,86,83,99
309,0.8305084745762712,0.7542372881355932,0.6779661016949152,36.2154889470839,42.45580945133807,80.45120949652156,0.0,0.5609756097560976,0.9795918367346939,98,89,80,0.6949152542372882,0.6949152542372882,0.8305084745762712,3.797537,4.269403126984128,25.371239762776206,0.0,0.018867924528301886,0.0,41,41,49,0.7317073170731707,0.6910569105691057,0.8130081300813008,0.689293,0.912303,5.282717,0.0,0.008547008547008548,0.34,90,85,100
310,0.847457627118644,0.7203389830508474,0.6864406779661016,35.60541731555255,43.82658681727645,79.61047755886018,0.0,0.71875,0.9411764705882353,100,85,81,0.6779661016949152,0.7288135593220338,0.847457627118644,3.570584,4.013065723766419,25.132555762776207,0.0,0.019230769230769232,0.0,40,43,50,0.7317073170731707,0.6829268292682927,0.8048780487804879,0.64175,0.902651,5.292575,0.0,0.0,0.3404255319148936,90,84,99
311,0.8220338983050848,0.7711864406779662,0.6864406779661016,39.50077569171915,44.34455968071438,80.38182374675638,0.05263157894736842,0.6388888888888888,0.9787234042553191,97,91,81,0.6610169491525424,0.7457627118644068,0.847457627118644,3.805780161856949,4.512384207852233,25.24611776277621,0.0,0.04081632653061224,0.0,39,44,50,0.7317073170731707,0.6747967479674797,0.8130081300813008,0.65066,0.990735,5.286903,0.0,0.0,0.36363636363636365,90,83,100
312,0.8220338983050848,0.7627118644067796,0.6864406779661016,40.24635714598101,45.96200741722673,80.7737938745377,0.10526315789473684,0.6153846153846154,0.96,97,90,81,0.6610169491525424,0.7796610169491526,0.847457627118644,3.541434,4.432087592892743,25.320567762776207,0.0,0.019230769230769232,0.0,39,46,50,0.7560975609756098,0.6829268292682927,0.8211382113821138,0.639332,0.940657,5.314566,0.008547008547008548,0.024793388429752067,0.41025641025641024,93,84,101
313,0.8135593220338984,0.7627118644067796,0.6864406779661016,40.065895503808335,45.622395836374146,80.7737938745377,0.11764705882352941,0.7272727272727273,0.9782608695652174,96,90,81,0.6440677966101694,0.7457627118644068,0.847457627118644,3.436541,4.682947044452816,25.12279776277621,0.0,0.0,0.0,38,44,50,0.7398373983739838,0.6666666666666666,0.8211382113821138,0.647471,0.939266,5.297061,0.008771929824561403,0.02564102564102564,0.4146341463414634,91,82,101
314,0.788135593220339,0.7542372881355932,0.6864406779661016,39.274198581975035,43.39441502798976,80.54296962641621,0.05,0.631578947368421,0.9777777777777777,93,89,81,0.6440677966101694,0.7457627118644068,0.847457627118644,3.418666,4.615183620649936,25.364815762776207,0.0,0.0,0.0,38,44,50,0.7398373983739838,0.6666666666666666,0.8211382113821138,0.60872,0.993769,5.295213,0.017391304347826087,0.017241379310344827,0.41025641025641024,91,82,101
315,0.8050847457627118,0.7457627118644068,0.6864406779661016,38.2205306346415,43.22536424591865,80.12090524840006,0.0,0.6410256410256411,0.9166666666666666,95,88,81,0.6440677966101694,0.7627118644067796,0.864406779661017,3.291817,4.204871286657088,25.448618762776206,0.0,0.0,0.0,38,45,51,0.7317073170731707,0.6585365853658537,0.8292682926829268,0.666972,0.95092,5.297342,0.017543859649122806,0.017391304347826087,0.43243243243243246,90,81,102
316,0.8305084745762712,0.7457627118644068,0.6864406779661016,41.71235673297376,43.107223548071204,80.30908035327137,0.0,0.6666666666666666,0.9183673469387755,98,88,81,0.6440677966101694,0.7627118644067796,0.864406779661017,3.349508,4.533778894239111,25.197771762776206,0.0,0.0,0.0,38,45,51,0.7317073170731707,0.6585365853658537,0.8292682926829268,0.658058,0.93547,5.303864,0.017391304347826087,0.017241379310344827,0.42105263157894735,90,81,102
317,0.7966101694915254,0.7711864406779662,0.6864406779661016,38.465141773596294,44.79391347266671,80.44509898047262,0.0,0.6571428571428571,1.0,94,91,81,0.6610169491525424,0.7966101694915254,0.864406779661017,3.516961,4.628821861372631,25.21109376277621,0.0,0.0,0.0,39,47,51,0.7154471544715447,0.6422764227642277,0.8373983739837398,0.687912,0.960052,5.273888,0.02586206896551724,0.008620689655172414,0.41025641025641024,88,79,103
318,0.8305084745762712,0.7288135593220338,0.6864406779661016,39.394579733678505,42.21391123606731,80.23131292750517,0.0,0.7058823529411765,0.9347826086956522,98,86,81,0.6610169491525424,0.7796610169491526,0.864406779661017,3.385988,4.8815048585042415,25.323317762776206,0.0,0.0,0.0,39,46,51,0.6991869918699187,0.6504065040650406,0.8373983739837398,0.736592,1.012134,5.336073,0.03361344537815126,0.017094017094017096,0.5,86,80,103
319,0.7542372881355932,0.7457627118644068,0.6779661016949152,43.1673058214125,44.75073525348726,80.89073851111013,0.0,0.6341463414634146,0.9574468085106383,89,88,80,0.6610169491525424,0.7457627118644068,0.8813559322033898,3.833497,4.510282353195189,25.17378176277621,0.0,0.0,0.0,39,44,52,0.7073170731707317,0.6504065040650406,0.8373983739837398,0.747293,0.988925,5.33202,0.017094017094017096,0.008620689655172414,0.4864864864864865,87,80,103
320,0.8135593220338984,0.7457627118644068,0.6864406779661016,39.05738422706871,44.447816873969316,80.89073851111013,0.0,0.5681818181818182,0.9777777777777777,96,88,81,0.6610169491525424,0.711864406779661,0.8813559322033898,3.815263,4.4581870000000015,25.201671762776208,0.0,0.0,0.0,39,42,52,0.7235772357723578,0.6585365853658537,0.8211382113821138,0.725505,0.989033,5.379364,0.017241379310344827,0.0,0.5,89,81,101
321,0.8389830508474576,0.7542372881355932,0.6864406779661016,38.09656579054692,43.06475263370611,80.72825829615012,0.0,0.725,1.0,99,89,81,0.6610169491525424,0.6949152542372882,0.8813559322033898,3.650279,4.274485951820728,25.715813762776207,0.0,0.0,0.0,39,41,52,0.7235772357723578,0.6666666666666666,0.8373983739837398,0.794927,0.963532,5.356499,0.017391304347826087,0.0,0.5,89,82,103
322,0.8135593220338984,0.7627118644067796,0.6864406779661016,40.5682781118051,45.47260623470013,80.89073851111013,0.0,0.8,0.9555555555555556,96,90,81,0.6610169491525424,0.711864406779661,0.8983050847457628,3.64384,4.2655255698262575,25.527271762776206,0.0,0.0,0.0,39,42,53,0.7317073170731707,0.6666666666666666,0.8292682926829268,0.708799,0.977934,5.367469,0.008620689655172414,0.0,0.5,90,82,102
323,0.7796610169491526,0.7542372881355932,0.6864406779661016,41.264844726796035,46.180324757309926,80.89073851111013,0.0,0.717948717948718,0.9574468085106383,92,89,81,0.6610169491525424,0.711864406779661,0.8983050847457628,3.596726,4.357807180896199,25.258987762776208,0.0,0.0,0.0,39,42,53,0.7154471544715447,0.6666666666666666,0.8373983739837398,0.692517,0.921923,5.390163,0.008849557522123894,0.0,0.4864864864864865,88,82,103
324,0.788135593220339,0.7542372881355932,0.6779661016949152,39.94896558085581,45.47954752669777,80.30908035327137,0.0,0.675,0.9565217391304348,93,89,80,0.6610169491525424,0.7288135593220338,0.8813559322033898,3.864904,4.6224910904481,25.594180762776208,0.0,0.0,0.0,39,43,52,0.7154471544715447,0.6666666666666666,0.8292682926829268,0.711438,0.972533,5.389231,0.008849557522123894,0.0,0.5,88,82,102
325,0.8135593220338984,0.7627118644067796,0.6864406779661016,37.44856414424079,45.423399111269774,80.12552730136753,0.0,0.6304347826086957,0.9782608695652174,96,90,81,0.6610169491525424,0.7627118644067796,0.8983050847457628,3.744485,4.497028969374417,25.560095762776207,0.0,0.0,0.0,39,45,53,0.7154471544715447,0.6747967479674797,0.8292682926829268,0.736038,0.942378,5.400902,0.008849557522123894,0.0,0.5142857142857142,88,83,102
326,0.7796610169491526,0.7288135593220338,0.6779661016949152,36.58185212953196,47.134833195790556,81.12401477925029,0.0,0.7878787878787878,0.9787234042553191,92,86,80,0.6610169491525424,0.7457627118644068,0.9152542372881356,4.076016,4.456419075135308,25.497682762776208,0.0,0.0,0.0,39,44,54,0.7154471544715447,0.6747967479674797,0.8211382113821138,0.742955,0.939887,5.381308,0.008695652173913044,0.0,0.4864864864864865,88,83,101
327,0.8220338983050848,0.7457627118644068,0.6864406779661016,39.78401160192566,46.442709505916106,80.6645292486128,0.0,0.725,0.9565217391304348,97,88,81,0.6610169491525424,0.6949152542372882,0.9152542372881356,4.497759,4.425626746832905,25.798496762776207,0.0,0.0,0.0,39,41,54,0.7154471544715447,0.6910569105691057,0.8211382113821138,0.741204,0.939491,5.389737,0.008695652173913044,0.0,0.4864864864864865,88,85,101
328,0.8135593220338984,0.7627118644067796,0.6694915254237288,38.76751654295397,45.149286031299276,80.51896769409707,0.0,0.6590909090909091,0.9782608695652174,96,90,79,0.6779661016949152,0.7288135593220338,0.8983050847457628,4.35426,4.60295453036493,25.558146762776207,0.0,0.0,0.0,40,43,53,0.7154471544715447,0.7154471544715447,0.8211382113821138,0.729071,0.937856,5.40122,0.008771929824561403,0.0,0.47368421052631576,88,88,101
329,0.8220338983050848,0.7372881355932204,0.6694915254237288,40.37461612261528,45.4251369887004,81.25385274941425,0.0,0.8378378378378378,0.9795918367346939,97,87,79,0.6271186440677966,0.7288135593220338,0.8813559322033898,4.024548,4.031441000000001,25.62312576277621,0.0,0.0,0.0,37,43,52,0.7073170731707317,0.6991869918699187,0.8211382113821138,0.732584,0.964263,5.410314,0.008695652173913044,0.0,0.4473684210526316,87,86,101
330,0.7966101694915254,0.7033898305084746,0.6694915254237288,41.03217141189172,45.28347880333832,81.10062585193583,0.0,0.7719298245614035,0.9607843137254902,94,83,79,0.6271186440677966,0.7288135593220338,0.8983050847457628,4.372419,4.522731253167098,25.49957776277621,0.0,0.0,0.0,37,43,53,0.7073170731707317,0.6910569105691057,0.8130081300813008,0.711386,0.931853,5.410629,0.008695652173913044,0.0,0.43243243243243246,87,85,100
331,0.8389830508474576,0.711864406779661,0.6610169491525424,39.42438032018622,46.30367308795494,80.75285696724191,0.0,0.8163265306122449,0.9,99,84,78,0.6779661016949152,0.711864406779661,0.8813559322033898,4.116372,4.312509936507937,25.31238876277621,0.0,0.0,0.0,40,42,52,0.6991869918699187,0.6910569105691057,0.8455284552845529,0.736661,0.926424,5.401881,0.008849557522123894,0.008547008547008548,0.47058823529411764,86,85,104
332,0.8050847457627118,0.6779661016949152,0.6694915254237288,37.55978892242789,47.57736702283402,81.21757048850826,0.0,0.7884615384615384,0.94,95,80,79,0.6949152542372882,0.6440677966101694,0.8813559322033898,4.073553,4.0813606333183206,25.383963762776208,0.0,0.0,0.0,41,38,52,0.7073170731707317,0.6747967479674797,0.8455284552845529,0.727547,0.982039,5.421384,0.017391304347826087,0.0,0.5714285714285714,87,83,104
333,0.8135593220338984,0.6779661016949152,0.6694915254237288,40.79678489679488,48.025364331690746,81.10062585193583,0.0,0.7407407407407407,1.0,96,80,79,0.6949152542372882,0.6779661016949152,0.847457627118644,3.984943,4.067099417888455,25.441475762776207,0.0,0.0,0.0,41,40,50,0.6910569105691057,0.6585365853658537,0.8536585365853658,0.739112,0.951195,5.445749,0.00847457627118644,0.0,0.5517241379310345,85,81,105
334,0.8559322033898306,0.6949152542372882,0.652542372881356,41.00887340877347,47.01761947284481,80.4775545599238,0.06666666666666667,0.7719298245614035,0.9791666666666666,101,82,77,0.6949152542372882,0.6949152542372882,0.847457627118644,4.389654,4.532205936507938,25.317497762776206,0.0,0.0,0.0,41,41,50,0.6829268292682927,0.6666666666666666,0.8536585365853658,0.687651,0.895814,5.442393,0.02586206896551724,0.008695652173913044,0.5333333333333333,84,82,105
335,0.8305084745762712,0.6949152542372882,0.652542372881356,40.14185848173871,46.43428533522792,80.65863292597831,0.0,0.7413793103448276,0.9272727272727272,98,82,77,0.711864406779661,0.6949152542372882,0.847457627118644,3.840863,4.374535676286103,25.317493762776206,0.0,0.0,0.0,42,41,50,0.6829268292682927,0.6666666666666666,0.8455284552845529,0.690216,0.942719,5.450982,0.017094017094017096,0.008547008547008548,0.5517241379310345,84,82,104
336,0.7796610169491526,0.6779661016949152,0.6440677966101694,36.67805989237982,46.94733579071649,80.19391940471196,0.05263157894736842,0.8490566037735849,1.0,92,80,76,0.711864406779661,0.6610169491525424,0.847457627118644,3.922358,4.32819345712978,25.456432762776206,0.0,0.0,0.0,42,39,50,0.6910569105691057,0.6585365853658537,0.8536585365853658,0.691471,0.956614,5.467816,0.01694915254237288,0.0,0.5333333333333333,85,81,105
337,0.8305084745762712,0.6864406779661016,0.6440677966101694,41.29548523190527,45.97987008826871,80.99961645246205,0.045454545454545456,0.7543859649122807,0.9803921568627451,98,81,76,0.6949152542372882,0.6949152542372882,0.847457627118644,3.878622,4.535614075135309,25.587694762776206,0.0,0.0,0.0,41,41,50,0.7073170731707317,0.6422764227642277,0.8455284552845529,0.684276,0.917646,5.491281,0.01680672268907563,0.0,0.5172413793103449,87,79,104
338,0.8135593220338984,0.6949152542372882,0.635593220338983,39.6505837786785,46.46054236916763,80.19391940471196,0.2222222222222222,0.8653846153846154,0.9818181818181818,96,82,75,0.6610169491525424,0.6949152542372882,0.847457627118644,3.874467,4.50395531665916,25.538158762776206,0.0,0.0,0.0,39,41,50,0.6991869918699187,0.6422764227642277,0.8455284552845529,0.698122,0.898433,5.458849,0.01694915254237288,0.0,0.4666666666666667,86,79,104
339,0.8220338983050848,0.6779661016949152,0.6440677966101694,39.14801459520495,47.07316130380574,79.49531661030078,0.11764705882352941,0.8113207547169812,0.9818181818181818,97,80,76,0.6610169491525424,0.6779661016949152,0.847457627118644,3.485114,4.509504873015875,25.807638762776207,0.0,0.0,0.0,39,40,50,0.7073170731707317,0.6504065040650406,0.8455284552845529,0.662686,0.889871,5.4907,0.017094017094017096,0.025210084033613446,0.5185185185185185,87,80,104
340,0.8050847457627118,0.6949152542372882,0.6440677966101694,38.02129990857084,45.73392765195502,80.01319174307558,0.0,0.711864406779661,0.9818181818181818,95,82,76,0.6779661016949152,0.6949152542372882,0.847457627118644,3.909385,4.2448779285911495,26.151148762776206,0.0,0.0,0.0,40,41,50,0.7154471544715447,0.6504065040650406,0.8373983739837398,0.677559,0.909596,5.451098,0.008547008547008548,0.0,0.4827586206896552,88,80,103
341,0.847457627118644,0.652542372881356,0.652542372881356,36.407616196327965,46.08781316565852,79.62467505194137,0.058823529411764705,0.8723404255319149,0.9333333333333333,100,77,77,0.6949152542372882,0.6949152542372882,0.847457627118644,3.679958,4.457784063492065,25.955963762776207,0.0,0.0,0.0,41,41,50,0.7154471544715447,0.6504065040650406,0.8455284552845529,0.649033,0.952236,5.467825,0.0,0.0,0.5,88,80,104
342,0.8220338983050848,0.6779661016949152,0.6440677966101694,38.4274290323562,44.642199994755984,80.19375310384521,0.18181818181818182,0.7678571428571429,0.9811320754716981,97,80,76,0.711864406779661,0.6949152542372882,0.847457627118644,3.689428,4.580991000000002,25.859587762776208,0.0,0.0,0.0,42,41,50,0.6991869918699187,0.6341463414634146,0.8455284552845529,0.608923,0.924469,5.499897,0.008695652173913044,0.0,0.5,86,78,104
343,0.7966101694915254,0.6949152542372882,0.6440677966101694,38.73807511081333,45.59807555762126,80.19375310384521,0.16666666666666666,0.8235294117647058,0.9818181818181818,94,82,76,0.6949152542372882,0.711864406779661,0.864406779661017,3.281113,4.814853838143052,26.290040762776208,0.0,0.0,0.0,41,42,51,0.6991869918699187,0.6422764227642277,0.8373983739837398,0.636276,0.897667,5.489748,0.008695652173913044,0.0,0.5,86,79,103
344,0.8305084745762712,0.6610169491525424,0.6440677966101694,39.40840316171587,46.189285879291084,80.19375310384521,0.10526315789473684,0.7735849056603774,0.9811320754716981,98,78,76,0.6610169491525424,0.711864406779661,0.847457627118644,3.935435,4.787032000000002,26.251162762776207,0.0,0.0,0.0,39,42,50,0.6910569105691057,0.6504065040650406,0.8292682926829268,0.627834,0.927685,5.502231,0.008620689655172414,0.0,0.5185185185185185,85,80,102
345,0.8559322033898306,0.2796610169491525,0.4406779661016949,35.60973579519477,21.246733414810627,39.93439492560146,0.18181818181818182,0.851063829787234,0.9807692307692307,101,33,52,0.6610169491525424,0.3220338983050847,0.5932203389830508,4.154064838143051,1.959959276233582,14.336617722638334,0.0,0.0,0.0,39,19,35,0.6829268292682927,0.3252032520325203,0.5691056910569106,0.552682,0.554245,2.908154,0.008695652173913044,0.0,0.5185185185185185,84,40,70
346,0.8220338983050848,0.2627118644067797,0.4322033898305085,36.27459968814063,18.964994389243493,39.57453526844067,0.09090909090909091,0.5882352941176471,0.9555555555555556,97,31,51,0.6779661016949152,0.3220338983050847,0.576271186440678,4.168977,2.330861276233582,14.148592722638334,0.0,0.0,0.0,40,19,34,0.6991869918699187,0.34146341463414637,0.5528455284552846,0.56053,0.546067,2.902904,0.008547008547008548,0.0,0.5384615384615384,86,42,68
347,0.8050847457627118,0.2627118644067797,0.4067796610169492,35.50989367816339,20.42859861243505,39.57453526844067,0.0,0.6111111111111112,1.0,95,31,48,0.6779661016949152,0.423728813559322,0.4915254237288136,4.44233,2.326379276233582,13.870839722638333,0.0,0.0,0.0,40,25,29,0.6910569105691057,0.34146341463414637,0.4715447154471545,0.559962,0.506133,2.904806,0.008695652173913044,0.045454545454545456,0.5833333333333334,85,42,58
348,0.8220338983050848,0.2796610169491525,0.4152542372881356,39.520385328263075,20.123327058296013,39.69147990501308,0.0,0.6666666666666666,0.9347826086956522,97,33,49,0.6949152542372882,0.3728813559322034,0.5084745762711864,3.9552671618569493,2.2796323513688894,13.919778722638334,0.0,0.0,0.0,41,22,30,0.6910569105691057,0.3252032520325203,0.44715447154471544,0.576983,0.600507,2.878208,0.0,0.14473684210526316,0.5,85,40,55
349,0.8220338983050848,0.2627118644067797,0.4067796610169492,36.497341158190295,19.669669598385237,39.457877321408134,0.0,0.875,0.8979591836734694,97,31,48,0.6779661016949152,0.3389830508474576,0.5084745762711864,3.71936,2.2363352762335817,14.078469722638333,0.0,0.0,0.0,40,20,30,0.6991869918699187,0.3008130081300813,0.45528455284552843,0.542676,0.630047,2.906289,0.0,0.19117647058823528,0.4375,86,37,56
350,0.8389830508474576,0.2542372881355932,0.4322033898305085,38.249983103915696,21.711266201808847,40.27313806285185,0.16666666666666666,0.6666666666666666,0.9019607843137255,99,30,51,0.6779661016949152,0.3389830508474576,0.5423728813559322,4.368177161856949,2.249016959574422,14.107583722638333,0.0,0.0,0.0,40,20,32,0.6829268292682927,0.3170731707317073,0.4634146341463415,0.53774,0.614855,2.915173,0.0,0.2222222222222222,0.4666666666666667,84,39,57
351,0.8135593220338984,0.2542372881355932,0.3983050847457627,37.55140174312485,21.426459483143095,39.69147990501308,0.13333333333333333,0.6666666666666666,0.9583333333333334,96,30,47,0.6610169491525424,0.288135593220339,0.5084745762711864,3.939953,2.024995276233582,14.053851722638333,0.0,0.07142857142857142,0.0,39,17,30,0.6910569105691057,0.2845528455284553,0.4715447154471545,0.540013,0.631074,2.920164,0.0,0.28378378378378377,0.5833333333333334,85,35,58
352,0.8305084745762712,0.23728813559322035,0.3983050847457627,36.66040799320184,21.134256809308123,39.10982174717432,0.11764705882352941,0.8695652173913043,1.0,98,28,47,0.6610169491525424,0.3220338983050847,0.576271186440678,3.850105,2.2899073783249246,14.330826722638333,0.0,0.1,0.0,39,19,34,0.6910569105691057,0.2601626016260163,0.4634146341463415,0.54881,0.640731,2.915653,0.0,0.3013698630136986,0.8235294117647058,85,32,57
353,0.8389830508474576,0.23728813559322035,0.4406779661016949,36.662160492199526,45.12182812455121,79.37965331073872,0.09523809523809523,0.8055555555555556,0.9137931034482759,99,28,52,0.6610169491525424,0.6101694915254238,0.847457627118644,4.139484,4.605669987551618,26.873876762776206,0.0,0.0784313725490196,0.0,39,36,50,0.7073170731707317,0.4146341463414634,0.5528455284552846,0.559643,0.997356,5.523313,0.0,0.28125,0.6111111111111112,87,51,68
354,0.8220338983050848,0.23728813559322035,0.4661016949152542,39.531349343635384,44.33851700461814,79.96131146857745,0.18181818181818182,0.8970588235294118,0.9384615384615385,97,28,55,0.6610169491525424,0.576271186440678,0.847457627118644,4.063152,5.20585993077514,26.917630762776206,0.0,0.2,0.0,39,34,50,0.6991869918699187,0.4878048780487805,0.7235772357723578,0.529904,1.037117,5.51656,0.008928571428571428,0.20353982300884957,0.5102040816326531,86,60,89
355,0.8135593220338984,0.2457627118644068,0.4661016949152542,38.85755308855959,45.29257214824599,80.15794564616942,0.18181818181818182,0.9351851851851852,0.987012987012987,96,29,55,0.6440677966101694,0.576271186440678,0.847457627118644,4.161461,5.690170668028049,26.848574762776206,0.0,0.2830188679245283,0.0,38,34,50,0.6910569105691057,0.5203252032520326,0.7642276422764228,0.586587,1.036722,5.51656,0.0,0.265625,0.8181818181818182,85,64,94
356,0.8135593220338984,0.3135593220338983,0.5338983050847458,37.49328469737764,47.12495975904961,80.62645216122138,0.2,0.891156462585034,0.9081632653061225,96,37,63,0.6440677966101694,0.5932203389830508,0.847457627118644,4.199057,5.028606319523569,26.865687762776208,0.0,0.3090909090909091,0.0,38,35,50,0.7073170731707317,0.5365853658536586,0.7886178861788617,0.522637,1.039227,5.51656,0.0,0.3333333333333333,0.8857142857142857,87,66,97
357,0.8389830508474576,0.3559322033898305,0.5508474576271186,36.410708318711926,45.00308970440462,79.96131146857745,0.06666666666666667,0.9133858267716536,0.925,99,42,65,0.6610169491525424,0.576271186440678,0.847457627118644,4.011667,5.071826383015631,26.940953762776207,0.0,0.3018867924528302,0.0,39,34,50,0.6991869918699187,0.5609756097560976,0.7804878048780488,0.56952,1.072415,5.51656,0.0,0.3310344827586207,0.967741935483871,86,69,96
358,0.8305084745762712,0.3474576271186441,0.5508474576271186,37.00013665194458,44.73030724578285,81.12462778425497,0.1875,0.9747899159663865,1.0,98,41,65,0.6610169491525424,0.6101694915254238,0.847457627118644,3.971731,4.97060580848172,26.90850976277621,0.0,0.30357142857142855,0.0,39,36,50,0.7073170731707317,0.5772357723577236,0.7886178861788617,0.531607,1.10927,5.51656,0.0,0.2907801418439716,0.967741935483871,87,71,97
359,0.864406779661017,0.3644067796610169,0.5508474576271186,36.897844271815124,45.54813444923748,81.70628594209373,0.2631578947368421,0.9333333333333333,1.0,102,43,65,0.6610169491525424,0.6440677966101694,0.847457627118644,3.7566998381430508,5.344112586358786,26.93941076277621,0.0,0.24561403508771928,0.18181818181818182,39,38,50,0.6910569105691057,0.5691056910569106,0.7804878048780488,0.536578,1.069089,5.51656,0.0,0.30714285714285716,1.0,85,70,96
360,0.8305084745762712,0.3474576271186441,0.5423728813559322,38.863968524416066,46.03954751810616,81.12462778425497,0.1875,0.9652173913043478,0.9866666666666667,98,41,64,0.6779661016949152,0.6271186440677966,0.864406779661017,4.066404,4.875288736029191,27.155664762776208,0.0,0.2692307692307692,0.2,40,37,51,0.6991869918699187,0.6260162601626016,0.7886178861788617,0.580175,1.193181,5.55656,0.0,0.24413145539906103,0.3533834586466165,86,77,97
361,0.8135593220338984,0.3305084745762712,0.5423728813559322,36.91672641418501,45.4252652302901,80.54296962641621,0.1111111111111111,0.9333333333333333,0.9506172839506173,96,39,64,0.6779661016949152,0.576271186440678,0.864406779661017,4.023161,5.219995346479604,27.131035762776207,0.0,0.2653061224489796,0.18181818181818182,40,34,51,0.6910569105691057,0.6341463414634146,0.7642276422764228,0.579284,1.249114,5.544132,0.008928571428571428,0.25735294117647056,0.7142857142857143,85,78,94
362,0.8559322033898306,0.3644067796610169,0.5508474576271186,36.90474962188715,47.294513782943426,81.12462778425497,0.0,0.9126984126984127,0.9873417721518988,101,43,65,0.6949152542372882,0.6440677966101694,0.864406779661017,4.485494,5.283718813371005,27.133351762776208,0.0,0.24561403508771928,0.2,41,38,51,0.6910569105691057,0.6341463414634146,0.7723577235772358,0.574108,1.282925,5.54656,0.009009009009009009,0.2624113475177305,0.6976744186046512,85,78,95
363,0.8050847457627118,0.3559322033898305,0.5508474576271186,37.78706913252558,46.934765510848315,80.61145119338092,0.0,0.9576271186440678,1.0,95,42,65,0.6949152542372882,0.6271186440677966,0.847457627118644,4.286784,4.690765627403893,27.131604762776206,0.0,0.23529411764705882,0.2,41,37,50,0.6991869918699187,0.6422764227642277,0.7804878048780488,0.593693,1.247489,5.547927,0.008928571428571428,0.25874125874125875,0.8157894736842105,86,79,96
364,0.847457627118644,0.3559322033898305,0.5508474576271186,37.78138327497815,44.850704064436464,81.12462778425497,0.0,0.9349593495934959,0.9873417721518988,100,42,65,0.711864406779661,0.6271186440677966,0.847457627118644,4.470355,5.116289885460274,27.154255762776206,0.0,0.20408163265306123,0.3,42,37,50,0.6910569105691057,0.6260162601626016,0.7723577235772358,0.622425,1.305315,5.537927,0.008695652173913044,0.2986111111111111,0.9393939393939394,85,77,95
365,0.7966101694915254,0.3220338983050847,0.5508474576271186,37.48768328815445,45.89239336426869,80.83704136370613,0.0,0.9576271186440678,0.9873417721518988,94,38,65,0.711864406779661,0.6271186440677966,0.864406779661017,4.377991,4.9757089577311735,27.051624762776207,0.0,0.19607843137254902,0.3333333333333333,42,37,51,0.6829268292682927,0.6178861788617886,0.7723577235772358,0.592265,1.285249,5.537927,0.008928571428571428,0.26618705035971224,0.9696969696969697,84,76,95
366,0.8220338983050848,0.3898305084745763,0.559322033898305,38.636173997524004,45.874278102815374,83.12462778425497,0.0,0.8968253968253969,0.9753086419753086,97,46,66,0.6949152542372882,0.6440677966101694,0.864406779661017,4.463973,4.896012690094798,27.129713762776205,0.0,0.2,0.36363636363636365,41,38,51,0.6910569105691057,0.6341463414634146,0.7886178861788617,0.595627,1.320713,5.537927,0.008771929824561403,0.2571428571428571,0.8888888888888888,85,78,97
367,0.8728813559322034,0.4152542372881356,0.559322033898305,39.65853000893564,47.16979354530716,83.13691120586738,0.0,0.9186991869918699,0.9753086419753086,103,49,66,0.711864406779661,0.6610169491525424,0.847457627118644,4.298334,4.818626301346369,27.213103762776207,0.0,0.16981132075471697,0.36363636363636365,42,39,50,0.6910569105691057,0.6341463414634146,0.7967479674796748,0.597542,1.344071,5.547927,0.008849557522123894,0.21323529411764705,0.8285714285714286,85,78,98
368,0.8813559322033898,0.3983050847457627,0.5508474576271186,40.14452514542204,48.609460524427774,82.62609978425496,0.07692307692307693,0.9186991869918699,0.975,104,47,65,0.6949152542372882,0.6610169491525424,0.864406779661017,4.239224,5.078007229075471,27.09980076277621,0.0,0.1346153846153846,0.25,41,39,51,0.6910569105691057,0.6422764227642277,0.8048780487804879,0.570221,1.399686,5.544298,0.008771929824561403,0.24822695035460993,0.8,85,79,99
369,0.847457627118644,0.3983050847457627,0.5508474576271186,40.798959429681666,47.29566798384954,83.12462778425497,0.0,0.912,0.975,100,47,65,0.6949152542372882,0.6271186440677966,0.8813559322033898,4.654457,5.266113930775138,26.953706762776207,0.0,0.125,0.2222222222222222,41,37,52,0.6910569105691057,0.6341463414634146,0.8292682926829268,0.594844,1.45429,5.558505,0.0,0.27586206896551724,0.75,85,78,102
370,0.864406779661017,0.4067796610169492,0.559322033898305,39.81647840961001,46.79924030453025,84.07798973235111,0.0,0.9354838709677419,0.9873417721518988,102,48,66,0.6949152542372882,0.6271186440677966,0.8813559322033898,4.364782,5.020777885460275,27.101589762776207,0.0,0.11764705882352941,0.25,41,37,52,0.6991869918699187,0.6585365853658537,0.8292682926829268,0.583965,1.497137,5.547927,0.008771929824561403,0.2733333333333333,0.8275862068965517,86,81,102
371,0.864406779661017,0.4152542372881356,0.559322033898305,40.880764772371485,45.211403552651745,81.2415724208274,0.07142857142857142,0.9133858267716536,0.9404761904761905,102,49,66,0.6779661016949152,0.6779661016949152,0.8813559322033898,4.538798,4.944339043289987,27.096127762776206,0.0,0.13043478260869565,0.25,40,40,52,0.6991869918699187,0.6747967479674797,0.8292682926829268,0.584213,1.44584,5.547927,0.008849557522123894,0.21897810218978103,0.8571428571428571,86,83,102
372,0.8728813559322034,0.4152542372881356,0.5677966101694916,40.05929990416808,45.33610131990257,83.32487863163358,0.0,0.9491525423728814,0.9625,103,49,67,0.6779661016949152,0.6779661016949152,0.864406779661017,4.275597,5.178441767254984,27.081813762776207,0.0,0.12,0.25,40,40,51,0.7073170731707317,0.6910569105691057,0.8292682926829268,0.551253,1.491408,5.547927,0.008620689655172414,0.19696969696969696,0.8571428571428571,87,85,102
373,0.8728813559322034,0.4152542372881356,0.559322033898305,40.28598819583125,44.218651171434985,80.65991426298862,0.10526315789473684,0.928,0.975,103,49,66,0.6779661016949152,0.711864406779661,0.864406779661017,4.273958,4.737272165583406,27.170883762776207,0.0,0.11320754716981132,0.25,40,42,51,0.7154471544715447,0.6910569105691057,0.8373983739837398,0.545778,1.509817,5.547927,0.008620689655172414,0.19402985074626866,0.8275862068965517,88,85,103
374,0.864406779661017,0.4067796610169492,0.5677966101694916,40.662440262916924,46.81476301146902,81.2415724208274,0.0625,0.9193548387096774,0.9873417721518988,102,48,67,0.6610169491525424,0.711864406779661,0.864406779661017,4.329047,4.594957011643244,27.148718762776205,0.0,0.11320754716981132,0.25,39,42,51,0.7073170731707317,0.6829268292682927,0.8373983739837398,0.561271,1.531868,5.547927,0.0,0.20437956204379562,0.8461538461538461,87,84,103
375,0.8813559322033898,0.4152542372881356,0.559322033898305,39.4693921949855,47.7791780156228,82.057119851811,0.0,0.9421487603305785,0.975,104,49,66,0.6779661016949152,0.6271186440677966,0.8813559322033898,4.544565,4.671251256031505,27.160273762776207,0.0,0.13333333333333333,0.2222222222222222,40,37,52,0.6991869918699187,0.6991869918699187,0.8373983739837398,0.580618,1.54985,5.559821,0.0,0.2323943661971831,0.8148148148148148,86,86,103
376,0.8559322033898306,0.3983050847457627,0.5677966101694916,38.75882535126966,46.01912789722654,80.87772983722243,0.09090909090909091,0.9495798319327731,0.9753086419753086,101,47,67,0.6779661016949152,0.6949152542372882,0.8305084745762712,4.376125,4.4166601751634005,27.269034762776208,0.0,0.08163265306122448,0.25,40,41,49,0.6910569105691057,0.6991869918699187,0.8373983739837398,0.541033,1.552014,5.576053,0.0,0.21323529411764705,0.8,85,86,103
377,0.847457627118644,0.4152542372881356,0.5677966101694916,39.03490626742342,45.46081937074281,81.30349389540726,0.125,0.9098360655737705,0.975609756097561,100,49,67,0.6610169491525424,0.6610169491525424,0.8135593220338984,4.213057,4.490432795012176,27.136491762776206,0.0,0.022222222222222223,0.25,39,39,48,0.6829268292682927,0.6829268292682927,0.8373983739837398,0.563516,1.613173,5.57552,0.0,0.20930232558139536,0.8,84,84,103
378,0.8559322033898306,0.3983050847457627,0.5677966101694916,41.02677182727126,46.21218620217799,81.2415724208274,0.09523809523809523,0.9411764705882353,0.9764705882352941,101,47,67,0.6610169491525424,0.5932203389830508,0.8305084745762712,3.753692,4.46781231952357,27.132811762776207,0.0,0.024390243902439025,0.2222222222222222,39,35,49,0.6829268292682927,0.6910569105691057,0.8373983739837398,0.575039,1.629547,5.596223,0.0,0.1746031746031746,0.8,84,85,103
379,0.864406779661017,0.4067796610169492,0.5677966101694916,38.45301548513214,48.25416309332232,81.2415724208274,0.058823529411764705,0.928,0.9761904761904762,102,48,67,0.6610169491525424,0.6271186440677966,0.8305084745762712,4.375913,4.703907409971668,27.21506176277621,0.0,0.022222222222222223,0.25,39,37,49,0.6829268292682927,0.6666666666666666,0.8373983739837398,0.588896,1.588457,5.592381,0.0,0.1953125,0.7619047619047619,84,82,103
380,0.864406779661017,0.4152542372881356,0.559322033898305,39.883688858407545,44.67533674016009,80.65991426298862,0.23529411764705882,0.921875,0.9880952380952381,102,49,66,0.6440677966101694,0.6440677966101694,0.8305084745762712,4.034525,4.984694663138763,27.100800762776206,0.0,0.023809523809523808,0.2222222222222222,38,38,49,0.6747967479674797,0.6585365853658537,0.8373983739837398,0.550263,1.601249,5.591813,0.00909090909090909,0.1732283464566929,0.8,83,81,103
381,0.8898305084745762,0.4067796610169492,0.5677966101694916,40.171445885236274,46.89435726973401,81.2415724208274,0.0,0.9206349206349206,0.9880952380952381,105,48,67,0.6440677966101694,0.711864406779661,0.8305084745762712,4.090717,4.80831974987894,27.106040762776207,0.0,0.0,0.3,38,42,49,0.6747967479674797,0.6910569105691057,0.8373983739837398,0.569468,1.624689,5.589257,0.0,0.15384615384615385,0.8095238095238095,83,85,103
382,0.8728813559322034,0.4067796610169492,0.559322033898305,38.734009744761835,47.73545265325883,82.56458589540726,0.0,0.9426229508196722,0.9761904761904762,103,48,66,0.6440677966101694,0.6271186440677966,0.8305084745762712,3.943598,4.589850992083214,27.112561762776206,0.0,0.023809523809523808,0.4,38,37,49,0.6504065040650406,0.6829268292682927,0.8292682926829268,0.537129,1.64907,5.583641,0.0,0.17692307692307693,0.8181818181818182,80,84,102
383,0.8728813559322034,0.3983050847457627,0.559322033898305,40.083878221144275,47.559463394702554,81.90307915811732,0.1111111111111111,0.9344262295081968,0.9647058823529412,103,47,66,0.6440677966101694,0.5932203389830508,0.8305084745762712,3.689814,4.615708649669221,27.149327762776206,0.0,0.023255813953488372,0.4,38,35,49,0.6747967479674797,0.6747967479674797,0.8292682926829268,0.592932,1.642803,5.584955,0.0,0.19083969465648856,0.75,83,83,102
384,0.8728813559322034,0.3983050847457627,0.5677966101694916,39.68331914583633,47.17912297078368,82.48473731595608,0.1111111111111111,0.9153846153846154,0.9879518072289156,103,47,67,0.6440677966101694,0.6271186440677966,0.8305084745762712,3.719729,4.707276989377916,27.135631762776207,0.0,0.045454545454545456,0.4,38,37,49,0.6747967479674797,0.6585365853658537,0.8211382113821138,0.596957,1.616913,5.586682,0.0,0.17424242424242425,0.782608695652174,83,81,101
385,0.8559322033898306,0.4067796610169492,0.5677966101694916,38.987742329312766,45.68014082242239,82.48473731595608,0.125,0.9512195121951219,0.9880952380952381,101,48,67,0.6440677966101694,0.6101694915254238,0.8305084745762712,4.23591,5.252015276233582,27.095931762776207,0.0,0.044444444444444446,0.4,38,36,49,0.6747967479674797,0.6504065040650406,0.8211382113821138,0.585995,1.611657,5.582729,0.0,0.18045112781954886,0.782608695652174,83,80,101
386,0.8728813559322034,0.4152542372881356,0.559322033898305,38.284671393553865,44.92834422333884,81.32142100027856,0.14814814814814814,0.9285714285714286,0.9882352941176471,103,49,66,0.6271186440677966,0.6610169491525424,0.8305084745762712,4.082331,4.605892482242566,27.090910762776208,0.0,0.0625,0.4,37,39,49,0.6747967479674797,0.6666666666666666,0.8211382113821138,0.581708,1.549555,5.573754,0.0,0.15625,0.76,83,82,101
387,0.8898305084745762,0.4067796610169492,0.559322033898305,36.62924843999208,45.49539496999994,82.48473731595608,0.25,0.9285714285714286,0.9655172413793104,105,48,66,0.6440677966101694,0.6779661016949152,0.8305084745762712,4.175207,4.945362012444403,27.418543762776206,0.0,0.0851063829787234,0.5454545454545454,38,40,49,0.6829268292682927,0.7154471544715447,0.8211382113821138,0.62102,1.609904,5.573754,0.0,0.16793893129770993,0.8,84,88,101
388,0.847457627118644,0.3983050847457627,0.5677966101694916,37.30420234121129,45.776244936883224,83.78699525883484,0.26666666666666666,0.9426229508196722,0.9885057471264368,100,47,67,0.6440677966101694,0.6101694915254238,0.8135593220338984,4.144594,4.93914730048432,27.352018762776208,0.0,0.0625,0.5454545454545454,38,36,48,0.6829268292682927,0.7235772357723578,0.8130081300813008,0.642581,1.617221,5.593754,0.0,0.21705426356589147,0.8,84,89,100
389,0.8389830508474576,0.4152542372881356,0.5677966101694916,39.88191062861198,46.573287059219076,83.20533710099608,0.10526315789473684,0.9206349206349206,1.0,99,49,67,0.6779661016949152,0.6440677966101694,0.8135593220338984,4.008028,4.76530494815118,27.274976762776205,0.0,0.08,0.5454545454545454,40,38,48,0.6910569105691057,0.7235772357723578,0.8048780487804879,0.594318,1.708367,5.603754,0.0,0.1984126984126984,0.7692307692307693,85,89,99
390,0.8728813559322034,0.4152542372881356,0.5677966101694916,37.86439243916971,46.35902773001661,83.9259368860361,0.28,0.9669421487603306,1.0,103,49,67,0.6949152542372882,0.6949152542372882,0.8135593220338984,4.339885,4.541163455286531,27.219885762776208,0.0,0.04,0.5454545454545454,41,41,48,0.7073170731707317,0.7154471544715447,0.8130081300813008,0.669901,1.722976,5.603754,0.0,0.1774193548387097,0.7096774193548387,87,88,100
391,0.8898305084745762,0.4152542372881356,0.576271186440678,37.63573045840262,43.42123952364405,83.78699525883484,0.38461538461538464,0.9147286821705426,0.9772727272727273,105,49,68,0.711864406779661,0.6440677966101694,0.8135593220338984,4.221196,4.7579949461263045,27.333371762776206,0.0,0.022222222222222223,0.5454545454545454,42,38,48,0.6829268292682927,0.6991869918699187,0.8130081300813008,0.631091,1.781327,5.604067,0.0,0.171875,0.7333333333333333,84,86,100
392,0.864406779661017,0.3983050847457627,0.559322033898305,36.448434212574924,43.73466725987036,82.62367894315732,0.16666666666666666,0.9747899159663865,0.9882352941176471,102,47,66,0.6949152542372882,0.6101694915254238,0.8135593220338984,4.104749,5.0163173850405105,27.29348376277621,0.0,0.024390243902439025,0.5454545454545454,41,36,48,0.6910569105691057,0.6747967479674797,0.8211382113821138,0.640139,1.712007,5.602209,0.0,0.17054263565891473,0.7096774193548387,85,83,101
393,0.847457627118644,0.4152542372881356,0.5677966101694916,37.073863133661,44.51040858598267,83.41059457557594,0.14285714285714285,0.9126984126984127,0.9767441860465116,100,49,67,0.6779661016949152,0.6610169491525424,0.8135593220338984,4.331564,4.53886263149202,27.231859762776207,0.0,0.0196078431372549,0.5454545454545454,40,39,48,0.6910569105691057,0.6422764227642277,0.8211382113821138,0.63583,1.731401,5.616065,0.0,0.168,0.7096774193548387,85,79,101
394,0.8559322033898306,0.3898305084745763,0.576271186440678,36.404730976404736,46.3901640372761,83.20533710099608,0.22580645161290322,0.943089430894309,0.9647058823529412,101,46,68,0.6610169491525424,0.6101694915254238,0.8305084745762712,4.053861,4.71540247346373,27.204890762776206,0.0,0.045454545454545456,0.5,39,36,49,0.6747967479674797,0.6341463414634146,0.8211382113821138,0.610956,1.76155,5.600451,0.0,0.1640625,0.7058823529411765,83,78,101
395,0.8559322033898306,0.4152542372881356,0.5677966101694916,38.36779749775803,45.94746763867027,83.39397215396353,0.18181818181818182,0.9047619047619048,0.9878048780487805,101,49,67,0.6610169491525424,0.6610169491525424,0.8305084745762712,4.246871,4.922738265611498,27.258605762776206,0.0,0.022222222222222223,0.5454545454545454,39,39,49,0.6829268292682927,0.6504065040650406,0.8211382113821138,0.55438,1.794575,5.632796,0.0,0.18604651162790697,0.7,84,80,101
396,0.8983050847457628,0.4152542372881356,0.576271186440678,35.89808532686166,47.0376704829587,83.597790206931,0.2,0.9212598425196851,0.9770114942528736,106,49,68,0.6610169491525424,0.6779661016949152,0.8305084745762712,4.280179,5.125612623575233,27.197640762776206,0.0,0.0196078431372549,0.5454545454545454,39,40,49,0.6585365853658537,0.6341463414634146,0.8211382113821138,0.589686,1.742129,5.642238,0.0,0.203125,0.6666666666666666,81,78,101
397,0.8728813559322034,0.3983050847457627,0.576271186440678,35.1784074617786,45.78818780279,83.20533710099608,0.2727272727272727,0.9242424242424242,0.9655172413793104,103,47,68,0.6779661016949152,0.6101694915254238,0.8305084745762712,4.571057,4.713496500419765,27.318480762776208,0.0,0.024390243902439025,0.5454545454545454,40,36,49,0.6422764227642277,0.6260162601626016,0.8292682926829268,0.611069,1.728998,5.638521,0.0,0.192,0.6470588235294118,79,77,102
398,0.8559322033898306,0.4067796610169492,0.5677966101694916,38.74555895870587,46.179858175588755,83.3222817375685,0.20689655172413793,0.9285714285714286,0.9882352941176471,101,48,67,0.6779661016949152,0.6779661016949152,0.8305084745762712,4.429231,4.937459138627371,27.74187376277621,0.0,0.02040816326530612,0.5454545454545454,40,40,49,0.6260162601626016,0.6422764227642277,0.8373983739837398,0.600905,1.677578,5.619155,0.008547008547008548,0.16129032258064516,0.6944444444444444,77,79,103
399,0.864406779661017,0.4152542372881356,0.5677966101694916,34.080321969223284,44.91920563867025,83.3222817375685,0.16666666666666666,0.936,0.9764705882352941,102,49,67,0.6779661016949152,0.6779661016949152,0.8305084745762712,4.350836,4.919355500419766,27.458521762776208,0.0,0.0425531914893617,0.5,40,40,49,0.6341463414634146,0.6341463414634146,0.8373983739837398,0.628965,1.696003,5.637877,0.0,0.1875,0.7222222222222222,78,78,103
400,0.847457627118644,0.4152542372881356,0.576271186440678,36.286163609798386,44.727927658476204,83.90393989540726,0.18181818181818182,0.9512195121951219,0.9761904761904762,100,49,68,0.6610169491525424,0.6949152542372882,0.8135593220338984,4.05281,5.014211410153295,27.395837762776207,0.0,0.0625,0.5454545454545454,39,41,48,0.6341463414634146,0.6341463414634146,0.8373983739837398,0.608808,1.7369,5.647945,0.0,0.2230769230769231,0.7647058823529411,78,78,103
401,0.8983050847457628,0.4491525423728814,0.576271186440678,35.29660912887798,48.21309763867025,84.48559805324602,0.15151515151515152,0.889763779527559,0.9878048780487805,106,53,68,0.6779661016949152,0.6779661016949152,0.8305084745762712,4.477303,4.854795383015633,27.39838676277621,0.0,0.06,0.45454545454545453,40,40,49,0.6666666666666666,0.6504065040650406,0.8373983739837398,0.585821,1.724953,5.663975,0.0,0.1893939393939394,0.7222222222222222,82,80,103
402,0.8728813559322034,0.4322033898305085,0.6101694915254238,39.01629618140051,50.46132909546094,83.90393989540726,0.1,0.9391304347826087,0.9382716049382716,103,51,72,0.6610169491525424,0.6779661016949152,0.8305084745762712,4.584484,5.393945937529097,27.797327709866156,0.0,0.057692307692307696,0.2727272727272727,39,40,49,0.6829268292682927,0.6341463414634146,0.8373983739837398,0.604675,1.689695,5.653727,0.0,0.19083969465648856,0.5789473684210527,84,78,103
403,0.9152542372881356,0.4491525423728814,0.6016949152542372,39.0657932583172,48.42125259720118,83.90393989540726,0.11764705882352941,0.8983050847457628,1.0,108,53,71,0.6779661016949152,0.6610169491525424,0.8135593220338984,4.616193,5.131636210898271,27.466133762776206,0.0,0.05660377358490566,0.16666666666666666,40,39,48,0.6829268292682927,0.6504065040650406,0.8292682926829268,0.628523,1.670017,5.725843,0.0,0.21739130434782608,0.575,84,80,102
404,0.8559322033898306,0.4661016949152542,0.6101694915254238,37.190635535968354,47.44534909866157,83.90393989540726,0.15384615384615385,0.8943089430894309,0.9358974358974359,101,55,72,0.711864406779661,0.6271186440677966,0.847457627118644,4.562485,5.13189705104368,27.546609633099756,0.0,0.05555555555555555,0.16666666666666666,42,37,50,0.6829268292682927,0.6504065040650406,0.8130081300813008,0.633545,1.711518,5.710539,0.0,0.18181818181818182,0.5365853658536586,84,80,100
405,0.847457627118644,0.4661016949152542,0.6186440677966102,40.410607226252736,48.35705525756392,85.64891436892354,0.0625,0.905982905982906,0.9733333333333334,100,55,73,0.711864406779661,0.6271186440677966,0.847457627118644,4.609202,5.07810475561174,27.750167854069456,0.0,0.05555555555555555,0.15384615384615385,42,37,50,0.6747967479674797,0.6260162601626016,0.8048780487804879,0.626485,1.686324,5.756602,0.0,0.1484375,0.4782608695652174,83,77,99
406,0.8728813559322034,0.4576271186440678,0.6186440677966102,40.41924174854925,48.6582911226213,85.24063131701968,0.07142857142857142,0.9152542372881356,0.9726027397260274,103,54,73,0.6949152542372882,0.6610169491525424,0.847457627118644,4.794935,4.901571666003171,27.592001671482958,0.0,0.061224489795918366,0.15384615384615385,41,39,50,0.6666666666666666,0.6422764227642277,0.8048780487804879,0.616749,1.688316,5.755331,0.0,0.10569105691056911,0.5106382978723404,82,79,99
407,0.8728813559322034,0.4576271186440678,0.6186440677966102,38.132233233340735,46.5911108716993,85.06725621108478,0.047619047619047616,0.9385964912280702,0.9864864864864865,103,54,73,0.711864406779661,0.6440677966101694,0.8305084745762712,4.857301,5.080180021223238,27.64312876277621,0.0,0.06,0.2,42,38,49,0.6747967479674797,0.6504065040650406,0.8048780487804879,0.615974,1.739869,5.773588,0.0,0.08196721311475409,0.5,83,80,99
408,0.8983050847457628,0.4661016949152542,0.6101694915254238,37.49719218585529,47.19220891075149,83.90393989540726,0.10344827586206896,0.8833333333333333,0.9736842105263158,106,55,72,0.7288135593220338,0.6271186440677966,0.847457627118644,4.227666,5.189180186969737,28.048074580189706,0.0,0.058823529411764705,0.15384615384615385,43,37,50,0.6829268292682927,0.6504065040650406,0.8130081300813008,0.629701,1.760793,5.761928,0.0,0.05,0.43478260869565216,84,80,100
409,0.9067796610169492,0.4491525423728814,0.6271186440677966,37.2212853723586,47.56526706443647,84.48559805324602,0.0,0.9396551724137931,0.9358974358974359,107,53,74,0.6779661016949152,0.6271186440677966,0.8305084745762712,4.515265,5.005678005910447,27.837099618572907,0.0,0.06,0.13333333333333333,40,37,49,0.6829268292682927,0.6585365853658537,0.8048780487804879,0.672205,1.756789,5.759291,0.0,0.06666666666666667,0.4318181818181818,84,81,99
410,0.8728813559322034,0.4661016949152542,0.6271186440677966,40.4480763137767,48.60710475380692,85.06725621108478,0.0,0.9067796610169492,0.9722222222222222,103,55,74,0.6779661016949152,0.6101694915254238,0.7966101694915254,4.398435,4.9145286960052434,27.61091167148296,0.0,0.061224489795918366,0.16666666666666666,40,36,47,0.6747967479674797,0.6422764227642277,0.8211382113821138,0.603712,1.737742,5.739721,0.0,0.04201680672268908,0.4318181818181818,83,79,101
411,0.8728813559322034,0.4576271186440678,0.6271186440677966,39.20561898102114,47.09940621290405,84.48559805324602,0.0,0.9243697478991597,0.9863013698630136,103,54,74,0.6610169491525424,0.6440677966101694,0.8305084745762712,4.574806,5.100216126984128,27.91529267148296,0.0,0.0625,0.14285714285714285,39,38,49,0.6747967479674797,0.6747967479674797,0.8211382113821138,0.654616,1.776912,5.739552,0.0,0.0873015873015873,0.4666666666666667,83,83,101
412,0.8813559322033898,0.4661016949152542,0.6271186440677966,38.495419916612434,47.75057274460517,84.48559805324602,0.0,0.9396551724137931,0.9863013698630136,104,55,74,0.6610169491525424,0.6610169491525424,0.8305084745762712,4.970722,5.2751066653227525,27.82717476277621,0.0,0.06,0.15384615384615385,39,39,49,0.6747967479674797,0.6829268292682927,0.8211382113821138,0.651807,1.787515,5.775671,0.0,0.12698412698412698,0.5,83,84,101
413,0.8898305084745762,0.4491525423728814,0.6271186440677966,38.46780602699415,46.64757207228494,84.48559805324602,0.0,0.940677966101695,1.0,105,53,74,0.6610169491525424,0.6440677966101694,0.8305084745762712,4.989058,5.21582058044436,27.839112580189706,0.0,0.06382978723404255,0.15384615384615385,39,38,49,0.6747967479674797,0.6910569105691057,0.8130081300813008,0.612195,1.849887,5.768172,0.0,0.11904761904761904,0.5121951219512195,83,85,100
414,0.8983050847457628,0.4661016949152542,0.6271186440677966,38.29633565520416,45.48039632927373,83.90393989540726,0.0,0.907563025210084,0.9863013698630136,106,55,74,0.6610169491525424,0.6779661016949152,0.847457627118644,4.750279,5.067893747854063,27.849755580189704,0.0,0.06382978723404255,0.16666666666666666,39,40,50,0.6829268292682927,0.6991869918699187,0.8048780487804879,0.653687,1.770561,5.758656,0.0,0.13533834586466165,0.5121951219512195,84,86,99
415,0.8813559322033898,0.4745762711864407,0.635593220338983,40.750827114006455,46.45962202296739,84.60254268981843,0.0,0.9180327868852459,0.9459459459459459,104,56,75,0.6949152542372882,0.6610169491525424,0.8983050847457628,4.84639,4.878865755770851,28.09141370986616,0.0,0.058823529411764705,0.07142857142857142,41,39,53,0.6829268292682927,0.6910569105691057,0.8292682926829268,0.620997,1.750757,5.761571,0.0,0.1076923076923077,0.4444444444444444,84,85,102
416,0.8983050847457628,0.4830508474576271,0.6440677966101694,40.13049810255568,49.924021818876525,85.77062906678489,0.0,0.8983050847457628,0.9142857142857143,106,57,76,0.6949152542372882,0.6101694915254238,0.9152542372881356,5.194672,4.703987688031549,28.240839618572906,0.0,0.06382978723404255,0.0,41,36,54,0.6747967479674797,0.6666666666666666,0.8373983739837398,0.64859,1.747477,5.755654,0.0,0.13178294573643412,0.40476190476190477,83,82,103
417,0.9067796610169492,0.4915254237288136,0.6610169491525424,39.84907322187944,50.36540878656112,86.93196371119188,0.0,0.9298245614035088,0.9142857142857143,107,58,78,0.6949152542372882,0.6949152542372882,0.8813559322033898,4.853214,5.193727638207607,28.43332370986616,0.0,0.07272727272727272,0.0,41,41,52,0.6747967479674797,0.6666666666666666,0.8373983739837398,0.672044,1.783171,5.776311,0.0,0.10317460317460317,0.4146341463414634,83,82,103
418,0.8983050847457628,0.4915254237288136,0.6610169491525424,37.41015736509097,49.7108490474449,86.35002811868873,0.0,0.9304347826086956,0.9393939393939394,106,58,78,0.6949152542372882,0.6779661016949152,0.8983050847457628,4.88896,4.803134307880325,28.430723618572905,0.0,0.07272727272727272,0.0,41,40,53,0.6991869918699187,0.6829268292682927,0.8536585365853658,0.683864,1.727873,5.767211,0.0,0.0873015873015873,0.38636363636363635,86,84,105
419,0.8813559322033898,0.4830508474576271,0.6694915254237288,38.599724639031635,50.880818850190686,85.5933687581582,0.047619047619047616,0.9217391304347826,0.9264705882352942,104,57,79,0.7288135593220338,0.6610169491525424,0.8983050847457628,5.053288,5.042919455286531,28.456681618572905,0.0,0.058823529411764705,0.0,43,39,53,0.7073170731707317,0.6991869918699187,0.8536585365853658,0.651136,1.761575,5.750817,0.0,0.07317073170731707,0.43243243243243246,87,86,105
420,0.9067796610169492,0.5084745762711864,0.6610169491525424,43.605210673289434,50.937029623297946,87.14757724789618,0.09090909090909091,0.9272727272727272,1.0,107,60,78,0.711864406779661,0.711864406779661,0.8305084745762712,4.636622,5.008038622713186,28.443912527279654,0.0,0.08928571428571429,0.0,42,42,49,0.7073170731707317,0.7073170731707317,0.8536585365853658,0.671516,1.782988,5.768065,0.0,0.05042016806722689,0.4444444444444444,87,87,105
421,0.9067796610169492,0.5,0.6779661016949152,39.012121140709546,49.39757249261957,86.74604522151957,0.09523809523809523,0.9196428571428571,0.9,107,59,80,0.711864406779661,0.711864406779661,0.847457627118644,5.553681,4.86563863044993,28.53971456566285,0.0,0.07692307692307693,0.0,42,42,50,0.7154471544715447,0.6991869918699187,0.8617886178861789,0.653171,1.773368,5.772377,0.0,0.05042016806722689,0.42105263157894735,88,86,106
422,0.8983050847457628,0.5,0.6694915254237288,39.31957616491881,50.31151128152367,87.44464801593074,0.07407407407407407,0.9272727272727272,1.0,106,59,79,0.7288135593220338,0.6610169491525424,0.8305084745762712,4.81122,4.605202023286488,28.486872618572907,0.0,0.09090909090909091,0.0,43,39,49,0.6991869918699187,0.6991869918699187,0.8699186991869918,0.645937,1.803159,5.815051,0.0,0.05128205128205128,0.3783783783783784,86,86,107
423,0.9067796610169492,0.4915254237288136,0.6694915254237288,41.045851517328906,50.61611840361463,87.2107587427859,0.07692307692307693,0.944954128440367,0.9365079365079365,107,58,79,0.7288135593220338,0.6440677966101694,0.847457627118644,5.112381,4.512108153940163,28.5754024743696,0.0,0.1111111111111111,0.0,43,38,50,0.7073170731707317,0.7235772357723578,0.8780487804878049,0.603879,1.772779,5.838402,0.0,0.058333333333333334,0.4375,87,89,108
424,0.9152542372881356,0.4915254237288136,0.6779661016949152,40.98961326170832,50.379441432297696,86.16337162332603,0.047619047619047616,0.9107142857142857,0.9508196721311475,108,58,80,0.711864406779661,0.6949152542372882,0.864406779661017,4.780482,4.4717196931408365,28.535339618572905,0.0,0.10526315789473684,0.0,42,41,51,0.7073170731707317,0.7317073170731707,0.8780487804878049,0.610297,1.835966,5.804306,0.0,0.05,0.4827586206896552,87,90,108
425,0.8898305084745762,0.5169491525423728,0.6864406779661016,40.364921707190334,49.77796860561921,85.93049779053595,0.0,0.9090909090909091,0.9206349206349206,105,61,81,0.711864406779661,0.6779661016949152,0.8135593220338984,5.136317,4.757998885460276,28.81903870986616,0.0,0.10526315789473684,0.0,42,40,48,0.6991869918699187,0.7154471544715447,0.8699186991869918,0.620575,1.80906,5.818175,0.0,0.034782608695652174,0.5357142857142857,86,88,107
426,0.8728813559322034,0.5,0.6864406779661016,38.81063515789603,48.2095760271212,86.51215594837471,0.0,0.9181818181818182,0.9508196721311475,103,59,81,0.711864406779661,0.6610169491525424,0.847457627118644,4.953023,4.705120111671336,28.57840052727965,0.0,0.10909090909090909,0.0,42,39,50,0.6991869918699187,0.7154471544715447,0.8617886178861789,0.622212,1.740819,5.863841,0.0,0.0603448275862069,0.5714285714285714,86,88,106
427,0.9152542372881356,0.4915254237288136,0.6949152542372882,41.25635753720573,48.79119510224582,86.15960900134218,0.0,0.9607843137254902,0.9482758620689655,108,58,82,0.711864406779661,0.6610169491525424,0.8135593220338984,4.864567,4.895714777515397,28.492203618572905,0.0,0.10714285714285714,0.0,42,39,48,0.6829268292682927,0.7154471544715447,0.8780487804878049,0.601782,1.761033,5.842757,0.0,0.07563025210084033,0.53125,84,88,108
428,0.8898305084745762,0.5084745762711864,0.6864406779661016,37.14034515119611,49.04431056095934,87.60505315918094,0.0,0.9065420560747663,0.9473684210526315,105,60,81,0.711864406779661,0.6949152542372882,0.847457627118644,5.161298,4.855634620869936,28.610005618572906,0.0,0.10714285714285714,0.0,42,41,50,0.6910569105691057,0.7073170731707317,0.8780487804878049,0.666392,1.771826,5.86939,0.0,0.06896551724137931,0.6666666666666666,85,87,108
429,0.8305084745762712,0.5,0.6949152542372882,44.41747714967464,48.58058499485388,87.79241690062466,0.0,0.9134615384615384,0.9322033898305084,98,59,82,0.6779661016949152,0.6779661016949152,0.8305084745762712,4.979447,4.628918821968213,28.487365527279653,0.0,0.10714285714285714,0.0,40,40,49,0.6910569105691057,0.7073170731707317,0.8699186991869918,0.65159,1.84341,5.854777,0.0,0.07692307692307693,0.64,85,87,107
430,0.9152542372881356,0.5084745762711864,0.6864406779661016,42.141513178506266,49.58137332927373,87.12714316439832,0.0,0.8571428571428571,1.0,108,60,81,0.6779661016949152,0.6610169491525424,0.8135593220338984,5.334745,5.037197466929775,28.547969618572907,0.0,0.10909090909090909,0.0,40,39,48,0.6910569105691057,0.6829268292682927,0.8699186991869918,0.674331,1.851909,5.854279,0.0,0.05405405405405406,0.6363636363636364,85,84,107
431,0.8728813559322034,0.5084745762711864,0.6864406779661016,37.600908220820976,50.50054274460517,87.32770337935833,0.0,0.8909090909090909,0.9137931034482759,103,60,81,0.6610169491525424,0.6440677966101694,0.8305084745762712,5.30695,4.907515996330453,28.60681370986616,0.0,0.10909090909090909,0.0,39,38,49,0.7073170731707317,0.6666666666666666,0.8699186991869918,0.658397,1.789783,5.86173,0.0,0.036036036036036036,0.6363636363636364,87,82,107
432,0.864406779661017,0.5169491525423728,0.6864406779661016,42.23369350243675,50.32512650983921,88.78265433682564,0.0,0.9230769230769231,0.9444444444444444,102,61,81,0.6610169491525424,0.6779661016949152,0.8305084745762712,5.349774,4.769748656384807,28.747193565662855,0.0,0.10909090909090909,0.0,39,40,49,0.7154471544715447,0.6829268292682927,0.8699186991869918,0.66308,1.769846,5.874114,0.0,0.043859649122807015,0.6363636363636364,88,84,107
433,0.8813559322033898,0.5,0.6949152542372882,38.08371935781815,49.6254705546685,88.31247854241445,0.0,0.9230769230769231,0.9285714285714286,104,59,82,0.6779661016949152,0.6949152542372882,0.8305084745762712,5.2716,4.728134865258198,28.897359527279654,0.0,0.1111111111111111,0.0,40,41,49,0.7073170731707317,0.7073170731707317,0.8699186991869918,0.666525,1.766042,5.872142,0.0,0.06140350877192982,0.6363636363636364,87,87,107
434,0.8898305084745762,0.5084745762711864,0.6949152542372882,39.17039724452575,50.12280097863215,88.77069911664826,0.0,0.8773584905660378,0.9622641509433962,105,60,82,0.711864406779661,0.6949152542372882,0.8135593220338984,5.010401,5.182516909551902,28.910494618572905,0.0,0.10909090909090909,0.09090909090909091,42,41,48,0.7073170731707317,0.6991869918699187,0.8699186991869918,0.670693,1.797126,5.864397,0.0,0.05405405405405406,0.6086956521739131,87,86,107
435,0.847457627118644,0.4915254237288136,0.6949152542372882,41.01958855539473,50.23746615084527,88.60796433160823,0.0,0.9494949494949495,0.9622641509433962,100,58,82,0.6610169491525424,0.6610169491525424,0.8305084745762712,5.326262,4.4845837468329055,29.06649170986616,0.0,0.125,0.0,39,39,49,0.7073170731707317,0.6991869918699187,0.8699186991869918,0.633947,1.799895,5.868124,0.0,0.045871559633027525,0.6086956521739131,87,86,107
436,0.847457627118644,0.5169491525423728,0.6949152542372882,38.29059293011682,50.67524768670018,88.34422346548727,0.0,0.8545454545454545,1.0,100,61,82,0.6779661016949152,0.6949152542372882,0.7627118644067796,5.085402,5.002434455286531,29.090822671482957,0.0,0.14285714285714285,0.11764705882352941,40,41,45,0.7073170731707317,0.6991869918699187,0.8617886178861789,0.663126,1.82078,5.895814,0.0,0.037383177570093455,0.6086956521739131,87,86,106
437,0.8559322033898306,0.5084745762711864,0.6949152542372882,38.891588447094435,50.88008805506527,88.0263061737695,0.0,0.9278350515463918,0.9615384615384616,101,60,82,0.6779661016949152,0.711864406779661,0.7966101694915254,5.441531,4.931703636182729,29.2742464359864,0.0,0.13793103448275862,0.08695652173913043,40,42,47,0.7235772357723578,0.7154471544715447,0.8455284552845529,0.670038,1.813524,5.888062,0.0,0.03669724770642202,0.5833333333333334,89,88,104
438,0.864406779661017,0.5,0.6949152542372882,41.02300606528364,50.52408456560716,87.81877406889821,0.0,0.9473684210526315,1.0,102,59,82,0.6949152542372882,0.711864406779661,0.7966101694915254,5.110303,5.027962821968213,29.212309656956105,0.0,0.13559322033898305,0.0,41,42,47,0.7154471544715447,0.7154471544715447,0.8536585365853658,0.632258,1.827598,5.914657,0.0,0.03669724770642202,0.56,88,88,105
439,0.8728813559322034,0.5084745762711864,0.6864406779661016,39.62134796605947,50.71277631805521,88.14325081034193,0.0,0.8627450980392157,0.9615384615384616,103,60,81,0.6779661016949152,0.6779661016949152,0.7627118644067796,5.448024,5.160193126984129,29.101135618572904,0.0,0.14285714285714285,0.0,40,40,45,0.6991869918699187,0.6991869918699187,0.8617886178861789,0.66423,1.832359,5.89283,0.0,0.046296296296296294,0.5357142857142857,86,86,106
440,0.8559322033898306,0.5084745762711864,0.6779661016949152,41.071068943023334,51.92021467704913,89.30656712601942,0.0,0.8888888888888888,0.9230769230769231,101,60,80,0.6949152542372882,0.6949152542372882,0.7627118644067796,5.005175,5.212710304210776,29.069410049122208,0.0,0.14285714285714285,0.0,41,41,45,0.7073170731707317,0.6910569105691057,0.8617886178861789,0.626901,1.856264,5.888692,0.0,0.04504504504504504,0.625,87,85,106
441,0.864406779661017,0.5084745762711864,0.6864406779661016,43.52460621515962,50.912869497547256,90.00516992043059,0.0,0.9052631578947369,0.9615384615384616,102,60,81,0.6949152542372882,0.6949152542372882,0.7627118644067796,5.132198,5.367797202119436,29.1340155127528,0.0,0.13793103448275862,0.0,41,41,45,0.6991869918699187,0.6991869918699187,0.8617886178861789,0.625069,1.837211,5.898838,0.0,0.027777777777777776,0.6363636363636364,86,86,106
442,0.8813559322033898,0.5,0.6779661016949152,39.846101014300864,50.9090247975726,89.65740103573668,0.0,0.9183673469387755,0.9615384615384616,104,59,80,0.6779661016949152,0.6949152542372882,0.7627118644067796,5.778414,5.281737957731174,28.970361580189707,0.0,0.13559322033898305,0.0,40,41,45,0.6991869918699187,0.6829268292682927,0.8617886178861789,0.596363,1.83108,5.899495,0.0,0.028846153846153848,0.6363636363636364,86,84,106
443,0.8813559322033898,0.5169491525423728,0.6694915254237288,40.231315155367675,49.12614411218652,90.0051699204306,0.0,0.9191919191919192,0.9807692307692307,104,61,79,0.6949152542372882,0.711864406779661,0.7966101694915254,5.246018,5.105626138627371,29.110666762776212,0.0,0.13333333333333333,0.0,41,42,47,0.6910569105691057,0.7073170731707317,0.8617886178861789,0.613875,1.848995,5.911332,0.0,0.028037383177570093,0.625,85,87,106
444,0.8389830508474576,0.5,0.6864406779661016,40.391393337616684,50.3558063822412,90.3640861312368,0.0,0.9354838709677419,0.9285714285714286,99,59,81,0.6949152542372882,0.7288135593220338,0.7627118644067796,5.170032,5.1157893648384345,29.05379352727965,0.0,0.12280701754385964,0.0,41,43,45,0.7073170731707317,0.6910569105691057,0.8617886178861789,0.578754,1.845234,5.902679,0.0,0.02830188679245283,0.625,87,85,106
445,0.8728813559322034,0.5084745762711864,0.6864406779661016,39.358174739771506,51.03621417771597,90.00516992043059,0.0,0.9108910891089109,0.9795918367346939,103,60,81,0.6949152542372882,0.711864406779661,0.7796610169491526,4.796547,5.191512256031506,29.37173085406946,0.0,0.14545454545454545,0.0,41,42,46,0.6991869918699187,0.6910569105691057,0.8455284552845529,0.636768,1.847483,5.91791,0.0,0.037037037037037035,0.625,86,85,104
446,0.847457627118644,0.5169491525423728,0.6864406779661016,42.45618048633002,52.24220138224118,89.42351176259186,0.0,0.900990099009901,0.9411764705882353,100,61,81,0.6949152542372882,0.6779661016949152,0.7796610169491526,5.172003,5.4146270904481,29.184942527279656,0.0,0.13793103448275862,0.0,41,40,46,0.6991869918699187,0.6991869918699187,0.8455284552845529,0.655584,1.885591,5.937338,0.0,0.027777777777777776,0.625,86,86,104
447,0.8983050847457628,0.5084745762711864,0.6779661016949152,40.39165603549557,52.081899846386285,89.26546034204301,0.0,0.9361702127659575,0.9607843137254902,106,60,80,0.6779661016949152,0.6949152542372882,0.7966101694915254,5.231652,5.415959848924247,29.518318344693157,0.0,0.14545454545454545,0.0,40,41,47,0.7073170731707317,0.6910569105691057,0.8455284552845529,0.678849,1.830942,5.950133,0.0,0.028846153846153848,0.5769230769230769,87,85,104
448,0.8813559322033898,0.5084745762711864,0.6779661016949152,40.767423389935914,51.53788183904168,88.84185360475308,0.0,0.9278350515463918,0.9607843137254902,104,60,80,0.6779661016949152,0.6949152542372882,0.7627118644067796,4.961446,5.201001549761867,29.376826671482963,0.0,0.13559322033898305,0.0,40,41,45,0.6991869918699187,0.6991869918699187,0.8373983739837398,0.626321,1.863246,5.947421,0.0,0.02857142857142857,0.5833333333333334,86,86,103
449,0.864406779661017,0.5,0.6779661016949152,39.11365826461824,52.66302612705496,90.00435896402689,0.0,0.9270833333333334,0.98,102,59,80,0.6779661016949152,0.6779661016949152,0.7457627118644068,5.368462,5.022453383015633,29.373014527279658,0.0,0.12727272727272726,0.0,40,40,44,0.6910569105691057,0.6991869918699187,0.8373983739837398,0.684074,1.899123,5.956284,0.0,0.028037383177570093,0.6,85,86,103
450,0.8559322033898306,0.5169491525423728,0.6779661016949152,41.24150077351978,50.806695829950364,90.0051699204306,0.0,0.8787878787878788,0.9056603773584906,101,61,80,0.6440677966101694,0.7288135593220338,0.7796610169491526,4.971468,4.852904292567534,29.60350658018971,0.0,0.1111111111111111,0.0,38,43,46,0.6910569105691057,0.6991869918699187,0.8373983739837398,0.587921,1.895318,5.958141,0.0,0.027522935779816515,0.5185185185185185,85,86,103
451,0.8559322033898306,0.5169491525423728,0.6779661016949152,40.17216066694147,51.68023831883894,90.58682807826935,0.0,0.9333333333333333,0.9803921568627451,101,61,80,0.6610169491525424,0.7288135593220338,0.7796610169491526,4.900313,5.224452592892741,29.939746618572908,0.0,0.08771929824561403,0.0,39,43,46,0.6910569105691057,0.6666666666666666,0.8455284552845529,0.654864,1.863319,5.969582,0.0,0.02830188679245283,0.4444444444444444,85,82,104
452,0.864406779661017,0.5084745762711864,0.6779661016949152,37.78690507554422,52.772348060282674,90.00516992043059,0.0,0.9340659340659341,0.9807692307692307,102,60,80,0.6610169491525424,0.711864406779661,0.7796610169491526,5.088652,4.880288522505053,29.648231435986403,0.0,0.09615384615384616,0.0,39,42,46,0.6585365853658537,0.6666666666666666,0.8536585365853658,0.678219,1.879453,5.952609,0.0,0.018691588785046728,0.48,81,82,105
453,0.8305084745762712,0.5169491525423728,0.6694915254237288,39.336062980172315,52.69751184116888,89.23903865772054,0.0,0.8736842105263158,1.0,98,61,79,0.6440677966101694,0.7288135593220338,0.7966101694915254,5.034706,5.418425770119393,29.812072671482962,0.0,0.08928571428571429,0.0,38,43,47,0.6585365853658537,0.6666666666666666,0.8536585365853658,0.651934,1.8614,5.968062,0.0,0.009433962264150943,0.5,81,82,105
454,0.864406779661017,0.4830508474576271,0.6779661016949152,40.98831372921628,52.83294997863215,89.59086994865457,0.0,0.9529411764705882,0.9245283018867925,102,57,80,0.6271186440677966,0.7288135593220338,0.7288135593220338,5.13674,5.278693304210778,30.007226421459553,0.0,0.12962962962962962,0.0,37,43,43,0.6585365853658537,0.6666666666666666,0.8455284552845529,0.64678,1.898344,5.968048,0.0,0.009433962264150943,0.5,81,82,104
455,0.864406779661017,0.5169491525423728,0.6779661016949152,40.05715643401802,53.911400156846405,90.0051699204306,0.0,0.8854166666666666,0.9433962264150944,102,61,80,0.6440677966101694,0.711864406779661,0.711864406779661,4.979612,5.278517782726888,30.04432767148296,0.0,0.09259259259259259,0.045454545454545456,38,42,42,0.6585365853658537,0.6666666666666666,0.8536585365853658,0.666426,1.912003,5.964286,0.0,0.009523809523809525,0.48,81,82,105
456,0.8559322033898306,0.5,0.6779661016949152,40.457941577137866,52.56390695434777,90.50631644691434,0.0,0.9425287356321839,1.0,101,59,80,0.6610169491525424,0.6610169491525424,0.7457627118644068,5.032883,5.465270036536029,29.869022253399905,0.0,0.08163265306122448,0.0,39,39,44,0.6585365853658537,0.6747967479674797,0.8536585365853658,0.624236,1.871906,5.988198,0.0,0.018518518518518517,0.4782608695652174,81,83,105
457,0.8559322033898306,0.5169491525423728,0.6694915254237288,42.7234853722491,54.46027439498241,89.77701276780924,0.0,0.8842105263157894,0.96,101,61,79,0.6610169491525424,0.711864406779661,0.8135593220338984,4.715374,5.1192145660958195,29.556068474369603,0.0,0.09090909090909091,0.0,39,42,48,0.6585365853658537,0.6666666666666666,0.8536585365853658,0.71843,1.812245,5.957051,0.0,0.018867924528301886,0.43478260869565216,81,82,105
458,0.8050847457627118,0.5169491525423728,0.6779661016949152,39.322231238730126,55.19153419124093,90.0051699204306,0.0,0.9230769230769231,0.9411764705882353,95,61,80,0.6610169491525424,0.6779661016949152,0.8135593220338984,4.317871,5.304839355258441,29.724245435986404,0.0,0.058823529411764705,0.0,39,40,48,0.6666666666666666,0.6747967479674797,0.8536585365853658,0.686661,1.864731,5.960857,0.0,0.018867924528301886,0.5,82,83,105
459,0.864406779661017,0.5084745762711864,0.6779661016949152,40.33569427772686,56.837366240848155,89.42351176259184,0.0,0.9120879120879121,0.9615384615384616,102,60,80,0.6440677966101694,0.6440677966101694,0.8135593220338984,5.090311,4.794461975908375,29.659947565662858,0.0,0.058823529411764705,0.0,38,38,48,0.6747967479674797,0.6747967479674797,0.8373983739837398,0.69714,1.81517,5.954001,0.0,0.018867924528301886,0.5,83,83,103
460,0.8135593220338984,0.4830508474576271,0.6694915254237288,41.13626737335586,54.84416647415708,90.0051699204306,0.0,0.9310344827586207,0.9607843137254902,96,57,79,0.6440677966101694,0.6440677966101694,0.8135593220338984,4.935925,5.13331349182256,29.565570527279657,0.0,0.041666666666666664,0.0,38,38,48,0.6747967479674797,0.6747967479674797,0.8292682926829268,0.662945,1.795459,5.949616,0.0,0.018867924528301886,0.5,83,83,102
461,0.8389830508474576,0.5,0.6779661016949152,43.28462049036764,55.80259874382143,90.2361634998818,0.0,0.8947368421052632,0.9444444444444444,99,59,80,0.6440677966101694,0.711864406779661,0.7966101694915254,4.96125,5.163358149408568,29.67805758018971,0.0,0.037037037037037035,0.0,38,42,47,0.6747967479674797,0.6747967479674797,0.8373983739837398,0.61686,1.779881,5.988277,0.0,0.018691588785046728,0.5238095238095238,83,83,103
462,0.8389830508474576,0.5169491525423728,0.6694915254237288,40.16214402627198,54.54808846024179,90.0051699204306,0.0,0.9230769230769231,0.9803921568627451,99,61,79,0.6440677966101694,0.7288135593220338,0.7796610169491526,5.098862,4.4995621482073656,29.734701474369604,0.0,0.0392156862745098,0.0,38,43,46,0.6829268292682927,0.6829268292682927,0.8292682926829268,0.650881,1.764807,6.030871,0.0,0.01834862385321101,0.55,84,84,102
463,0.8220338983050848,0.5084745762711864,0.6610169491525424,41.62910119070299,54.17687826065412,90.0051699204306,0.0,0.9130434782608695,1.0,97,60,78,0.6271186440677966,0.6779661016949152,0.8135593220338984,4.838711,4.857532834636597,29.666222671482963,0.0,0.041666666666666664,0.047619047619047616,37,40,48,0.6910569105691057,0.6829268292682927,0.8292682926829268,0.6276,1.829838,6.011553,0.0,0.018518518518518517,0.5238095238095238,85,84,102
464,0.8305084745762712,0.5084745762711864,0.6694915254237288,45.012081842429104,53.73012741955648,89.63417513645422,0.0,0.9659090909090909,0.9615384615384616,98,60,79,0.6101694915254238,0.6779661016949152,0.847457627118644,4.823957,4.711812414860954,29.70896739760321,0.0,0.038461538461538464,0.045454545454545456,36,40,50,0.6910569105691057,0.6829268292682927,0.8292682926829268,0.648689,1.856638,5.993167,0.0,0.009259259259259259,0.5,85,84,102
465,0.847457627118644,0.5254237288135594,0.6779661016949152,40.57379183775658,54.033743130400254,92.0051699204306,0.0,0.8631578947368421,0.9423076923076923,100,62,80,0.5932203389830508,0.6779661016949152,0.7966101694915254,4.346937,4.581100726630828,29.900686671482962,0.0,0.0425531914893617,0.05263157894736842,35,40,47,0.7235772357723578,0.7073170731707317,0.8536585365853658,0.690679,1.777886,6.031122,0.0,0.017699115044247787,0.5185185185185185,89,87,105
466,0.8898305084745762,0.559322033898305,0.6949152542372882,47.3335214429494,56.46394913518329,91.79439976879999,0.0,0.8494623655913979,0.9090909090909091,105,66,82,0.6101694915254238,0.711864406779661,0.8135593220338984,4.766153,4.645513428330496,29.657734580189707,0.0,0.038461538461538464,0.038461538461538464,36,42,48,0.7235772357723578,0.7073170731707317,0.8617886178861789,0.64528,1.79289,6.042307,0.0,0.017857142857142856,0.42424242424242425,89,87,106
467,0.8559322033898306,0.559322033898305,0.6949152542372882,46.83399810464839,55.348885140410495,93.1120899204306,0.0,0.896551724137931,0.9423076923076923,101,66,82,0.6101694915254238,0.7288135593220338,0.8135593220338984,5.014804,4.662746356059598,29.92517639760321,0.0,0.03773584905660377,0.09090909090909091,36,43,48,0.7235772357723578,0.6991869918699187,0.8617886178861789,0.720773,1.808642,6.037977,0.0,0.017857142857142856,0.4117647058823529,89,86,106
468,0.8305084745762712,0.559322033898305,0.6694915254237288,40.50930371095104,55.652355797572596,93.25457619922489,0.0,0.9390243902439024,0.9433962264150944,98,66,79,0.6271186440677966,0.6779661016949152,0.7966101694915254,4.742344,4.789782455286531,30.08874167148296,0.0,0.0392156862745098,0.08333333333333333,37,40,47,0.7154471544715447,0.7235772357723578,0.8617886178861789,0.670269,1.789805,6.03501,0.0,0.017391304347826087,0.3870967741935484,88,89,106
469,0.847457627118644,0.5508474576271186,0.6949152542372882,42.18068510225351,54.988908650168625,93.2615608394601,0.0,0.8777777777777778,0.9259259259259259,100,65,82,0.6271186440677966,0.6949152542372882,0.847457627118644,4.604364,4.745595529400679,30.326606580189708,0.0,0.03773584905660377,0.08,37,41,50,0.7154471544715447,0.7235772357723578,0.8617886178861789,0.654133,1.842209,6.04812,0.0,0.018018018018018018,0.36363636363636365,88,89,106
470,0.847457627118644,0.5847457627118644,0.7033898305084746,43.6386863475917,55.29513129089484,90.0051699204306,0.0,0.896551724137931,0.8909090909090909,100,69,83,0.6610169491525424,0.6610169491525424,0.847457627118644,4.67169,4.438737968853636,30.26362858018971,0.0,0.038461538461538464,0.07692307692307693,39,39,50,0.7479674796747967,0.7073170731707317,0.8943089430894309,0.713829,1.809053,6.074362,0.0,0.017543859649122806,0.3333333333333333,92,87,110
471,0.9067796610169492,0.6186440677966102,0.7203389830508474,47.37473904959388,55.029118308404165,91.92745241038278,0.0,0.8444444444444444,0.8771929824561403,107,73,85,0.6779661016949152,0.6440677966101694,0.7966101694915254,5.085741,5.057740639047137,30.69761558018971,0.0,0.04,0.08695652173913043,40,38,47,0.7560975609756098,0.7235772357723578,0.8861788617886179,0.699539,1.813806,6.065775,0.0,0.025423728813559324,0.32432432432432434,93,89,109
472,0.8389830508474576,0.6016949152542372,0.7203389830508474,44.61839439431294,56.83857792640366,91.18093398525563,0.0,0.8780487804878049,0.9090909090909091,99,71,85,0.6779661016949152,0.6440677966101694,0.8813559322033898,4.786818,5.17055613862737,30.359736580189708,0.0,0.03636363636363636,0.07407407407407407,40,38,52,0.7479674796747967,0.7073170731707317,0.8943089430894309,0.682282,1.8111,6.067525,0.0,0.017094017094017096,0.3333333333333333,92,87,110
473,0.8898305084745762,0.6186440677966102,0.7203389830508474,50.15570888915544,56.58816973523396,93.25308793137258,0.0,0.9047619047619048,0.8928571428571429,105,73,85,0.6779661016949152,0.6271186440677966,0.8983050847457628,4.564479,4.805049346479604,30.825328724393014,0.0,0.038461538461538464,0.08,40,37,53,0.7642276422764228,0.7154471544715447,0.8861788617886179,0.679465,1.835972,6.081091,0.0,0.01680672268907563,0.3157894736842105,94,88,109
474,0.8898305084745762,0.6016949152542372,0.7288135593220338,46.85411282488399,55.380436471460314,90.23905919357544,0.0,0.9166666666666666,0.9433962264150944,105,71,86,0.6779661016949152,0.6271186440677966,0.8813559322033898,4.967364,4.933726026956037,30.65969307425548,0.0,0.0392156862745098,0.08695652173913043,40,37,52,0.7723577235772358,0.7235772357723578,0.9105691056910569,0.677554,1.819175,6.080696,0.0,0.008403361344537815,0.25,95,89,112
475,0.864406779661017,0.6186440677966102,0.7203389830508474,45.74869150656085,55.37917163036268,91.68893529768444,0.0,0.8620689655172413,0.9056603773584906,102,73,85,0.6610169491525424,0.6101694915254238,0.8983050847457628,4.712968,4.856089003726458,30.568253941920634,0.0,0.03636363636363636,0.047619047619047616,39,36,53,0.7642276422764228,0.7154471544715447,0.9186991869918699,0.606641,1.796999,6.086994,0.0,0.017094017094017096,0.2631578947368421,94,88,113
476,0.9152542372881356,0.6101694915254238,0.7288135593220338,45.74607922170685,56.32180920245944,94.00215128915075,0.0,0.8636363636363636,0.8392857142857143,108,72,86,0.6610169491525424,0.6271186440677966,0.8983050847457628,4.764272,4.810373190476192,30.685131580189708,0.0,0.038461538461538464,0.0,39,37,53,0.7804878048780488,0.7154471544715447,0.9105691056910569,0.673897,1.78049,6.077808,0.0,0.008620689655172414,0.2777777777777778,96,88,112
477,0.8898305084745762,0.6101694915254238,0.7542372881355932,47.212885046083024,57.324017223338814,94.45565897182495,0.0,0.8735632183908046,0.8518518518518519,105,72,89,0.6610169491525424,0.6440677966101694,0.8983050847457628,4.613119,4.954815288897987,30.86813573409572,0.0,0.03508771929824561,0.0,39,38,53,0.7886178861788617,0.7235772357723578,0.9105691056910569,0.719833,1.785355,6.093813,0.0,0.008695652173913044,0.2564102564102564,97,89,112
478,0.9152542372881356,0.6271186440677966,0.7627118644067796,48.60947324844217,58.97599690244392,93.96540836910683,0.06896551724137931,0.851063829787234,0.8771929824561403,108,74,90,0.6610169491525424,0.6440677966101694,0.9152542372881356,4.841793,4.62924628092429,30.89481291944576,0.0,0.03773584905660377,0.0,39,38,54,0.7804878048780488,0.7154471544715447,0.9105691056910569,0.732257,1.792441,6.096699,0.0,0.024793388429752067,0.21621621621621623,96,88,112
479,0.923728813559322,0.6610169491525424,0.7711864406779662,46.554796327125175,58.16927916930776,92.44874718835804,0.03225806451612903,0.8571428571428571,0.8620689655172413,109,78,91,0.6440677966101694,0.5932203389830508,0.9152542372881356,5.230787,5.732165867283076,30.76426258018971,0.0,0.037037037037037035,0.0,38,35,54,0.7886178861788617,0.7073170731707317,0.9349593495934959,0.738134,1.839225,6.113026,0.0,0.025210084033613446,0.18421052631578946,97,87,115
480,0.9152542372881356,0.6440677966101694,0.788135593220339,45.99944928609782,56.384196204596456,93.02728024654287,0.04,0.8863636363636364,0.9433962264150944,108,76,93,0.6779661016949152,0.6440677966101694,0.9322033898305084,4.639205,4.416854518778595,31.06140458018971,0.0,0.03508771929824561,0.0,40,38,55,0.7804878048780488,0.6991869918699187,0.9349593495934959,0.709423,1.856369,6.12972,0.0,0.01680672268907563,0.17142857142857143,96,86,115
481,0.9067796610169492,0.652542372881356,0.7796610169491526,42.70808525952549,57.14529777282912,92.82292264578777,0.0,0.8666666666666667,0.9074074074074074,107,77,92,0.6779661016949152,0.6440677966101694,0.9322033898305084,5.167704,4.708996021223237,30.810555671482962,0.0,0.03571428571428571,0.0,40,38,55,0.7886178861788617,0.7073170731707317,0.9186991869918699,0.742161,1.839041,6.154236,0.0,0.00847457627118644,0.17647058823529413,97,87,113
482,0.9576271186440678,0.6694915254237288,0.7796610169491526,48.081078455648125,57.06639285363025,95.05815347343564,0.0,0.896551724137931,0.9259259259259259,113,79,92,0.6779661016949152,0.6610169491525424,0.9322033898305084,4.90645,4.794038518778596,30.64589858018971,0.0,0.03636363636363636,0.0,40,39,55,0.7967479674796748,0.7073170731707317,0.926829268292683,0.759947,1.840539,6.147694,0.0,0.025210084033613446,0.17142857142857143,98,87,114
483,0.9322033898305084,0.6440677966101694,0.7796610169491526,47.83069754014375,57.25920126587148,94.56362963205814,0.0,0.8777777777777778,0.8103448275862069,110,76,92,0.6949152542372882,0.6610169491525424,0.9322033898305084,5.075322,4.831239229937518,30.799005488896455,0.0,0.03571428571428571,0.0,41,39,55,0.7886178861788617,0.6991869918699187,0.9105691056910569,0.727131,1.852258,6.181443,0.0,0.01652892561983471,0.16666666666666666,97,86,112
484,0.940677966101695,0.6440677966101694,0.7711864406779662,50.58905137712848,57.59380183196711,93.06198181380853,0.0,0.9080459770114943,0.8771929824561403,111,76,91,0.6949152542372882,0.6779661016949152,0.8983050847457628,5.104242,4.753952075135308,30.925746724393015,0.0,0.034482758620689655,0.0,41,40,53,0.7804878048780488,0.7154471544715447,0.9105691056910569,0.73589,1.890252,6.155469,0.0,0.008264462809917356,0.15789473684210525,96,88,112
485,0.940677966101695,0.6694915254237288,0.788135593220339,44.48430007006882,56.383289289372115,93.03487105182323,0.0,0.7959183673469388,0.8909090909090909,111,79,93,0.6949152542372882,0.6949152542372882,0.8983050847457628,4.629526,4.814237066356473,30.91609358018971,0.0,0.05357142857142857,0.0,41,41,53,0.7804878048780488,0.7154471544715447,0.9024390243902439,0.74688,1.842865,6.239317,0.0,0.008264462809917356,0.17142857142857143,96,88,111
486,0.9745762711864406,0.6694915254237288,0.7796610169491526,49.702073526555374,55.1312679125988,94.54865828314394,0.0,0.9036144578313253,1.0,115,79,92,0.6779661016949152,0.7288135593220338,0.8983050847457628,4.837836,4.797602969374418,30.927316488896455,0.0,0.05172413793103448,0.0,40,43,53,0.7723577235772358,0.7154471544715447,0.9024390243902439,0.687351,1.825757,6.224842,0.0,0.008403361344537815,0.125,95,88,111
487,0.9322033898305084,0.652542372881356,0.7711864406779662,46.50263859267216,56.98514337624002,94.73470165100518,0.0,0.8809523809523809,0.9074074074074074,110,77,91,0.6779661016949152,0.7288135593220338,0.9152542372881356,5.062844161856949,4.896692749860406,30.902498580189707,0.0,0.037037037037037035,0.0,40,43,54,0.7723577235772358,0.7317073170731707,0.8861788617886179,0.670686,1.871027,6.270264,0.0,0.008333333333333333,0.14634146341463414,95,90,109
488,0.923728813559322,0.6694915254237288,0.7711864406779662,48.71345752289462,56.871058904543986,96.57020384286524,0.0,0.8279569892473119,0.8305084745762712,109,79,91,0.6949152542372882,0.6949152542372882,0.9152542372881356,4.991824,4.740154229075471,31.05669067148296,0.0,0.03636363636363636,0.0,41,41,54,0.7723577235772358,0.7317073170731707,0.8943089430894309,0.71161,1.830109,6.263808,0.0,0.008333333333333333,0.1111111111111111,95,90,110
489,0.9576271186440678,0.711864406779661,0.7796610169491526,42.0840241900022,59.733067950106076,97.61754198419113,0.0,0.9078947368421053,0.9074074074074074,113,84,92,0.6610169491525424,0.7457627118644068,0.8813559322033898,4.494857,5.12227507513531,30.87869167148296,0.0,0.03636363636363636,0.0,39,44,52,0.7723577235772358,0.7398373983739838,0.8861788617886179,0.690067,1.858941,6.285412,0.0,0.008403361344537815,0.11363636363636363,95,91,109
490,0.9745762711864406,0.652542372881356,0.7711864406779662,46.24557987599693,58.33225946255105,95.92570715328844,0.0,0.9066666666666666,0.8928571428571429,115,77,91,0.6610169491525424,0.7288135593220338,0.8813559322033898,5.292214,5.112932011643246,30.838864580189707,0.0,0.034482758620689655,0.0,39,43,52,0.7723577235772358,0.7235772357723578,0.8943089430894309,0.755573,1.846569,6.299596,0.0,0.00847457627118644,0.1,95,89,110
491,0.9491525423728814,0.6440677966101694,0.7627118644067796,52.176306288773496,58.5315930752138,97.50878097107723,0.0,0.8372093023255814,0.9629629629629629,112,76,90,0.6440677966101694,0.6949152542372882,0.8983050847457628,5.076559,5.036098130710585,30.970356397603204,0.0,0.03636363636363636,0.0,38,41,53,0.7723577235772358,0.7317073170731707,0.9105691056910569,0.672627,1.870171,6.318923,0.0,0.0,0.125,95,90,112
492,0.9491525423728814,0.5847457627118644,0.7372881355932204,50.455998018699766,58.21102061260839,95.54783096167803,0.0,0.9354838709677419,0.9491525423728814,112,69,87,0.6271186440677966,0.711864406779661,0.8983050847457628,4.897192,5.1314603560595975,31.184453671482963,0.0,0.05357142857142857,0.0,37,42,53,0.7804878048780488,0.7317073170731707,0.9024390243902439,0.677828,1.86641,6.284425,0.0,0.0,0.14285714285714285,96,90,111
493,0.923728813559322,0.559322033898305,0.7457627118644068,46.89689736975662,58.736448575372,94.8214468330597,0.0,0.9029126213592233,0.9344262295081968,109,66,88,0.6271186440677966,0.6949152542372882,0.8813559322033898,5.20245,5.325718210898271,31.06205058018971,0.0,0.05357142857142857,0.0,37,41,52,0.7642276422764228,0.7479674796747967,0.8861788617886179,0.731008,1.894448,6.363998,0.0,0.0,0.14285714285714285,94,92,109
494,0.9576271186440678,0.5508474576271186,0.7288135593220338,51.91003443853203,58.364379321023115,95.54721795667335,0.0,0.9259259259259259,0.9047619047619048,113,65,86,0.6271186440677966,0.6949152542372882,0.8983050847457628,4.57581,5.291611668028049,31.092383488896456,0.0,0.05172413793103448,0.0,37,41,53,0.7560975609756098,0.7479674796747967,0.9105691056910569,0.701029,1.920539,6.322172,0.0,0.0,0.12962962962962962,93,92,112
495,0.9322033898305084,0.5254237288135594,0.7372881355932204,46.37259555786722,58.744063471927,96.54105631727299,0.0,0.9008264462809917,0.8939393939393939,110,62,87,0.6271186440677966,0.6949152542372882,0.9152542372881356,4.551441,4.890636409971667,31.145652762776216,0.0,0.05454545454545454,0.0,37,41,54,0.7560975609756098,0.7398373983739838,0.9024390243902439,0.767239,1.952699,6.377239,0.0,0.0,0.14285714285714285,93,91,111
496,0.9491525423728814,0.5169491525423728,0.7288135593220338,53.90116013871466,57.52374826471947,95.96372516993797,0.0,0.9186991869918699,0.967741935483871,112,61,86,0.6271186440677966,0.711864406779661,0.8983050847457628,4.638557,5.166655075135309,30.92553958018971,0.0,0.05084745762711865,0.0,37,42,53,0.7642276422764228,0.7398373983739838,0.9186991869918699,0.704657,1.959057,6.354354,0.0,0.0,0.14,94,91,113
497,0.923728813559322,0.4915254237288136,0.7372881355932204,51.1629691425603,58.39099870456121,98.33558126550203,0.0,0.9024390243902439,0.9242424242424242,109,58,87,0.6271186440677966,0.711864406779661,0.9152542372881356,4.916706,5.252446409971667,31.088442671482962,0.0,0.05454545454545454,0.0,37,42,54,0.7642276422764228,0.7479674796747967,0.8943089430894309,0.722698,1.948732,6.338352,0.0,0.0,0.14285714285714285,94,92,110
498,0.940677966101695,0.5084745762711864,0.7203389830508474,54.072041560909,58.81415803326305,99.19016418389154,0.0,0.905511811023622,0.967741935483871,111,60,85,0.6101694915254238,0.711864406779661,0.9152542372881356,4.890131,5.086205165583407,30.928520527279655,0.0,0.05084745762711865,0.0,36,42,54,0.7642276422764228,0.7479674796747967,0.9186991869918699,0.748521,1.920113,6.350362,0.0,0.0,0.1568627450980392,94,92,113
499,0.9745762711864406,0.5084745762711864,0.7288135593220338,50.485279887178855,58.43783020393352,97.4812181045267,0.0,0.9147286821705426,0.9253731343283582,115,60,86,0.6271186440677966,0.7627118644067796,0.9152542372881356,4.682748,5.357154924059555,31.152270671482963,0.0,0.05,0.0,37,45,54,0.7560975609756098,0.7317073170731707,0.926829268292683,0.786832,1.97537,6.407529,0.0,0.0,0.14583333333333334,93,90,114
500,0.9491525423728814,0.4915254237288136,0.7203389830508474,49.49748300399815,59.312090963981156,97.69776365516067,0.0,0.9421487603305785,0.9253731343283582,112,58,85,0.6440677966101694,0.7457627118644068,0.8813559322033898,4.184851,5.3870839568691276,31.18088139760321,0.0,0.05263157894736842,0.0,38,44,52,0.7398373983739838,0.7154471544715447,0.9186991869918699,0.777429,1.910112,6.410038,0.0,0.0,0.13636363636363635,91,88,113
501,0.9491525423728814,0.5,0.711864406779661,48.484553441274414,57.02376628787453,95.9638403526225,0.0,0.875,0.9420289855072463,112,59,84,0.6271186440677966,0.7288135593220338,0.9152542372881356,4.817003,5.18144800286441,31.12374858018971,0.0,0.03636363636363636,0.0,37,43,54,0.7235772357723578,0.7317073170731707,0.9105691056910569,0.811412,1.931948,6.458806,0.0,0.0,0.13953488372093023,89,90,112
502,0.9491525423728814,0.5,0.7033898305084746,49.8264445520744,56.4385618537166,96.4406917832303,0.0,0.8968253968253969,0.9295774647887324,112,59,83,0.6440677966101694,0.7796610169491526,0.9491525423728814,4.914671,5.300010472783312,31.536839488896454,0.0,0.03571428571428571,0.0,38,46,56,0.7154471544715447,0.7560975609756098,0.9186991869918699,0.769763,1.936225,6.447045,0.0,0.0,0.13333333333333333,88,93,113
503,0.9745762711864406,0.5,0.6949152542372882,50.80063567440271,57.39354699421334,97.93848688522948,0.0,0.9666666666666667,0.971830985915493,115,59,82,0.6440677966101694,0.7627118644067796,0.9322033898305084,5.289192,5.0190011568045705,31.270457488896454,0.0,0.034482758620689655,0.0,38,45,55,0.7235772357723578,0.7642276422764228,0.9186991869918699,0.785307,1.957542,6.458884,0.0,0.0,0.13636363636363635,89,94,113
504,0.9067796610169492,0.5,0.6949152542372882,49.46339815120414,53.80525976322266,96.54807930511211,0.0,0.8837209302325582,0.9078947368421053,107,59,82,0.6271186440677966,0.7627118644067796,0.9152542372881356,4.921352,4.99907345528653,31.633817488896455,0.0,0.03636363636363636,0.0,37,45,54,0.7154471544715447,0.7723577235772358,0.9024390243902439,0.710277,1.935797,6.468463,0.0,0.0,0.13636363636363635,88,95,111
505,0.9322033898305084,0.4915254237288136,0.6864406779661016,48.1763465011866,55.54766878312315,98.65309215595956,0.0,0.8984375,0.9473684210526315,110,58,81,0.6610169491525424,0.7457627118644068,0.9491525423728814,5.214046,5.107279101229295,31.448274488896455,0.0,0.03508771929824561,0.0,39,44,56,0.7154471544715447,0.7723577235772358,0.9024390243902439,0.78515,1.929293,6.470318,0.0,0.0,0.13636363636363635,88,95,111
506,0.9491525423728814,0.5,0.6610169491525424,47.647865879291544,57.657690945062946,98.15849263578068,0.0,0.9495798319327731,0.9012345679012346,112,59,78,0.6779661016949152,0.7796610169491526,0.9661016949152542,5.085721,5.3634922290754705,31.390559306309957,0.0,0.034482758620689655,0.0,40,46,57,0.7317073170731707,0.7642276422764228,0.9024390243902439,0.829502,1.991222,6.474956,0.0,0.0,0.14285714285714285,90,94,111
507,0.9322033898305084,0.4915254237288136,0.6694915254237288,49.90490746601418,57.43632214229933,97.87929478720145,0.0,0.9147286821705426,0.922077922077922,110,58,79,0.6610169491525424,0.7627118644067796,0.9491525423728814,5.069483,5.187806130710585,31.50522958018971,0.0,0.03508771929824561,0.0,39,45,56,0.7317073170731707,0.7723577235772358,0.9024390243902439,0.793509,1.944736,6.507447,0.0,0.0,0.13333333333333333,90,95,111
508,0.9830508474576272,0.5084745762711864,0.6610169491525424,47.84903452983846,57.29919596896995,98.73836710560643,0.0,0.9047619047619048,0.9230769230769231,116,60,78,0.6779661016949152,0.7627118644067796,0.9491525423728814,5.53816,5.108410147406207,31.600608488896455,0.0,0.03571428571428571,0.0,40,45,56,0.7317073170731707,0.7886178861788617,0.9105691056910569,0.765797,1.948678,6.477674,0.0,0.0,0.13333333333333333,90,97,112
509,0.9576271186440678,0.2711864406779661,0.4915254237288136,49.08976918578275,36.04077366658988,54.20906035567462,0.0,0.9217391304347826,0.935064935064935,113,32,58,0.6779661016949152,0.559322033898305,0.7627118644067796,5.428367,2.4709663965021242,15.022976603327674,0.0,0.0392156862745098,0.0,40,33,45,0.7317073170731707,0.5528455284552846,0.7154471544715447,0.753659,1.110455,3.129859,0.0,0.0,0.14634146341463414,90,68,88
510,0.940677966101695,0.2627118644067797,0.4915254237288136,49.01333587094624,37.21577132067971,54.84938340254489,0.0,0.8933333333333333,0.90625,111,31,58,0.6949152542372882,0.5423728813559322,0.7627118644067796,4.881139,2.3621915841139063,15.264589785914177,0.0,0.05555555555555555,0.0,41,32,45,0.7235772357723578,0.5365853658536586,0.7073170731707317,0.788459,1.120875,3.144279,0.0,0.0,0.14285714285714285,89,66,87
511,0.9745762711864406,0.2711864406779661,0.5,47.69200722530866,35.086983346271055,54.511419263848616,0.0,0.9342105263157895,0.9354838709677419,115,32,59,0.6949152542372882,0.5423728813559322,0.6949152542372882,5.156699,2.3599332039626826,14.731203603327675,0.0,0.09090909090909091,0.04,41,32,41,0.7398373983739838,0.5772357723577236,0.6991869918699187,0.770476,1.151902,3.171358,0.0,0.009900990099009901,0.14285714285714285,91,71,86
512,0.9067796610169492,0.2711864406779661,0.5,43.58269463578861,37.992194895467634,53.524082018527615,0.0,0.881578947368421,0.9180327868852459,107,32,59,0.711864406779661,0.5423728813559322,0.711864406779661,4.826635,2.5970091404706195,14.806089550417623,0.0,0.1320754716981132,0.07407407407407407,42,32,42,0.7479674796747967,0.5365853658536586,0.7073170731707317,0.794491,1.213144,3.166023,0.0,0.08411214953271028,0.14814814814814814,92,66,87
513,0.9067796610169492,0.2542372881355932,0.4745762711864407,49.73331538826033,37.14307918253022,52.67528769197532,0.0,0.926829268292683,0.873015873015873,107,30,56,0.6949152542372882,0.4576271186440678,0.7288135593220338,5.135601,2.4963141711531116,14.805140603327676,0.0,0.18604651162790697,0.07692307692307693,41,27,43,0.7398373983739838,0.5121951219512195,0.7317073170731707,0.774618,1.213963,3.173685,0.0,0.12264150943396226,0.24242424242424243,91,63,90
514,0.9576271186440678,0.23728813559322035,0.4745762711864407,49.55389986814231,37.03125776068967,53.40934108340538,0.0,0.9156626506024096,0.921875,113,28,56,0.6949152542372882,0.4915254237288136,0.711864406779661,4.739125,2.5991471039345915,14.909266603327675,0.0,0.20833333333333334,0.09090909090909091,41,29,42,0.7398373983739838,0.5284552845528455,0.7398373983739838,0.7738,1.24732,3.174163,0.0,0.1891891891891892,0.25,91,65,91
515,0.940677966101695,0.23728813559322035,0.4915254237288136,49.49074435926176,34.787047646728055,52.577123104709294,0.0,0.9382716049382716,0.95,111,28,58,0.6779661016949152,0.5254237288135594,0.711864406779661,4.972882,2.495950440795828,14.958556603327676,0.0,0.1836734693877551,0.08695652173913043,40,31,42,0.7479674796747967,0.5040650406504065,0.7154471544715447,0.756127,1.263049,3.234228,0.0,0.21052631578947367,0.25806451612903225,92,62,88
516,0.9491525423728814,0.23728813559322035,0.5,48.964747132126845,35.46538526764831,51.1973221400171,0.0,0.9743589743589743,0.9491525423728814,112,28,59,0.6949152542372882,0.4745762711864407,0.6779661016949152,4.934773,2.9751509133975107,14.944148603327674,0.0,0.14285714285714285,0.09090909090909091,41,28,40,0.7479674796747967,0.4634146341463415,0.7235772357723578,0.728191,1.291206,3.216457,0.0,0.3140495867768595,0.24242424242424243,92,57,89
517,0.9491525423728814,0.23728813559322035,0.5,51.328222349142735,58.033584816298216,97.33854479750318,0.0,0.9340659340659341,0.90625,112,28,59,0.6610169491525424,0.7796610169491526,0.8983050847457628,4.791563,6.661993847261042,32.071169033213884,0.0,0.05970149253731343,0.05,39,46,53,0.7560975609756098,0.4959349593495935,0.8130081300813008,0.744822,2.100462,6.525621,0.0,0.35384615384615387,0.17391304347826086,93,61,100
518,0.923728813559322,0.4067796610169492,0.576271186440678,51.35664897590361,58.27829415413445,97.9300175595366,0.0,0.7603305785123967,0.8395061728395061,109,48,68,0.6440677966101694,0.8135593220338984,0.9152542372881356,5.130609,7.500597214124352,32.901883674141345,0.0,0.02127659574468085,0.20689655172413793,38,48,54,0.7479674796747967,0.5284552845528455,0.8536585365853658,0.756448,2.067896,6.57077,0.0,0.3684210526315789,0.16666666666666666,92,65,105
519,0.9067796610169492,0.4322033898305085,0.652542372881356,51.198361161677056,62.58441777372953,96.72003501273737,0.0,0.8849557522123894,0.8333333333333334,107,51,77,0.6610169491525424,0.8135593220338984,0.8813559322033898,4.796951,6.9013175518251195,32.659480397603204,0.0,0.07272727272727272,0.2413793103448276,39,48,52,0.7560975609756098,0.5609756097560976,0.8943089430894309,0.760119,2.098556,6.569216,0.0,0.43558282208588955,0.15217391304347827,93,69,110
520,0.9152542372881356,0.4322033898305085,0.652542372881356,52.086041838579156,62.87539179657291,99.02508687521411,0.0,0.953125,0.9156626506024096,108,51,77,0.6440677966101694,0.7457627118644068,0.8813559322033898,4.920369,7.1296281568045705,32.7113413976032,0.0,0.06976744186046512,0.25806451612903225,38,44,52,0.7723577235772358,0.5528455284552846,0.8861788617886179,0.741052,2.132229,6.562151,0.0,0.42592592592592593,0.22727272727272727,95,68,109
521,0.9491525423728814,0.4406779661016949,0.652542372881356,48.83992898392208,63.661498514056916,98.44342871737535,0.0,0.9492753623188406,0.9629629629629629,112,52,77,0.6440677966101694,0.7796610169491526,0.8813559322033898,4.788668,7.662383564273503,32.588235306309954,0.0,0.05357142857142857,0.2903225806451613,38,46,52,0.7560975609756098,0.5447154471544715,0.8943089430894309,0.746368,2.14307,6.574924,0.0,0.4012345679012346,0.3,93,67,110
522,0.9661016949152542,0.4406779661016949,0.652542372881356,44.960049385332574,62.431535199495734,97.07938202210858,0.0,0.9444444444444444,0.927710843373494,114,52,77,0.6271186440677966,0.7796610169491526,0.864406779661017,4.745582,7.5741074227777405,32.166649580189706,0.0,0.037037037037037035,0.24242424242424243,37,46,51,0.7560975609756098,0.5447154471544715,0.9024390243902439,0.795283,2.083493,6.605043,0.0,0.3939393939393939,0.3333333333333333,93,67,111
523,0.9576271186440678,0.4406779661016949,0.6440677966101694,51.46646137250564,62.67931847567801,100.09119412705502,0.0,0.9432624113475178,0.9625,113,52,76,0.6101694915254238,0.7796610169491526,0.864406779661017,4.881344,7.583847359104048,32.4569553976032,0.0,0.057692307692307696,0.1724137931034483,36,46,51,0.7642276422764228,0.5609756097560976,0.9024390243902439,0.751151,2.103724,6.661008,0.0,0.4327485380116959,0.358974358974359,94,69,111
524,0.9491525423728814,0.4322033898305085,0.6440677966101694,50.71013024550088,61.087606946104096,98.90834803305286,0.0,0.9492753623188406,0.9746835443037974,112,51,76,0.5932203389830508,0.7288135593220338,0.864406779661017,4.876312,7.451129838663835,32.60997543598641,0.0,0.03773584905660377,0.25,35,43,51,0.7560975609756098,0.5609756097560976,0.9024390243902439,0.752952,2.192235,6.627352,0.0,0.4110429447852761,0.38095238095238093,93,69,111
525,0.9322033898305084,0.4322033898305085,0.652542372881356,51.296986332787625,60.41823979348275,100.4864724494479,0.0,0.9440559440559441,0.9404761904761905,110,51,77,0.6271186440677966,0.7966101694915254,0.864406779661017,4.654379,7.020898631435113,32.38654054180651,0.0,0.037037037037037035,0.22580645161290322,37,47,51,0.7479674796747967,0.5609756097560976,0.8861788617886179,0.732239,2.216237,6.682738,0.0,0.3630573248407643,0.35555555555555557,92,69,109
526,0.9491525423728814,0.4322033898305085,0.6440677966101694,50.61503895842144,58.75261345906286,99.04359417790916,0.0,0.9361702127659575,0.9069767441860465,112,51,76,0.6101694915254238,0.7627118644067796,0.847457627118644,5.12144,7.803243718213665,32.8434735801897,0.0,0.04,0.25806451612903225,36,45,50,0.7479674796747967,0.5691056910569106,0.8861788617886179,0.801598,2.151913,6.65888,0.0,0.36419753086419754,0.35555555555555557,92,70,109
527,0.9322033898305084,0.4322033898305085,0.652542372881356,51.14684031481851,56.494581740515294,99.07985685391017,0.0,0.9295774647887324,0.9069767441860465,110,51,77,0.6440677966101694,0.7627118644067796,0.847457627118644,4.833198,8.006247996510496,33.3145663976032,0.0,0.03636363636363636,0.25,38,45,50,0.7560975609756098,0.5853658536585366,0.8861788617886179,0.776866,2.196255,6.674116,0.0,0.34810126582278483,0.3902439024390244,93,72,109
528,0.940677966101695,0.4406779661016949,0.635593220338983,48.918227571260125,58.417664265935414,100.85703616232983,0.0,0.948905109489051,0.9873417721518988,111,52,75,0.6440677966101694,0.7796610169491526,0.847457627118644,4.835886,7.3100894131977485,33.270583488896456,0.0,0.05454545454545454,0.25,38,46,50,0.7560975609756098,0.6016260162601627,0.8861788617886179,0.826691,2.20463,6.672021,0.0,0.34177215189873417,0.38636363636363635,93,74,109
529,0.9152542372881356,0.423728813559322,0.652542372881356,49.2668125709012,60.14994411331404,100.05100008602032,0.0,0.9197080291970803,0.9166666666666666,108,50,77,0.6440677966101694,0.7796610169491526,0.847457627118644,4.966302,7.062023114698839,33.22806948889646,0.0,0.06,0.23333333333333334,38,46,50,0.7398373983739838,0.6178861788617886,0.8861788617886179,0.797484,2.294993,6.670459,0.0,0.34177215189873417,0.4186046511627907,91,76,109
530,0.923728813559322,0.4152542372881356,0.6440677966101694,51.33080381281293,60.384655827597385,97.32381411246645,0.0,0.9236111111111112,0.963855421686747,109,49,76,0.6440677966101694,0.8135593220338984,0.864406779661017,4.639718,7.686693597139983,33.58310612716553,0.0,0.05263157894736842,0.2777777777777778,38,48,51,0.7398373983739838,0.6016260162601627,0.8699186991869918,0.779592,2.279341,6.717016,0.0,0.35714285714285715,0.4186046511627907,91,74,107
531,0.940677966101695,0.4406779661016949,0.6440677966101694,50.685720739845245,60.715746305377905,98.9155464650249,0.0,0.9383561643835616,0.9294117647058824,111,52,76,0.6440677966101694,0.8135593220338984,0.864406779661017,4.59005,7.526776895440314,33.47725894457903,0.0,0.05263157894736842,0.2962962962962963,38,48,51,0.7479674796747967,0.5934959349593496,0.8943089430894309,0.747494,2.300801,6.72154,0.0,0.35135135135135137,0.40476190476190477,92,73,110
532,0.923728813559322,0.4406779661016949,0.652542372881356,50.57354323845235,58.28145772407938,99.26389060155975,0.0,0.9230769230769231,0.9397590361445783,109,52,77,0.6610169491525424,0.7288135593220338,0.847457627118644,4.985073,7.238429745169699,33.54457240026159,0.0,0.05555555555555555,0.2903225806451613,39,43,50,0.7560975609756098,0.5772357723577236,0.8943089430894309,0.783448,2.275937,6.733924,0.0,0.32903225806451614,0.42105263157894735,93,71,110
533,0.9576271186440678,0.4322033898305085,0.6610169491525424,47.678429567650156,59.78936199800796,96.98621181216126,0.0,0.948905109489051,0.9058823529411765,113,51,78,0.6610169491525424,0.8305084745762712,0.8135593220338984,5.006429,7.063525200236227,33.24506248889645,0.0,0.037037037037037035,0.27586206896551724,39,49,48,0.7479674796747967,0.6585365853658537,0.8943089430894309,0.778725,2.343792,6.782528,0.0,0.3107569721115538,0.16666666666666666,92,81,110
534,0.9491525423728814,0.423728813559322,0.6610169491525424,50.40886291312296,58.66714084432299,100.17173264317911,0.0,0.9496402877697842,0.9620253164556962,112,50,78,0.6610169491525424,0.8983050847457628,0.8305084745762712,4.64746,7.271182648988801,33.491794035872275,0.0,0.03571428571428571,0.27586206896551724,39,53,49,0.7479674796747967,0.6422764227642277,0.8780487804878049,0.736304,2.472676,6.814275,0.0,0.35064935064935066,0.34782608695652173,92,79,108
535,0.9152542372881356,0.4406779661016949,0.6610169491525424,50.85023608229128,57.350969318902855,101.3450806857118,0.0,0.9357142857142857,0.975,108,52,78,0.6610169491525424,0.8135593220338984,0.8305084745762712,4.625086,6.847667729856907,33.92374258284809,0.0,0.03636363636363636,0.25,39,48,49,0.7479674796747967,0.6260162601626016,0.8699186991869918,0.786867,2.399349,6.819572,0.0,0.3202614379084967,0.34782608695652173,92,77,107
536,0.9576271186440678,0.4322033898305085,0.652542372881356,49.30133937322196,58.0981851684087,99.9378433700343,0.0,0.9343065693430657,0.9512195121951219,113,51,77,0.6610169491525424,0.7627118644067796,0.8135593220338984,4.390673,6.858157691257627,34.06625858284809,0.0,0.037037037037037035,0.26666666666666666,39,45,48,0.7723577235772358,0.6422764227642277,0.8780487804878049,0.740449,2.385336,6.794469,0.0,0.34177215189873417,0.36363636363636365,95,79,108
537,0.9661016949152542,0.4406779661016949,0.652542372881356,47.1111209892721,58.32714684645019,99.40745536588051,0.0,0.920863309352518,0.9411764705882353,114,52,77,0.6440677966101694,0.7796610169491526,0.8135593220338984,4.433885,7.415868440153783,33.834713582848096,0.0,0.03571428571428571,0.27586206896551724,38,46,48,0.7642276422764228,0.6260162601626016,0.8943089430894309,0.744872,2.402814,6.8011,0.0,0.32,0.38095238095238093,94,77,110
538,0.9661016949152542,0.4322033898305085,0.6440677966101694,50.06042925509906,58.26481037108656,97.23114800080465,0.0,0.9571428571428572,0.9080459770114943,114,51,76,0.6440677966101694,0.8305084745762712,0.8135593220338984,4.097209,7.149593217090961,33.55539858284809,0.0,0.03636363636363636,0.25806451612903225,38,49,48,0.7560975609756098,0.5934959349593496,0.8861788617886179,0.748869,2.466975,6.794951,0.0,0.3401360544217687,0.42105263157894735,93,73,109
539,0.9491525423728814,0.4406779661016949,0.6610169491525424,48.05446795448213,60.40517940946547,97.5629411851647,0.0,0.9290780141843972,0.95,112,52,78,0.6610169491525424,0.8135593220338984,0.7796610169491526,4.125844,6.898970259257585,34.224502152298804,0.0,0.03508771929824561,0.32,39,48,46,0.7398373983739838,0.5853658536585366,0.8780487804878049,0.748641,2.438889,6.825408,0.0,0.2937062937062937,0.41025641025641024,91,72,108
540,0.923728813559322,0.4406779661016949,0.6610169491525424,48.69283683996625,58.62231606141018,97.86358756099008,0.0,0.9225352112676056,0.948051948051948,109,52,78,0.6440677966101694,0.7457627118644068,0.7966101694915254,4.124011,6.955568655742761,34.238188582848096,0.0,0.04,0.27586206896551724,38,44,47,0.7317073170731707,0.5853658536585366,0.8780487804878049,0.755436,2.451953,6.801191,0.0,0.34177215189873417,0.3902439024390244,90,72,108
541,0.9322033898305084,0.4491525423728814,0.6610169491525424,52.03522960079452,60.971601529709076,100.13049110673957,0.0,0.920863309352518,0.9,110,53,78,0.6440677966101694,0.7627118644067796,0.8305084745762712,4.303252,6.911640829884998,34.15316547702799,0.0,0.037037037037037035,0.26666666666666666,38,45,49,0.7317073170731707,0.6422764227642277,0.8780487804878049,0.74593,2.35933,6.825988,0.0,0.33544303797468356,0.41025641025641024,90,79,108
542,0.9491525423728814,0.4915254237288136,0.6440677966101694,52.052616999602925,61.146030529988934,100.29866959998661,0.0,0.921875,0.9615384615384616,112,58,76,0.6440677966101694,0.7796610169491526,0.847457627118644,4.064346,7.341759175343443,34.26338852993804,0.0,0.0,0.26666666666666666,38,46,50,0.7317073170731707,0.6504065040650406,0.8780487804878049,0.769662,2.388517,6.890893,0.0,0.35443037974683544,0.37209302325581395,90,80,108
543,0.9322033898305084,0.4830508474576271,0.652542372881356,50.19233357317574,61.578242446994935,99.94125423813215,0.0,0.9504132231404959,0.9367088607594937,110,57,77,0.6610169491525424,0.8305084745762712,0.864406779661017,4.181893,7.6169928610882724,34.187324529938046,0.0,0.017241379310344827,0.27586206896551724,39,49,51,0.7317073170731707,0.6504065040650406,0.8943089430894309,0.751511,2.426342,6.894368,0.0,0.30718954248366015,0.37209302325581395,90,80,110
544,0.940677966101695,0.4830508474576271,0.6610169491525424,51.817280964718655,63.16769200535255,98.38712754859229,0.0,0.9047619047619048,0.9367088607594937,111,57,78,0.6779661016949152,0.8135593220338984,0.847457627118644,4.080271,7.0798891281853304,34.1794956212313,0.0,0.019230769230769232,0.2857142857142857,40,48,50,0.7235772357723578,0.6341463414634146,0.8943089430894309,0.765225,2.388983,6.878377,0.0,0.2671232876712329,0.41025641025641024,89,78,110
545,0.9576271186440678,0.4915254237288136,0.6610169491525424,49.88032398788229,63.21055279405228,98.89228176869221,0.0,0.9416666666666667,0.9487179487179487,113,58,78,0.6949152542372882,0.8135593220338984,0.8305084745762712,4.212061,7.393818230458302,34.116371582848096,0.0,0.0,0.2857142857142857,41,48,49,0.7235772357723578,0.6178861788617886,0.9024390243902439,0.773464,2.345341,6.875634,0.0,0.2876712328767123,0.4,89,76,111
546,0.940677966101695,0.4661016949152542,0.6610169491525424,51.22428178775519,62.08537424119193,99.68206462179775,0.0,0.9435483870967742,0.948051948051948,111,55,78,0.6949152542372882,0.8305084745762712,0.847457627118644,4.163748,6.9855729291119335,34.44979420314824,0.0,0.0,0.2857142857142857,41,49,50,0.7317073170731707,0.6016260162601627,0.9024390243902439,0.769027,2.403908,6.9356,0.0,0.2602739726027397,0.43243243243243246,90,74,111
547,0.923728813559322,0.4915254237288136,0.6610169491525424,53.51911290908256,62.00319953801664,99.57734409630247,0.0,0.904,0.9487179487179487,109,58,78,0.6949152542372882,0.864406779661017,0.847457627118644,4.300095,7.314095429531699,34.00496456832124,0.0,0.0,0.25806451612903225,41,51,50,0.7642276422764228,0.5853658536585366,0.8943089430894309,0.745048,2.370511,6.944062,0.0,0.28,0.4,94,72,110
548,0.940677966101695,0.4491525423728814,0.652542372881356,51.66225052955117,61.824205552715654,99.44292333778375,0.0,0.9912280701754386,0.9493670886075949,111,53,77,0.711864406779661,0.8813559322033898,0.8305084745762712,4.654199,7.216834064874896,34.02948952993804,0.0,0.0,0.2857142857142857,42,52,49,0.7642276422764228,0.5853658536585366,0.8943089430894309,0.75823,2.395945,6.945147,0.0,0.26973684210526316,0.35714285714285715,94,72,110
549,0.9491525423728814,0.4915254237288136,0.6610169491525424,49.93138030432704,61.30708549239377,100.40180366954782,0.0,0.8931297709923665,0.9358974358974359,112,58,78,0.6949152542372882,0.847457627118644,0.847457627118644,4.405685,6.742009377462877,33.91517258284809,0.0,0.0,0.27586206896551724,41,50,50,0.7479674796747967,0.5934959349593496,0.8943089430894309,0.86393,2.40533,6.9234,0.0,0.2534246575342466,0.3783783783783784,92,73,110
550,0.940677966101695,0.4915254237288136,0.6694915254237288,53.99150997287969,60.49061254536123,101.18279677026533,0.0,0.943089430894309,0.9726027397260274,111,58,79,0.6949152542372882,0.8305084745762712,0.8305084745762712,4.433412,7.178165999137952,34.14751642411794,0.0,0.0,0.3076923076923077,41,49,49,0.7479674796747967,0.5934959349593496,0.9024390243902439,0.843114,2.412285,6.949575,0.0,0.23776223776223776,0.3888888888888889,92,73,111
551,0.923728813559322,0.4915254237288136,0.6610169491525424,53.04943293758042,61.48812052864546,100.40180366954782,0.0,0.9576271186440678,0.9733333333333334,109,58,78,0.6949152542372882,0.864406779661017,0.8813559322033898,4.457699,7.493231804992216,34.17797149155485,0.0,0.0,0.2857142857142857,41,51,52,0.7398373983739838,0.6178861788617886,0.9024390243902439,0.818289,2.408577,6.979568,0.0,0.20833333333333334,0.3888888888888889,91,76,111
552,0.940677966101695,0.4745762711864407,0.6610169491525424,56.111607836026856,60.99461067160597,101.56511998522534,0.0,0.9180327868852459,0.9726027397260274,111,56,78,0.6949152542372882,0.8813559322033898,0.847457627118644,4.993325,7.609354248635502,34.4550584386448,0.0,0.0,0.32,41,52,50,0.7317073170731707,0.6260162601626016,0.8943089430894309,0.844855,2.423426,6.980097,0.0,0.23448275862068965,0.3888888888888889,90,77,110
553,0.8898305084745762,0.4830508474576271,0.6694915254237288,52.57384801681341,60.69319653492646,101.35020377548271,0.0,0.9032258064516129,0.9594594594594594,105,57,79,0.6779661016949152,0.8813559322033898,0.864406779661017,4.99379,7.61422550078144,34.275210621231295,0.0,0.0,0.2857142857142857,40,52,51,0.7317073170731707,0.6666666666666666,0.8943089430894309,0.814993,2.398089,6.986065,0.0,0.23129251700680273,0.3888888888888889,90,82,110
554,0.9152542372881356,0.4661016949152542,0.6779661016949152,51.728840050663536,61.99623666802173,100.98346182738658,0.0,0.9274193548387096,0.948051948051948,108,55,80,0.6949152542372882,0.8305084745762712,0.864406779661017,4.504654,6.910277746190858,34.26107247702799,0.0,0.0,0.27586206896551724,41,49,51,0.7235772357723578,0.6666666666666666,0.8861788617886179,0.776451,2.417533,6.970535,0.0,0.2446043165467626,0.3888888888888889,89,82,109
555,0.9152542372881356,0.4830508474576271,0.6779661016949152,52.836329496788736,63.70387932305663,103.02512528045784,0.0,0.9193548387096774,0.9710144927536232,108,57,80,0.711864406779661,0.7966101694915254,0.847457627118644,4.366675,7.4312279713807605,34.351372400261596,0.0,0.0,0.3076923076923077,42,47,50,0.7317073170731707,0.6747967479674797,0.8943089430894309,0.792504,2.417571,6.99422,0.0,0.21739130434782608,0.3783783783783784,90,83,110
556,0.923728813559322,0.5,0.711864406779661,52.6326449677841,62.71428554536121,103.54492090279106,0.0,0.9130434782608695,0.9242424242424242,109,59,84,0.711864406779661,0.8813559322033898,0.8813559322033898,4.493097,7.657638387103761,34.27999947702799,0.0,0.0,0.27586206896551724,42,52,52,0.7398373983739838,0.6991869918699187,0.8861788617886179,0.793376,2.429999,7.006343,0.0,0.2158273381294964,0.3684210526315789,91,86,109
557,0.9067796610169492,0.4915254237288136,0.7033898305084746,51.925270661254046,63.91204621509517,104.5015871588339,0.0,0.9304347826086956,0.9523809523809523,107,58,83,0.7288135593220338,0.8305084745762712,0.8813559322033898,4.569968,7.501416899109862,34.45806638573474,0.0,0.0,0.3076923076923077,43,49,52,0.7235772357723578,0.6910569105691057,0.8780487804878049,0.820002,2.434898,6.978405,0.0,0.1984732824427481,0.3684210526315789,89,85,108
558,0.8728813559322034,0.4830508474576271,0.711864406779661,52.2075585915826,62.86308033040123,105.58396986934972,0.0,0.940677966101695,0.9242424242424242,103,57,84,0.711864406779661,0.8135593220338984,0.8813559322033898,4.287776,7.45395944095494,34.33367652993804,0.0,0.0,0.2857142857142857,42,48,52,0.7235772357723578,0.7073170731707317,0.8861788617886179,0.783397,2.40683,6.969548,0.0,0.19852941176470587,0.3684210526315789,89,87,109
559,0.9067796610169492,0.5,0.7033898305084746,54.29279830034529,62.11861464916893,106.52195239583344,0.0,0.9327731092436975,0.9833333333333333,107,59,83,0.711864406779661,0.8305084745762712,0.8813559322033898,4.536396,7.405677055294902,34.7110227270514,0.0,0.0,0.3076923076923077,42,49,52,0.7154471544715447,0.7154471544715447,0.8780487804878049,0.728973,2.402155,6.977465,0.0,0.21014492753623187,0.3783783783783784,88,88,108
560,0.9322033898305084,0.5084745762711864,0.7203389830508474,53.900288477930545,61.97153055721882,105.30428944880089,0.0,0.907563025210084,0.9076923076923077,110,60,85,0.7288135593220338,0.7627118644067796,0.8813559322033898,5.016633,7.3222242870147785,34.4685975828481,0.0,0.0,0.2857142857142857,43,45,52,0.7154471544715447,0.7073170731707317,0.8780487804878049,0.737525,2.416665,6.988845,0.0,0.19548872180451127,0.3783783783783784,88,87,108
561,0.923728813559322,0.5254237288135594,0.7288135593220338,51.67558839707484,64.27615806345065,108.11008241642311,0.0,0.9196428571428571,0.921875,109,62,86,0.7288135593220338,0.8305084745762712,0.8813559322033898,4.544632,7.003528756812942,34.361317582848095,0.0,0.0,0.2857142857142857,43,49,52,0.7073170731707317,0.6991869918699187,0.8861788617886179,0.749078,2.394523,7.00758,0.0,0.24087591240875914,0.3684210526315789,87,86,109
562,0.923728813559322,0.4830508474576271,0.7288135593220338,55.45028302914904,65.04019951182562,105.74145050592215,0.0,0.911504424778761,0.9830508474576272,109,57,86,0.7288135593220338,0.864406779661017,0.864406779661017,5.113601,6.959234463203319,34.28779663575815,0.0,0.0,0.3076923076923077,43,51,51,0.6991869918699187,0.6829268292682927,0.8861788617886179,0.740687,2.491148,7.003454,0.0,0.2302158273381295,0.3888888888888889,86,84,109
563,0.9152542372881356,0.5508474576271186,0.7288135593220338,55.317018189343344,65.56733460108336,108.8270330741548,0.0,0.85,0.9193548387096774,108,65,86,0.711864406779661,0.847457627118644,0.8983050847457628,4.785313,7.494179272507127,34.521563582848096,0.0,0.0,0.25,42,50,53,0.7398373983739838,0.7154471544715447,0.8943089430894309,0.752133,2.480576,7.014204,0.0,0.2361111111111111,0.35,91,88,110
564,0.9322033898305084,0.5508474576271186,0.7372881355932204,55.579206970916765,64.73568735220671,112.36194777769292,0.07142857142857142,0.9047619047619048,0.9508196721311475,110,65,87,0.6949152542372882,0.7796610169491526,0.8813559322033898,4.663305,7.494473784570137,34.2663646212313,0.0,0.0,0.26666666666666666,41,46,52,0.7479674796747967,0.7235772357723578,0.9024390243902439,0.763481,2.565993,7.043779,0.0,0.2413793103448276,0.28888888888888886,92,89,111
565,0.8983050847457628,0.5677966101694916,0.7288135593220338,54.26334227444862,65.1943847988523,110.73141554583198,0.0,0.8691588785046729,0.9523809523809523,106,67,86,0.6949152542372882,0.7966101694915254,0.847457627118644,5.366855,7.951753804992216,34.792677400261596,0.0,0.0,0.2857142857142857,41,47,50,0.7479674796747967,0.7154471544715447,0.8699186991869918,0.759058,2.535698,7.044323,0.0,0.21739130434782608,0.3076923076923077,92,88,107
566,0.9152542372881356,0.5932203389830508,0.7372881355932204,56.96844575713109,64.44667333427515,110.80844555810019,0.0,0.9215686274509803,0.9508196721311475,108,70,87,0.6949152542372882,0.847457627118644,0.8983050847457628,4.746188,7.516150702900873,34.67032358284809,0.0,0.0,0.25806451612903225,41,50,53,0.7560975609756098,0.7154471544715447,0.8943089430894309,0.765567,2.592641,7.039393,0.0,0.2318840579710145,0.2857142857142857,93,88,110
567,0.8813559322033898,0.559322033898305,0.7203389830508474,57.5594281744868,62.59901436651156,110.92539019467262,0.0,0.925531914893617,0.9666666666666667,104,66,85,0.6610169491525424,0.7966101694915254,0.847457627118644,4.942003,7.791094327440356,34.42514158284809,0.0,0.0,0.2857142857142857,39,47,50,0.7317073170731707,0.7235772357723578,0.8699186991869918,0.783841,2.590805,7.082947,0.0,0.20300751879699247,0.29545454545454547,90,89,107
568,0.8813559322033898,0.5677966101694916,0.7033898305084746,61.20278677902459,63.092895102796575,109.17250066325137,0.0,0.8617021276595744,0.9333333333333333,104,67,83,0.6271186440677966,0.7457627118644068,0.8305084745762712,4.992512,7.560893057138152,34.33273267414135,0.0,0.0,0.2962962962962963,37,44,49,0.7073170731707317,0.7154471544715447,0.8617886178861789,0.804193,2.598237,7.089663,0.0,0.13821138211382114,0.2777777777777778,87,88,106
569,0.8559322033898306,0.576271186440678,0.7033898305084746,59.384022350703056,62.74060856258088,110.92539019467262,0.0,0.8586956521739131,0.9824561403508771,101,68,83,0.6271186440677966,0.6949152542372882,0.8135593220338984,4.682372,7.0311227306580655,34.471224582848095,0.0,0.0,0.32,37,41,48,0.7073170731707317,0.7154471544715447,0.8536585365853658,0.745709,2.633828,7.082529,0.0,0.17829457364341086,0.2702702702702703,87,88,105
570,0.8559322033898306,0.576271186440678,0.7033898305084746,57.675286961549176,65.67983042984812,109.76753730060753,0.0,0.8901098901098901,1.0,101,68,83,0.6101694915254238,0.711864406779661,0.8305084745762712,4.704454,7.581484720276916,34.21653958284809,0.0,0.02,0.2857142857142857,36,42,49,0.6910569105691057,0.7317073170731707,0.8536585365853658,0.762786,2.620986,7.085937,0.0,0.12295081967213115,0.2702702702702703,85,90,105
571,0.8898305084745762,0.5932203389830508,0.7033898305084746,61.58070133555141,67.16666422581962,111.04233483124503,0.0,0.8876404494382022,0.9491525423728814,105,70,83,0.6271186440677966,0.711864406779661,0.8305084745762712,4.803144,7.906560599784389,34.399905635758145,0.0,0.0,0.32,37,42,49,0.6910569105691057,0.7398373983739838,0.8536585365853658,0.76752,2.687294,7.133754,0.0,0.171875,0.2631578947368421,85,91,105
572,0.8559322033898306,0.576271186440678,0.7033898305084746,58.7439769224396,66.90567287277503,111.04233483124503,0.0,0.8586956521739131,1.0,101,68,83,0.6440677966101694,0.7457627118644068,0.8135593220338984,4.813963,7.171373374818472,34.8343474002616,0.0,0.0,0.32,38,44,48,0.7073170731707317,0.7560975609756098,0.8455284552845529,0.776606,2.657548,7.143718,0.0,0.125,0.25,87,93,104
573,0.8559322033898306,0.559322033898305,0.6949152542372882,56.92946521466689,64.9128384005016,110.75289994733485,0.0,0.8735632183908046,0.9824561403508771,101,66,82,0.6610169491525424,0.6949152542372882,0.8305084745762712,5.047235,7.540182705928376,34.65658449155484,0.0,0.0,0.2857142857142857,39,41,49,0.6991869918699187,0.7317073170731707,0.8373983739837398,0.763517,2.618229,7.201102,0.0,0.13114754098360656,0.25,86,90,103
574,0.864406779661017,0.5847457627118644,0.7033898305084746,60.88865217463869,66.65661739065743,111.15927946781746,0.0,0.8941176470588236,0.9333333333333333,102,69,83,0.6440677966101694,0.711864406779661,0.8305084745762712,5.430601,7.218159474846564,35.02104949155484,0.0,0.0,0.32,38,42,49,0.6991869918699187,0.7317073170731707,0.8455284552845529,0.814973,2.630232,7.15514,0.0,0.12903225806451613,0.20454545454545456,86,90,104
575,0.8813559322033898,0.5847457627118644,0.7033898305084746,56.64522116676988,65.29576397242894,111.15927946781746,0.0,0.8837209302325582,1.0,104,69,83,0.6440677966101694,0.7457627118644068,0.8305084745762712,4.810447,7.275743552630258,34.819476491554845,0.0,0.0,0.3076923076923077,38,44,49,0.7073170731707317,0.7154471544715447,0.8455284552845529,0.769495,2.652621,7.221766,0.0,0.15702479338842976,0.21951219512195122,87,88,104
576,0.847457627118644,0.576271186440678,0.7033898305084746,57.97526860856728,67.31398299086035,110.79498358191141,0.0,0.8735632183908046,1.0,100,68,83,0.6610169491525424,0.7457627118644068,0.8305084745762712,4.972068,7.392576706627328,35.07590549155484,0.0,0.0,0.3333333333333333,39,44,49,0.7073170731707317,0.6829268292682927,0.8373983739837398,0.828591,2.65636,7.242439,0.0,0.14285714285714285,0.20512820512820512,87,84,103
577,0.8898305084745762,0.5677966101694916,0.7033898305084746,55.89448671580704,67.86594336933577,111.15927946781746,0.03125,0.8735632183908046,0.9821428571428571,105,67,83,0.6610169491525424,0.7796610169491526,0.8305084745762712,5.357021,7.334055820305008,35.05977149155484,0.0,0.0,0.32,39,46,49,0.7235772357723578,0.6747967479674797,0.8292682926829268,0.815021,2.688117,7.233418,0.0,0.11607142857142858,0.15789473684210525,89,83,102
578,0.8898305084745762,0.5677966101694916,0.7033898305084746,58.2496949442222,67.15196543458536,111.28930160618192,0.10526315789473684,0.8850574712643678,1.0,105,67,83,0.6779661016949152,0.7288135593220338,0.8305084745762712,4.968692,7.420356022424443,34.94100049155484,0.0,0.0,0.3333333333333333,40,43,49,0.7235772357723578,0.6747967479674797,0.8373983739837398,0.834421,2.604458,7.295115,0.0,0.125,0.15384615384615385,89,83,103
579,0.8559322033898306,0.5847457627118644,0.7033898305084746,53.07945020630296,68.24347604750878,110.57762130997872,0.07692307692307693,0.8620689655172413,0.9473684210526315,101,69,83,0.6610169491525424,0.7288135593220338,0.8305084745762712,4.679092,7.533994054432854,35.14219649155484,0.0,0.0,0.32,39,43,49,0.7073170731707317,0.6666666666666666,0.8455284552845529,0.815313,2.662496,7.30874,0.0,0.13333333333333333,0.16279069767441862,87,82,104
580,0.8898305084745762,0.5508474576271186,0.7033898305084746,54.416765789151526,68.37287350702712,110.7181548894299,0.0,0.9101123595505618,0.9818181818181818,105,65,83,0.6610169491525424,0.7457627118644068,0.8305084745762712,5.102236,7.121635110008132,35.10177749155484,0.0,0.0,0.32,39,44,49,0.7073170731707317,0.6585365853658537,0.8292682926829268,0.845659,2.646265,7.314227,0.0,0.12173913043478261,0.15,87,81,102
581,0.8305084745762712,0.5932203389830508,0.6949152542372882,61.005751411024356,67.09391313111709,110.66869731187785,0.0,0.7821782178217822,0.9655172413793104,98,70,82,0.6610169491525424,0.7457627118644068,0.8135593220338984,5.188818,7.365110018697984,35.11084649155484,0.0,0.0,0.3333333333333333,39,44,48,0.7154471544715447,0.6178861788617886,0.8455284552845529,0.811043,2.695522,7.375377,0.0,0.13274336283185842,0.21052631578947367,88,76,104
582,0.8389830508474576,0.5847457627118644,0.6864406779661016,59.925509558813424,65.43529557060859,109.70373987821135,0.0,0.8494623655913979,0.9655172413793104,99,69,81,0.6610169491525424,0.7457627118644068,0.7966101694915254,5.376171,7.323958971380761,35.12581449155484,0.0,0.0,0.32,39,44,47,0.7073170731707317,0.6585365853658537,0.8292682926829268,0.808423,2.63032,7.423148,0.0,0.1487603305785124,0.21621621621621623,87,81,102
583,0.8559322033898306,0.576271186440678,0.6949152542372882,56.71555643098408,65.96448535121493,110.5776213099787,0.0,0.9620253164556962,0.9824561403508771,101,68,82,0.6440677966101694,0.7288135593220338,0.7796610169491526,5.180092,7.8714985769379044,35.172007491554844,0.0,0.0,0.32,38,43,46,0.7154471544715447,0.6585365853658537,0.8455284552845529,0.811725,2.642029,7.399707,0.0,0.17796610169491525,0.19047619047619047,88,81,104
584,0.8559322033898306,0.5847457627118644,0.6949152542372882,56.41919496110296,66.09143101197499,110.5776213099787,0.0,0.8444444444444444,1.0,101,69,82,0.6440677966101694,0.7457627118644068,0.7796610169491526,5.081715,7.588174540181876,35.57549149155484,0.0,0.0,0.3333333333333333,38,44,46,0.6910569105691057,0.6747967479674797,0.8455284552845529,0.829607,2.563281,7.411902,0.0,0.13333333333333333,0.1951219512195122,85,83,104
585,0.864406779661017,0.5423728813559322,0.6949152542372882,56.51724905094954,66.5392698871355,110.5776213099787,0.0,0.872093023255814,0.9824561403508771,102,64,82,0.6440677966101694,0.711864406779661,0.7796610169491526,5.083203,7.601132616122322,35.314692491554844,0.0,0.0,0.32,38,42,46,0.6910569105691057,0.6666666666666666,0.8536585365853658,0.81489,2.608289,7.386458,0.0,0.16101694915254236,0.2,85,82,105
586,0.8389830508474576,0.576271186440678,0.6949152542372882,55.276304331758304,67.16330548017733,110.5776213099787,0.0,0.8426966292134831,0.9824561403508771,99,68,82,0.6440677966101694,0.711864406779661,0.7796610169491526,4.928791,7.731120891713858,35.28754449155484,0.0,0.0,0.3333333333333333,38,42,46,0.6910569105691057,0.6585365853658537,0.8617886178861789,0.800819,2.639146,7.433328,0.0,0.1694915254237288,0.21951219512195122,85,81,106
587,0.8305084745762712,0.576271186440678,0.6949152542372882,54.89549871347022,66.93521680838204,110.5776213099787,0.0,0.8764044943820225,1.0,98,68,82,0.6610169491525424,0.7796610169491526,0.7796610169491526,4.948818,7.771840630629973,35.28182549155484,0.0,0.0,0.32,39,46,46,0.6991869918699187,0.6504065040650406,0.8536585365853658,0.817916,2.66089,7.426809,0.0,0.15517241379310345,0.21739130434782608,86,80,105
588,0.8389830508474576,0.576271186440678,0.6949152542372882,57.53237791063841,67.83009703934955,110.5776213099787,0.0,0.8522727272727273,0.9818181818181818,99,68,82,0.6610169491525424,0.7966101694915254,0.7796610169491526,4.9078,7.768935729856906,35.71958949155484,0.0,0.0,0.3333333333333333,39,47,46,0.6991869918699187,0.6422764227642277,0.8536585365853658,0.810781,2.613461,7.410852,0.0,0.15966386554621848,0.24390243902439024,86,79,105
589,0.864406779661017,0.5932203389830508,0.6949152542372882,55.174854873801024,64.56380174473473,110.5776213099787,0.0,0.8404255319148937,1.0,102,70,82,0.6610169491525424,0.7627118644067796,0.7796610169491526,4.80439,7.521180631492022,35.587074491554844,0.0,0.0,0.32,39,45,46,0.7073170731707317,0.6829268292682927,0.8373983739837398,0.792428,2.683008,7.41471,0.0,0.15833333333333333,0.25,87,84,103
590,0.847457627118644,0.576271186440678,0.6949152542372882,56.20250879100913,66.27309007023551,110.5776213099787,0.0,0.9302325581395349,1.0,100,68,82,0.6610169491525424,0.7288135593220338,0.7796610169491526,4.743291,7.47621780126576,35.524388491554845,0.0,0.0,0.3333333333333333,39,43,46,0.7154471544715447,0.6910569105691057,0.8455284552845529,0.809818,2.588486,7.430318,0.0,0.14516129032258066,0.23255813953488372,88,85,104
591,0.8389830508474576,0.5932203389830508,0.6949152542372882,60.10666992184072,65.80424224984502,110.5776213099787,0.0,0.851063829787234,1.0,99,70,82,0.6440677966101694,0.711864406779661,0.7796610169491526,4.745069,7.276736565294662,35.85571549155484,0.0,0.0,0.3333333333333333,38,42,46,0.7073170731707317,0.6991869918699187,0.8617886178861789,0.798212,2.52007,7.438633,0.0,0.11965811965811966,0.23255813953488372,87,86,106
592,0.864406779661017,0.559322033898305,0.6949152542372882,56.88328913516865,66.44126531332624,110.5776213099787,0.0,0.8255813953488372,1.0,102,66,82,0.6440677966101694,0.6949152542372882,0.7796610169491526,4.82344,7.422935891713857,35.58379349155484,0.0,0.0,0.3333333333333333,38,41,46,0.7154471544715447,0.6829268292682927,0.8617886178861789,0.881492,2.544054,7.503915,0.0,0.12931034482758622,0.25,88,84,106
593,0.847457627118644,0.5932203389830508,0.6949152542372882,55.78614339327277,66.81719645036497,110.5776213099787,0.0,0.8351648351648352,1.0,100,70,82,0.6440677966101694,0.7457627118644068,0.7796610169491526,4.784389,7.485072643078358,35.59389949155484,0.0,0.0,0.32,38,44,46,0.7317073170731707,0.6829268292682927,0.8617886178861789,0.806157,2.57049,7.490294,0.0,0.13043478260869565,0.25,90,84,106
594,0.8559322033898306,0.6101694915254238,0.6949152542372882,56.16197098979719,64.60793341473558,110.82186457375238,0.0,0.8780487804878049,1.0,101,72,82,0.6440677966101694,0.7457627118644068,0.7796610169491526,5.085374,7.7868256385467625,35.790697491554845,0.0,0.0,0.3333333333333333,38,44,46,0.7317073170731707,0.6910569105691057,0.8536585365853658,0.792372,2.549976,7.499898,0.0,0.11504424778761062,0.22857142857142856,90,85,105
595,0.8813559322033898,0.5932203389830508,0.7033898305084746,58.59241297600827,64.59169870292011,110.5776213099787,0.0,0.8,0.9482758620689655,104,70,83,0.6440677966101694,0.7457627118644068,0.7627118644067796,5.135083,7.173838849786296,35.63312649155484,0.0,0.0,0.3333333333333333,38,44,45,0.7398373983739838,0.6910569105691057,0.8617886178861789,0.811492,2.588284,7.488607,0.0,0.12173913043478261,0.2631578947368421,91,85,106
596,0.8135593220338984,0.5932203389830508,0.6949152542372882,53.50824439119758,65.96731252370793,110.5776213099787,0.0,0.8533333333333334,1.0,96,70,82,0.6440677966101694,0.7457627118644068,0.7457627118644068,5.174584,7.78831559557898,35.69520749155484,0.0,0.0,0.3333333333333333,38,44,44,0.6991869918699187,0.6747967479674797,0.8211382113821138,0.800559,2.51282,7.516998,0.0,0.12173913043478261,0.2777777777777778,86,83,101
597,0.7711864406779662,0.5508474576271186,0.6694915254237288,58.98935717594687,66.17634225027341,110.5776213099787,0.09090909090909091,0.8450704225352113,1.0,91,65,79,0.6440677966101694,0.711864406779661,0.7457627118644068,4.798972,7.122555729856908,35.924562491554845,0.0,0.0,0.32,38,42,44,0.6991869918699187,0.6585365853658537,0.7967479674796748,0.823423,2.560583,7.554269,0.0,0.19658119658119658,0.23684210526315788,86,81,98
598,0.7627118644067796,0.6016949152542372,0.6694915254237288,61.15079177603077,64.54043041518672,110.5776213099787,0.10526315789473684,0.8076923076923077,1.0,90,71,79,0.6440677966101694,0.7457627118644068,0.7457627118644068,5.170924,7.491132626960426,36.16520949155484,0.0,0.0,0.32,38,44,44,0.7073170731707317,0.6585365853658537,0.7804878048780488,0.822591,2.577875,7.536435,0.0,0.19130434782608696,0.2727272727272727,87,81,96
599,0.7796610169491526,0.6101694915254238,0.6694915254237288,56.85428675799289,64.01705974602234,110.85730120510739,0.09090909090909091,0.7916666666666666,1.0,92,72,79,0.6440677966101694,0.7457627118644068,0.7796610169491526,4.844783,7.287912856841035,36.14249549155484,0.0,0.0,0.27586206896551724,38,44,46,0.7154471544715447,0.6666666666666666,0.8048780487804879,0.826132,2.593896,7.510849,0.0,0.19130434782608696,0.2727272727272727,88,82,99
