Time_Sec,embb_Norm_availability,embb_Fault_availability,embb_Res_availability,embb_Norm_throughput,embb_Fault_throughput,embb_Res_throughput,embb_Norm_blocking,embb_Fault_blocking,embb_Res_blocking,embb_Norm_connected_count,embb_Fault_connected_count,embb_Res_connected_count,urllc_Norm_availability,urllc_Fault_availability,urllc_Res_availability,urllc_Norm_throughput,urllc_Fault_throughput,urllc_Res_throughput,urllc_Norm_blocking,urllc_Fault_blocking,urllc_Res_blocking,urllc_Norm_connected_count,urllc_Fault_connected_count,urllc_Res_connected_count,mmtc_Norm_availability,mmtc_Fault_availability,mmtc_Res_availability,mmtc_Norm_throughput,mmtc_Fault_throughput,mmtc_Res_throughput,mmtc_Norm_blocking,mmtc_Fault_blocking,mmtc_Res_blocking,mmtc_Norm_connected_count,mmtc_Fault_connected_count,mmtc_Res_connected_count
0,0.0,0.21875,0.21875,0.0,0.0,0.0,0.0,0.06666666666666667,0.06666666666666667,0,42,42,0.0,0.17142857142857143,0.17142857142857143,0.0,0.0,0.0,0.0,0.0,0.0,0,18,18,0.0,0.22660098522167488,0.22660098522167488,0.0,0.0,0.0,0.0,0.0,0.0,0,46,46
1,0.40625,0.5,0.5,0.0,32.193428571428576,32.66000000000001,0.15217391304347827,0.6847826086956522,0.6918918918918919,78,96,96,0.4095238095238095,0.6952380952380952,0.6952380952380952,0.0,3.095000155844156,3.523881012987013,0.0,0.03,0.030612244897959183,43,73,73,0.4039408866995074,0.5911330049261084,0.5960591133004927,0.0,0.469075,0.483805,0.03529411764705882,0.14948453608247422,0.14948453608247422,82,120,121
2,0.5,0.5,0.5,42.62541528571429,28.00838528571429,29.03495671428572,0.8870056497175142,0.9512195121951219,0.9573170731707317,96,96,96,0.4666666666666667,0.7238095238095238,0.7047619047619048,0.458313111111111,2.428676,3.570074968253968,0.031578947368421054,0.0,0.010416666666666666,49,76,74,0.4630541871921182,0.5862068965517241,0.5911330049261084,0.1116,0.542626,0.58415,0.20476190476190476,0.14948453608247422,0.15228426395939088,94,119,120
3,0.5,0.5,0.5,38.775441285714294,23.52284385714286,23.546792857142858,0.9415204678362573,0.9044943820224719,0.8938547486033519,96,96,96,0.5047619047619047,0.7238095238095238,0.6571428571428571,0.9434792539682537,1.9833634285714286,3.5139232063492063,0.0,0.0,0.0,53,76,69,0.5073891625615764,0.5812807881773399,0.5763546798029556,0.332641,0.564534,0.62417,0.16990291262135923,0.16417910447761194,0.145,103,118,117
4,0.5,0.4895833333333333,0.484375,34.466874,25.75682742857143,24.737944428571435,0.9520958083832335,0.8926553672316384,0.8971428571428571,96,94,93,0.5333333333333333,0.6952380952380952,0.6476190476190476,1.4291212222222223,1.936524,3.4067614285714285,0.0,0.0,0.0,56,73,68,0.5270935960591133,0.5812807881773399,0.5763546798029556,0.278088,0.489468,0.593121,0.1407035175879397,0.1568627450980392,0.15841584158415842,107,118,117
5,0.5,0.4947916666666667,0.5,21.698694571428568,24.39053542857143,29.206030857142864,0.8956043956043956,0.8833333333333333,0.9209039548022598,96,95,96,0.5428571428571428,0.7142857142857143,0.6476190476190476,1.6519187142857141,2.198504142857143,4.16625965079365,0.0,0.0,0.0,57,75,68,0.5517241379310345,0.5862068965517241,0.6009852216748769,0.236312,0.470253,0.672639,0.15422885572139303,0.135678391959799,0.16097560975609757,112,119,122
6,0.5,0.4947916666666667,0.5,21.934532428571433,29.479281857142862,29.976345428571435,0.8901098901098901,0.9090909090909091,0.9075144508670521,96,95,96,0.5904761904761905,0.7142857142857143,0.638095238095238,1.8500415714285714,2.552571888888889,4.798545317460317,0.0,0.0,0.0,62,75,67,0.5714285714285714,0.6059113300492611,0.5960591133004927,0.304196,0.529538,0.679764,0.16080402010050251,0.12244897959183673,0.14358974358974358,116,123,121
7,0.5,0.4895833333333333,0.4895833333333333,23.891383,23.329082142857143,27.040991571428563,0.9106145251396648,0.9055555555555556,0.9080459770114943,96,94,94,0.6095238095238096,0.7238095238095238,0.6285714285714286,2.571462,2.683881,4.6526894285714295,0.0,0.0,0.0,64,76,66,0.5911330049261084,0.6206896551724138,0.6059113300492611,0.322245,0.603409,0.725133,0.10880829015544041,0.09473684210526316,0.1553398058252427,120,126,123
8,0.4947916666666667,0.5,0.4947916666666667,27.789880142857143,26.583136142857136,26.214980285714276,0.9122807017543859,0.8944444444444445,0.8743169398907104,95,96,95,0.6190476190476191,0.6857142857142857,0.6571428571428571,2.533976428571429,2.437498,5.047438539682539,0.0,0.0,0.0,65,72,69,0.6059113300492611,0.6009852216748769,0.6206896551724138,0.299092,0.62469,0.722063,0.12121212121212122,0.10471204188481675,0.13432835820895522,123,122,126
9,0.4791666666666667,0.5,0.484375,26.660223857142828,27.063532000000002,24.613879714285712,0.8956043956043956,0.8839779005524862,0.84375,92,96,93,0.6285714285714286,0.7047619047619048,0.6476190476190476,2.430202571428572,2.3930454285714284,5.178078285714286,0.0,0.0,0.0,66,74,68,0.6206896551724138,0.6157635467980296,0.6206896551724138,0.321755,0.482963,0.749018,0.1218274111675127,0.09183673469387756,0.18357487922705315,126,125,126
10,0.5,0.4895833333333333,0.5,23.520048571428568,28.285199,29.26555057142856,0.8549222797927462,0.8971428571428571,0.8967391304347826,96,94,96,0.6285714285714286,0.6571428571428571,0.6666666666666666,2.5113670000000003,1.9660536507936508,5.38214707936508,0.0,0.0,0.0,66,69,70,0.645320197044335,0.6403940886699507,0.625615763546798,0.38088,0.489296,0.881278,0.1218274111675127,0.10891089108910891,0.16748768472906403,131,130,127
11,0.4947916666666667,0.484375,0.4947916666666667,25.26023185714286,29.154165857142857,28.78116814285714,0.8763440860215054,0.9186046511627907,0.9180327868852459,95,93,95,0.6476190476190476,0.7238095238095238,0.6476190476190476,2.3334955714285717,2.2843429552669554,5.50123365079365,0.0,0.0,0.0,68,76,68,0.645320197044335,0.6502463054187192,0.6059113300492611,0.411553,0.505395,1.090247,0.1326530612244898,0.11224489795918367,0.14,131,132,123
12,0.4947916666666667,0.4947916666666667,0.484375,24.957241714285715,24.915881714285714,30.48109142857142,0.9217877094972067,0.8606965174129353,0.8977272727272727,95,95,93,0.6571428571428571,0.6857142857142857,0.6285714285714286,2.7133136507936513,3.111292888888889,5.545090079365079,0.0,0.010526315789473684,0.0,69,72,66,0.645320197044335,0.6354679802955665,0.6059113300492611,0.50436,0.502543,0.920161,0.12755102040816327,0.12871287128712872,0.13658536585365855,131,129,123
13,0.4895833333333333,0.5,0.4947916666666667,27.79181571428571,23.11590685714285,28.634296571428568,0.8839779005524862,0.8549222797927462,0.8913043478260869,94,96,95,0.6666666666666666,0.6571428571428571,0.6666666666666666,2.9251502222222228,2.6392317272727275,6.812784492063493,0.0,0.010869565217391304,0.0,70,69,70,0.6551724137931034,0.6354679802955665,0.6206896551724138,0.533669,0.603813,1.103052,0.1625615763546798,0.1407035175879397,0.12755102040816327,133,129,126
14,0.4947916666666667,0.4947916666666667,0.4895833333333333,29.482164714285716,26.189336714285712,26.977723428571426,0.8938547486033519,0.9401197604790419,0.9050279329608939,95,95,94,0.6571428571428571,0.7047619047619048,0.6857142857142857,3.3084281111111116,3.055186888888889,6.510333507936508,0.0,0.0,0.0,69,74,72,0.6748768472906403,0.6108374384236454,0.6354679802955665,0.614846,0.631426,1.170237,0.1932367149758454,0.11855670103092783,0.09844559585492228,137,124,129
15,0.4895833333333333,0.4947916666666667,0.4947916666666667,26.950699,25.942058714285718,30.16653471428571,0.9101123595505618,0.8579234972677595,0.8926553672316384,94,95,95,0.6761904761904762,0.6952380952380952,0.6571428571428571,3.0214180000000006,3.556927888888889,6.634572564213563,0.0,0.0,0.0,71,73,69,0.6699507389162561,0.5960591133004927,0.645320197044335,0.668951,0.607047,1.293768,0.15025906735751296,0.08290155440414508,0.135678391959799,136,121,131
16,0.484375,0.4947916666666667,0.4947916666666667,25.332331714285726,26.345616000000003,28.138950428571427,0.8716577540106952,0.9106145251396648,0.903954802259887,93,95,95,0.6666666666666666,0.7142857142857143,0.638095238095238,2.9907933492063496,3.0672801111111108,6.294150079365079,0.0,0.0,0.0,70,75,67,0.6699507389162561,0.6305418719211823,0.6354679802955665,0.721887,0.505721,1.273997,0.13917525773195877,0.09359605911330049,0.11386138613861387,136,128,129
17,0.484375,0.4895833333333333,0.484375,24.457690142857135,28.110876857142866,30.241225,0.9415204678362573,0.9230769230769231,0.9130434782608695,93,94,93,0.6666666666666666,0.6857142857142857,0.6285714285714286,2.9491280000000004,3.14984511111111,6.472948428571429,0.0,0.0,0.0,70,72,66,0.6650246305418719,0.6502463054187192,0.6354679802955665,0.725463,0.584129,1.193353,0.1414141414141414,0.14215686274509803,0.09326424870466321,135,132,129
18,0.4895833333333333,0.5,0.4895833333333333,21.897908714285705,25.704186857142854,30.162955999999998,0.8852459016393442,0.8743169398907104,0.8795811518324608,94,96,94,0.6666666666666666,0.6952380952380952,0.638095238095238,3.4439809336219347,2.8517179999999995,6.772988038961039,0.0,0.0,0.0,70,73,67,0.6502463054187192,0.645320197044335,0.6403940886699507,0.699623,0.647924,1.21652,0.13636363636363635,0.07894736842105263,0.11940298507462686,132,131,130
19,0.484375,0.4947916666666667,0.4947916666666667,22.89615385714286,27.25650242857143,31.117204428571423,0.8641304347826086,0.8820224719101124,0.9162011173184358,93,95,95,0.6761904761904762,0.6476190476190476,0.6285714285714286,2.9351664603174608,3.47992292063492,7.709692857142858,0.0,0.0,0.0,71,68,66,0.6305418719211823,0.645320197044335,0.645320197044335,0.805098,0.680078,1.349653,0.13432835820895522,0.09424083769633508,0.116751269035533,128,131,131
20,0.4947916666666667,0.5,0.4947916666666667,23.53022457142857,29.468922714285714,30.9115867142857,0.903954802259887,0.9239766081871345,0.8846153846153846,95,96,95,0.6857142857142857,0.6761904761904762,0.638095238095238,3.189021838383839,3.5461532222222214,7.081218362193362,0.0,0.0,0.0,72,71,67,0.6009852216748769,0.6403940886699507,0.6403940886699507,0.726114,0.767053,1.401455,0.12307692307692308,0.0797872340425532,0.09326424870466321,122,130,130
21,0.484375,0.4947916666666667,0.4947916666666667,27.277244714285708,28.34255385714286,33.704098571428574,0.9058823529411765,0.8994413407821229,0.9021739130434783,93,95,95,0.6571428571428571,0.6952380952380952,0.6571428571428571,3.2282138571428582,3.569275571428571,7.57872424098124,0.0,0.0,0.01098901098901099,69,73,69,0.5812807881773399,0.6403940886699507,0.6502463054187192,0.744881,0.678411,1.418355,0.08854166666666667,0.08290155440414508,0.08376963350785341,118,130,132
22,0.4895833333333333,0.4947916666666667,0.4791666666666667,29.94700057142857,27.311938857142863,34.74017671428572,0.8938547486033519,0.8938547486033519,0.9016393442622951,94,95,92,0.6666666666666666,0.6666666666666666,0.638095238095238,2.875087317460318,3.266979428571428,7.61928615007215,0.0,0.0,0.011764705882352941,70,70,67,0.5615763546798029,0.6305418719211823,0.6502463054187192,0.755631,0.646787,1.380362,0.09375,0.08762886597938144,0.09693877551020408,114,128,132
23,0.4895833333333333,0.5,0.484375,29.120890142857142,25.86177214285715,33.98201742857143,0.8950276243093923,0.8938547486033519,0.9135135135135135,94,96,93,0.6761904761904762,0.6571428571428571,0.638095238095238,3.0722645714285717,3.0469471428571424,7.496305857142857,0.0,0.0,0.011363636363636364,71,69,67,0.5615763546798029,0.6650246305418719,0.6305418719211823,0.69942,0.646891,1.414385,0.06282722513089005,0.1,0.09693877551020408,114,135,128
24,0.4947916666666667,0.4895833333333333,0.4947916666666667,23.806220285714282,27.935584428571424,29.689989571428566,0.8711340206185567,0.92,0.893048128342246,95,94,95,0.638095238095238,0.6857142857142857,0.638095238095238,3.2574326161616165,3.5934089999999994,7.553907968253967,0.0,0.0,0.010638297872340425,67,72,67,0.5714285714285714,0.6748768472906403,0.6305418719211823,0.631537,0.627216,1.411628,0.095,0.14705882352941177,0.09183673469387756,116,137,128
25,0.46875,0.4947916666666667,0.4947916666666667,26.55865842857142,28.343490428571428,29.810978714285717,0.9261363636363636,0.9090909090909091,0.8673469387755102,90,95,95,0.6190476190476191,0.7333333333333333,0.6857142857142857,2.738286232323233,3.37019246031746,7.581797695526695,0.01098901098901099,0.0,0.0,65,77,72,0.5862068965517241,0.6798029556650246,0.6157635467980296,0.58948,0.569048,1.419056,0.09950248756218906,0.14492753623188406,0.11282051282051282,119,138,125
26,0.4947916666666667,0.4947916666666667,0.4895833333333333,26.142969571428566,29.30447057142857,26.352250714285713,0.9,0.8497409326424871,0.9378531073446328,95,95,94,0.6095238095238096,0.7142857142857143,0.6857142857142857,2.987868266955268,3.323978555555556,7.331503962481962,0.010869565217391304,0.0,0.011363636363636364,64,75,72,0.6059113300492611,0.6699507389162561,0.6108374384236454,0.648701,0.593158,1.467018,0.11594202898550725,0.13930348258706468,0.10362694300518134,123,136,124
27,0.4947916666666667,0.4895833333333333,0.4895833333333333,27.893264142857145,30.799795857142858,29.669478142857145,0.9137931034482759,0.9265536723163842,0.9027027027027027,95,94,94,0.6095238095238096,0.7428571428571429,0.6666666666666666,2.9961380000000006,3.284725,7.98301685137085,0.0,0.0,0.0,64,78,70,0.6157635467980296,0.6551724137931034,0.6009852216748769,0.616554,0.640464,1.467767,0.08717948717948718,0.135678391959799,0.11055276381909548,125,133,122
28,0.484375,0.484375,0.4791666666666667,28.032928571428567,29.620077285714288,30.562490999999994,0.8950276243093923,0.907608695652174,0.9065934065934066,93,93,92,0.5904761904761905,0.7428571428571429,0.6857142857142857,3.1823602222222225,3.409624155844156,8.436338507936508,0.0,0.0,0.0,62,78,72,0.6206896551724138,0.6502463054187192,0.6157635467980296,0.668689,0.650364,1.437428,0.12254901960784313,0.12121212121212122,0.10101010101010101,126,132,125
29,0.4895833333333333,0.484375,0.46875,27.55073842857142,27.896137571428575,36.477654,0.8434343434343434,0.9044943820224719,0.9106145251396648,94,93,90,0.6190476190476191,0.7238095238095238,0.6857142857142857,3.1698388888888895,3.686522181818182,8.720520253968253,0.0,0.0,0.0,65,76,72,0.6157635467980296,0.6403940886699507,0.625615763546798,0.662045,0.64745,1.555306,0.11822660098522167,0.09375,0.07291666666666667,125,130,127
30,0.484375,0.4895833333333333,0.4791666666666667,26.53144642857143,25.95751385714286,35.19155742857143,0.9037433155080213,0.903954802259887,0.9,93,94,92,0.6285714285714286,0.7523809523809524,0.6952380952380952,3.4842247777777784,3.035524,8.081429962481963,0.0,0.0,0.0,66,79,73,0.5960591133004927,0.6354679802955665,0.645320197044335,0.689038,0.688501,1.53448,0.1076923076923077,0.1076923076923077,0.09230769230769231,121,129,131
31,0.4947916666666667,0.484375,0.4791666666666667,21.65506614285714,27.035963285714292,29.75998957142857,0.9382022471910112,0.9044943820224719,0.8984771573604061,95,93,92,0.6285714285714286,0.7333333333333333,0.6952380952380952,3.2907428225108233,3.519860227994228,8.294824235209234,0.0,0.0,0.0,66,77,73,0.6009852216748769,0.5960591133004927,0.6502463054187192,0.671989,0.655197,1.58125,0.09693877551020408,0.12371134020618557,0.125,122,121,132
32,0.484375,0.4947916666666667,0.484375,21.7284447142857,24.269379,29.140851,0.9005524861878453,0.9081081081081082,0.9139784946236559,93,95,93,0.638095238095238,0.7142857142857143,0.7047619047619048,2.978680000000001,3.440270727272727,8.789907774891775,0.0,0.0,0.0,67,75,74,0.6108374384236454,0.5911330049261084,0.6551724137931034,0.609436,0.651104,1.671439,0.08421052631578947,0.13366336633663367,0.08333333333333333,124,120,133
33,0.484375,0.4791666666666667,0.4895833333333333,23.88089199999999,31.36308085714287,29.19946657142856,0.8876404494382022,0.8641304347826086,0.907103825136612,93,92,94,0.6761904761904762,0.6952380952380952,0.7047619047619048,2.6039044285714295,3.341537,8.93022937085137,0.0,0.0,0.0,71,73,74,0.6009852216748769,0.5862068965517241,0.6650246305418719,0.645676,0.675603,1.657763,0.09424083769633508,0.12562814070351758,0.1065989847715736,122,119,135
34,0.484375,0.4947916666666667,0.4895833333333333,25.636112000000004,27.432532714285717,28.705745571428572,0.8633879781420765,0.9213483146067416,0.8936170212765957,93,95,94,0.6666666666666666,0.6761904761904762,0.7047619047619048,2.706094777777779,3.4228252063492066,8.787854683982683,0.0,0.0,0.0,70,71,74,0.6009852216748769,0.5862068965517241,0.6699507389162561,0.660943,0.682986,1.713441,0.11794871794871795,0.12121212121212122,0.09183673469387756,122,119,136
35,0.4947916666666667,0.4895833333333333,0.4791666666666667,28.95222614285714,27.950896428571436,32.423671428571424,0.9,0.9096045197740112,0.9106145251396648,95,94,92,0.6571428571428571,0.6857142857142857,0.7047619047619048,2.287040253968255,2.7909041558441556,10.046357552669551,0.0,0.0,0.0,69,72,74,0.6009852216748769,0.6009852216748769,0.6945812807881774,0.688002,0.637319,1.800228,0.11398963730569948,0.12060301507537688,0.09278350515463918,122,122,141
36,0.4947916666666667,0.4895833333333333,0.484375,29.440385142857142,25.26495657142858,31.004692857142853,0.9147727272727273,0.8938547486033519,0.8947368421052632,95,94,93,0.6476190476190476,0.6857142857142857,0.7047619047619048,2.549276539682541,3.0854198383838387,9.468418507936505,0.0,0.0,0.012048192771084338,68,72,74,0.6059113300492611,0.6059113300492611,0.6995073891625616,0.755484,0.695983,1.911158,0.1134020618556701,0.11055276381909548,0.054945054945054944,123,123,142
37,0.4895833333333333,0.4895833333333333,0.484375,29.449761142857138,24.500687285714303,34.99780657142856,0.8783068783068783,0.8715083798882681,0.9265536723163842,94,94,93,0.6761904761904762,0.6761904761904762,0.6952380952380952,2.5372760000000016,3.7998158051948048,9.532234391053391,0.0,0.0,0.012048192771084338,71,71,73,0.6059113300492611,0.6157635467980296,0.7093596059113301,0.804723,0.703054,1.973945,0.10824742268041238,0.07853403141361257,0.06349206349206349,123,125,144
38,0.484375,0.4947916666666667,0.484375,27.928654428571416,26.33327300000001,33.79298014285715,0.9081081081081082,0.9027027027027027,0.8901098901098901,93,95,93,0.6476190476190476,0.6857142857142857,0.6857142857142857,2.9538785714285734,3.173021272727273,9.462855819624817,0.0,0.0,0.02564102564102564,68,72,72,0.6157635467980296,0.6354679802955665,0.6995073891625616,0.759543,0.713359,1.925179,0.10606060606060606,0.09183673469387756,0.04891304347826087,125,129,142
39,0.4895833333333333,0.4895833333333333,0.4895833333333333,30.700716714285708,31.279089714285718,31.034345571428567,0.8829787234042553,0.9085714285714286,0.9213483146067416,94,94,94,0.6571428571428571,0.6857142857142857,0.7047619047619048,2.8884534285714305,3.272423174603175,9.763444528138528,0.0,0.0,0.03896103896103896,69,72,74,0.625615763546798,0.6403940886699507,0.6847290640394089,0.733801,0.728622,1.933405,0.10101010101010101,0.08376963350785341,0.06077348066298342,127,130,139
40,0.4895833333333333,0.4947916666666667,0.4895833333333333,30.099057999999992,30.494302857142866,35.34849714285713,0.8926553672316384,0.8994413407821229,0.907608695652174,94,95,94,0.6476190476190476,0.6857142857142857,0.7047619047619048,2.2435980000000013,3.069800888888889,10.03936148196248,0.0,0.0,0.036585365853658534,68,72,74,0.6354679802955665,0.6354679802955665,0.6896551724137931,0.781694,0.746115,1.9466,0.10309278350515463,0.09424083769633508,0.05555555555555555,129,129,140
41,0.4895833333333333,0.484375,0.4895833333333333,29.412098999999984,30.734032714285718,35.588382857142854,0.9101123595505618,0.9044943820224719,0.8956043956043956,94,93,94,0.6571428571428571,0.6571428571428571,0.7523809523809524,2.7762611818181835,2.52156853968254,10.31841278066378,0.0,0.0,0.04,69,69,79,0.6403940886699507,0.6354679802955665,0.6945812807881774,0.80369,0.843861,2.039941,0.09326424870466321,0.09844559585492228,0.04,130,129,141
42,0.4791666666666667,0.4947916666666667,0.484375,26.553124999999977,26.76359471428572,36.21226014285713,0.8784530386740331,0.9065934065934066,0.8961748633879781,92,95,93,0.6285714285714286,0.7142857142857143,0.7238095238095238,3.28720742857143,2.9171512265512267,10.012720346320346,0.0,0.021505376344086023,0.0,66,75,76,0.645320197044335,0.6354679802955665,0.6847290640394089,0.80821,0.816923,2.064552,0.11,0.09523809523809523,0.0670391061452514,131,129,139
43,0.484375,0.4947916666666667,0.484375,29.475652714285705,25.055707857142856,31.57614214285713,0.9239766081871345,0.9257142857142857,0.9213483146067416,93,95,93,0.6571428571428571,0.7333333333333333,0.7047619047619048,3.2294604545454564,3.695845142857143,10.777288190476188,0.0,0.0,0.013333333333333334,69,77,74,0.6600985221674877,0.6305418719211823,0.6699507389162561,0.861504,0.882718,2.13212,0.13131313131313133,0.10362694300518134,0.05172413793103448,134,128,136
44,0.4895833333333333,0.4895833333333333,0.4791666666666667,29.790544857142848,26.956850428571435,35.17234885714285,0.8791208791208791,0.8688524590163934,0.896551724137931,94,94,92,0.7047619047619048,0.6952380952380952,0.7238095238095238,3.520300630591633,3.963256142857143,10.502824235209234,0.0,0.0,0.012195121951219513,74,73,76,0.6650246305418719,0.6157635467980296,0.6699507389162561,0.919936,0.837578,2.10914,0.14358974358974358,0.11794871794871795,0.03888888888888889,135,125,136
45,0.484375,0.4947916666666667,0.4739583333333333,30.901016285714274,30.89669757142857,33.14355842857142,0.9401197604790419,0.8932584269662921,0.8920454545454546,93,95,91,0.6761904761904762,0.6761904761904762,0.7428571428571429,3.0688419292929305,3.5078904285714287,10.658189871572871,0.0,0.0,0.02631578947368421,71,71,78,0.6699507389162561,0.6305418719211823,0.6995073891625616,0.99492,0.877583,2.166727,0.0972972972972973,0.10880829015544041,0.033707865168539325,136,128,142
46,0.4895833333333333,0.4895833333333333,0.4791666666666667,29.799675857142837,29.234396571428583,34.297582714285696,0.8837209302325582,0.9181286549707602,0.9157303370786517,94,94,92,0.638095238095238,0.7047619047619048,0.7238095238095238,3.3758717272727288,2.865650571428571,11.48907391197691,0.0,0.0,0.013513513513513514,67,74,76,0.6600985221674877,0.6206896551724138,0.6945812807881774,0.948928,0.911766,2.129181,0.10052910052910052,0.11855670103092783,0.048484848484848485,134,126,141
47,0.484375,0.4947916666666667,0.4895833333333333,30.43146057142856,29.863342428571436,34.19561428571428,0.9137931034482759,0.9044943820224719,0.8756756756756757,93,95,94,0.6761904761904762,0.6952380952380952,0.7619047619047619,3.767098857142859,3.145081888888889,11.2994622005772,0.0,0.0,0.0,71,73,80,0.6650246305418719,0.5960591133004927,0.7044334975369458,0.953505,0.962343,2.200906,0.10106382978723404,0.12169312169312169,0.042682926829268296,135,121,143
48,0.4895833333333333,0.4895833333333333,0.4791666666666667,29.340325428571404,25.86415714285715,35.382774428571416,0.850828729281768,0.8926553672316384,0.9482758620689655,94,94,92,0.7047619047619048,0.6857142857142857,0.7142857142857143,3.131880460317462,3.4550326666666664,11.008912877344876,0.0,0.0,0.029850746268656716,74,72,75,0.6650246305418719,0.6108374384236454,0.7044334975369458,1.001021,0.951581,2.196176,0.10497237569060773,0.15151515151515152,0.08024691358024691,135,124,143
49,0.4947916666666667,0.4947916666666667,0.4895833333333333,30.41185614285713,29.967398142857157,32.764546285714275,0.9117647058823529,0.9034090909090909,0.9147727272727273,95,95,94,0.7238095238095238,0.6761904761904762,0.7142857142857143,3.2904280447330465,3.206278888888889,10.909419689754689,0.0,0.0,0.027777777777777776,76,71,75,0.6600985221674877,0.6009852216748769,0.6945812807881774,0.991008,0.923273,2.197309,0.12234042553191489,0.15025906735751296,0.04516129032258064,134,122,141
50,0.484375,0.4895833333333333,0.4895833333333333,26.784866999999988,29.914615857142874,30.894905285714273,0.9341317365269461,0.898876404494382,0.9055555555555556,93,94,94,0.7238095238095238,0.7047619047619048,0.7047619047619048,3.1648404285714307,3.171698888888889,11.159824073593073,0.021505376344086023,0.0,0.0,76,74,74,0.6551724137931034,0.6009852216748769,0.6945812807881774,1.014115,0.929807,2.254577,0.13368983957219252,0.1368421052631579,0.025477707006369428,133,122,141
51,0.4895833333333333,0.4947916666666667,0.4791666666666667,28.830573428571416,28.557190571428578,31.130248285714273,0.88268156424581,0.8908045977011494,0.9,94,95,92,0.7047619047619048,0.6666666666666666,0.6952380952380952,3.5482256825396843,3.311266888888889,11.177302845598845,0.03296703296703297,0.0,0.0,74,70,73,0.6502463054187192,0.5960591133004927,0.6847290640394089,1.071175,0.972551,2.189741,0.11173184357541899,0.15263157894736842,0.03870967741935484,132,121,139
52,0.4895833333333333,0.4895833333333333,0.484375,31.36526271428571,30.648166285714282,31.638197285714277,0.9176470588235294,0.9034090909090909,0.8938547486033519,94,94,93,0.7047619047619048,0.6857142857142857,0.7047619047619048,3.403001090909093,3.497241,11.289084144300142,0.03225806451612903,0.0,0.0,74,72,74,0.6551724137931034,0.6009852216748769,0.6798029556650246,1.00566,0.941175,2.276772,0.1016949152542373,0.12698412698412698,0.03205128205128205,133,122,138
53,0.4895833333333333,0.4947916666666667,0.4895833333333333,31.655381428571417,28.552096428571442,32.18864014285714,0.9294117647058824,0.9090909090909091,0.9022988505747126,94,95,94,0.6952380952380952,0.6571428571428571,0.7714285714285715,3.2582214545454566,3.471670571428571,11.072466396825396,0.043478260869565216,0.011235955056179775,0.0,73,69,81,0.6305418719211823,0.6059113300492611,0.6896551724137931,1.033133,0.931582,2.253349,0.09941520467836257,0.15306122448979592,0.03184713375796178,128,123,140
54,0.4895833333333333,0.4947916666666667,0.4895833333333333,31.313196428571406,29.456367571428583,31.749557714285697,0.9011627906976745,0.9075144508670521,0.9397590361445783,94,95,94,0.7333333333333333,0.638095238095238,0.6952380952380952,3.442312545454547,3.9739676666666663,11.027265528138527,0.041666666666666664,0.011627906976744186,0.0,77,67,73,0.6206896551724138,0.6305418719211823,0.6896551724137931,1.028959,0.90312,2.297915,0.07692307692307693,0.13,0.044585987261146494,126,128,140
55,0.4895833333333333,0.4947916666666667,0.4739583333333333,29.601126714285705,27.36121785714287,33.56380785714285,0.9053254437869822,0.8715083798882681,0.9122807017543859,94,95,91,0.7142857142857143,0.638095238095238,0.7333333333333333,2.6625292727272742,3.885666,11.460599467532465,0.0425531914893617,0.0,0.014492753623188406,75,67,77,0.6108374384236454,0.6108374384236454,0.6995073891625616,1.046562,0.916474,2.36892,0.11494252873563218,0.14285714285714285,0.013333333333333334,124,124,142
56,0.4791666666666667,0.484375,0.484375,28.37843757142856,29.929296571428587,32.67367099999999,0.9141104294478528,0.9132947976878613,0.9075144508670521,92,93,93,0.7142857142857143,0.6571428571428571,0.7238095238095238,2.9600122727272744,3.586257777777778,11.177400366522365,0.043478260869565216,0.0,0.016129032258064516,75,69,76,0.6206896551724138,0.6009852216748769,0.7142857142857143,1.071914,0.92059,2.391616,0.10857142857142857,0.1099476439790576,0.006896551724137931,126,122,145
57,0.4895833333333333,0.4895833333333333,0.4791666666666667,30.366722714285704,28.323157285714295,33.432547285714286,0.8555555555555555,0.8920454545454546,0.9285714285714286,94,94,92,0.6666666666666666,0.6571428571428571,0.7523809523809524,3.243718161616163,3.447990844155844,12.318494988455987,0.03333333333333333,0.0,0.016666666666666666,70,69,79,0.625615763546798,0.6157635467980296,0.7093596059113301,1.092241,0.905888,2.484803,0.09195402298850575,0.13333333333333333,0.006802721088435374,127,125,144
58,0.4947916666666667,0.4895833333333333,0.484375,31.27127071428571,31.93650542857144,29.517815999999982,0.926829268292683,0.9017341040462428,0.8926553672316384,95,94,93,0.6571428571428571,0.6666666666666666,0.7333333333333333,2.7536295714285726,3.695882272727273,12.584075012987011,0.044444444444444446,0.0,0.031746031746031744,69,70,77,0.625615763546798,0.6059113300492611,0.6847290640394089,1.082328,0.885672,2.533794,0.09392265193370165,0.13541666666666666,0.027972027972027972,127,123,139
59,0.4947916666666667,0.4947916666666667,0.484375,29.97140585714285,27.897136857142865,28.58219957142856,0.9190751445086706,0.884393063583815,0.8920454545454546,95,95,93,0.6666666666666666,0.6952380952380952,0.7428571428571429,3.5798751875901886,3.5307585396825396,12.242450896103895,0.044444444444444446,0.0,0.045454545454545456,70,73,78,0.6108374384236454,0.5960591133004927,0.6896551724137931,1.117296,0.950353,2.601005,0.07471264367816093,0.1043956043956044,0.020689655172413793,124,121,140
60,0.4791666666666667,0.4895833333333333,0.484375,29.37431642857142,28.23912414285715,30.741635142857128,0.8950276243093923,0.888235294117647,0.8793103448275862,92,94,93,0.6761904761904762,0.6857142857142857,0.6952380952380952,3.645355434343436,3.5551650952380953,12.124775623376623,0.03296703296703297,0.0,0.0,71,72,73,0.6157635467980296,0.5763546798029556,0.6945812807881774,1.079129,0.902407,2.575305,0.08241758241758242,0.10160427807486631,0.0,125,117,141
61,0.484375,0.4895833333333333,0.484375,31.95773557142857,28.29140500000001,32.14782999999999,0.9117647058823529,0.9064327485380117,0.9298245614035088,93,94,93,0.7238095238095238,0.6571428571428571,0.7428571428571429,3.709026116883118,3.135468,12.053461871572868,0.02127659574468085,0.0,0.0,76,69,78,0.6157635467980296,0.5812807881773399,0.6798029556650246,1.069066,0.905724,2.679407,0.09289617486338798,0.0855614973262032,0.034482758620689655,125,118,138
62,0.4947916666666667,0.4947916666666667,0.484375,29.89149528571428,28.693065714285723,31.540742714285713,0.8932584269662921,0.9127906976744186,0.9457831325301205,95,95,93,0.6666666666666666,0.6666666666666666,0.7428571428571429,3.4532868888888903,3.2025425209235205,12.149549305916302,0.0,0.011627906976744186,0.0,70,70,78,0.625615763546798,0.5960591133004927,0.6945812807881774,1.094716,0.893111,2.6911,0.05172413793103448,0.10824742268041238,0.0,127,121,141
63,0.4895833333333333,0.4895833333333333,0.4739583333333333,30.505523285714286,29.173776571428586,33.596926285714275,0.9515151515151515,0.8895348837209303,0.9117647058823529,94,94,91,0.6285714285714286,0.6666666666666666,0.7333333333333333,3.1620762669552684,3.8619165555555557,12.720396528138526,0.012048192771084338,0.010752688172043012,0.0,66,70,77,0.6305418719211823,0.6009852216748769,0.6896551724137931,1.041233,0.880811,2.674434,0.06857142857142857,0.09523809523809523,0.006993006993006993,128,122,140
64,0.484375,0.4791666666666667,0.484375,26.351017142857145,30.85098328571429,32.49077057142857,0.9028571428571428,0.9151515151515152,0.9176470588235294,93,92,93,0.6476190476190476,0.6571428571428571,0.7142857142857143,3.6362010000000016,3.4900309999999997,12.414447810966807,0.0,0.0,0.017241379310344827,68,69,75,0.645320197044335,0.6108374384236454,0.6896551724137931,1.041277,0.920932,2.76752,0.040229885057471264,0.09844559585492228,0.02127659574468085,131,124,140
65,0.484375,0.4895833333333333,0.484375,33.16510299999999,28.211281285714303,33.868963142857126,0.9017341040462428,0.8953488372093024,0.9518072289156626,93,94,93,0.638095238095238,0.6666666666666666,0.7333333333333333,3.1047404603174615,2.6419414545454543,12.551992255411252,0.011111111111111112,0.010752688172043012,0.017857142857142856,67,70,77,0.6551724137931034,0.625615763546798,0.6896551724137931,1.066045,0.966099,2.776693,0.056179775280898875,0.09326424870466321,0.02040816326530612,133,127,140
66,0.4947916666666667,0.4895833333333333,0.484375,33.7610057142857,27.678759142857146,31.799712285714275,0.8959537572254336,0.9,0.9085714285714286,95,94,93,0.6285714285714286,0.6761904761904762,0.7333333333333333,3.305451994227995,3.818953266955267,12.13805014430014,0.0,0.011235955056179775,0.0,66,71,77,0.645320197044335,0.625615763546798,0.6798029556650246,1.106413,0.923779,2.710851,0.09392265193370165,0.09644670050761421,0.05517241379310345,131,127,138
67,0.4895833333333333,0.484375,0.4739583333333333,32.9876247142857,29.74647242857144,30.82441614285714,0.9034090909090909,0.9005847953216374,0.9022988505747126,94,93,91,0.638095238095238,0.6857142857142857,0.7142857142857143,3.153335111111112,3.633319571428571,12.64455714430014,0.0,0.0,0.0,67,72,75,0.645320197044335,0.6157635467980296,0.6650246305418719,1.169537,0.927626,2.830286,0.0782122905027933,0.145,0.04285714285714286,131,125,135
68,0.484375,0.4791666666666667,0.4791666666666667,30.672403190476185,26.412082714285727,31.48730057142856,0.8850574712643678,0.8932584269662921,0.9386503067484663,93,92,92,0.6285714285714286,0.6666666666666666,0.7619047619047619,3.408510222222223,3.485020266955267,12.829709033189028,0.0,0.011111111111111112,0.0,66,70,80,0.625615763546798,0.6206896551724138,0.6650246305418719,1.118209,0.947557,2.885629,0.07386363636363637,0.1282051282051282,0.06666666666666667,127,126,135
69,0.484375,0.4895833333333333,0.484375,34.445088285714284,27.368149142857146,31.090442571428557,0.9053254437869822,0.8941176470588236,0.9204545454545454,93,94,93,0.6190476190476191,0.6666666666666666,0.7619047619047619,3.39586088888889,3.554753999999999,13.243131699855697,0.0,0.0,0.0,65,70,80,0.6206896551724138,0.6059113300492611,0.6748768472906403,1.13246,1.010279,2.894382,0.09574468085106383,0.15025906735751296,0.07142857142857142,126,123,137
70,0.4739583333333333,0.5208333333333334,0.5104166666666666,34.86963242857142,30.89269885714286,33.98799671428571,0.9375,0.8453038674033149,0.8693181818181818,91,100,98,0.6571428571428571,0.6571428571428571,0.7904761904761904,3.289766111111112,3.9064946825396816,13.334650033189028,0.0,0.0,0.0,69,69,83,0.6354679802955665,0.625615763546798,0.6896551724137931,1.122874,1.049216,2.921724,0.08021390374331551,0.12307692307692308,0.08552631578947369,129,127,140
71,0.5104166666666666,0.5260416666666666,0.5104166666666666,34.76149147619047,25.199751571428575,41.21753671428569,0.8538011695906432,0.9012345679012346,0.906832298136646,98,101,98,0.638095238095238,0.7047619047619048,0.780952380952381,2.73474388888889,3.7548730793650784,13.63699814430014,0.0,0.0,0.0,67,74,82,0.6600985221674877,0.6354679802955665,0.6945812807881774,1.146281,1.019793,3.02435,0.07407407407407407,0.14705882352941177,0.08387096774193549,134,129,141
72,0.5260416666666666,0.5208333333333334,0.515625,34.71738614285714,28.105844285714294,39.0501817142857,0.8787878787878788,0.9,0.9197530864197531,101,100,99,0.6571428571428571,0.7047619047619048,0.7904761904761904,3.2734373333333338,3.949551428571428,13.794122033189032,0.0,0.0,0.0,69,74,83,0.6551724137931034,0.6354679802955665,0.6847290640394089,1.177678,0.986815,3.036449,0.0670391061452514,0.1076923076923077,0.11764705882352941,133,129,139
73,0.515625,0.515625,0.515625,35.3344586190476,27.09832042857144,39.73909599999998,0.8787878787878788,0.8809523809523809,0.9202453987730062,99,99,99,0.6761904761904762,0.6857142857142857,0.7714285714285715,3.2767496825396836,3.3873959999999994,13.752461715728712,0.0,0.0,0.0,71,72,81,0.6502463054187192,0.6650246305418719,0.6945812807881774,1.119448,1.030074,3.002452,0.06043956043956044,0.10945273631840796,0.09523809523809523,132,135,141
74,0.5208333333333334,0.5260416666666666,0.515625,34.86529657142856,24.191997714285712,35.60064157142856,0.8974358974358975,0.8502994011976048,0.8654970760233918,100,101,99,0.6476190476190476,0.6857142857142857,0.7619047619047619,2.7659791111111125,3.8285594603174595,13.689646890331886,0.0,0.0,0.0,68,72,80,0.6551724137931034,0.6699507389162561,0.6995073891625616,1.166426,1.067346,3.088156,0.06077348066298342,0.10945273631840796,0.08333333333333333,133,136,142
75,0.5104166666666666,0.5208333333333334,0.5208333333333334,32.279846714285696,26.857806428571433,33.863455142857134,0.8571428571428571,0.8834355828220859,0.8875739644970414,98,100,100,0.6571428571428571,0.6952380952380952,0.7619047619047619,3.1460000000000012,3.764236523809523,13.737282001442999,0.0,0.0,0.0,69,73,80,0.6551724137931034,0.6699507389162561,0.6995073891625616,1.108301,1.112431,3.128719,0.05056179775280899,0.12060301507537688,0.05714285714285714,133,136,142
76,0.5260416666666666,0.5260416666666666,0.515625,36.02325714285714,33.571617,35.17925385714285,0.8795180722891566,0.9177215189873418,0.925,101,101,99,0.6571428571428571,0.6666666666666666,0.7619047619047619,3.041633460317462,2.9532599999999993,13.64867003318903,0.0,0.0,0.0,69,70,80,0.6502463054187192,0.6650246305418719,0.6945812807881774,1.1672,1.184818,3.102033,0.04,0.14356435643564355,0.06521739130434782,132,135,141
77,0.515625,0.5260416666666666,0.5208333333333334,35.358670142857136,27.551951142857146,34.87658085714284,0.9675324675324676,0.8571428571428571,0.89375,99,101,100,0.638095238095238,0.6761904761904762,0.780952380952381,3.421696539682541,3.073647571428571,14.04194792207792,0.0,0.0,0.0,67,71,82,0.645320197044335,0.6600985221674877,0.6995073891625616,1.170338,1.244816,3.190851,0.03468208092485549,0.14705882352941177,0.06428571428571428,131,134,142
78,0.515625,0.5260416666666666,0.5104166666666666,35.857735142857145,26.915639000000006,39.90199671428571,0.9069767441860465,0.877906976744186,0.9415584415584416,99,101,98,0.6666666666666666,0.6761904761904762,0.8285714285714286,3.5535098888888905,3.2575175714285707,14.015704461760457,0.0,0.0,0.0,70,71,87,0.6403940886699507,0.6600985221674877,0.7192118226600985,1.218205,1.169753,3.151874,0.040229885057471264,0.13592233009708737,0.0821917808219178,130,134,146
79,0.5208333333333334,0.5260416666666666,0.5208333333333334,35.60630785714285,26.464540428571432,37.02524585714284,0.8439306358381503,0.9308176100628931,0.9074074074074074,100,101,100,0.638095238095238,0.6666666666666666,0.819047619047619,3.451407111111113,3.3644189999999994,14.005594033189029,0.0,0.0,0.0,67,70,86,0.6600985221674877,0.6551724137931034,0.7241379310344828,1.1744,1.223498,3.155869,0.028409090909090908,0.1262135922330097,0.08633093525179857,134,133,147
80,0.515625,0.515625,0.5208333333333334,35.28410557142857,27.073301000000004,37.87804685714284,0.9156626506024096,0.8757396449704142,0.8529411764705882,99,99,100,0.6476190476190476,0.7142857142857143,0.819047619047619,3.6202090000000013,3.5976723174603173,14.07215957287157,0.0,0.0,0.0,68,75,86,0.625615763546798,0.6354679802955665,0.6896551724137931,1.220158,1.197604,3.144365,0.028901734104046242,0.15346534653465346,0.0916030534351145,127,129,140
81,0.515625,0.5208333333333334,0.5208333333333334,36.56857514285714,28.437637571428574,33.785244142857145,0.9079754601226994,0.8502994011976048,0.9012345679012346,99,100,100,0.6571428571428571,0.7142857142857143,0.8666666666666667,3.433842111111113,3.4426593780663777,14.05922492207792,0.0,0.0,0.0,69,75,91,0.6009852216748769,0.625615763546798,0.6748768472906403,1.166386,1.207354,3.127426,0.045454545454545456,0.14736842105263157,0.10077519379844961,122,127,137
82,0.5104166666666666,0.5208333333333334,0.515625,35.45659485714285,29.399554285714284,36.480270285714276,0.884393063583815,0.9294871794871795,0.9333333333333333,98,100,99,0.6476190476190476,0.6952380952380952,0.8380952380952381,3.6562044285714306,3.739530454545454,14.166309572871569,0.0,0.010752688172043012,0.0,68,73,88,0.6059113300492611,0.6403940886699507,0.6896551724137931,1.166515,1.306297,3.134079,0.062146892655367235,0.12886597938144329,0.12408759124087591,123,130,140
83,0.515625,0.5208333333333334,0.515625,35.55902814285714,27.470702857142857,32.53031657142856,0.8764705882352941,0.8809523809523809,0.89375,99,100,99,0.6666666666666666,0.7047619047619048,0.8380952380952381,3.6315631111111135,3.9017567777777775,14.538480572871569,0.0,0.0,0.0,70,74,88,0.6009852216748769,0.6354679802955665,0.6995073891625616,1.189788,1.316161,3.128093,0.06179775280898876,0.11458333333333333,0.125,122,129,142
84,0.515625,0.5104166666666666,0.515625,34.606238285714284,27.840754142857143,33.59348385714284,0.9151515151515152,0.9119496855345912,0.8963414634146342,99,98,99,0.6761904761904762,0.7142857142857143,0.8571428571428571,3.566070333333336,3.6267469999999995,15.005910350649346,0.0,0.0,0.0,71,75,90,0.6157635467980296,0.6206896551724138,0.6847290640394089,1.19668,1.29334,3.110017,0.03888888888888889,0.1111111111111111,0.13821138211382114,125,126,139
85,0.515625,0.5260416666666666,0.5208333333333334,32.53764342857143,27.162804,38.56200614285713,0.8670520231213873,0.8757396449704142,0.8895705521472392,99,101,100,0.7047619047619048,0.6952380952380952,0.8571428571428571,3.137378888888892,3.5559579999999995,14.430070461760458,0.0,0.0,0.0,74,73,90,0.6059113300492611,0.6206896551724138,0.6699507389162561,1.179696,1.344081,3.191743,0.07142857142857142,0.08900523560209424,0.09565217391304348,123,126,136
86,0.515625,0.5104166666666666,0.515625,35.743405285714275,26.511661857142858,37.33626928571428,0.8802395209580839,0.9113924050632911,0.8930817610062893,99,98,99,0.6857142857142857,0.6761904761904762,0.8571428571428571,3.6489925396825424,3.589046571428571,14.339376461760457,0.0,0.0,0.0,72,71,90,0.6108374384236454,0.6108374384236454,0.6798029556650246,1.127116,1.370712,3.197666,0.09574468085106383,0.0979381443298969,0.10833333333333334,124,124,138
87,0.5208333333333334,0.515625,0.5104166666666666,36.22065585714285,26.24064185714285,37.87205228571427,0.8901734104046243,0.8895705521472392,0.9263803680981595,100,99,98,0.6666666666666666,0.6761904761904762,0.8380952380952381,3.2463594891774914,3.7767108888888887,14.358684617604613,0.010638297872340425,0.0,0.0,70,71,88,0.6206896551724138,0.6108374384236454,0.7093596059113301,1.151224,1.4511,3.156086,0.055865921787709494,0.09693877551020408,0.16666666666666666,126,124,144
88,0.5104166666666666,0.5260416666666666,0.515625,32.355744,26.744886142857144,34.768357999999985,0.8959537572254336,0.8707865168539326,0.8862275449101796,98,101,99,0.6857142857142857,0.6761904761904762,0.8285714285714286,3.8481414920634944,3.5528069999999996,14.79501557287157,0.0,0.0,0.0,72,71,87,0.6206896551724138,0.625615763546798,0.7142857142857143,1.124649,1.441315,3.204978,0.08947368421052632,0.08717948717948718,0.171875,126,127,145
89,0.5208333333333334,0.5260416666666666,0.515625,33.11483199999999,26.526338285714292,36.706085857142845,0.9017341040462428,0.9207317073170732,0.9125,100,101,99,0.6952380952380952,0.6952380952380952,0.8761904761904762,3.873151904761907,3.2345528888888886,14.86026268398268,0.0,0.0,0.0,73,73,92,0.5911330049261084,0.6502463054187192,0.7142857142857143,1.125819,1.388882,3.201668,0.08241758241758242,0.08121827411167512,0.18110236220472442,120,132,145
90,0.515625,0.5260416666666666,0.5208333333333334,30.254300142857137,29.415991285714284,37.800212142857134,0.9041916167664671,0.9085365853658537,0.8888888888888888,99,101,100,0.6666666666666666,0.6952380952380952,0.8666666666666667,3.6640317777777804,3.4526274285714282,15.36409178499278,0.0,0.0,0.0,70,73,91,0.6009852216748769,0.6502463054187192,0.7142857142857143,1.086382,1.434651,3.290341,0.1111111111111111,0.08947368421052632,0.17557251908396945,122,132,145
91,0.5104166666666666,0.5260416666666666,0.5208333333333334,35.15957528571428,30.915872000000007,37.38390714285713,0.9141104294478528,0.8823529411764706,0.9263803680981595,98,101,100,0.6761904761904762,0.6761904761904762,0.8666666666666667,3.9572554285714316,3.364882571428571,14.860386350649346,0.0,0.0,0.0,71,71,91,0.5960591133004927,0.6600985221674877,0.7192118226600985,1.187061,1.40679,3.228431,0.09947643979057591,0.105,0.176,121,134,146
92,0.5208333333333334,0.515625,0.5052083333333334,36.42291442857142,32.34831571428571,39.67205214285714,0.9341317365269461,0.9090909090909091,0.9096385542168675,100,99,97,0.6571428571428571,0.6952380952380952,0.8666666666666667,3.947454111111113,3.5065363650793646,14.668441461760457,0.0,0.0,0.0,69,73,91,0.6009852216748769,0.6748768472906403,0.7192118226600985,1.136594,1.463338,3.30692,0.08247422680412371,0.12886597938144329,0.18253968253968253,122,137,146
93,0.515625,0.5052083333333334,0.515625,35.118285428571426,26.002041714285703,38.07505271428571,0.9117647058823529,0.8457142857142858,0.9011627906976745,99,97,99,0.6666666666666666,0.7047619047619048,0.8380952380952381,3.888400174603177,3.9337068571428566,14.672544350649346,0.0,0.0,0.0,70,74,88,0.6009852216748769,0.6748768472906403,0.7044334975369458,1.099373,1.453141,3.330098,0.07407407407407407,0.14507772020725387,0.2,122,137,143
94,0.5104166666666666,0.5208333333333334,0.5208333333333334,31.32712928571428,29.622986,34.78132628571428,0.8895348837209303,0.8764044943820225,0.8636363636363636,98,100,100,0.6952380952380952,0.7047619047619048,0.8571428571428571,4.421142000000004,3.854037545454545,14.722732350649345,0.0,0.0,0.0,73,74,90,0.6108374384236454,0.6945812807881774,0.7192118226600985,1.11778,1.487416,3.326004,0.07692307692307693,0.11917098445595854,0.24113475177304963,124,141,146
95,0.515625,0.5260416666666666,0.5208333333333334,34.241917142857126,29.719080857142863,35.94628842857143,0.9349112426035503,0.9166666666666666,0.9325153374233128,99,101,100,0.6952380952380952,0.7047619047619048,0.9142857142857143,4.1552994603174636,3.7282795396825392,14.973419572871569,0.0,0.0,0.0,73,74,96,0.5960591133004927,0.6945812807881774,0.7241379310344828,1.063605,1.465146,3.295162,0.06914893617021277,0.08064516129032258,0.24087591240875914,121,141,147
96,0.515625,0.5260416666666666,0.515625,30.579958714285702,29.489045000000008,34.26772057142857,0.8863636363636364,0.9058823529411765,0.9079754601226994,99,101,99,0.6666666666666666,0.7238095238095238,0.8952380952380953,4.2869937936507965,4.052429349206349,14.91264735064935,0.0,0.010416666666666666,0.0,70,76,94,0.5960591133004927,0.6896551724137931,0.7044334975369458,1.014463,1.48961,3.301387,0.08854166666666667,0.11518324607329843,0.2890625,121,140,143
97,0.5208333333333334,0.5208333333333334,0.515625,31.84072485714284,28.583527,37.36003342857142,0.8728323699421965,0.896969696969697,0.9146341463414634,100,100,99,0.7142857142857143,0.6761904761904762,0.8761904761904762,4.283725206349209,4.571261,14.817715683982682,0.0,0.0,0.0,75,71,92,0.5960591133004927,0.6995073891625616,0.7241379310344828,0.984948,1.452435,3.325972,0.09947643979057591,0.11229946524064172,0.21374045801526717,121,142,147
98,0.5208333333333334,0.5208333333333334,0.5104166666666666,33.40861228571428,27.873037999999998,36.18752057142856,0.9212121212121213,0.9375,0.9058823529411765,100,100,98,0.6952380952380952,0.6952380952380952,0.8666666666666667,4.673409079365082,4.175115571428571,15.261206350649346,0.0,0.0,0.0,73,73,91,0.5763546798029556,0.7044334975369458,0.6995073891625616,0.96857,1.447535,3.327588,0.09947643979057591,0.13513513513513514,0.2644628099173554,117,143,142
99,0.5208333333333334,0.5104166666666666,0.5052083333333334,34.09505242857142,25.410338285714275,35.66089628571429,0.8757396449704142,0.847457627118644,0.8850574712643678,100,98,97,0.7047619047619048,0.7142857142857143,0.8857142857142857,4.153273571428573,4.116282682539682,15.549277239538238,0.0,0.0,0.0,74,75,93,0.5862068965517241,0.6847290640394089,0.7389162561576355,0.976072,1.490594,3.34319,0.09326424870466321,0.1206896551724138,0.23809523809523808,119,139,150
100,0.5208333333333334,0.5260416666666666,0.515625,34.71381499999998,26.127907714285712,38.371793571428555,0.9382716049382716,0.9024390243902439,0.8823529411764706,100,101,99,0.6666666666666666,0.7142857142857143,0.8380952380952381,4.144523111111114,4.041814571428571,15.154383461760458,0.0,0.0,0.0,70,75,88,0.6009852216748769,0.6748768472906403,0.7241379310344828,1.010614,1.48313,3.290917,0.09693877551020408,0.14207650273224043,0.29411764705882354,122,137,147
101,0.5208333333333334,0.5208333333333334,0.515625,34.67313414285714,29.526909142857136,42.89454242857142,0.893491124260355,0.9,0.8982035928143712,100,100,99,0.7142857142857143,0.7523809523809524,0.8571428571428571,4.510606111111114,4.685950454545453,15.330280890331885,0.0,0.0,0.0,75,79,90,0.6206896551724138,0.6748768472906403,0.7438423645320197,1.057193,1.475451,3.359733,0.1,0.12834224598930483,0.2773109243697479,126,137,151
102,0.5208333333333334,0.5208333333333334,0.5208333333333334,33.633970999999995,29.08792314285714,43.07484471428571,0.9047619047619048,0.8875739644970414,0.9386503067484663,100,100,100,0.6857142857142857,0.7714285714285715,0.8666666666666667,5.177664888888891,4.43154644011544,15.208956350649348,0.0,0.0,0.0,72,81,91,0.6354679802955665,0.6600985221674877,0.7142857142857143,1.057275,1.472056,3.374681,0.10396039603960396,0.12637362637362637,0.3559322033898305,129,134,145
103,0.515625,0.515625,0.5104166666666666,33.26552314285714,27.896335571428576,37.71289385714285,0.9030303030303031,0.8735632183908046,0.9202453987730062,99,99,98,0.7238095238095238,0.7714285714285715,0.8476190476190476,5.313194251082255,3.7214955714285707,15.462684461760459,0.0,0.020833333333333332,0.0,76,81,89,0.6403940886699507,0.6600985221674877,0.729064039408867,1.091294,1.439983,3.356465,0.12,0.13440860215053763,0.30833333333333335,130,134,148
104,0.5104166666666666,0.5260416666666666,0.5208333333333334,34.225794,25.53717257142857,39.311809428571415,0.8666666666666667,0.896551724137931,0.8757396449704142,98,101,100,0.7047619047619048,0.7523809523809524,0.8476190476190476,4.905815000000004,3.543299311688312,15.82349757287157,0.0,0.010309278350515464,0.0,74,79,89,0.6551724137931034,0.6748768472906403,0.729064039408867,1.148946,1.411848,3.384777,0.11442786069651742,0.12299465240641712,0.30434782608695654,133,137,148
105,0.5208333333333334,0.5208333333333334,0.5052083333333334,36.52607385714285,28.311387714285708,41.892887571428574,0.90625,0.9041916167664671,0.926829268292683,100,100,97,0.7047619047619048,0.7428571428571429,0.8666666666666667,4.907169428571431,3.9392135252525255,15.767973350649347,0.0,0.010752688172043012,0.0,74,78,91,0.6650246305418719,0.6847290640394089,0.7339901477832512,1.187615,1.428925,3.374488,0.1306532663316583,0.14507772020725387,0.30327868852459017,135,139,149
106,0.515625,0.5104166666666666,0.5208333333333334,36.464458428571426,31.025350999999997,39.12924571428571,0.9197530864197531,0.9101796407185628,0.9090909090909091,99,98,100,0.7238095238095238,0.7619047619047619,0.8571428571428571,4.717024428571431,4.012977571428572,15.67892168398268,0.0,0.0,0.0,76,80,90,0.6650246305418719,0.6748768472906403,0.7438423645320197,1.241371,1.36782,3.350626,0.13170731707317074,0.13846153846153847,0.28695652173913044,135,137,151
107,0.515625,0.5260416666666666,0.5208333333333334,38.44752428571427,33.40104371428571,35.220342285714274,0.9141104294478528,0.8742857142857143,0.8983050847457628,99,101,100,0.7047619047619048,0.7238095238095238,0.8666666666666667,4.149069034632037,4.3406269206349215,15.54723546176046,0.0,0.0,0.0,74,76,91,0.6600985221674877,0.6650246305418719,0.7438423645320197,1.179427,1.284481,3.421712,0.12745098039215685,0.15544041450777202,0.33636363636363636,134,135,151
108,0.5208333333333334,0.5260416666666666,0.5208333333333334,33.75041585714284,29.48286828571427,36.535069,0.9107142857142857,0.8908045977011494,0.9141104294478528,100,101,100,0.7333333333333333,0.7428571428571429,0.8666666666666667,4.085111888888892,4.148362746031747,15.52776246176046,0.0,0.01020408163265306,0.0,77,78,91,0.6699507389162561,0.6551724137931034,0.7192118226600985,1.210304,1.313007,3.414633,0.12254901960784313,0.12631578947368421,0.3113207547169811,136,133,146
109,0.5208333333333334,0.5208333333333334,0.5208333333333334,33.19480728571427,29.979222428571415,32.86994585714285,0.9030303030303031,0.8908045977011494,0.8816568047337278,100,100,100,0.7523809523809524,0.7238095238095238,0.8571428571428571,4.613376733044736,3.743776111111112,15.475453461760459,0.01020408163265306,0.0,0.03125,79,76,90,0.6650246305418719,0.6847290640394089,0.7438423645320197,1.322411,1.335084,3.400928,0.13526570048309178,0.1507537688442211,0.3148148148148148,135,139,151
110,0.5208333333333334,0.515625,0.515625,31.25781514285713,31.34094342857142,31.502036285714283,0.8816568047337278,0.8658536585365854,0.9363057324840764,100,99,99,0.7047619047619048,0.7333333333333333,0.8666666666666667,4.280538222222224,4.4152967936507945,15.38144368398268,0.0,0.0,0.058823529411764705,74,77,91,0.6650246305418719,0.6650246305418719,0.729064039408867,1.362587,1.306935,3.396112,0.12254901960784313,0.14285714285714285,0.3870967741935484,135,135,148
111,0.5208333333333334,0.5208333333333334,0.515625,32.345626142857135,29.246935571428562,36.10717185714285,0.893491124260355,0.893491124260355,0.8827160493827161,100,100,99,0.7523809523809524,0.7523809523809524,0.8761904761904762,4.63241377777778,4.527984111111112,15.833881461760459,0.0,0.0,0.07692307692307693,79,79,92,0.6748768472906403,0.6699507389162561,0.7733990147783252,1.33744,1.32835,3.435824,0.10784313725490197,0.15979381443298968,0.3368421052631579,137,136,157
112,0.5208333333333334,0.5208333333333334,0.5208333333333334,29.849456571428565,29.92593099999998,39.87118171428572,0.8855421686746988,0.8909090909090909,0.8855421686746988,100,100,100,0.7428571428571429,0.7523809523809524,0.8761904761904762,4.402419571428575,4.269120317460319,15.94093946176046,0.01020408163265306,0.0,0.06060606060606061,78,79,92,0.6995073891625616,0.6699507389162561,0.7684729064039408,1.43495,1.336845,3.435881,0.13942307692307693,0.15656565656565657,0.3493975903614458,142,136,156
113,0.515625,0.515625,0.5104166666666666,31.97078085714285,26.503930571428562,43.483944571428566,0.937888198757764,0.891566265060241,0.8975903614457831,99,99,98,0.7428571428571429,0.7523809523809524,0.8952380952380953,4.318105868686872,4.789079793650795,15.846143890331884,0.0,0.0,0.05555555555555555,78,79,94,0.6896551724137931,0.6896551724137931,0.7684729064039408,1.499518,1.28905,3.436807,0.14903846153846154,0.14646464646464646,0.35714285714285715,140,140,156
114,0.5208333333333334,0.5208333333333334,0.5208333333333334,30.73210114285714,25.223903999999994,44.21687971428571,0.94375,0.9024390243902439,0.906832298136646,100,100,100,0.7238095238095238,0.7428571428571429,0.8761904761904762,4.7150140101010125,4.59700588888889,15.805569890331885,0.011235955056179775,0.0,0.06060606060606061,76,78,92,0.6650246305418719,0.6945812807881774,0.7684729064039408,1.606473,1.317118,3.438274,0.14356435643564355,0.12698412698412698,0.34615384615384615,135,141,156
115,0.5104166666666666,0.5208333333333334,0.5208333333333334,34.83932171428571,28.773127999999996,40.749792,0.8713450292397661,0.89171974522293,0.9135802469135802,98,100,100,0.7714285714285715,0.7619047619047619,0.8857142857142857,4.517363888888892,4.39299088888889,15.693785461760458,0.010101010101010102,0.0,0.058823529411764705,81,80,93,0.6650246305418719,0.7093596059113301,0.7733990147783252,1.537459,1.302085,3.478583,0.12121212121212122,0.12041884816753927,0.3950617283950617,135,144,157
116,0.5208333333333334,0.515625,0.5104166666666666,33.029986714285705,27.985167142857133,41.3706827142857,0.9096385542168675,0.8928571428571429,0.9207317073170732,100,99,98,0.7904761904761904,0.7523809523809524,0.8666666666666667,4.405249000000003,4.894520761904763,16.429340350649348,0.0,0.0,0.07692307692307693,83,79,91,0.6699507389162561,0.7142857142857143,0.7783251231527094,1.563415,1.297169,3.478059,0.12682926829268293,0.11702127659574468,0.36363636363636365,136,145,158
117,0.5260416666666666,0.5260416666666666,0.5364583333333334,29.3119797142857,35.3926077142857,38.74476499999999,0.8830409356725146,0.8765432098765432,0.8705882352941177,101,101,103,0.7333333333333333,0.7333333333333333,0.8666666666666667,4.53482922799423,4.189640793650795,16.23009657287157,0.01098901098901099,0.0,0.037037037037037035,77,77,91,0.6502463054187192,0.7339901477832512,0.7832512315270936,1.585568,1.279888,3.463562,0.1323529411764706,0.12435233160621761,0.32894736842105265,132,149,159
118,0.5364583333333334,0.53125,0.5364583333333334,31.81110728571427,35.67856485714285,41.6701607142857,0.8734939759036144,0.8848484848484849,0.9050632911392406,103,102,103,0.7142857142857143,0.7047619047619048,0.8857142857142857,4.496316428571431,4.3682494285714295,16.289341890331883,0.010101010101010102,0.0,0.0,75,74,93,0.6403940886699507,0.7487684729064039,0.7931034482758621,1.608364,1.261145,3.502112,0.116751269035533,0.109375,0.32051282051282054,130,152,161
119,0.5260416666666666,0.5416666666666666,0.546875,33.99497328571428,31.91117661904761,36.41977514285712,0.877906976744186,0.8546511627906976,0.8987341772151899,101,104,105,0.7333333333333333,0.7047619047619048,0.8857142857142857,4.206149888888892,4.198751222222224,16.591305572871573,0.0,0.0,0.03225806451612903,77,74,93,0.6305418719211823,0.7389162561576355,0.7931034482758621,1.553008,1.265427,3.489929,0.10714285714285714,0.14948453608247422,0.35714285714285715,128,150,161
120,0.53125,0.546875,0.546875,34.337074714285706,31.612134857142852,36.6508237142857,0.8987341772151899,0.8616352201257862,0.8881987577639752,102,105,105,0.7523809523809524,0.7333333333333333,0.8857142857142857,3.9360604545454567,4.778461539682541,16.71023446176046,0.010869565217391304,0.0,0.038461538461538464,79,77,93,0.645320197044335,0.7438423645320197,0.7881773399014779,1.586173,1.25755,3.520514,0.10945273631840796,0.1326530612244898,0.2857142857142857,131,151,160
121,0.5364583333333334,0.5416666666666666,0.5520833333333334,34.28680085714285,29.576657857142845,37.55962871428571,0.8875,0.8774193548387097,0.9256756756756757,103,104,106,0.7428571428571429,0.7142857142857143,0.8666666666666667,4.752481616161618,4.5789469682539705,16.77724046176046,0.0,0.0,0.04,78,75,91,0.6551724137931034,0.7487684729064039,0.7881773399014779,1.567222,1.297617,3.508695,0.11616161616161616,0.10824742268041238,0.3375,133,152,160
122,0.5416666666666666,0.546875,0.5520833333333334,33.049318571428564,33.13828414285713,36.57421371428571,0.8536585365853658,0.8353658536585366,0.8896103896103896,104,105,106,0.7428571428571429,0.7238095238095238,0.8857142857142857,4.4633017777777795,4.176891571428572,17.126709461760456,0.0,0.0,0.03571428571428571,78,76,93,0.6699507389162561,0.729064039408867,0.7931034482758621,1.598647,1.284428,3.488734,0.1111111111111111,0.13846153846153847,0.2857142857142857,136,148,161
123,0.5416666666666666,0.5364583333333334,0.5416666666666666,32.352411714285715,30.327935999999998,35.283170142857124,0.8987341772151899,0.9084967320261438,0.9047619047619048,104,103,104,0.7238095238095238,0.7142857142857143,0.8571428571428571,3.6753511111111137,4.33682088888889,17.339235461760452,0.0,0.0,0.038461538461538464,76,75,90,0.6748768472906403,0.7192118226600985,0.7980295566502463,1.600892,1.336047,3.544996,0.10052910052910052,0.10256410256410256,0.32857142857142857,137,146,162
124,0.5416666666666666,0.5520833333333334,0.5416666666666666,35.23444657142858,31.82473899999999,37.788293857142854,0.84472049689441,0.8742138364779874,0.88,104,106,104,0.7523809523809524,0.7047619047619048,0.8761904761904762,4.327972454545457,4.1941841818181835,17.248929461760454,0.0,0.0,0.029411764705882353,79,74,92,0.6699507389162561,0.7044334975369458,0.7980295566502463,1.640122,1.323886,3.524026,0.07894736842105263,0.12121212121212122,0.375,136,143,162
125,0.5520833333333334,0.5364583333333334,0.5520833333333334,33.77049557142857,34.83634642857141,40.94337185714286,0.9319727891156463,0.8940397350993378,0.9178082191780822,106,103,106,0.7142857142857143,0.7238095238095238,0.8761904761904762,4.729105079365082,4.9082214949494976,17.435756779220775,0.0,0.0,0.03571428571428571,75,76,92,0.6650246305418719,0.7044334975369458,0.8029556650246306,1.614662,1.315099,3.604771,0.08064516129032258,0.10152284263959391,0.3888888888888889,135,143,163
126,0.5416666666666666,0.5520833333333334,0.546875,34.70859457142856,32.004123857142844,40.94900642857142,0.9047619047619048,0.8417721518987342,0.9047619047619048,104,106,105,0.7428571428571429,0.7428571428571429,0.8761904761904762,4.645455000000004,4.689656746031748,17.084843890331886,0.0,0.0,0.03333333333333333,78,78,92,0.6551724137931034,0.7093596059113301,0.7980295566502463,1.653107,1.326814,3.52298,0.09523809523809523,0.08421052631578947,0.42105263157894735,133,144,162
127,0.5416666666666666,0.5520833333333334,0.546875,28.82016228571427,31.12181328571427,39.725694857142855,0.8481012658227848,0.89171974522293,0.9072847682119205,104,106,105,0.7428571428571429,0.7523809523809524,0.8761904761904762,3.727772000000003,4.58632477777778,17.51551579509379,0.0,0.0,0.04,78,79,92,0.6502463054187192,0.7044334975369458,0.8029556650246306,1.53142,1.299372,3.606684,0.08465608465608465,0.07894736842105263,0.4166666666666667,132,143,163
128,0.5520833333333334,0.5572916666666666,0.53125,30.066353857142847,29.477500428571418,39.646584285714276,0.8954248366013072,0.8536585365853658,0.9115646258503401,106,107,102,0.7047619047619048,0.7142857142857143,0.8666666666666667,4.391428105339108,4.550099777777779,17.63991835064935,0.0,0.0,0.034482758620689655,74,75,91,0.6748768472906403,0.7044334975369458,0.7931034482758621,1.63616,1.250276,3.588219,0.08808290155440414,0.09326424870466321,0.38028169014084506,137,143,161
129,0.546875,0.5520833333333334,0.5520833333333334,33.60763285714285,29.140728714285707,38.532422428571415,0.910958904109589,0.8553459119496856,0.9205298013245033,105,106,106,0.7238095238095238,0.7238095238095238,0.8666666666666667,4.2733770000000035,4.489109111111112,17.756389572871566,0.0,0.0,0.08,76,76,91,0.6699507389162561,0.7093596059113301,0.7980295566502463,1.622845,1.263129,3.557223,0.10582010582010581,0.1065989847715736,0.38235294117647056,136,144,162
130,0.546875,0.546875,0.5520833333333334,34.020540999999994,31.731525285714273,39.519620428571415,0.8701298701298701,0.869281045751634,0.8554216867469879,105,105,106,0.7333333333333333,0.7142857142857143,0.8761904761904762,4.18103120634921,4.592807000000002,17.842986461760454,0.0,0.0,0.07407407407407407,77,75,92,0.6798029556650246,0.6896551724137931,0.8029556650246306,1.567932,1.233514,3.576065,0.10471204188481675,0.09947643979057591,0.417910447761194,138,140,163
131,0.5364583333333334,0.5729166666666666,0.5572916666666666,35.886098857142855,39.60024271428569,40.773314285714285,0.8734177215189873,0.8580246913580247,0.92,103,110,107,0.7238095238095238,0.7428571428571429,0.8952380952380953,3.970122793650796,4.714605593073594,18.561476461760453,0.0,0.0,0.07407407407407407,76,78,94,0.6798029556650246,0.6995073891625616,0.8325123152709359,1.602388,1.280911,3.619365,0.09424083769633508,0.08376963350785341,0.37681159420289856,138,142,169
132,0.5833333333333334,0.5729166666666666,0.5833333333333334,38.05263828571428,40.28016057142857,42.31626685714286,0.8881578947368421,0.8589743589743589,0.896551724137931,112,110,112,0.7238095238095238,0.7619047619047619,0.8857142857142857,4.1555586666666695,4.440809111111113,17.984910461760453,0.0,0.0,0.0625,76,80,93,0.7044334975369458,0.6798029556650246,0.8177339901477833,1.60809,1.294334,3.612446,0.07894736842105263,0.10606060606060606,0.36231884057971014,143,138,166
133,0.578125,0.5885416666666666,0.5833333333333334,36.53999442857142,34.0849448095238,41.59795957142857,0.8734177215189873,0.8343949044585988,0.8933333333333333,111,113,112,0.7142857142857143,0.7238095238095238,0.8761904761904762,3.686940000000003,4.626935206349208,18.244202461760455,0.0,0.0,0.0625,75,76,92,0.7142857142857143,0.7093596059113301,0.812807881773399,1.600367,1.380708,3.57862,0.07407407407407407,0.11055276381909548,0.36486486486486486,145,144,165
134,0.578125,0.5833333333333334,0.578125,37.68791014285714,32.27316857142856,42.761740142857136,0.891156462585034,0.8456375838926175,0.903448275862069,111,112,111,0.7047619047619048,0.7333333333333333,0.8666666666666667,4.2676033174603205,4.005106460317461,18.5814713001443,0.0,0.0,0.06896551724137931,74,77,91,0.7093596059113301,0.7044334975369458,0.8078817733990148,1.625468,1.465792,3.611442,0.08465608465608465,0.1323529411764706,0.38235294117647056,144,143,164
135,0.5677083333333334,0.5833333333333334,0.5833333333333334,34.20297314285713,32.26846971428571,45.60039057142856,0.8726114649681529,0.8985507246376812,0.8811188811188811,109,112,112,0.7047619047619048,0.7428571428571429,0.8571428571428571,3.86566331746032,4.591149955266956,18.70139135064935,0.0,0.0,0.058823529411764705,74,78,90,0.6896551724137931,0.7192118226600985,0.8226600985221675,1.569049,1.457599,3.626467,0.08994708994708994,0.11386138613861387,0.36231884057971014,140,146,167
136,0.5729166666666666,0.5885416666666666,0.5833333333333334,31.120297999999995,32.98890985714286,42.318040428571415,0.8766233766233766,0.8609271523178808,0.9154929577464789,110,113,112,0.6952380952380952,0.7047619047619048,0.8666666666666667,3.7137136507936535,5.100542539682541,18.913394890331887,0.0,0.0,0.05714285714285714,73,74,91,0.6699507389162561,0.7241379310344828,0.8177339901477833,1.637412,1.476333,3.673977,0.1005586592178771,0.07653061224489796,0.3787878787878788,136,147,166
137,0.5729166666666666,0.5833333333333334,0.578125,34.00576357142857,34.75329985714284,41.65245542857143,0.8641975308641975,0.8768115942028986,0.9071428571428571,110,112,111,0.6761904761904762,0.7142857142857143,0.8761904761904762,3.759883539682542,5.327834000000001,18.455143189033187,0.0,0.0,0.06060606060606061,71,75,92,0.6896551724137931,0.7339901477832512,0.8275862068965517,1.654544,1.494159,3.685635,0.09836065573770492,0.08040201005025126,0.37681159420289856,140,149,168
138,0.578125,0.578125,0.5833333333333334,35.83584742857141,37.82999257142856,41.26495514285714,0.8979591836734694,0.8116883116883117,0.9014084507042254,111,111,112,0.6666666666666666,0.7047619047619048,0.8476190476190476,4.032652222222225,5.194715965367966,18.502115461760454,0.0,0.0,0.06451612903225806,70,74,89,0.6896551724137931,0.7192118226600985,0.8078817733990148,1.682864,1.422649,3.692433,0.0903954802259887,0.06091370558375635,0.40625,140,146,164
139,0.5729166666666666,0.5833333333333334,0.5729166666666666,34.34444742857142,37.817342999999994,42.94951071428571,0.8506493506493507,0.8857142857142857,0.927536231884058,110,112,110,0.6857142857142857,0.7428571428571429,0.8666666666666667,4.234757349206352,4.867373656565657,19.125001966810963,0.0,0.0,0.05128205128205128,72,78,91,0.6798029556650246,0.7389162561576355,0.8078817733990148,1.586808,1.416311,3.649065,0.0893854748603352,0.04522613065326633,0.4,138,150,164
140,0.5729166666666666,0.5833333333333334,0.5833333333333334,38.35026257142856,38.88914057142856,44.04193285714285,0.9103448275862069,0.8486842105263158,0.9057971014492754,110,112,112,0.7142857142857143,0.7428571428571429,0.8952380952380953,4.305605460317462,4.949099050505049,19.036134189033188,0.0,0.009900990099009901,0.03225806451612903,75,78,94,0.6699507389162561,0.7339901477832512,0.8226600985221675,1.581306,1.483265,3.727524,0.09944751381215469,0.07462686567164178,0.4126984126984127,136,149,167
141,0.5729166666666666,0.5885416666666666,0.5833333333333334,36.35438242857142,35.536466714285694,44.055941285714276,0.8322981366459627,0.8561643835616438,0.9020979020979021,110,113,112,0.7238095238095238,0.7428571428571429,0.8476190476190476,4.368591000000002,5.483382473304473,19.076808461760454,0.0,0.0,0.03333333333333333,76,78,89,0.6847290640394089,0.7536945812807881,0.812807881773399,1.646384,1.503318,3.688989,0.1,0.07035175879396985,0.4126984126984127,139,153,165
142,0.578125,0.578125,0.5833333333333334,38.1905477142857,35.51628885714285,43.44204899999999,0.9103448275862069,0.8104575163398693,0.9148936170212766,111,111,112,0.6857142857142857,0.7333333333333333,0.8666666666666667,3.9609060000000027,5.031749111111111,19.358491461760455,0.0,0.0,0.029411764705882353,72,77,91,0.6847290640394089,0.7635467980295566,0.8029556650246306,1.592142,1.54561,3.692654,0.08670520231213873,0.08955223880597014,0.40625,139,155,163
143,0.578125,0.5833333333333334,0.5729166666666666,35.09505671428572,37.31624014285713,44.146493142857125,0.8471337579617835,0.8920863309352518,0.8920863309352518,111,112,110,0.7142857142857143,0.7238095238095238,0.8761904761904762,3.9602166507936536,4.8698838888888885,19.380547007215,0.0,0.0,0.027777777777777776,75,76,92,0.6798029556650246,0.7684729064039408,0.8029556650246306,1.708293,1.589584,3.682541,0.07100591715976332,0.08415841584158416,0.4262295081967213,138,156,163
144,0.578125,0.5885416666666666,0.5833333333333334,33.53623042857143,32.76354842857141,42.18906842857142,0.8904109589041096,0.8445945945945946,0.920863309352518,111,113,112,0.6952380952380952,0.7047619047619048,0.8761904761904762,4.1926234603174635,4.608884428571429,19.514300572871566,0.0,0.0,0.03125,73,74,92,0.6798029556650246,0.7586206896551724,0.8029556650246306,1.63589,1.536772,3.654644,0.08522727272727272,0.08,0.4166666666666667,138,154,163
145,0.578125,0.578125,0.578125,36.178549285714276,36.33416185714285,41.267519,0.8543046357615894,0.8819444444444444,0.9318181818181818,111,111,111,0.6666666666666666,0.6952380952380952,0.8761904761904762,3.685032015873018,4.572431682539682,19.968105007215,0.0,0.0,0.03225806451612903,70,73,92,0.6847290640394089,0.7389162561576355,0.8078817733990148,1.655759,1.543007,3.682206,0.06470588235294118,0.05181347150259067,0.43103448275862066,139,150,164
146,0.578125,0.578125,0.578125,34.25259857142856,34.60456185714285,41.898243,0.8387096774193549,0.8571428571428571,0.9097744360902256,111,111,111,0.6761904761904762,0.6761904761904762,0.8666666666666667,4.241188000000003,4.740358428571427,19.958492411255413,0.0,0.0,0.03571428571428571,71,71,91,0.6699507389162561,0.729064039408867,0.8078817733990148,1.694353,1.530633,3.695481,0.06896551724137931,0.07,0.44642857142857145,136,148,164
147,0.578125,0.578125,0.5729166666666666,36.84483385714286,38.141297857142845,43.97189642857142,0.8865248226950354,0.8794326241134752,0.8888888888888888,111,111,110,0.7047619047619048,0.7142857142857143,0.8571428571428571,4.174467949494953,4.977165076479076,19.859293461760462,0.0,0.0,0.02857142857142857,74,75,90,0.6798029556650246,0.7487684729064039,0.8029556650246306,1.69812,1.545285,3.685078,0.06896551724137931,0.07246376811594203,0.43103448275862066,138,152,163
148,0.578125,0.5833333333333334,0.5677083333333334,36.325984142857145,39.084024428571425,42.27512214285714,0.8611111111111112,0.8461538461538461,0.9185185185185185,111,112,109,0.7047619047619048,0.7333333333333333,0.8476190476190476,4.63160874603175,5.384107317460317,19.970741572871567,0.0,0.0,0.029411764705882353,74,77,89,0.6748768472906403,0.7192118226600985,0.7980295566502463,1.690833,1.494142,3.704058,0.0658682634730539,0.05670103092783505,0.43859649122807015,137,146,162
149,0.5625,0.578125,0.5729166666666666,38.9288867142857,37.96297957142856,43.181998,0.8344827586206897,0.8507462686567164,0.8936170212765957,108,111,110,0.7047619047619048,0.7333333333333333,0.8952380952380953,4.223322111111114,4.642931888888889,20.049607956709952,0.0,0.0,0.02631578947368421,74,77,94,0.6847290640394089,0.7241379310344828,0.8029556650246306,1.712715,1.520309,3.719616,0.07602339181286549,0.046632124352331605,0.46296296296296297,139,147,163
150,0.578125,0.578125,0.5833333333333334,38.337604857142864,37.94234628571428,45.83167614285715,0.8723404255319149,0.8571428571428571,0.8805970149253731,111,111,112,0.7047619047619048,0.7333333333333333,0.8571428571428571,4.620170428571431,5.147086,20.2800203001443,0.0,0.0,0.03571428571428571,74,77,90,0.6896551724137931,0.7142857142857143,0.8078817733990148,1.749869,1.584228,3.75329,0.054878048780487805,0.05699481865284974,0.4807692307692308,140,145,164
151,0.578125,0.5833333333333334,0.5833333333333334,39.96080542857143,41.21306814285713,46.02262571428571,0.875,0.8759124087591241,0.9328358208955224,111,112,112,0.6952380952380952,0.7238095238095238,0.8761904761904762,4.466748888888892,5.034784793650793,20.08252846176046,0.0,0.0,0.02702702702702703,73,76,92,0.6896551724137931,0.7142857142857143,0.7980295566502463,1.6947,1.478736,3.773117,0.05521472392638037,0.05291005291005291,0.46296296296296297,140,145,162
152,0.578125,0.5885416666666666,0.578125,36.31972942857143,41.636421999999996,40.61627299999999,0.8561643835616438,0.8592592592592593,0.8768115942028986,111,113,111,0.6952380952380952,0.7428571428571429,0.8666666666666667,4.065867888888892,5.370584161616161,20.121870871572867,0.0,0.0,0.037037037037037035,73,78,91,0.6995073891625616,0.7093596059113301,0.7931034482758621,1.703748,1.493946,3.794687,0.06134969325153374,0.06666666666666667,0.43103448275862066,142,144,161
153,0.578125,0.5833333333333334,0.578125,37.198313285714285,31.745479904761904,41.12146800000001,0.8450704225352113,0.8978102189781022,0.9111111111111111,111,112,111,0.6857142857142857,0.7142857142857143,0.8666666666666667,4.2574340000000035,5.114324155844157,20.194392572871564,0.0,0.0,0.03571428571428571,72,75,91,0.6995073891625616,0.7093596059113301,0.8078817733990148,1.677312,1.521962,3.814425,0.06626506024096386,0.07142857142857142,0.43859649122807015,142,144,164
154,0.5833333333333334,0.5729166666666666,0.578125,34.47029614285712,26.403842666666655,40.42584776190477,0.8768115942028986,0.9007633587786259,0.9689922480620154,112,110,111,0.6857142857142857,0.7142857142857143,0.8666666666666667,4.249173460317463,5.135146520923521,19.9871163001443,0.0,0.0,0.0,72,75,91,0.6896551724137931,0.7093596059113301,0.8078817733990148,1.700259,1.439803,3.824522,0.06790123456790123,0.0625,0.5192307692307693,140,144,164
155,0.5833333333333334,0.5625,0.578125,34.48232228571428,33.27926428571428,36.537175904761895,0.8243243243243243,0.944,0.9124087591240876,112,108,111,0.6666666666666666,0.7428571428571429,0.8666666666666667,4.278531428571431,4.8661775266955285,20.027232572871565,0.0,0.0,0.0,70,78,91,0.6847290640394089,0.7044334975369458,0.8177339901477833,1.681846,1.481845,3.872322,0.03680981595092025,0.05181347150259067,0.46,139,143,166
156,0.5833333333333334,0.5677083333333334,0.578125,36.54819285714285,33.05985199999998,39.08340476190476,0.8531468531468531,0.9307692307692308,0.9384615384615385,112,109,111,0.6761904761904762,0.7714285714285715,0.8761904761904762,4.443220111111113,5.102369539682541,20.417790572871567,0.0,0.0,0.0,71,81,92,0.6847290640394089,0.7093596059113301,0.8078817733990148,1.632582,1.47872,3.864892,0.042682926829268296,0.05181347150259067,0.4782608695652174,139,144,164
157,0.5729166666666666,0.5677083333333334,0.5729166666666666,38.359593714285715,30.57082380952378,36.73633295238095,0.8837209302325582,0.916030534351145,0.9389312977099237,110,109,110,0.6952380952380952,0.7333333333333333,0.8666666666666667,3.950349111111114,5.04482994949495,20.32749346176046,0.0,0.0,0.0,73,77,91,0.6847290640394089,0.7142857142857143,0.8029556650246306,1.696772,1.444789,3.85466,0.03184713375796178,0.05789473684210526,0.48936170212765956,139,145,163
158,0.5833333333333334,0.5625,0.5677083333333334,32.45383514285714,29.98928704761902,37.35300771428571,0.851063829787234,0.9172932330827067,0.9615384615384616,112,108,109,0.6857142857142857,0.7523809523809524,0.8857142857142857,4.090280666666669,5.018406000000001,20.185218572871566,0.0,0.010101010101010102,0.0,72,79,93,0.6945812807881774,0.6945812807881774,0.8078817733990148,1.663721,1.48116,3.852775,0.024844720496894408,0.042328042328042326,0.4782608695652174,141,141,164
159,0.578125,0.5625,0.5729166666666666,32.26417428571427,29.337225904761887,38.82619138095238,0.8712121212121212,0.9323308270676691,0.9538461538461539,111,108,110,0.7142857142857143,0.7619047619047619,0.8952380952380953,3.6763275396825428,4.864691460317461,20.68067014430014,0.0,0.0,0.0,75,80,94,0.6798029556650246,0.7044334975369458,0.8177339901477833,1.631055,1.488017,3.861732,0.03164556962025317,0.03208556149732621,0.46808510638297873,138,143,166
160,0.578125,0.5572916666666666,0.578125,38.00777185714284,32.0659796190476,39.153191380952386,0.8984375,0.8962962962962963,0.9523809523809523,111,107,111,0.7142857142857143,0.780952380952381,0.8857142857142857,4.021136000000003,5.090790238095239,20.484981572871565,0.0,0.0,0.0,75,82,93,0.6748768472906403,0.6798029556650246,0.812807881773399,1.611195,1.519932,3.865284,0.0375,0.028089887640449437,0.5,137,138,165
161,0.5625,0.5572916666666666,0.5729166666666666,33.705515999999974,31.90974804761904,37.340358952380946,0.8712121212121212,0.9473684210526315,0.9444444444444444,108,107,110,0.6952380952380952,0.7619047619047619,0.8761904761904762,4.004506000000004,4.941999111111112,20.539088001442998,0.0,0.0,0.0,73,80,92,0.6847290640394089,0.6699507389162561,0.812807881773399,1.604636,1.512788,3.85182,0.018633540372670808,0.028089887640449437,0.5116279069767442,139,136,165
162,0.578125,0.5520833333333334,0.578125,36.48554414285714,30.90629690476189,40.094123523809515,0.831081081081081,0.9541984732824428,0.9090909090909091,111,106,111,0.7142857142857143,0.7904761904761904,0.8,4.354423571428574,4.7834887272727284,20.287744683982677,0.0,0.0,0.0,75,83,84,0.6798029556650246,0.6748768472906403,0.8078817733990148,1.610872,1.485157,3.869544,0.03205128205128205,0.03333333333333333,0.5,138,137,164
163,0.578125,0.5677083333333334,0.6041666666666666,38.683897142857134,30.125210238095228,39.26866752380951,0.8444444444444444,0.8920863309352518,0.9224806201550387,111,109,116,0.7142857142857143,0.7619047619047619,0.8666666666666667,4.04574685714286,4.934485333333334,20.701733572871564,0.0,0.0,0.0,75,80,91,0.7192118226600985,0.7093596059113301,0.8325123152709359,1.628696,1.480189,3.923222,0.023668639053254437,0.010869565217391304,0.43636363636363634,146,144,169
164,0.609375,0.5677083333333334,0.6041666666666666,35.98501585714285,34.41280866666665,39.72533509523809,0.8064516129032258,0.927536231884058,0.9166666666666666,117,109,116,0.7047619047619048,0.7523809523809524,0.8476190476190476,3.9891686825396855,4.5629362222222225,20.657776572871565,0.0,0.0,0.0,74,79,89,0.7241379310344828,0.7093596059113301,0.8275862068965517,1.600684,1.479793,3.939448,0.030120481927710843,0.010810810810810811,0.39344262295081966,147,144,168
165,0.640625,0.609375,0.625,38.121936428571416,34.077905952380945,44.67123952380952,0.8391608391608392,0.8451612903225807,0.9259259259259259,123,117,120,0.6666666666666666,0.8,0.8857142857142857,4.468511428571431,5.160040555555557,20.698691683982677,0.0,0.0,0.0,70,84,93,0.7389162561576355,0.7487684729064039,0.8522167487684729,1.591856,1.555941,3.905145,0.01818181818181818,0.02072538860103627,0.35384615384615387,150,152,173
166,0.6458333333333334,0.6145833333333334,0.625,43.23082828571427,36.42927009523809,44.49479842857142,0.8523489932885906,0.9210526315789473,0.9361702127659575,124,118,120,0.638095238095238,0.7904761904761904,0.8952380952380953,4.242840000000004,4.809173787878788,21.056499890331885,0.0,0.0,0.0,67,83,94,0.7438423645320197,0.7438423645320197,0.8620689655172413,1.589268,1.561652,3.932269,0.017241379310344827,0.03571428571428571,0.3055555555555556,151,151,175
167,0.6354166666666666,0.6145833333333334,0.6197916666666666,41.32349557142857,36.2234369047619,45.17619952380951,0.8866666666666667,0.9084967320261438,0.9020979020979021,122,118,119,0.6476190476190476,0.7619047619047619,0.8857142857142857,4.603153000000003,4.686324520923521,21.078640001443,0.0,0.0,0.0,68,80,93,0.7389162561576355,0.7339901477832512,0.8571428571428571,1.618098,1.5076,3.948122,0.023255813953488372,0.030612244897959183,0.3142857142857143,150,149,174
168,0.6510416666666666,0.625,0.625,43.40378271428572,38.549488714285715,47.564415428571415,0.8859060402684564,0.9060402684563759,0.9219858156028369,125,120,120,0.6571428571428571,0.8380952380952381,0.9333333333333333,4.895363000000004,4.843693777777779,21.476521001443,0.0,0.0,0.0,69,88,98,0.7487684729064039,0.7438423645320197,0.8522167487684729,1.625162,1.562125,4.117454,0.016666666666666666,0.025906735751295335,0.3055555555555556,152,151,173
169,0.671875,0.6145833333333334,0.625,45.61807842857141,39.017599857142855,43.68607747619047,0.7987012987012987,0.9395973154362416,0.8947368421052632,129,118,120,0.6571428571428571,0.819047619047619,0.9333333333333333,4.729675000000004,5.768726727272727,21.57167711255411,0.0,0.0,0.0,69,86,98,0.7586206896551724,0.7438423645320197,0.8571428571428571,1.649613,1.573197,4.066138,0.01098901098901099,0.01507537688442211,0.28205128205128205,154,151,174
170,0.6666666666666666,0.609375,0.6041666666666666,41.14063814285714,36.866628285714285,47.023041047619046,0.8802816901408451,0.8853503184713376,0.9266666666666666,128,117,116,0.6857142857142857,0.8380952380952381,0.9047619047619048,4.752842428571433,5.202663317460318,21.814569001442997,0.0,0.0,0.0,72,88,95,0.7635467980295566,0.7389162561576355,0.8620689655172413,1.658372,1.567225,4.058471,0.016666666666666666,0.030303030303030304,0.2894736842105263,155,150,175
171,0.671875,0.5989583333333334,0.6041666666666666,40.51497342857142,34.933197142857125,47.5714478095238,0.8380281690140845,0.9150326797385621,0.9090909090909091,129,115,116,0.7047619047619048,0.8476190476190476,0.9428571428571428,4.917039460317462,5.146307545454546,21.804154112554112,0.0,0.0,0.0,74,89,99,0.7536945812807881,0.7339901477832512,0.8669950738916257,1.684829,1.59068,4.095485,0.022222222222222223,0.03553299492385787,0.3013698630136986,153,149,176
172,0.671875,0.5989583333333334,0.6041666666666666,42.985450714285705,37.22900576190475,47.59293866666665,0.8041958041958042,0.8924050632911392,0.9477124183006536,129,115,116,0.7238095238095238,0.819047619047619,0.9238095238095239,5.1761640000000035,5.080250181818182,21.52516111255411,0.0,0.0,0.0,76,86,97,0.7536945812807881,0.7339901477832512,0.8620689655172413,1.721649,1.588568,4.11475,0.01694915254237288,0.030612244897959183,0.2972972972972973,153,149,175
173,0.6770833333333334,0.6041666666666666,0.609375,43.5744267142857,35.87107699999998,49.59578642857142,0.8424657534246576,0.8819875776397516,0.94,130,116,117,0.7238095238095238,0.819047619047619,0.9142857142857143,5.232872000000002,5.50299253968254,21.750049001443,0.0,0.0,0.0,76,86,96,0.7438423645320197,0.7487684729064039,0.8669950738916257,1.666464,1.58037,4.07607,0.016483516483516484,0.015544041450777202,0.2894736842105263,151,152,176
174,0.6666666666666666,0.5989583333333334,0.609375,45.32982585714285,37.75537790476189,45.90540409523809,0.8785714285714286,0.9096774193548387,0.9056603773584906,128,115,117,0.6952380952380952,0.819047619047619,0.9142857142857143,4.721985571428575,5.107324111111111,21.695716001443,0.0,0.0,0.0,73,86,96,0.7438423645320197,0.7783251231527094,0.8669950738916257,1.678846,1.549726,4.142331,0.02247191011235955,0.005128205128205128,0.2894736842105263,151,158,176
175,0.6666666666666666,0.59375,0.59375,39.79594757142856,38.32741742857143,47.69072785714286,0.8120805369127517,0.9430379746835443,0.9235668789808917,128,114,114,0.6857142857142857,0.780952380952381,0.9142857142857143,4.499437714285716,5.065169844155844,21.869006001442997,0.0,0.0,0.0,72,82,96,0.7536945812807881,0.7832512315270936,0.8620689655172413,1.654473,1.586364,4.159228,0.01675977653631285,0.005235602094240838,0.273972602739726,153,159,175
176,0.671875,0.59375,0.5833333333333334,41.50052357142855,37.16719142857143,49.57825842857142,0.8380281690140845,0.8773006134969326,0.9426751592356688,129,114,112,0.7333333333333333,0.8,0.9333333333333333,5.301568000000004,5.131923682539683,22.153294001442998,0.0,0.0,0.0,77,84,98,0.7536945812807881,0.7832512315270936,0.8571428571428571,1.680382,1.569639,4.127244,0.016574585635359115,0.005208333333333333,0.2702702702702703,153,159,174
177,0.65625,0.5833333333333334,0.59375,41.249462714285706,40.23364085714286,49.6042787142857,0.8767123287671232,0.8988095238095238,0.9316770186335404,126,112,114,0.7333333333333333,0.8,0.9333333333333333,5.424922428571431,4.791405545454546,21.985839001442997,0.0,0.0,0.0,77,84,98,0.7389162561576355,0.7931034482758621,0.8669950738916257,1.64881,1.58041,4.140626,0.027777777777777776,0.005235602094240838,0.2777777777777778,150,161,176
178,0.671875,0.5677083333333334,0.5833333333333334,42.587895285714275,39.010701714285716,47.70572914285714,0.8551724137931035,0.9036144578313253,0.9433962264150944,129,109,112,0.7047619047619048,0.780952380952381,0.9523809523809523,5.194066000000004,5.353418343434344,21.951970001442998,0.0,0.0,0.0,74,82,100,0.7487684729064039,0.7931034482758621,0.8669950738916257,1.6561,1.597961,4.181968,0.03804347826086957,0.005235602094240838,0.2631578947368421,152,161,176
179,0.6614583333333334,0.5833333333333334,0.5833333333333334,42.4487867142857,43.349276714285715,46.28800114285714,0.8493150684931506,0.9235294117647059,0.9272727272727272,127,112,112,0.6857142857142857,0.7714285714285715,0.9428571428571428,5.0111795396825425,4.747534292929293,21.986485001442997,0.0,0.0,0.0,72,81,99,0.7339901477832512,0.7881773399014779,0.8571428571428571,1.670075,1.537024,4.204907,0.03296703296703297,0.005235602094240838,0.273972602739726,149,160,174
180,0.671875,0.5729166666666666,0.5885416666666666,39.62122128571429,40.17484657142857,44.40365514285715,0.8402777777777778,0.9090909090909091,0.9316770186335404,129,110,113,0.7047619047619048,0.780952380952381,0.9523809523809523,5.025844000000004,5.090009888888889,22.06604057287157,0.0,0.0,0.0,74,82,100,0.7093596059113301,0.7684729064039408,0.8620689655172413,1.672852,1.522388,4.196032,0.027932960893854747,0.010582010582010581,0.2702702702702703,144,156,175
181,0.6614583333333334,0.578125,0.59375,43.08647885714284,40.01662999999999,46.836204238095256,0.8308823529411765,0.9142857142857143,0.9254658385093167,127,111,114,0.7142857142857143,0.780952380952381,0.9142857142857143,4.897172000000004,4.8721788888888895,22.142169001442998,0.0,0.0,0.0,75,82,96,0.7044334975369458,0.7733990147783252,0.8620689655172413,1.636492,1.553832,4.238171,0.027472527472527472,0.010526315789473684,0.2318840579710145,143,157,175
182,0.65625,0.5625,0.578125,41.40482771428571,39.44853357142857,48.334993809523816,0.875,0.8972972972972973,0.9254658385093167,126,108,111,0.7142857142857143,0.780952380952381,0.9333333333333333,4.675228000000004,4.784795000000001,21.990302001443,0.0,0.0,0.0,75,82,98,0.7044334975369458,0.7635467980295566,0.8620689655172413,1.648488,1.593571,4.24307,0.017341040462427744,0.005376344086021506,0.23880597014925373,143,155,175
183,0.6666666666666666,0.65625,0.625,38.92578985714285,41.838613904761914,48.893345476190476,0.847682119205298,0.7936507936507936,0.877906976744186,128,126,120,0.7142857142857143,0.7619047619047619,0.9619047619047619,4.728854571428575,5.001156044733046,22.392850572871566,0.0,0.0,0.0,75,80,101,0.7093596059113301,0.7684729064039408,0.8669950738916257,1.591699,1.555094,4.333964,0.01675977653631285,0.020833333333333332,0.22857142857142856,144,156,176
184,0.6666666666666666,0.671875,0.6666666666666666,43.684535714285715,45.20709842857143,49.07646114285715,0.8680555555555556,0.8380281690140845,0.8187919463087249,128,129,128,0.7047619047619048,0.7904761904761904,0.9714285714285714,4.487092000000004,5.057619050505052,22.394879430014424,0.0,0.0,0.0,74,83,102,0.7142857142857143,0.7635467980295566,0.8620689655172413,1.643781,1.670393,4.258242,0.011428571428571429,0.0,0.23880597014925373,145,155,175
185,0.671875,0.6822916666666666,0.6666666666666666,41.291809571428566,44.05903342857143,51.722786047619046,0.8581560283687943,0.8740740740740741,0.9140625,129,131,128,0.7333333333333333,0.7619047619047619,0.9523809523809523,4.59376385714286,5.866442222222222,22.889816430014424,0.0,0.0,0.0,77,80,100,0.7093596059113301,0.7487684729064039,0.8522167487684729,1.654532,1.619461,4.284262,0.011111111111111112,0.0,0.2535211267605634,144,152,173
186,0.6770833333333334,0.6770833333333334,0.671875,45.98749799999999,42.603673857142866,52.85120795238096,0.8238993710691824,0.815068493150685,0.8759124087591241,130,130,129,0.7047619047619048,0.7714285714285715,0.9523809523809523,4.250847571428575,5.141786428571429,23.041705001443,0.0,0.0,0.0,74,81,100,0.7044334975369458,0.7586206896551724,0.8571428571428571,1.621293,1.582581,4.285617,0.028089887640449437,0.0,0.2608695652173913,143,154,174
187,0.671875,0.6770833333333334,0.6666666666666666,45.31745614285715,42.76507071428571,50.840717380952384,0.8432835820895522,0.8712121212121212,0.849624060150376,129,130,128,0.6952380952380952,0.7428571428571429,0.9619047619047619,4.506765000000004,5.3448856161616165,23.224397001443,0.0,0.0,0.0,73,78,101,0.7093596059113301,0.7635467980295566,0.8719211822660099,1.691923,1.655504,4.375194,0.011363636363636364,0.005291005291005291,0.25,144,155,177
188,0.671875,0.6979166666666666,0.6927083333333334,48.66851342857142,44.745620714285714,54.11761295238095,0.855072463768116,0.8071428571428572,0.8601398601398601,129,134,133,0.7238095238095238,0.7333333333333333,0.9714285714285714,4.9399641428571455,5.246745727272728,23.362106001443,0.0,0.0,0.0,76,77,102,0.7192118226600985,0.7536945812807881,0.8719211822660099,1.663126,1.684931,4.349775,0.011049723756906077,0.005235602094240838,0.25,146,153,177
189,0.6927083333333334,0.703125,0.6875,47.1957477142857,46.82199614285713,57.511225142857135,0.8226950354609929,0.8181818181818182,0.8809523809523809,133,135,132,0.7333333333333333,0.7428571428571429,0.9714285714285714,4.991906571428575,5.361640272727273,23.586722430014422,0.0,0.0,0.0,77,78,102,0.7192118226600985,0.7536945812807881,0.8719211822660099,1.687432,1.716244,4.371157,0.011111111111111112,0.0,0.2571428571428571,146,153,177
190,0.6927083333333334,0.6927083333333334,0.6875,47.98828257142857,46.75514228571427,60.24631052380952,0.8854961832061069,0.8307692307692308,0.875,133,133,132,0.7523809523809524,0.7428571428571429,0.9714285714285714,5.0671324285714325,5.793482920634919,23.217160001443,0.0,0.0,0.0,79,78,102,0.7142857142857143,0.7536945812807881,0.8768472906403941,1.651695,1.68531,4.372218,0.016574585635359115,0.0,0.22857142857142856,145,153,178
191,0.6875,0.703125,0.703125,47.43750085714285,45.82979585714284,59.30193166666666,0.8208955223880597,0.7872340425531915,0.8650793650793651,132,135,135,0.7333333333333333,0.7333333333333333,0.9809523809523809,5.179710000000004,5.221957,23.797244858585856,0.0,0.0,0.0,77,77,103,0.7192118226600985,0.7635467980295566,0.8669950738916257,1.671207,1.744171,4.342215,0.026881720430107527,0.0,0.24242424242424243,146,155,176
192,0.6927083333333334,0.3802083333333333,0.25,47.45567814285715,20.8042608095238,29.20233547619047,0.8345323741007195,0.8059701492537313,0.8787878787878788,133,73,48,0.7523809523809524,0.41904761904761906,0.5428571428571428,5.0280150000000035,2.4476989999999996,11.801621378066375,0.0,0.0,0.0,79,44,57,0.7142857142857143,0.4236453201970443,0.3645320197044335,1.645932,0.720256,1.986895,0.016666666666666666,0.0,0.24528301886792453,145,86,74
193,0.6979166666666666,0.359375,0.23958333333333334,49.007831571428575,21.117098952380946,29.067445619047618,0.8432835820895522,0.8513513513513513,0.8604651162790697,134,69,46,0.7523809523809524,0.42857142857142855,0.37142857142857144,4.993989000000004,2.5266243492063487,11.516775378066376,0.0,0.0,0.0,79,45,39,0.7142857142857143,0.41379310344827586,0.3054187192118227,1.629802,0.752747,2.007562,0.016574585635359115,0.0,0.16,145,84,62
194,0.703125,0.3645833333333333,0.234375,48.91795866666666,22.533584952380952,27.072648761904762,0.8571428571428571,0.8533333333333334,0.8333333333333334,135,70,45,0.7333333333333333,0.4666666666666667,0.38095238095238093,4.671378000000003,2.571135571428571,11.307792378066376,0.0,0.0,0.0,77,49,40,0.7142857142857143,0.43349753694581283,0.3054187192118227,1.653979,0.771712,2.005033,0.016574585635359115,0.014285714285714285,0.16666666666666666,145,88,62
195,0.703125,0.359375,0.20833333333333334,49.36071671428571,23.536134238095226,26.01960647619047,0.8321167883211679,0.8552631578947368,0.8793103448275862,135,69,40,0.7523809523809524,0.4095238095238095,0.3904761904761905,5.130920000000004,2.3440016161616155,11.385001378066375,0.0,0.04838709677419355,0.0,79,43,41,0.7142857142857143,0.43349753694581283,0.3251231527093596,1.656736,0.830477,2.048136,0.01639344262295082,0.13709677419354838,0.056179775280898875,145,88,66
196,0.6979166666666666,0.3333333333333333,0.19791666666666666,53.392856,20.145919666666664,27.313432047619045,0.8115942028985508,0.8202247191011236,0.9206349206349206,134,64,38,0.7523809523809524,0.4095238095238095,0.4666666666666667,5.048249000000004,2.5317071875901873,11.535336378066376,0.0,0.05172413793103448,0.0,79,43,49,0.7093596059113301,0.4039408866995074,0.32019704433497537,1.699335,0.872817,2.062391,0.022099447513812154,0.20833333333333334,0.24390243902439024,144,82,65
197,0.6927083333333334,0.328125,0.19791666666666666,47.371476999999985,18.117617666666657,25.911692190476188,0.8682170542635659,0.8928571428571429,0.9076923076923077,133,63,38,0.7428571428571429,0.37142857142857144,0.3619047619047619,4.709521000000004,2.4014937272727273,11.391297378066376,0.0,0.044444444444444446,0.0,78,39,38,0.6995073891625616,0.3645320197044335,0.30049261083743845,1.761941,0.862673,2.038613,0.022099447513812154,0.28859060402684567,0.30952380952380953,142,74,61
198,0.6979166666666666,0.3229166666666667,0.18229166666666666,47.088280714285716,18.21738709523809,29.24578461904762,0.7943262411347518,0.8404255319148937,0.9142857142857143,134,62,35,0.780952380952381,0.38095238095238093,0.3619047619047619,4.601899000000004,2.816468323232323,11.509439949494947,0.0,0.14516129032258066,0.0,82,40,38,0.7093596059113301,0.3448275862068966,0.30049261083743845,1.760945,0.843041,2.089463,0.031578947368421054,0.34394904458598724,0.45714285714285713,144,70,61
199,0.7083333333333334,0.3072916666666667,0.17708333333333334,49.88522714285713,19.082529523809516,28.41447976190476,0.8538461538461538,0.9310344827586207,0.9701492537313433,136,59,34,0.7619047619047619,0.3333333333333333,0.34285714285714286,4.740121000000004,2.7138206161616156,11.473844378066376,0.0,0.24193548387096775,0.0,80,35,36,0.7192118226600985,0.3497536945812808,0.2955665024630542,1.697517,0.81428,2.076186,0.026881720430107527,0.4161490683229814,0.39473684210526316,146,71,60
200,0.6927083333333334,0.3125,0.17708333333333334,53.79210614285714,39.46867728571428,53.363138809523804,0.8968253968253969,0.8857142857142857,0.95,133,60,34,0.7428571428571429,0.8095238095238095,0.7714285714285715,4.7247540000000035,5.953386367965368,24.035197541125537,0.0,0.1016949152542373,0.05084745762711865,78,85,81,0.7093596059113301,0.43842364532019706,0.35960591133004927,1.751887,1.690406,4.329131,0.041884816753926704,0.421875,0.42857142857142855,144,89,73
201,0.6927083333333334,0.3177083333333333,0.17708333333333334,44.60340914285713,41.166759285714285,51.26328166666667,0.8188405797101449,0.9148936170212766,0.9716312056737588,133,61,34,0.7333333333333333,0.8,0.7904761904761904,4.773355682539687,7.671144075036077,24.09847608658008,0.0,0.07042253521126761,0.5384615384615384,77,84,83,0.729064039408867,0.46798029556650245,0.45320197044334976,1.731491,1.733728,4.354639,0.005263157894736842,0.45726495726495725,0.5897435897435898,148,95,92
202,0.6927083333333334,0.3229166666666667,0.17708333333333334,45.15654542857145,43.32899714285713,52.30054038095237,0.8175182481751825,0.9292929292929293,0.9952380952380953,133,62,34,0.7333333333333333,0.7714285714285715,0.7714285714285715,5.116459000000003,7.328659862914863,23.86751508080808,0.0,0.023809523809523808,0.717391304347826,77,81,81,0.7241379310344828,0.4729064039408867,0.46798029556650245,1.70344,1.824352,4.421862,0.0,0.5,0.7456647398843931,147,96,95
203,0.7083333333333334,0.3229166666666667,0.17708333333333334,48.679563428571434,41.347919714285716,51.42642223809524,0.8251748251748252,0.9598393574297188,0.9828767123287672,136,62,34,0.7619047619047619,0.7333333333333333,0.780952380952381,5.209024000000004,7.01365453968254,23.658900995670997,0.0,0.011111111111111112,0.7358490566037735,80,77,82,0.7192118226600985,0.4630541871921182,0.4729064039408867,1.751746,1.6341,4.50246,0.005291005291005291,0.5252525252525253,0.8018433179723502,146,94,96
204,0.703125,0.3125,0.17708333333333334,49.28792957142858,40.15833242857142,51.913057095238095,0.8372093023255814,0.9589552238805971,0.9873817034700315,135,60,34,0.7714285714285715,0.7428571428571429,0.780952380952381,4.851979000000004,7.381596883116882,23.905878359307355,0.0,0.01098901098901099,0.75,81,78,82,0.7142857142857143,0.5172413793103449,0.46798029556650245,1.752156,1.620893,4.441071,0.010471204188481676,0.5258064516129032,0.8166666666666667,145,105,95
205,0.6979166666666666,0.3125,0.17708333333333334,49.86078942857142,40.768299,49.85478295238095,0.8308823529411765,0.9597069597069597,0.9873817034700315,134,60,34,0.7714285714285715,0.7428571428571429,0.7714285714285715,4.616219317460321,7.141851190476191,23.371193541125535,0.0,0.010526315789473684,0.7636363636363637,81,78,81,0.7339901477832512,0.541871921182266,0.4729064039408867,1.793308,1.603507,4.480576,0.010256410256410256,0.5727848101265823,0.8240343347639485,149,110,96
206,0.6979166666666666,0.3229166666666667,0.17708333333333334,50.16616128571428,40.62209428571428,48.094230238095236,0.8285714285714286,0.945054945054945,0.9813084112149533,134,62,34,0.7619047619047619,0.7428571428571429,0.7714285714285715,4.571897761904765,7.434870650793651,23.69138626839826,0.0,0.0,0.7924528301886793,80,78,81,0.7586206896551724,0.5517241379310345,0.4729064039408867,1.747118,1.755984,4.490858,0.005128205128205128,0.5516014234875445,0.8275862068965517,154,112,96
207,0.703125,0.3229166666666667,0.17708333333333334,45.56689042857142,42.458146285714285,50.74112947619048,0.8195488721804511,0.9583333333333334,0.9936908517350158,135,62,34,0.7619047619047619,0.7428571428571429,0.7714285714285715,4.841289111111114,7.078183468975468,23.83898226839826,0.0,0.0,0.7777777777777778,80,78,81,0.7438423645320197,0.5073891625615764,0.4729064039408867,1.767535,1.814754,4.497957,0.020942408376963352,0.547945205479452,0.8318965517241379,151,103,96
208,0.703125,0.3229166666666667,0.17708333333333334,47.197523714285715,43.175815571428565,49.400232666666675,0.8222222222222222,0.9700374531835206,0.984472049689441,135,62,34,0.780952380952381,0.7047619047619048,0.7714285714285715,5.157256571428575,7.645746989898991,23.83821881385281,0.0,0.0,0.7719298245614035,82,74,81,0.7586206896551724,0.47783251231527096,0.4729064039408867,1.873798,1.742406,4.517226,0.010526315789473684,0.5481727574750831,0.8268398268398268,154,97,96
209,0.7083333333333334,0.3229166666666667,0.171875,45.966792000000005,43.23204171428569,48.93042452380952,0.8888888888888888,0.9481481481481482,0.98125,136,62,33,0.7714285714285715,0.7238095238095238,0.7714285714285715,5.11574385714286,7.171474499278499,23.84819181385281,0.0,0.0,0.7857142857142857,81,76,81,0.7536945812807881,0.4876847290640394,0.47783251231527096,1.853263,1.68333,4.512234,0.0,0.5559105431309904,0.8227848101265823,153,99,97
210,0.7083333333333334,0.3229166666666667,0.17708333333333334,41.48993085714286,41.803118,50.56342452380952,0.8134328358208955,0.9591078066914498,0.9782608695652174,136,62,34,0.7619047619047619,0.7428571428571429,0.7714285714285715,4.885101571428574,6.799057994227995,23.804424541125535,0.0,0.0,0.7719298245614035,80,78,81,0.7684729064039408,0.5172413793103449,0.4827586206896552,1.861942,1.674538,4.548949,0.0,0.5357142857142857,0.8347826086956521,156,105,98
211,0.671875,0.3125,0.17708333333333334,49.41270828571428,42.7905537142857,51.02999595238096,0.8222222222222222,0.9624060150375939,0.990625,129,60,34,0.7523809523809524,0.7619047619047619,0.780952380952381,5.433332428571433,7.007892356421357,23.803275995670997,0.0,0.0,0.8070175438596491,79,80,82,0.7536945812807881,0.5221674876847291,0.47783251231527096,1.863275,1.700668,4.577535,0.02577319587628866,0.5104166666666666,0.8407079646017699,153,106,97
212,0.6927083333333334,0.3125,0.17708333333333334,48.65879614285714,44.554946714285705,52.89656738095239,0.7872340425531915,0.955719557195572,0.9905362776025236,133,60,34,0.7428571428571429,0.8095238095238095,0.780952380952381,5.3593050000000035,7.461594545454545,23.93117181385281,0.0,0.01020408163265306,0.7777777777777778,78,85,82,0.7536945812807881,0.5467980295566502,0.4729064039408867,1.782536,1.661559,4.541603,0.025510204081632654,0.5250836120401338,0.8326180257510729,153,111,96
213,0.703125,0.3177083333333333,0.17708333333333334,41.2011207142857,45.809093428571416,51.25244223809524,0.8194444444444444,0.9553903345724907,0.9906542056074766,135,61,34,0.7428571428571429,0.780952380952381,0.7714285714285715,4.982876571428575,7.339787085137085,23.886167268398264,0.0,0.0,0.8235294117647058,78,82,81,0.7635467980295566,0.5369458128078818,0.47783251231527096,1.837477,1.762987,4.538991,0.020618556701030927,0.5683453237410072,0.8135593220338984,155,109,97
214,0.7083333333333334,0.3177083333333333,0.17708333333333334,48.31502914285715,41.449100857142845,52.66328166666667,0.8235294117647058,0.9772727272727273,0.9783950617283951,136,61,34,0.7619047619047619,0.780952380952381,0.780952380952381,5.311803317460319,7.484373383838385,23.730804541125536,0.0,0.0,0.8148148148148148,80,82,82,0.7536945812807881,0.5221674876847291,0.49261083743842365,1.773383,1.851078,4.51764,0.02564102564102564,0.5579710144927537,0.8125,153,106,100
215,0.703125,0.3229166666666667,0.17708333333333334,47.4710302857143,41.69588071428571,54.76256738095238,0.88,0.948339483394834,0.9873817034700315,135,62,34,0.7619047619047619,0.7714285714285715,0.7904761904761904,4.662478000000004,6.7288659336219325,23.771478541125536,0.0,0.0,0.8235294117647058,80,81,83,0.7339901477832512,0.4827586206896552,0.49261083743842365,1.840298,1.890345,4.552635,0.015544041450777202,0.5309090909090909,0.8333333333333334,149,98,100
216,0.703125,0.3177083333333333,0.17708333333333334,49.196833,42.31281814285714,53.62812752380951,0.84251968503937,0.9588014981273408,0.99375,135,61,34,0.7714285714285715,0.7333333333333333,0.7714285714285715,4.710694571428575,6.64723253968254,23.792574541125536,0.0,0.0,0.8461538461538461,81,77,81,0.7438423645320197,0.49261083743842365,0.4827586206896552,1.845411,1.827103,4.549633,0.020618556701030927,0.5218855218855218,0.8253275109170306,151,100,98
217,0.7083333333333334,0.3125,0.17708333333333334,46.690148428571426,42.66484128571427,52.35200476190475,0.8345864661654135,0.9695817490494296,0.9845201238390093,136,60,34,0.7428571428571429,0.819047619047619,0.7714285714285715,4.9049722857142894,7.751891711399713,23.853644541125536,0.0,0.0,0.8148148148148148,78,86,81,0.7487684729064039,0.5320197044334976,0.4827586206896552,1.83107,1.843162,4.543821,0.010362694300518135,0.5084745762711864,0.8205128205128205,152,108,98
218,0.7083333333333334,0.3177083333333333,0.17708333333333334,47.21645585714285,42.52522599999999,49.21627666666667,0.813953488372093,0.948339483394834,0.9876160990712074,136,61,34,0.7333333333333333,0.780952380952381,0.8,5.0408060000000035,7.438383357864358,23.945764995670995,0.0,0.0,0.8269230769230769,77,82,84,0.7339901477832512,0.5517241379310345,0.4876847290640394,1.82982,1.841592,4.545104,0.015789473684210527,0.5533333333333333,0.8385650224215246,149,112,99
219,0.703125,0.3229166666666667,0.17708333333333334,44.40236214285714,40.2414,50.439109952380946,0.8260869565217391,0.9656488549618321,0.9844236760124611,135,62,34,0.7333333333333333,0.7428571428571429,0.7904761904761904,4.925321571428575,7.379595064935064,23.96669681385281,0.0,0.0,0.8235294117647058,77,78,83,0.7339901477832512,0.5467980295566502,0.4876847290640394,1.834658,1.919562,4.555658,0.015544041450777202,0.5448028673835126,0.8362831858407079,149,111,99
220,0.6979166666666666,0.3229166666666667,0.171875,45.89516214285713,39.59136442857143,51.568152095238084,0.8914728682170543,0.9518518518518518,0.990506329113924,134,62,33,0.7047619047619048,0.7904761904761904,0.780952380952381,5.255406000000003,7.478874796536796,23.740402541125537,0.0,0.0,0.7924528301886793,74,83,82,0.7389162561576355,0.5073891625615764,0.4876847290640394,1.801019,1.964401,4.587327,0.010471204188481676,0.5698529411764706,0.8281938325991189,150,103,99
221,0.6979166666666666,0.3177083333333333,0.17708333333333334,49.749483857142835,41.027264285714274,52.56728957142857,0.8201438848920863,0.9772727272727273,0.9844236760124611,134,61,34,0.7142857142857143,0.780952380952381,0.7714285714285715,5.148207857142862,7.228783937950938,24.258269884559883,0.0,0.0,0.8235294117647058,75,82,81,0.7438423645320197,0.47783251231527096,0.46798029556650245,1.752691,1.985327,4.549511,0.015463917525773196,0.5535714285714286,0.8427947598253275,151,97,95
222,0.703125,0.3177083333333333,0.17708333333333334,47.84096142857142,40.09296514285714,48.74970523809525,0.8085106382978723,0.9700374531835206,0.9783950617283951,135,61,34,0.7142857142857143,0.7428571428571429,0.780952380952381,4.983309428571432,7.593094034632034,24.210463541125534,0.0,0.0,0.7777777777777778,75,78,82,0.7487684729064039,0.4729064039408867,0.4876847290640394,1.779927,1.910666,4.555511,0.02072538860103627,0.5316901408450704,0.8362068965517241,152,96,99
223,0.703125,0.3177083333333333,0.171875,47.29346242857144,38.292028285714274,48.93348466666668,0.8818897637795275,0.9624060150375939,0.9904458598726115,135,61,33,0.7238095238095238,0.8,0.7904761904761904,5.447200793650796,6.78527722222222,24.345567541125536,0.0,0.0,0.7843137254901961,76,84,83,0.7487684729064039,0.4876847290640394,0.4827586206896552,1.719591,1.854528,4.544579,0.010309278350515464,0.5368421052631579,0.8491379310344828,152,99,98
224,0.703125,0.3177083333333333,0.17708333333333334,47.588350428571424,37.29283414285713,51.273546523809536,0.7941176470588235,0.9333333333333333,0.9905362776025236,135,61,34,0.7428571428571429,0.7619047619047619,0.7904761904761904,5.725859000000003,6.827077660894659,24.763911430014424,0.0,0.0,0.7692307692307693,78,80,83,0.7586206896551724,0.5123152709359606,0.4876847290640394,1.744356,1.853481,4.56372,0.020100502512562814,0.5498281786941581,0.8362831858407079,154,104,99
225,0.6927083333333334,0.3125,0.17708333333333334,47.94221157142857,41.691549285714274,51.25575638095239,0.873015873015873,0.9767441860465116,0.9842271293375394,133,60,34,0.7428571428571429,0.7619047619047619,0.780952380952381,4.938444000000004,6.955710660894659,24.261736268398263,0.0,0.0,0.803921568627451,78,80,82,0.7536945812807881,0.541871921182266,0.4876847290640394,1.763587,1.944915,4.551022,0.015384615384615385,0.5516014234875445,0.8326180257510729,153,110,99
226,0.6927083333333334,0.3229166666666667,0.17708333333333334,46.61045142857141,41.431637428571435,51.29202580952382,0.837037037037037,0.9591078066914498,0.9843260188087775,133,62,34,0.7428571428571429,0.7714285714285715,0.7904761904761904,5.246030111111116,6.975657822510822,24.452619541125536,0.0,0.0,0.7884615384615384,78,81,83,0.7487684729064039,0.5566502463054187,0.4876847290640394,1.728117,2.029122,4.563827,0.015306122448979591,0.5679442508710801,0.8478260869565217,152,113,99
227,0.6927083333333334,0.3229166666666667,0.17708333333333334,45.55340157142855,42.965986285714294,52.41590580952382,0.8671875,0.9657794676806084,0.9936908517350158,133,62,34,0.7428571428571429,0.780952380952381,0.780952380952381,5.325634888888894,7.889366913419912,24.600955430014423,0.0,0.0,0.8113207547169812,78,82,82,0.7536945812807881,0.541871921182266,0.4827586206896552,1.799419,2.163699,4.570663,0.02040816326530612,0.5607142857142857,0.8405172413793104,153,110,98
228,0.7083333333333334,0.3177083333333333,0.17708333333333334,44.959879857142845,42.38334557142858,51.15506995238096,0.7655172413793103,0.9769230769230769,0.987460815047022,136,61,34,0.7333333333333333,0.819047619047619,0.7714285714285715,5.395946428571433,6.638171701298699,24.680193157287157,0.0,0.0,0.75,77,86,81,0.7487684729064039,0.5172413793103449,0.46798029556650245,1.793999,2.216556,4.533553,0.015228426395939087,0.5514705882352942,0.8464912280701754,152,105,95
229,0.6979166666666666,0.3229166666666667,0.17708333333333334,46.35971157142856,42.450763428571435,48.30428438095238,0.8484848484848485,0.9511278195488722,0.9752321981424149,134,62,34,0.7523809523809524,0.819047619047619,0.780952380952381,4.741101000000004,6.921529883116882,24.729095430014425,0.0,0.0,0.75,79,86,82,0.7586206896551724,0.5123152709359606,0.4876847290640394,1.758482,2.093137,4.536977,0.015,0.519163763066202,0.8448275862068966,154,104,99
230,0.703125,0.3177083333333333,0.17708333333333334,48.92867742857141,42.32825299999999,51.80758809523809,0.7956204379562044,0.9809160305343512,0.9936507936507937,135,61,34,0.7619047619047619,0.7904761904761904,0.7619047619047619,4.872449000000006,7.105448701298701,24.703461430014425,0.0,0.0,0.7777777777777778,80,83,80,0.7536945812807881,0.5369458128078818,0.4876847290640394,1.783625,2.119159,4.532567,0.025,0.5547703180212014,0.8628318584070797,153,109,99
231,0.7083333333333334,0.3177083333333333,0.17708333333333334,49.045442714285706,43.02129528571428,53.104611523809524,0.859375,0.9233576642335767,0.9842767295597484,136,61,34,0.7523809523809524,0.7714285714285715,0.7714285714285715,4.8965290000000055,7.13050082251082,24.776738430014426,0.0,0.0,0.7272727272727273,79,81,81,0.7487684729064039,0.5467980295566502,0.4827586206896552,1.770477,2.138345,4.569053,0.03902439024390244,0.56,0.8533333333333334,152,111,98
232,0.6927083333333334,0.3177083333333333,0.17708333333333334,46.414546142857134,43.766203857142855,53.24570838095238,0.8507462686567164,0.9584905660377359,0.9968354430379747,133,61,34,0.7523809523809524,0.7523809523809524,0.7714285714285715,5.259400222222228,6.862677044733042,24.80734931890332,0.0,0.0,0.7407407407407407,79,79,81,0.7389162561576355,0.5320197044334976,0.4827586206896552,1.775034,2.251405,4.534896,0.030612244897959183,0.5725190839694656,0.851528384279476,150,108,98
233,0.6979166666666666,0.3229166666666667,0.17708333333333334,45.75674300000001,42.30561214285714,51.41559295238095,0.8296296296296296,0.9694656488549618,0.9905660377358491,134,62,34,0.7428571428571429,0.7523809523809524,0.7619047619047619,4.980813000000006,7.2626328470418455,24.937603702741697,0.0,0.0,0.7924528301886793,78,79,80,0.7241379310344828,0.5123152709359606,0.49261083743842365,1.765442,2.249001,4.593602,0.02,0.549618320610687,0.8458149779735683,147,104,100
234,0.6927083333333334,0.3229166666666667,0.17708333333333334,51.253726,43.09478042857142,50.56342452380952,0.8615384615384616,0.937037037037037,0.9874213836477987,133,62,34,0.7333333333333333,0.7619047619047619,0.7714285714285715,4.9409351111111155,7.4777580952380935,24.919172702741697,0.0,0.0,0.7368421052631579,77,80,81,0.7339901477832512,0.5467980295566502,0.4876847290640394,1.771741,2.263209,4.587851,0.02,0.5328467153284672,0.8705357142857143,149,111,99
235,0.6614583333333334,0.3229166666666667,0.17708333333333334,47.54593414285715,42.08604442857143,50.09685309523809,0.8333333333333334,0.973384030418251,0.9936507936507937,127,62,34,0.7333333333333333,0.7714285714285715,0.7714285714285715,5.335382000000005,7.601544984126981,24.761382430014425,0.0,0.0,0.7368421052631579,77,81,81,0.7438423645320197,0.5320197044334976,0.4876847290640394,1.787682,2.268425,4.566502,0.024875621890547265,0.5576208178438662,0.867579908675799,151,108,99
236,0.703125,0.3177083333333333,0.17708333333333334,46.686296000000006,37.84090471428571,51.263281666666664,0.8102189781021898,0.9589552238805971,0.9874213836477987,135,61,34,0.7428571428571429,0.7333333333333333,0.780952380952381,5.4401617777777815,7.596471746031742,25.135261430014424,0.0,0.0,0.7636363636363637,78,77,82,0.729064039408867,0.5123152709359606,0.4876847290640394,1.771243,2.246311,4.57445,0.020512820512820513,0.5634328358208955,0.8812785388127854,148,104,99
237,0.7083333333333334,0.3229166666666667,0.17708333333333334,49.57336785714284,37.98298885714286,51.460670809523805,0.8409090909090909,0.9514925373134329,0.990506329113924,136,62,34,0.7238095238095238,0.7619047619047619,0.7904761904761904,5.454134888888894,7.509372044733044,25.094177702741696,0.0,0.010752688172043012,0.7288135593220338,76,80,83,0.729064039408867,0.5221674876847291,0.4876847290640394,1.772078,2.310047,4.600201,0.015384615384615385,0.5359712230215827,0.9023255813953488,148,106,99
238,0.6927083333333334,0.3229166666666667,0.17708333333333334,47.19585742857141,42.418564428571415,51.7079880952381,0.8320610687022901,0.947565543071161,0.9874213836477987,133,62,34,0.7333333333333333,0.780952380952381,0.7714285714285715,5.517126888888893,7.782398448773446,25.27432115728715,0.0,0.0,0.7818181818181819,77,82,81,0.7044334975369458,0.5320197044334976,0.4827586206896552,1.778657,2.282784,4.572757,0.024752475247524754,0.5678571428571428,0.8986175115207373,143,108,98
239,0.7083333333333334,0.3177083333333333,0.17708333333333334,48.54656285714286,42.039165142857144,50.16981366666666,0.8296296296296296,0.9661654135338346,0.9905660377358491,136,61,34,0.7238095238095238,0.7904761904761904,0.7619047619047619,5.112752571428577,7.933345327561327,25.4743157027417,0.0,0.0,0.7543859649122807,76,83,80,0.7142857142857143,0.5221674876847291,0.4876847290640394,1.809151,2.279181,4.55687,0.010101010101010102,0.572992700729927,0.8733031674208145,145,106,99
240,0.6979166666666666,0.3125,0.17708333333333334,43.10449914285712,41.57746442857143,50.175126380952385,0.7985074626865671,0.948339483394834,0.9813664596273292,134,60,34,0.7333333333333333,0.7619047619047619,0.7523809523809524,5.240375571428577,7.682713792207791,25.34005815728715,0.0,0.0,0.7543859649122807,77,80,79,0.7241379310344828,0.5172413793103449,0.47783251231527096,1.833213,2.266616,4.593245,0.024752475247524754,0.5430711610486891,0.8807339449541285,147,105,97
241,0.734375,0.3489583333333333,0.234375,49.33246142857144,41.13095357142857,50.56342452380952,0.7928571428571428,0.9314079422382672,0.9541284403669725,141,67,45,0.7523809523809524,0.8095238095238095,0.7619047619047619,5.332235428571432,6.882766105339102,25.670655702741698,0.0,0.0,0.7049180327868853,79,85,80,0.7044334975369458,0.5270935960591133,0.5024630541871922,1.801196,2.281411,4.58964,0.01020408163265306,0.5598591549295775,0.853448275862069,143,107,102
242,0.75,0.3854166666666667,0.23958333333333334,52.02509657142858,47.032056142857144,54.5134200952381,0.7844827586206896,0.9288537549407114,0.9831081081081081,144,74,46,0.7523809523809524,0.819047619047619,0.7238095238095238,5.197118571428576,7.845126329004325,25.585281884559883,0.0,0.0,0.7288135593220338,79,86,76,0.6995073891625616,0.5467980295566502,0.5073891625615764,1.847251,2.218673,4.643787,0.01507537688442211,0.545774647887324,0.8310502283105022,142,111,103
243,0.75,0.3854166666666667,0.23958333333333334,52.11036171428571,44.743308571428564,52.89628166666667,0.8073394495412844,0.9710743801652892,0.9864864864864865,144,74,46,0.7142857142857143,0.780952380952381,0.7714285714285715,5.592703571428577,7.30215622510822,25.786142157287152,0.0,0.0,0.65625,75,82,81,0.7142857142857143,0.5566502463054187,0.5172413793103449,1.813019,2.233084,4.645388,0.009950248756218905,0.5338345864661654,0.8018018018018018,145,113,105
244,0.7552083333333334,0.375,0.234375,53.68818585714286,45.256814,53.962491523809526,0.7699115044247787,0.9516129032258065,0.9965753424657534,145,72,45,0.7333333333333333,0.8571428571428571,0.7714285714285715,6.391672888888894,6.690098206349203,25.727807430014423,0.0,0.0,0.7192982456140351,77,90,81,0.7241379310344828,0.541871921182266,0.5270935960591133,1.81807,2.293975,4.668074,0.005128205128205128,0.5212355212355212,0.7601809954751131,147,110,107
245,0.7447916666666666,0.3802083333333333,0.234375,54.47103614285714,43.298229285714285,54.38174823809524,0.7477477477477478,0.921875,0.9832214765100671,143,73,45,0.7714285714285715,0.8,0.7714285714285715,5.823188428571433,7.665212679653678,25.96491661183261,0.0,0.011235955056179775,0.6721311475409836,81,84,81,0.7438423645320197,0.5615763546798029,0.5369458128078818,1.86258,2.283229,4.702749,0.0,0.5096525096525096,0.7579908675799086,151,114,109
246,0.7708333333333334,0.3854166666666667,0.23958333333333334,55.875444428571434,42.44767699999999,52.225040809523804,0.75,0.9510204081632653,0.9831649831649831,148,74,46,0.7714285714285715,0.7619047619047619,0.7714285714285715,6.0058090000000055,7.423138079365076,25.813996157287157,0.0,0.010309278350515464,0.6833333333333333,81,80,81,0.7487684729064039,0.5665024630541872,0.5320197044334976,1.835607,2.335958,4.706915,0.005025125628140704,0.5247933884297521,0.7488584474885844,152,115,108
247,0.7395833333333334,0.375,0.23958333333333334,54.490095714285715,41.80649914285714,50.65179452380953,0.8148148148148148,0.9456066945606695,0.9766666666666667,142,72,46,0.780952380952381,0.780952380952381,0.7714285714285715,5.559999000000006,7.1252103939393905,26.074643157287152,0.0,0.02127659574468085,0.7678571428571429,82,82,81,0.7487684729064039,0.5320197044334976,0.5270935960591133,1.797733,2.283503,4.678492,0.005,0.5063291139240507,0.7476635514018691,152,108,107
248,0.7447916666666666,0.3854166666666667,0.23958333333333334,55.878670142857146,44.61954842857142,53.38030595238095,0.7094017094017094,0.9497907949790795,0.9635761589403974,143,74,46,0.7714285714285715,0.7904761904761904,0.7523809523809524,5.179939000000005,7.862344069264066,25.87965861183261,0.0,0.010752688172043012,0.7636363636363637,81,83,79,0.7487684729064039,0.5123152709359606,0.5369458128078818,1.790851,2.22209,4.737089,0.005025125628140704,0.4959677419354839,0.7476635514018691,152,104,109
249,0.7552083333333334,0.3802083333333333,0.23958333333333334,54.225724142857146,44.35948899999998,53.660543666666655,0.7961165048543689,0.9620253164556962,0.9797979797979798,145,73,46,0.7619047619047619,0.7904761904761904,0.7619047619047619,5.909939000000006,7.885337301587299,26.289945430014424,0.0,0.0,0.6721311475409836,80,83,80,0.7487684729064039,0.541871921182266,0.541871921182266,1.847929,2.206959,4.750795,0.004975124378109453,0.4980237154150198,0.7619047619047619,152,110,110
250,0.734375,0.3854166666666667,0.23958333333333334,51.16022357142857,45.36485385714286,51.14233852380953,0.7672413793103449,0.9473684210526315,0.9797297297297297,141,74,46,0.7428571428571429,0.780952380952381,0.7333333333333333,6.3132244285714325,7.727817994227992,26.220011884559884,0.0,0.0,0.7068965517241379,78,82,77,0.7389162561576355,0.5812807881773399,0.5369458128078818,1.765627,2.216338,4.807455,0.00510204081632653,0.508,0.7703349282296651,150,118,109
251,0.765625,0.3802083333333333,0.23958333333333334,51.13727357142857,46.20846928571427,51.49656738095238,0.7747747747747747,0.9392712550607287,0.9695945945945946,147,73,46,0.7619047619047619,0.7714285714285715,0.7523809523809524,5.410051888888893,7.580579727272723,26.11046215728716,0.0,0.0,0.6885245901639344,80,81,79,0.7389162561576355,0.5812807881773399,0.541871921182266,1.731266,2.246341,4.804199,0.005025125628140704,0.4875,0.75,150,118,110
252,0.7447916666666666,0.3802083333333333,0.23958333333333334,54.96468585714285,46.36283314285713,52.07698138095238,0.7714285714285715,0.9518072289156626,0.9764309764309764,143,73,46,0.780952380952381,0.8095238095238095,0.7333333333333333,5.429498000000006,7.508639079365077,25.809632157287158,0.0,0.0,0.7368421052631579,82,85,77,0.7487684729064039,0.5763546798029556,0.5517241379310345,1.787961,2.295396,4.788878,0.0049504950495049506,0.4897959183673469,0.7475728155339806,152,117,112
253,0.7604166666666666,0.3802083333333333,0.23958333333333334,57.09851685714286,44.24854157142857,53.362853095238094,0.7657657657657657,0.9471544715447154,0.9931506849315068,146,73,46,0.7523809523809524,0.8,0.7714285714285715,5.460225000000006,8.004390295815293,26.279953046176047,0.0,0.0,0.6774193548387096,79,84,81,0.7536945812807881,0.5960591133004927,0.5517241379310345,1.767166,2.327339,4.831911,0.005076142131979695,0.4979757085020243,0.7562189054726368,153,121,112
254,0.7552083333333334,0.3854166666666667,0.23958333333333334,54.417580999999984,46.045349,55.04747395238095,0.8113207547169812,0.9428571428571428,0.9862542955326461,145,74,46,0.7619047619047619,0.7619047619047619,0.7714285714285715,5.9709365714285765,6.847320301587298,26.137651046176046,0.0,0.0,0.75,80,80,81,0.7487684729064039,0.5862068965517241,0.5517241379310345,1.785443,2.341609,4.85423,0.0051813471502590676,0.49586776859504134,0.7463414634146341,152,119,112
255,0.7604166666666666,0.3958333333333333,0.2604166666666667,56.788831285714295,43.70612214285715,52.0441200952381,0.7735849056603774,0.957983193277311,0.9605263157894737,146,76,50,0.7619047619047619,0.7714285714285715,0.7619047619047619,6.100729460317464,7.447525746031743,26.480031046176045,0.0,0.0,0.7777777777777778,80,81,80,0.7389162561576355,0.5714285714285714,0.5763546798029556,1.848979,2.361781,4.855195,0.0,0.48360655737704916,0.7198067632850241,150,116,117
256,0.78125,0.4010416666666667,0.2708333333333333,52.73783371428571,49.73444599999999,52.98564880952381,0.67,0.9482758620689655,0.9717314487632509,150,77,52,0.7619047619047619,0.8285714285714286,0.7714285714285715,5.9496060000000055,7.323392707070704,26.30126431890331,0.0,0.0,0.7777777777777778,80,87,81,0.7241379310344828,0.5763546798029556,0.5763546798029556,1.783812,2.311205,4.86404,0.0051813471502590676,0.46938775510204084,0.751269035532995,147,117,117
257,0.7760416666666666,0.4166666666666667,0.2708333333333333,60.706178142857155,47.184039571428556,55.67589509523809,0.7789473684210526,0.9276595744680851,0.9786476868327402,149,80,52,0.7619047619047619,0.8285714285714286,0.780952380952381,5.856310793650798,6.741644533910532,26.37085677344877,0.0,0.0,0.7368421052631579,80,87,82,0.729064039408867,0.5665024630541872,0.5615763546798029,1.816964,2.343419,4.934714,0.0,0.47058823529411764,0.7676767676767676,148,115,114
258,0.765625,0.4166666666666667,0.2604166666666667,56.21900528571428,48.629135999999995,57.92914009523808,0.6990291262135923,0.9313304721030042,0.9822695035460993,147,80,50,0.7619047619047619,0.780952380952381,0.780952380952381,6.481793000000006,7.692672933621932,26.536002046176048,0.0,0.0,0.75,80,82,82,0.7192118226600985,0.5517241379310345,0.5566502463054187,1.83421,2.358552,4.931231,0.005208333333333333,0.45188284518828453,0.7389162561576355,146,112,113
259,0.78125,0.40625,0.2708333333333333,57.297542714285726,47.48364185714285,56.488995952380954,0.71875,0.9513274336283186,0.9822064056939501,150,78,52,0.7619047619047619,0.7904761904761904,0.7714285714285715,6.282247142857147,6.825267428571426,26.83742531890331,0.0,0.00980392156862745,0.75,80,83,81,0.729064039408867,0.5615763546798029,0.5467980295566502,1.843672,2.367848,4.932797,0.0,0.41452991452991456,0.7560975609756098,148,114,111
260,0.7864583333333334,0.40625,0.2708333333333333,55.763065142857144,49.98178128571427,56.25571023809523,0.8117647058823529,0.9568965517241379,0.9787234042553191,151,78,52,0.7619047619047619,0.7714285714285715,0.7619047619047619,6.487045428571433,7.4834095786435775,26.563567046176047,0.0,0.0,0.75,80,81,80,0.729064039408867,0.5615763546798029,0.5615763546798029,1.800169,2.402887,4.93836,0.0,0.4256198347107438,0.7378640776699029,148,114,114
261,0.7864583333333334,0.4114583333333333,0.2708333333333333,57.213217571428565,46.262853142857125,57.49416509523809,0.7252747252747253,0.9344978165938864,0.9821428571428571,151,79,52,0.7619047619047619,0.8380952380952381,0.7714285714285715,6.185542000000005,7.59039891341991,26.77572377344877,0.0,0.0,0.75,80,88,81,0.7241379310344828,0.5812807881773399,0.5615763546798029,1.858139,2.35214,4.975149,0.0,0.4268774703557312,0.7414634146341463,147,118,114
262,0.7864583333333334,0.40625,0.2708333333333333,55.83284328571428,49.3369887142857,57.103048952380945,0.6862745098039216,0.9304347826086956,0.9755244755244755,151,78,52,0.7619047619047619,0.8285714285714286,0.7619047619047619,6.838731111111116,7.359827746031744,26.550354046176047,0.0,0.009900990099009901,0.7,80,87,80,0.7389162561576355,0.5862068965517241,0.5665024630541872,1.909247,2.387575,4.966213,0.0,0.3724696356275304,0.7401960784313726,150,119,115
263,0.796875,0.4114583333333333,0.2708333333333333,56.57980171428571,50.763818714285705,54.395145380952385,0.7553191489361702,0.9557522123893806,0.9788732394366197,153,79,52,0.7523809523809524,0.7619047619047619,0.7714285714285715,6.844746571428576,6.690929383838381,26.716514046176037,0.0,0.0,0.7543859649122807,79,80,81,0.7389162561576355,0.5911330049261084,0.5763546798029556,1.894881,2.365412,4.993426,0.0,0.3654618473895582,0.7412935323383084,150,120,117
264,0.7916666666666666,0.4166666666666667,0.2708333333333333,58.128578142857144,48.31260742857142,54.94860652380953,0.7951807228915663,0.9437229437229437,0.9615384615384616,152,80,52,0.7238095238095238,0.7523809523809524,0.7619047619047619,7.216175571428576,7.037599505050503,26.55592604617604,0.0,0.010752688172043012,0.7413793103448276,76,79,80,0.7389162561576355,0.5960591133004927,0.5714285714285714,1.92873,2.366059,4.985009,0.0,0.3386454183266932,0.7549019607843137,150,121,116
265,0.7864583333333334,0.4166666666666667,0.2708333333333333,58.61016985714284,45.57583185714286,56.81489223809524,0.7373737373737373,0.9388646288209607,0.9857142857142858,151,80,52,0.7523809523809524,0.7904761904761904,0.7619047619047619,7.162135238095242,7.230041402597402,27.024546046176038,0.0,0.0,0.7413793103448276,79,83,80,0.7438423645320197,0.5812807881773399,0.5665024630541872,1.923162,2.302186,5.011118,0.0,0.34285714285714286,0.7384615384615385,151,118,115
266,0.7916666666666666,0.4270833333333333,0.2864583333333333,58.02037271428569,44.719692285714274,56.369724238095245,0.6804123711340206,0.9298245614035088,0.9716312056737588,152,82,55,0.7428571428571429,0.819047619047619,0.7714285714285715,7.247925000000006,7.483831367965365,26.96989504617604,0.0,0.0,0.7068965517241379,78,86,81,0.7684729064039408,0.5862068965517241,0.5960591133004927,1.977216,2.347484,5.008214,0.0,0.30991735537190085,0.7263681592039801,156,119,121
267,0.7864583333333334,0.4375,0.2916666666666667,57.402390857142855,47.53814971428571,59.97283338095239,0.696078431372549,0.9155555555555556,0.9709090909090909,151,84,56,0.7047619047619048,0.819047619047619,0.7619047619047619,7.784741285714291,7.120576285714282,26.939094046176038,0.0,0.0,0.6949152542372882,74,86,80,0.7438423645320197,0.5467980295566502,0.5862068965517241,1.933444,2.284686,5.092954,0.0,0.3292181069958848,0.7323232323232324,151,111,119
268,0.8072916666666666,0.4427083333333333,0.3020833333333333,55.953697999999996,47.307846428571416,59.90776480952382,0.6464646464646465,0.9444444444444444,0.9708029197080292,155,85,58,0.7047619047619048,0.7714285714285715,0.7714285714285715,7.246795428571433,7.006051838383836,26.99095304617604,0.0,0.0,0.6949152542372882,74,81,81,0.7438423645320197,0.5615763546798029,0.5812807881773399,1.876971,2.267569,5.057735,0.0,0.3359683794466403,0.7114427860696517,151,114,118
269,0.7916666666666666,0.4479166666666667,0.296875,55.18372776190476,43.985360714285704,60.668534095238094,0.7472527472527473,0.918918918918919,0.9777777777777777,152,86,57,0.6952380952380952,0.7904761904761904,0.7714285714285715,6.140625111111116,7.673018174603174,27.16064204617604,0.0,0.0,0.6949152542372882,73,83,81,0.7438423645320197,0.5862068965517241,0.5812807881773399,1.900521,2.327673,5.050157,0.0,0.3359683794466403,0.7114427860696517,151,119,118
270,0.8020833333333334,0.4479166666666667,0.296875,57.091452714285715,46.295632999999995,62.33105180952382,0.7222222222222222,0.95260663507109,0.9703703703703703,154,86,57,0.7333333333333333,0.7904761904761904,0.7904761904761904,6.421384000000003,7.037410616161613,27.76415250072149,0.0,0.0,0.6779661016949152,77,83,83,0.7635467980295566,0.5911330049261084,0.5862068965517241,1.901409,2.325766,5.083732,0.0,0.32558139534883723,0.6995073891625616,155,120,119
271,0.8177083333333334,0.4375,0.3020833333333333,52.93451138095237,50.74360542857143,62.33784304761906,0.6436781609195402,0.9481132075471698,0.9629629629629629,157,84,58,0.7238095238095238,0.819047619047619,0.7904761904761904,6.692075428571433,6.854701727272725,27.769706430014423,0.0,0.0,0.7037037037037037,76,86,83,0.7586206896551724,0.5911330049261084,0.5862068965517241,1.918192,2.386804,5.115528,0.0,0.32950191570881227,0.7107843137254902,154,120,119
272,0.8072916666666666,0.4375,0.3020833333333333,57.38268885714287,46.64872342857142,58.90490452380953,0.7564102564102564,0.9234234234234234,0.9669117647058824,155,84,58,0.7333333333333333,0.8476190476190476,0.7904761904761904,6.325667571428577,6.994875942279941,27.665401773448764,0.0,0.0,0.7037037037037037,77,89,83,0.7586206896551724,0.625615763546798,0.5911330049261084,1.912279,2.302894,5.0921,0.0,0.33455882352941174,0.7213930348258707,154,127,120
273,0.8072916666666666,0.4427083333333333,0.3020833333333333,58.86877514285714,48.21607214285713,55.04232080952382,0.7126436781609196,0.9583333333333334,0.959409594095941,155,85,58,0.7047619047619048,0.8380952380952381,0.780952380952381,6.385088000000004,7.385362751803751,27.804068046176038,0.0,0.0,0.74,74,88,82,0.7487684729064039,0.6305418719211823,0.5812807881773399,1.886432,2.35131,5.15686,0.0,0.3484848484848485,0.7236180904522613,152,128,118
274,0.8072916666666666,0.4479166666666667,0.3020833333333333,55.14034257142856,47.89448599999999,57.77215266666668,0.7045454545454546,0.926605504587156,0.9769230769230769,155,86,58,0.6952380952380952,0.8,0.7904761904761904,6.544952000000004,7.442814999999998,28.00635931890331,0.0,0.0,0.6792452830188679,73,84,83,0.7438423645320197,0.6059113300492611,0.5812807881773399,1.929697,2.342576,5.164586,0.0,0.32270916334661354,0.7164179104477612,151,123,118
275,0.8125,0.4322916666666667,0.3020833333333333,56.14731628571428,48.10673499999999,62.168393666666674,0.7108433734939759,0.9392523364485982,0.9694656488549618,156,83,58,0.6952380952380952,0.8,0.780952380952381,6.585083428571433,7.926525336219335,27.788605046176038,0.0,0.0,0.7346938775510204,73,84,82,0.7438423645320197,0.625615763546798,0.5911330049261084,1.858008,2.435343,5.216214,0.005128205128205128,0.30078125,0.715,151,127,120
276,0.8020833333333334,0.4479166666666667,0.2916666666666667,58.08226985714284,47.00922657142855,63.491121809523804,0.691358024691358,0.9017857142857143,0.9770114942528736,154,86,56,0.6952380952380952,0.7619047619047619,0.7714285714285715,6.1816030000000035,7.2944704603174575,28.086990773448765,0.0,0.0,0.7659574468085106,73,80,81,0.7339901477832512,0.6551724137931034,0.5862068965517241,1.883846,2.401771,5.197279,0.0,0.35471698113207545,0.7263681592039801,149,133,119
277,0.8125,0.4479166666666667,0.3020833333333333,54.40062080952382,48.46581585714285,57.98412623809524,0.7058823529411765,0.9611650485436893,0.9458483754512635,156,86,58,0.7333333333333333,0.7619047619047619,0.7714285714285715,7.180714460317464,7.199979994227992,28.092801318903312,0.0,0.0,0.6923076923076923,77,80,81,0.7389162561576355,0.6502463054187192,0.5911330049261084,1.926657,2.44759,5.196685,0.0,0.31746031746031744,0.7014925373134329,150,132,120
278,0.796875,0.4427083333333333,0.3020833333333333,57.80131557142856,47.54772999999999,57.57625395238096,0.7051282051282052,0.933649289099526,0.9806949806949807,153,85,58,0.7238095238095238,0.7428571428571429,0.7714285714285715,6.136729888888894,7.452567479076476,28.01828050072149,0.0,0.0,0.75,76,78,81,0.7487684729064039,0.6305418719211823,0.5911330049261084,1.904982,2.434786,5.231171,0.01015228426395939,0.2962962962962963,0.7135678391959799,152,128,120
279,0.796875,0.4479166666666667,0.3020833333333333,56.837949,48.107328571428546,60.10148395238096,0.7058823529411765,0.9339622641509434,0.9693486590038314,153,86,58,0.6952380952380952,0.7523809523809524,0.780952380952381,6.373976111111116,7.5210335079365045,28.011099318903312,0.0,0.0,0.6923076923076923,73,79,82,0.7389162561576355,0.6108374384236454,0.5911330049261084,1.906202,2.410441,5.283337,0.015544041450777202,0.2786885245901639,0.7040816326530612,150,124,120
280,0.8125,0.4375,0.296875,57.96434585714284,52.02580914285713,59.42522180952382,0.651685393258427,0.9380952380952381,0.9767441860465116,156,84,57,0.7047619047619048,0.7619047619047619,0.7619047619047619,6.729138111111116,7.375313111111108,27.96645004617604,0.0,0.0,0.7058823529411765,74,80,80,0.7339901477832512,0.6206896551724138,0.5812807881773399,1.860013,2.372936,5.266594,0.02072538860103627,0.2683982683982684,0.7015706806282722,149,126,118
281,0.8072916666666666,0.4427083333333333,0.3020833333333333,59.35393728571428,54.213148571428555,57.659249380952396,0.7682926829268293,0.9436619718309859,0.9580152671755725,155,85,58,0.7142857142857143,0.7904761904761904,0.780952380952381,7.138544000000004,7.328399444444442,27.73795404617604,0.0,0.0,0.6792452830188679,75,83,82,0.7389162561576355,0.6354679802955665,0.5862068965517241,1.828962,2.3619,5.297328,0.03571428571428571,0.2680851063829787,0.6875,150,129,119
282,0.7760416666666666,0.4375,0.3020833333333333,56.78840542857143,50.01659842857142,57.18479295238096,0.7341772151898734,0.9227272727272727,0.9649805447470817,149,84,58,0.6095238095238096,0.7047619047619048,0.7428571428571429,6.320809000000004,7.711765113997111,27.85345004617604,0.0,0.0,0.7555555555555555,64,74,78,0.7241379310344828,0.6403940886699507,0.5812807881773399,1.835437,2.392319,5.261419,0.026041666666666668,0.24152542372881355,0.6914893617021277,147,130,118
283,0.78125,0.4375,0.2916666666666667,58.71098785714286,48.263690142857136,59.197917809523815,0.7127659574468085,0.9656862745098039,0.9836734693877551,150,84,56,0.6095238095238096,0.7238095238095238,0.7619047619047619,6.104493000000004,6.90334579365079,27.822299773448766,0.0,0.0,0.65,64,76,80,0.7044334975369458,0.6502463054187192,0.5714285714285714,1.887757,2.448888,5.262498,0.043010752688172046,0.2324561403508772,0.6594594594594595,143,132,116
284,0.7864583333333334,0.4322916666666667,0.3020833333333333,59.11020642857142,51.6766557142857,60.87647809523809,0.7560975609756098,0.943127962085308,0.9717741935483871,151,83,58,0.6190476190476191,0.7333333333333333,0.780952380952381,6.253568793650796,7.369230135642132,27.90313915728715,0.0,0.0,0.6341463414634146,65,77,82,0.7241379310344828,0.6403940886699507,0.5714285714285714,1.830717,2.443773,5.307907,0.03125,0.24675324675324675,0.6775956284153005,147,130,116
285,0.78125,0.4375,0.296875,58.273001142857126,47.407987142857145,60.19606880952381,0.8309859154929577,0.9528301886792453,0.9722222222222222,150,84,57,0.6476190476190476,0.7142857142857143,0.7714285714285715,6.383176968253972,7.14037949494949,27.897417430014425,0.0,0.0,0.6666666666666666,68,75,81,0.7093596059113301,0.6403940886699507,0.5763546798029556,1.834752,2.410949,5.307328,0.03260869565217391,0.24242424242424243,0.6868131868131868,144,130,117
286,0.7708333333333334,0.4322916666666667,0.3020833333333333,57.43747042857143,48.09184828571426,58.64509138095239,0.6703296703296703,0.9383886255924171,0.9576923076923077,148,83,58,0.638095238095238,0.6857142857142857,0.7619047619047619,6.002904888888894,7.223147505050502,27.88230904617604,0.0,0.0,0.6666666666666666,67,72,80,0.7044334975369458,0.6403940886699507,0.5812807881773399,1.895203,2.486656,5.303516,0.021739130434782608,0.23275862068965517,0.6756756756756757,143,130,118
287,0.78125,0.4270833333333333,0.3020833333333333,60.79577357142856,46.37698528571428,58.075320809523824,0.7078651685393258,0.9473684210526315,0.9645669291338582,150,82,58,0.6190476190476191,0.6666666666666666,0.7523809523809524,6.152064571428575,7.277858441558437,28.140067157287152,0.0,0.0,0.6666666666666666,65,70,79,0.7044334975369458,0.645320197044335,0.5960591133004927,1.82495,2.397658,5.319371,0.010810810810810811,0.2297872340425532,0.6666666666666666,143,131,121
288,0.78125,0.4322916666666667,0.296875,61.03279385714286,49.56560157142856,60.20162252380954,0.7317073170731707,0.9342723004694836,0.9718875502008032,150,83,57,0.6,0.6857142857142857,0.7619047619047619,6.6166880000000035,7.120991155844152,28.39261104617604,0.0,0.0,0.6341463414634146,63,72,80,0.6995073891625616,0.6502463054187192,0.5911330049261084,1.88901,2.388833,5.311082,0.015873015873015872,0.27983539094650206,0.6868131868131868,142,132,120
289,0.78125,0.4375,0.3020833333333333,55.43856085714285,48.53023914285713,60.69564623809524,0.7922077922077922,0.9234234234234234,0.9839357429718876,150,84,58,0.6095238095238096,0.7142857142857143,0.7428571428571429,5.960645000000004,7.447117069264065,28.66983704617604,0.0,0.0,0.6666666666666666,64,75,78,0.6995073891625616,0.6059113300492611,0.5911330049261084,1.897496,2.399467,5.350571,0.005405405405405406,0.24669603524229075,0.6847826086956522,142,123,120
290,0.7864583333333334,0.4375,0.296875,57.18931942857142,50.73272742857142,57.63765566666668,0.6702127659574468,0.9436619718309859,0.9645669291338582,151,84,57,0.6190476190476191,0.6571428571428571,0.7619047619047619,6.027222000000004,7.066667232323229,28.491720046176038,0.0,0.0,0.5813953488372093,65,69,80,0.6945812807881774,0.6108374384236454,0.5911330049261084,1.878674,2.487522,5.378984,0.005434782608695652,0.24242424242424243,0.6906077348066298,141,124,120
291,0.7916666666666666,0.4322916666666667,0.3020833333333333,57.49788914285713,48.144837428571414,58.30942452380955,0.7590361445783133,0.9305555555555556,0.9722222222222222,152,83,58,0.6190476190476191,0.6761904761904762,0.7619047619047619,6.4310937777777815,7.191372155844154,28.769097773448767,0.0,0.0,0.5853658536585366,65,71,80,0.6847290640394089,0.625615763546798,0.6009852216748769,1.789264,2.357056,5.398514,0.011049723756906077,0.24472573839662448,0.7016574585635359,139,127,122
292,0.765625,0.4322916666666667,0.3020833333333333,58.98821471428572,51.19003214285712,58.30942452380953,0.7380952380952381,0.9457013574660633,0.968503937007874,147,83,58,0.638095238095238,0.7428571428571429,0.7523809523809524,5.8640320000000035,7.689240711399708,28.816623046176037,0.0,0.0,0.6153846153846154,67,78,79,0.6896551724137931,0.6206896551724138,0.5960591133004927,1.918189,2.395912,5.369347,0.01092896174863388,0.23580786026200873,0.6961325966850829,140,126,121
293,0.7552083333333334,0.4322916666666667,0.296875,58.30960942857142,50.8956417142857,59.4246790952381,0.7654320987654321,0.9521531100478469,0.9714285714285714,145,83,57,0.638095238095238,0.7047619047619048,0.7523809523809524,5.595049000000004,7.567319428571423,28.84004004617604,0.0,0.0,0.6,67,74,79,0.6403940886699507,0.6108374384236454,0.5911330049261084,1.904114,2.278841,5.36389,0.011299435028248588,0.23348017621145375,0.6918604651162791,130,124,120
294,0.6979166666666666,0.421875,0.3020833333333333,54.82910828571426,46.31458014285712,58.39198380952381,0.7654320987654321,0.9336734693877551,0.9783549783549783,134,81,58,0.6095238095238096,0.6476190476190476,0.7238095238095238,6.210885111111116,7.0248427619047575,28.90022104617604,0.0,0.0,0.6153846153846154,64,68,76,0.625615763546798,0.6157635467980296,0.6059113300492611,1.890677,2.31094,5.341756,0.017857142857142856,0.23786407766990292,0.6482758620689655,127,125,123
295,0.71875,0.421875,0.3020833333333333,56.19691914285714,46.55183357142856,57.609567380952384,0.6836734693877551,0.9308510638297872,0.9779735682819384,138,81,58,0.6095238095238096,0.6666666666666666,0.7333333333333333,6.011032000000004,7.4619218311688265,28.908350318903313,0.0,0.0,0.5853658536585366,64,70,77,0.6403940886699507,0.6206896551724138,0.6009852216748769,1.913917,2.346478,5.34941,0.006172839506172839,0.24186046511627907,0.6530612244897959,130,126,122
296,0.7239583333333334,0.4166666666666667,0.3020833333333333,56.21828357142857,47.10538014285712,57.631586523809524,0.7349397590361446,0.9672131147540983,0.9781659388646288,139,80,58,0.6285714285714286,0.6952380952380952,0.7333333333333333,5.969592000000004,7.1107705555555505,29.008068935064927,0.0,0.0,0.5952380952380952,66,73,77,0.6354679802955665,0.6108374384236454,0.5911330049261084,1.924384,2.362019,5.453987,0.012345679012345678,0.25943396226415094,0.6714285714285714,129,124,120
297,0.71875,0.421875,0.296875,55.822447714285715,47.57196571428571,59.34478566666668,0.7625,0.93717277486911,0.9783549783549783,138,81,57,0.6095238095238096,0.7047619047619048,0.7428571428571429,5.867405571428576,7.519143357864354,28.911968773448766,0.0,0.0,0.6,64,74,78,0.625615763546798,0.5763546798029556,0.5862068965517241,1.886068,2.265754,5.456716,0.018072289156626505,0.22660098522167488,0.6666666666666666,127,117,119
298,0.7083333333333334,0.4166666666666667,0.2864583333333333,58.92512542857142,45.76899642857141,62.72053252380953,0.7272727272727273,0.9226804123711341,0.9737991266375546,136,80,55,0.6095238095238096,0.7238095238095238,0.7333333333333333,5.795825000000003,7.23911999422799,28.614542046176037,0.0,0.0,0.5641025641025641,64,76,77,0.6305418719211823,0.5665024630541872,0.5911330049261084,1.812184,2.273532,5.505825,0.024539877300613498,0.225,0.6524822695035462,128,115,120
299,0.703125,0.4114583333333333,0.296875,55.77275642857141,51.095576571428566,59.66083480952381,0.7252747252747253,0.9381443298969072,0.957983193277311,135,79,57,0.6285714285714286,0.7142857142857143,0.7238095238095238,5.532585428571433,7.23770486291486,29.28716104617604,0.0,0.0,0.5945945945945946,66,75,76,0.6305418719211823,0.5566502463054187,0.5862068965517241,1.823608,2.265992,5.560531,0.025,0.2641509433962264,0.6736111111111112,128,113,119
300,0.703125,0.4114583333333333,0.296875,55.3661087142857,48.28048099999998,60.30899966666667,0.7625,0.9424083769633508,0.9662447257383966,135,79,57,0.6285714285714286,0.6857142857142857,0.7238095238095238,5.828123000000004,7.142632539682538,29.10965704617604,0.0,0.012048192771084338,0.5641025641025641,66,72,76,0.645320197044335,0.5812807881773399,0.5911330049261084,1.847891,2.243603,5.55573,0.047619047619047616,0.24528301886792453,0.6453900709219859,131,118,120
301,0.7135416666666666,0.40625,0.296875,56.449336142857135,47.737145999999974,60.611616809523824,0.7647058823529411,0.9226804123711341,0.9782608695652174,137,78,57,0.6190476190476191,0.7142857142857143,0.7428571428571429,5.632896000000004,7.55439197402597,29.111672318903313,0.0,0.011363636363636364,0.5945945945945946,65,75,78,0.645320197044335,0.5812807881773399,0.5812807881773399,1.903691,2.25017,5.58981,0.036585365853658534,0.2651162790697674,0.6382978723404256,131,118,118
302,0.7135416666666666,0.40625,0.296875,55.39612328571429,53.94507614285713,59.768888809523816,0.7804878048780488,0.9473684210526315,0.9694323144104804,137,78,57,0.6095238095238096,0.7238095238095238,0.7428571428571429,5.746722000000004,7.223649523809518,29.187707773448764,0.0,0.010752688172043012,0.5789473684210527,64,76,78,0.645320197044335,0.5911330049261084,0.5714285714285714,1.852476,2.294318,5.587809,0.047337278106508875,0.25821596244131456,0.6232876712328768,131,120,116
303,0.7135416666666666,0.4166666666666667,0.2916666666666667,58.86698271428571,51.55029942857142,60.238473952380964,0.7,0.9441624365482234,0.9824561403508771,137,80,56,0.6190476190476191,0.6857142857142857,0.7428571428571429,5.731269857142862,6.867298873015869,28.845379935064926,0.0,0.0,0.5789473684210527,65,72,78,0.645320197044335,0.5812807881773399,0.5763546798029556,1.866952,2.318374,5.576151,0.04142011834319527,0.23267326732673269,0.6148648648648649,131,118,117
304,0.6979166666666666,0.4114583333333333,0.296875,58.554159,51.277187714285695,59.56219095238096,0.7710843373493976,0.893719806763285,0.9823788546255506,134,79,57,0.6095238095238096,0.6952380952380952,0.7523809523809524,5.207470000000003,7.0274466507936495,29.22279093506493,0.0,0.02197802197802198,0.6111111111111112,64,73,79,0.6600985221674877,0.5665024630541872,0.5763546798029556,1.864959,2.298987,5.630165,0.029585798816568046,0.2,0.6308724832214765,134,115,117
305,0.703125,0.4114583333333333,0.296875,59.27203314285713,48.45879957142854,59.31276338095238,0.6893203883495146,0.9175257731958762,0.9698275862068966,135,79,57,0.6095238095238096,0.7047619047619048,0.7523809523809524,5.483386571428577,7.058130216450214,29.360233935064926,0.0,0.03614457831325301,0.6285714285714286,64,74,79,0.6699507389162561,0.5517241379310345,0.5812807881773399,1.856806,2.327207,5.603302,0.04142011834319527,0.2107843137254902,0.6423841059602649,136,112,118
306,0.71875,0.4166666666666667,0.296875,60.58244842857143,48.475965857142846,58.65628638095238,0.7659574468085106,0.9481865284974094,0.9702127659574468,138,80,57,0.638095238095238,0.7333333333333333,0.7523809523809524,5.861533000000004,7.66489338383838,29.32370193506493,0.0,0.011627906976744186,0.6470588235294118,67,77,79,0.6650246305418719,0.5911330049261084,0.5812807881773399,1.856957,2.312372,5.678693,0.05389221556886228,0.2358490566037736,0.6351351351351351,135,120,118
307,0.7135416666666666,0.4166666666666667,0.296875,60.37508114285713,52.44367228571428,59.77190252380952,0.7951807228915663,0.9441624365482234,0.9742489270386266,137,80,57,0.6571428571428571,0.7428571428571429,0.7523809523809524,5.685615000000004,7.596933206349203,29.267290935064928,0.0,0.0,0.6470588235294118,69,78,79,0.6798029556650246,0.5960591133004927,0.5862068965517241,1.878987,2.334334,5.646294,0.05202312138728324,0.27230046948356806,0.6339869281045751,138,121,119
308,0.7135416666666666,0.4166666666666667,0.296875,56.210489714285714,51.162889142857146,60.1527010952381,0.7127659574468085,0.9470899470899471,0.9911894273127754,137,80,57,0.6476190476190476,0.7047619047619048,0.7428571428571429,6.127839000000003,7.0833637012986985,29.301648935064925,0.0,0.0,0.6470588235294118,68,74,78,0.6748768472906403,0.5960591133004927,0.5812807881773399,1.883117,2.26721,5.650244,0.047619047619047616,0.24882629107981222,0.6577181208053692,137,121,118
309,0.7083333333333334,0.4166666666666667,0.2916666666666667,53.76463042857142,51.122275142857134,59.746375952380944,0.7701149425287356,0.9528795811518325,0.9868995633187773,136,80,56,0.6095238095238096,0.6761904761904762,0.7523809523809524,5.509947571428577,7.370224888888886,29.337711935064927,0.0,0.0,0.6571428571428571,64,71,79,0.6896551724137931,0.6108374384236454,0.5862068965517241,1.848818,2.334732,5.67554,0.040229885057471264,0.24056603773584906,0.6621621621621622,140,124,119
310,0.703125,0.4114583333333333,0.296875,54.47759757142857,48.91552595238092,57.27868238095238,0.8181818181818182,0.9246231155778895,0.9416666666666667,135,79,57,0.5904761904761905,0.7428571428571429,0.7523809523809524,5.937362000000004,7.5010544025974,29.477011935064926,0.0,0.0,0.6666666666666666,62,78,79,0.7044334975369458,0.6502463054187192,0.5862068965517241,1.903017,2.345219,5.620522,0.046242774566473986,0.24401913875598086,0.6621621621621622,143,132,119
311,0.6770833333333334,0.4166666666666667,0.296875,57.12958061904759,51.74682699999998,61.222009666666665,0.7126436781609196,0.9384615384615385,0.982532751091703,130,80,57,0.5904761904761905,0.6952380952380952,0.7619047619047619,5.496654000000004,7.347259272727269,29.808837935064926,0.0,0.0,0.6153846153846154,62,73,80,0.6896551724137931,0.6551724137931034,0.5812807881773399,1.880398,2.352554,5.660708,0.05202312138728324,0.245,0.6827586206896552,140,133,118
312,0.6927083333333334,0.4166666666666667,0.2916666666666667,60.89257199999999,52.12744114285713,60.9383310952381,0.7078651685393258,0.9384615384615385,0.9779735682819384,133,80,56,0.6,0.7142857142857143,0.7619047619047619,5.567944000000003,7.616227909090904,29.536372935064925,0.0,0.011235955056179775,0.6764705882352942,63,75,80,0.7192118226600985,0.6108374384236454,0.5714285714285714,1.841366,2.384541,5.657986,0.04519774011299435,0.2474747474747475,0.7062937062937062,146,124,116
313,0.6927083333333334,0.4166666666666667,0.2916666666666667,58.97429471428571,54.798676142857126,59.77190252380953,0.7790697674418605,0.9476439790575916,0.9782608695652174,133,80,56,0.5904761904761905,0.7428571428571429,0.7619047619047619,5.556367000000003,7.309407903318901,29.582496935064928,0.0,0.01098901098901099,0.6571428571428571,62,78,80,0.6995073891625616,0.5862068965517241,0.5763546798029556,1.895677,2.473642,5.644854,0.04093567251461988,0.25853658536585367,0.6554054054054054,142,119,117
314,0.7083333333333334,0.4166666666666667,0.296875,56.72216628571427,57.15821257142856,59.82513666666667,0.7450980392156863,0.9393939393939394,0.9824561403508771,136,80,57,0.580952380952381,0.7523809523809524,0.7619047619047619,5.805276000000004,7.015469246753244,29.838219935064927,0.0,0.0,0.65625,61,79,80,0.7192118226600985,0.5714285714285714,0.5714285714285714,1.887434,2.457637,5.655437,0.057803468208092484,0.2583732057416268,0.678082191780822,146,116,116
315,0.7135416666666666,0.4166666666666667,0.296875,53.375719999999994,54.549690999999974,60.54628823809524,0.7473684210526316,0.955,0.9911111111111112,137,80,57,0.6190476190476191,0.7333333333333333,0.7428571428571429,5.905819000000004,7.182445797979795,29.950271935064926,0.0,0.011363636363636364,0.6774193548387096,65,77,78,0.7192118226600985,0.5763546798029556,0.5665024630541872,1.867329,2.45907,5.657007,0.06857142857142857,0.24271844660194175,0.6756756756756757,146,117,115
316,0.7083333333333334,0.4166666666666667,0.2916666666666667,57.98035557142855,51.56949699999999,62.94750966666667,0.7948717948717948,0.9540816326530612,0.9821428571428571,136,80,56,0.6095238095238096,0.6666666666666666,0.7428571428571429,5.240549428571433,7.500012650793647,29.946224935064926,0.0,0.0,0.6363636363636364,64,70,78,0.7142857142857143,0.5615763546798029,0.5615763546798029,1.918434,2.426352,5.650442,0.0449438202247191,0.24170616113744076,0.6802721088435374,145,114,114
317,0.703125,0.4166666666666667,0.2916666666666667,56.15586414285714,51.770424714285696,68.88682266666667,0.7222222222222222,0.9306930693069307,0.9574468085106383,135,80,56,0.6,0.6761904761904762,0.7523809523809524,5.329263000000004,7.597612701298699,29.871763935064926,0.0,0.0,0.6,63,71,79,0.6995073891625616,0.5566502463054187,0.5615763546798029,1.911195,2.34402,5.684196,0.05813953488372093,0.22274881516587677,0.6967741935483871,142,113,114
318,0.6875,0.4114583333333333,0.2916666666666667,58.32734752380951,53.959881857142854,66.68343523809524,0.8352941176470589,0.9479166666666666,0.9743589743589743,132,79,56,0.6,0.6952380952380952,0.7523809523809524,5.330286000000004,7.273905165945163,30.000569935064927,0.0,0.0,0.6896551724137931,63,73,79,0.6995073891625616,0.5665024630541872,0.5566502463054187,1.783608,2.283417,5.697372,0.03977272727272727,0.2465753424657534,0.7142857142857143,142,115,113
319,0.7083333333333334,0.4166666666666667,0.296875,52.80139742857143,54.842233714285705,63.57217995238095,0.7171717171717171,0.9396984924623115,0.9663865546218487,136,80,57,0.580952380952381,0.6857142857142857,0.7428571428571429,4.982060000000004,7.15814433333333,30.077531935064926,0.0,0.0,0.6551724137931034,61,72,78,0.6798029556650246,0.5911330049261084,0.5615763546798029,1.860686,2.293248,5.702605,0.04216867469879518,0.20192307692307693,0.6938775510204082,138,120,114
320,0.7135416666666666,0.4166666666666667,0.296875,55.601356428571435,55.120421857142844,61.38931866666668,0.7840909090909091,0.9068627450980392,0.961864406779661,137,80,57,0.5904761904761905,0.7047619047619048,0.7333333333333333,5.179841571428574,7.346277266955264,29.950514935064927,0.0,0.0,0.6206896551724138,62,74,77,0.6896551724137931,0.6206896551724138,0.5665024630541872,1.867115,2.289611,5.715261,0.05747126436781609,0.215311004784689,0.6778523489932886,140,126,115
321,0.703125,0.4114583333333333,0.296875,57.62965900000001,55.09397985714285,61.265331095238096,0.7674418604651163,0.9487179487179487,0.9698275862068966,135,79,57,0.580952380952381,0.7047619047619048,0.7428571428571429,5.169140000000004,7.667377786435783,29.922942935064928,0.0,0.0,0.5806451612903226,61,74,78,0.6896551724137931,0.5911330049261084,0.5665024630541872,1.884177,2.269913,5.755722,0.06285714285714286,0.24509803921568626,0.6802721088435374,140,120,115
322,0.6822916666666666,0.4114583333333333,0.296875,58.52877028571428,54.64586728571427,61.76929366666667,0.7701149425287356,0.912621359223301,0.9955947136563876,131,79,57,0.5904761904761905,0.7047619047619048,0.7523809523809524,5.298264000000004,6.687473155844152,29.882362935064926,0.0,0.0,0.6428571428571429,62,74,79,0.6798029556650246,0.5812807881773399,0.5615763546798029,1.859285,2.385534,5.750319,0.05172413793103448,0.22660098522167488,0.7013888888888888,138,118,114
323,0.7083333333333334,0.4166666666666667,0.296875,54.587517333333324,52.769859428571415,61.26533109523811,0.6448598130841121,0.9170731707317074,0.9702127659574468,136,80,57,0.6,0.6761904761904762,0.7619047619047619,5.605392000000004,7.0704735844155815,29.890157935064927,0.0,0.0,0.6785714285714286,63,71,80,0.6896551724137931,0.5615763546798029,0.5665024630541872,1.875658,2.455765,5.791205,0.056818181818181816,0.23300970873786409,0.6959459459459459,140,114,115
324,0.6875,0.4166666666666667,0.2916666666666667,57.80996019047619,51.996145571428556,63.59818823809525,0.8085106382978723,0.9540816326530612,0.9870689655172413,132,80,56,0.580952380952381,0.7333333333333333,0.7523809523809524,5.651261000000003,7.114721695526691,30.108156935064926,0.0,0.0,0.72,61,77,79,0.6995073891625616,0.5467980295566502,0.5665024630541872,1.823177,2.369304,5.851552,0.06629834254143646,0.18137254901960784,0.684931506849315,142,111,115
325,0.703125,0.4166666666666667,0.296875,58.40568157142857,49.09176928571427,64.21639723809524,0.8,0.9381443298969072,0.9788135593220338,135,80,57,0.6,0.7238095238095238,0.7523809523809524,5.612151000000003,7.484119266955264,29.964284935064928,0.0,0.0,0.7142857142857143,63,76,79,0.6798029556650246,0.5615763546798029,0.5714285714285714,1.815447,2.320152,5.847264,0.03468208092485549,0.2488479262672811,0.6758620689655173,138,114,116
326,0.7135416666666666,0.4010416666666667,0.2916666666666667,54.7164262857143,49.2513455238095,60.490216142857136,0.7708333333333334,0.9481865284974094,0.9747899159663865,137,77,56,0.580952380952381,0.6952380952380952,0.7428571428571429,5.596265000000003,7.566772246753244,29.884741935064927,0.0,0.0,0.7407407407407407,61,73,78,0.6699507389162561,0.5862068965517241,0.5665024630541872,1.807041,2.288262,5.855451,0.02857142857142857,0.28820960698689957,0.6901408450704225,136,119,115
327,0.7135416666666666,0.4114583333333333,0.2916666666666667,55.56668085714285,48.88061342857141,61.39984499999999,0.8674698795180723,0.9591836734693877,0.9957081545064378,137,79,56,0.5714285714285714,0.6761904761904762,0.7523809523809524,5.662391000000004,7.565146428571425,30.061498935064925,0.0,0.0,0.7407407407407407,60,71,79,0.6748768472906403,0.5960591133004927,0.5566502463054187,1.787602,2.39798,5.872361,0.017241379310344827,0.28699551569506726,0.6808510638297872,137,121,113
328,0.703125,0.4114583333333333,0.2864583333333333,55.50580828571428,51.030158619047604,60.252359619047624,0.7722772277227723,0.9644670050761421,0.9791666666666666,135,79,55,0.5904761904761905,0.6666666666666666,0.7428571428571429,5.201741000000004,7.650613155844152,30.160689935064926,0.0,0.0,0.7692307692307693,62,70,78,0.6798029556650246,0.5862068965517241,0.5566502463054187,1.757411,2.481771,5.796176,0.022857142857142857,0.28378378378378377,0.6666666666666666,138,119,113
329,0.7083333333333334,0.4114583333333333,0.2760416666666667,54.82257657142858,50.63009180952379,60.77752947619049,0.7555555555555555,0.9540816326530612,0.9916666666666667,136,79,53,0.5904761904761905,0.6571428571428571,0.7714285714285715,5.387949000000003,7.494858999999996,30.184540935064927,0.0,0.0,0.7407407407407407,62,69,81,0.6748768472906403,0.5911330049261084,0.5615763546798029,1.782043,2.434047,5.835107,0.04419889502762431,0.2719298245614035,0.6811594202898551,137,120,114
330,0.7135416666666666,0.40625,0.2708333333333333,57.051993523809514,50.42739290476188,59.9965691904762,0.72,0.9740932642487047,0.991701244813278,137,78,52,0.5904761904761905,0.6571428571428571,0.7714285714285715,5.511260428571433,7.672400428571425,30.150439935064927,0.0,0.0,0.782608695652174,62,69,81,0.6650246305418719,0.6009852216748769,0.5517241379310345,1.780908,2.440068,5.837314,0.06043956043956044,0.25,0.7153846153846154,135,122,112
331,0.703125,0.40625,0.2708333333333333,52.59031985714285,45.86905647619045,60.2877691904762,0.7471264367816092,0.9695431472081218,0.9916666666666667,135,78,52,0.5714285714285714,0.6285714285714286,0.7714285714285715,4.935685000000004,7.691889044733042,30.153869935064925,0.0,0.0,0.782608695652174,60,66,81,0.6748768472906403,0.625615763546798,0.5566502463054187,1.849078,2.375429,5.856368,0.04395604395604396,0.2545454545454545,0.6861313868613139,137,127,113
332,0.6979166666666666,0.40625,0.2708333333333333,53.09071200000001,48.5427516190476,60.39233923809524,0.7731958762886598,0.958974358974359,0.9916317991631799,134,78,52,0.5714285714285714,0.6285714285714286,0.7714285714285715,5.2949680000000034,7.578652590187587,30.279265935064927,0.0,0.0,0.8181818181818182,60,66,81,0.6748768472906403,0.6551724137931034,0.5566502463054187,1.818968,2.34121,5.891166,0.055865921787709494,0.26521739130434785,0.7286821705426356,137,133,113
333,0.6927083333333334,0.40625,0.265625,58.59189342857143,52.82593199999999,60.01159776190477,0.8292682926829268,0.9635416666666666,0.99581589958159,133,78,51,0.5619047619047619,0.6476190476190476,0.7714285714285715,5.356650000000004,7.696576650793648,30.264068935064927,0.0,0.0,0.75,59,68,81,0.6748768472906403,0.6354679802955665,0.5566502463054187,1.795595,2.319685,5.901384,0.0449438202247191,0.31004366812227074,0.7037037037037037,137,129,113
334,0.703125,0.40625,0.2708333333333333,54.70488438095239,49.99791738095236,59.55622633333333,0.776595744680851,0.9894736842105263,0.9794238683127572,135,78,52,0.5714285714285714,0.6095238095238096,0.7714285714285715,5.361991222222226,7.954531629148625,30.084409935064926,0.0,0.011764705882352941,0.782608695652174,60,64,81,0.6748768472906403,0.6354679802955665,0.5615763546798029,1.78118,2.444068,5.898691,0.06521739130434782,0.26635514018691586,0.7153284671532847,137,129,114
335,0.7135416666666666,0.40625,0.2708333333333333,54.28667685714285,47.745906476190456,59.99090119047618,0.74,0.9438775510204082,0.9874476987447699,137,78,52,0.5714285714285714,0.6666666666666666,0.7714285714285715,5.8884450000000035,7.67343988311688,30.227816935064926,0.0,0.0,0.8571428571428571,60,70,81,0.6748768472906403,0.645320197044335,0.5566502463054187,1.793984,2.440756,5.904182,0.055248618784530384,0.2863636363636364,0.7443609022556391,137,131,113
336,0.703125,0.4010416666666667,0.2708333333333333,55.72439485714283,48.340890619047606,58.87678433333333,0.7142857142857143,0.9841269841269841,0.9876543209876543,135,77,52,0.5619047619047619,0.6666666666666666,0.7523809523809524,5.771139000000003,7.256891812409811,30.204250935064927,0.0,0.0,0.8,59,70,79,0.6748768472906403,0.625615763546798,0.5763546798029556,1.817751,2.602003,5.954497,0.05,0.2621082621082621,0.5035211267605634,137,127,117
337,0.703125,0.3958333333333333,0.2708333333333333,55.18557938095238,47.88860047619046,58.649312047619055,0.7659574468085106,0.9794871794871794,0.9916666666666667,135,76,52,0.5619047619047619,0.6190476190476191,0.7714285714285715,6.001102000000004,7.559609479076477,30.227622935064925,0.0,0.0,0.7272727272727273,59,65,81,0.6699507389162561,0.6108374384236454,0.5714285714285714,1.841448,2.690596,5.947099,0.04918032786885246,0.2731707317073171,0.6556291390728477,136,124,116
338,0.703125,0.4010416666666667,0.2708333333333333,54.99643742857142,46.69093576190475,60.43661095238095,0.7741935483870968,0.9790575916230366,1.0,135,77,52,0.5523809523809524,0.6190476190476191,0.7714285714285715,6.085970111111114,7.148337857142856,30.084409935064926,0.0,0.0,0.7777777777777778,58,65,81,0.6699507389162561,0.5369458128078818,0.5665024630541872,1.788313,2.745195,5.923608,0.05434782608695652,0.29850746268656714,0.6896551724137931,136,109,115
339,0.7083333333333334,0.4010416666666667,0.265625,55.59994419047619,48.14558619047618,60.27923780952382,0.7708333333333334,0.9528795811518325,0.9876543209876543,136,77,51,0.5523809523809524,0.6571428571428571,0.7714285714285715,5.860962000000003,7.316454317460315,30.241271935064926,0.0,0.0,0.7777777777777778,58,69,81,0.6650246305418719,0.5172413793103449,0.5665024630541872,1.843141,2.665508,5.914538,0.05113636363636364,0.2512315270935961,0.7074829931972789,135,105,115
340,0.6979166666666666,0.3958333333333333,0.2604166666666667,54.906895428571424,48.72119790476188,60.253303666666675,0.7865168539325843,0.9689119170984456,0.995850622406639,134,76,50,0.5523809523809524,0.6857142857142857,0.7619047619047619,5.495842000000004,7.04792001298701,30.257331935064926,0.0,0.022222222222222223,0.85,58,72,80,0.6847290640394089,0.5172413793103449,0.5665024630541872,1.865889,2.601865,5.891829,0.022222222222222223,0.24761904761904763,0.7019867549668874,139,105,115
341,0.7083333333333334,0.3854166666666667,0.265625,51.13033114285716,47.95740080952379,60.21884538095238,0.7311827956989247,0.9747474747474747,0.9836065573770492,136,74,51,0.5523809523809524,0.7047619047619048,0.7714285714285715,5.9476321111111154,7.093868539682537,30.277356935064926,0.0,0.011494252873563218,0.8571428571428571,58,74,81,0.6798029556650246,0.5073891625615764,0.5714285714285714,1.865724,2.520658,5.941946,0.027932960893854747,0.2824074074074074,0.7278911564625851,138,103,116
342,0.7083333333333334,0.3854166666666667,0.265625,51.97798328571428,45.97187904761904,59.51898823809524,0.8,0.9644670050761421,0.995850622406639,136,74,51,0.5904761904761905,0.6666666666666666,0.780952380952381,5.9141768888888935,7.168170206349203,30.277356935064926,0.0,0.012048192771084338,0.9523809523809523,62,70,82,0.6650246305418719,0.4827586206896552,0.5615763546798029,1.836532,2.548191,5.940744,0.022727272727272728,0.2549019607843137,0.7412587412587412,135,98,114
343,0.703125,0.375,0.2604166666666667,53.64754385714286,46.83890552380951,59.47500757142857,0.7692307692307693,0.9847715736040609,0.9835390946502057,135,72,50,0.580952380952381,0.6761904761904762,0.780952380952381,5.732258000000003,7.158436129870128,30.277356935064926,0.0,0.0,1.0,61,71,82,0.6650246305418719,0.49261083743842365,0.5615763546798029,1.833354,2.576215,5.93589,0.01675977653631285,0.24761904761904763,0.7410071942446043,135,100,114
344,0.6979166666666666,0.375,0.2552083333333333,55.760678000000006,47.96519166666665,58.552245380952385,0.7901234567901234,0.9597989949748744,0.9877551020408163,134,72,49,0.5904761904761905,0.638095238095238,0.7619047619047619,5.523881000000004,7.1805908831168805,30.277356935064926,0.0,0.025,1.0,62,67,80,0.6847290640394089,0.5172413793103449,0.5615763546798029,1.883305,2.437878,5.935105,0.027777777777777776,0.2465753424657534,0.7573529411764706,139,105,114
345,0.703125,0.3802083333333333,0.24479166666666666,52.83397804761904,48.79113323809523,60.2328590952381,0.696969696969697,0.93,0.975609756097561,135,73,47,0.6,0.6476190476190476,0.7619047619047619,5.588909539682543,7.421353539682538,30.277356935064926,0.0,0.0,1.0,63,68,80,0.6650246305418719,0.541871921182266,0.5812807881773399,1.816955,2.395494,5.951634,0.04918032786885246,0.25112107623318386,0.7553956834532374,135,110,118
346,0.6770833333333334,0.3802083333333333,0.24479166666666666,53.074257857142854,49.69344052380951,62.19587752380952,0.7558139534883721,0.964824120603015,0.9920318725099602,130,73,47,0.5904761904761905,0.6571428571428571,0.7619047619047619,5.719274539682543,7.400478812409808,30.277356935064926,0.0,0.0,1.0,62,69,80,0.6600985221674877,0.5615763546798029,0.5812807881773399,1.880793,2.363855,5.944892,0.049723756906077346,0.2824074074074074,0.7482014388489209,134,114,118
347,0.7135416666666666,0.3697916666666667,0.24479166666666666,53.38374423809523,49.00193409523808,61.38505514285715,0.7608695652173914,0.9601990049751243,0.9841897233201581,137,71,47,0.6,0.6571428571428571,0.7619047619047619,5.843240888888892,7.539233135642132,30.277356935064926,0.0,0.0,1.0,63,69,80,0.6502463054187192,0.5862068965517241,0.5665024630541872,1.855521,2.439336,5.923275,0.0335195530726257,0.2753623188405797,0.7938931297709924,132,119,115
348,0.7083333333333334,0.375,0.24479166666666666,53.253426,46.75376009523807,62.03128347619049,0.7717391304347826,0.9701492537313433,0.9879518072289156,136,72,47,0.580952380952381,0.638095238095238,0.7619047619047619,5.720800000000004,7.6639706349206325,30.277356935064926,0.0,0.0,1.0,61,67,80,0.6551724137931034,0.6009852216748769,0.5714285714285714,1.880134,2.518246,5.950032,0.022727272727272728,0.25961538461538464,0.7819548872180451,133,122,116
349,0.6979166666666666,0.375,0.24479166666666666,54.296856428571424,45.32878323809522,61.10934061904762,0.7926829268292683,0.9601990049751243,0.98,134,72,47,0.5904761904761905,0.638095238095238,0.7619047619047619,6.174136505050508,7.120234044733042,30.277356935064926,0.0,0.0,1.0,62,67,80,0.6502463054187192,0.6009852216748769,0.5862068965517241,1.838326,2.57827,5.951774,0.022727272727272728,0.30049261083743845,0.813953488372093,132,122,119
350,0.6979166666666666,0.3645833333333333,0.24479166666666666,54.936196190476196,47.76137466666665,62.497854904761915,0.7555555555555555,0.9603960396039604,0.9959514170040485,134,70,47,0.6,0.6666666666666666,0.7619047619047619,6.022301888888892,7.100203721500719,30.277356935064926,0.0,0.0,0.95,63,70,80,0.6600985221674877,0.6157635467980296,0.5812807881773399,1.91857,2.573452,5.945158,0.0335195530726257,0.2722772277227723,0.860655737704918,134,125,118
351,0.6979166666666666,0.3697916666666667,0.24479166666666666,53.024735714285704,46.46987380952378,62.282129809523816,0.7752808988764045,0.9560975609756097,0.9919354838709677,134,71,47,0.6,0.6761904761904762,0.7714285714285715,6.239811000000004,7.3107143838383815,30.277356935064926,0.0,0.0,0.9473684210526315,63,71,81,0.6403940886699507,0.5960591133004927,0.5763546798029556,1.868898,2.548276,5.951434,0.03389830508474576,0.29081632653061223,0.859504132231405,130,121,117
352,0.6927083333333334,0.359375,0.24479166666666666,53.41606785714286,49.12102738095236,62.632254904761915,0.7604166666666666,0.9420289855072463,0.992,133,69,47,0.6,0.6285714285714286,0.7714285714285715,5.828248000000004,7.099536428571425,30.277356935064926,0.0,0.0,1.0,63,66,81,0.6305418719211823,0.6009852216748769,0.5812807881773399,1.916144,2.520218,5.967247,0.034482758620689655,0.2980769230769231,0.8803418803418803,128,122,118
353,0.6927083333333334,0.359375,0.24479166666666666,54.19261533333332,52.57086123809522,61.18607876190477,0.7659574468085106,0.9705882352941176,0.9880478087649402,133,69,47,0.6,0.6571428571428571,0.7714285714285715,5.784497883116886,7.050100349206347,30.277356935064926,0.0,0.0,1.0,63,69,81,0.6502463054187192,0.6009852216748769,0.5812807881773399,1.903797,2.503815,5.955707,0.028409090909090908,0.28019323671497587,0.9035087719298246,132,122,118
354,0.6979166666666666,0.359375,0.24479166666666666,56.14195828571429,49.97409176190475,60.73146514285715,0.7065217391304348,0.975609756097561,0.9800796812749004,134,69,47,0.5904761904761905,0.6857142857142857,0.7619047619047619,5.884560682539687,7.9648632063492055,30.277356935064926,0.0,0.0,1.0,62,72,80,0.6600985221674877,0.6305418719211823,0.5812807881773399,1.860527,2.545149,5.956815,0.017241379310344827,0.28708133971291866,0.9122807017543859,134,128,118
355,0.6979166666666666,0.3541666666666667,0.234375,54.795927428571424,50.2334650952381,61.19803657142858,0.8076923076923077,0.9809523809523809,0.9960159362549801,134,68,45,0.5904761904761905,0.6952380952380952,0.7619047619047619,5.788358383838387,7.543207857142854,30.277356935064926,0.0,0.0,1.0,62,73,80,0.645320197044335,0.625615763546798,0.5763546798029556,1.85898,2.671748,5.96719,0.017142857142857144,0.2898550724637681,0.9051724137931034,131,127,117
356,0.7083333333333334,0.40625,0.2916666666666667,56.980054571428575,51.822713619047605,65.8979700952381,0.7058823529411765,0.9013452914798207,0.9566929133858267,136,78,56,0.5904761904761905,0.6666666666666666,0.7619047619047619,5.938780000000004,7.326637650793649,30.277356935064926,0.0,0.0,1.0,62,70,80,0.6305418719211823,0.6206896551724138,0.5812807881773399,1.809481,2.757414,5.969613,0.017543859649122806,0.2968036529680365,0.8728813559322034,128,126,118
357,0.7135416666666666,0.4166666666666667,0.296875,55.68395885714285,51.60456090476189,64.94002585714287,0.735632183908046,0.9430051813471503,0.9421487603305785,137,80,57,0.5904761904761905,0.6476190476190476,0.7714285714285715,5.916774272727276,7.8272351904761885,30.277356935064926,0.0,0.0,0.9523809523809523,62,68,81,0.6502463054187192,0.6157635467980296,0.5862068965517241,1.829809,2.716275,5.95324,0.011560693641618497,0.30454545454545456,0.9043478260869565,132,125,119
358,0.7083333333333334,0.4166666666666667,0.296875,56.36392109523809,50.6011677142857,65.73219795238094,0.7777777777777778,0.9430051813471503,0.991304347826087,136,80,57,0.5904761904761905,0.6,0.7714285714285715,5.932854000000003,7.356660634920632,30.277356935064926,0.0,0.0,1.0,62,63,81,0.6551724137931034,0.5763546798029556,0.5812807881773399,1.833785,2.8195,5.951058,0.011764705882352941,0.2634146341463415,0.9051724137931034,133,117,118
359,0.6927083333333334,0.4114583333333333,0.296875,57.05353442857141,51.51743104761903,63.800930095238094,0.7790697674418605,0.9585492227979274,0.9789915966386554,133,79,57,0.5904761904761905,0.6285714285714286,0.7714285714285715,6.007969111111114,7.513232999999998,30.277356935064926,0.0,0.02247191011235955,1.0,62,66,81,0.6551724137931034,0.5320197044334976,0.5812807881773399,1.848608,2.751295,5.969395,0.017543859649122806,0.23671497584541062,0.905982905982906,133,108,118
360,0.6927083333333334,0.4166666666666667,0.296875,55.74379338095237,51.231787428571415,61.94500095238095,0.68,0.9432989690721649,0.9590163934426229,133,80,57,0.6190476190476191,0.638095238095238,0.7714285714285715,6.357511383838387,7.221589428571427,30.277356935064926,0.0,0.023529411764705882,1.0,65,67,81,0.6551724137931034,0.5320197044334976,0.5812807881773399,1.829762,2.702455,5.950973,0.023121387283236993,0.2545454545454545,0.9137931034482759,133,108,118
361,0.7083333333333334,0.4166666666666667,0.296875,54.49584257142857,52.61870542857141,62.6653310952381,0.7653061224489796,0.9365079365079365,0.9744680851063829,136,80,57,0.6095238095238096,0.6571428571428571,0.7714285714285715,5.9284890000000035,7.841106634920632,30.277356935064926,0.0,0.022222222222222223,1.0,64,69,81,0.6502463054187192,0.5862068965517241,0.5714285714285714,1.783401,2.705407,5.967329,0.017341040462427744,0.2398190045248869,0.9137931034482759,132,119,116
362,0.6927083333333334,0.40625,0.296875,53.705683619047626,52.55272423809522,64.16747538095238,0.7701149425287356,0.9523809523809523,0.9829059829059829,133,78,57,0.6095238095238096,0.6571428571428571,0.7714285714285715,6.041352777777782,7.813238206349205,30.277356935064926,0.0,0.022727272727272728,1.0,64,69,81,0.6502463054187192,0.5812807881773399,0.5665024630541872,1.781091,2.625138,5.974832,0.005649717514124294,0.2775330396475771,0.905982905982906,132,118,115
363,0.7083333333333334,0.4166666666666667,0.296875,53.95114799999997,49.07931142857141,64.99818823809525,0.7590361445783133,0.915,0.9831932773109243,136,80,57,0.6095238095238096,0.638095238095238,0.7619047619047619,5.6830260000000035,7.72384311111111,30.277356935064926,0.011363636363636364,0.023529411764705882,1.0,64,67,80,0.6650246305418719,0.6009852216748769,0.5714285714285714,1.808676,2.703023,5.979921,0.011428571428571429,0.28,0.905982905982906,135,122,116
364,0.6875,0.4114583333333333,0.296875,53.76904719047617,51.904463142857125,63.88763395238095,0.8271604938271605,0.9672131147540983,0.9914893617021276,132,79,57,0.6476190476190476,0.6285714285714286,0.7714285714285715,6.091337000000004,7.69932111111111,30.277356935064926,0.011235955056179775,0.023255813953488372,0.9523809523809523,68,66,81,0.6748768472906403,0.5911330049261084,0.5763546798029556,1.860614,2.658276,5.962114,0.0056179775280898875,0.29596412556053814,0.905982905982906,137,120,117
365,0.7083333333333334,0.4166666666666667,0.296875,53.23332914285714,49.35997176190474,62.287176238095235,0.7777777777777778,0.9623655913978495,0.9711934156378601,136,80,57,0.6095238095238096,0.6476190476190476,0.7619047619047619,6.503730000000004,7.175815812409812,30.277356935064926,0.0,0.022988505747126436,1.0,64,68,80,0.6847290640394089,0.5862068965517241,0.5714285714285714,1.822233,2.662008,5.961854,0.0056179775280898875,0.2798165137614679,0.9375,139,119,116
366,0.7135416666666666,0.4322916666666667,0.3020833333333333,58.563380380952374,50.52800809523807,61.35290252380954,0.813953488372093,0.9020618556701031,0.9588477366255144,137,83,58,0.6285714285714286,0.6095238095238096,0.7523809523809524,6.625555000000004,7.692288155844156,30.277356935064926,0.010869565217391304,0.024390243902439025,1.0,66,64,79,0.7142857142857143,0.6206896551724138,0.5763546798029556,1.87091,2.643557,5.986359,0.00546448087431694,0.28444444444444444,0.9051724137931034,145,126,117
367,0.734375,0.4427083333333333,0.328125,56.73732485714286,53.6314787142857,60.971234523809535,0.6373626373626373,0.918918918918919,0.9482758620689655,141,85,63,0.6666666666666666,0.6476190476190476,0.7619047619047619,6.223167857142862,7.203196428571427,30.467292935064926,0.010416666666666666,0.02197802197802198,0.8571428571428571,70,68,80,0.6945812807881774,0.6305418719211823,0.5763546798029556,1.830823,2.653053,6.005786,0.011049723756906077,0.3053097345132743,0.8524590163934426,141,128,117
368,0.7291666666666666,0.4427083333333333,0.328125,55.63977147619046,51.18910799999999,64.0650453809524,0.7325581395348837,0.9398907103825137,0.9613733905579399,140,85,63,0.6571428571428571,0.6666666666666666,0.7714285714285715,5.6673760000000035,7.441305695526693,30.436765935064926,0.0,0.021505376344086023,0.782608695652174,69,70,81,0.7044334975369458,0.6403940886699507,0.5763546798029556,1.858116,2.717889,6.001074,0.010638297872340425,0.28440366972477066,0.832,143,130,117
369,0.7291666666666666,0.22916666666666666,0.14583333333333334,57.562335285714276,20.835016190476182,33.71291485714286,0.75,0.9299363057324841,0.9795918367346939,140,44,28,0.6571428571428571,0.21904761904761905,0.3523809523809524,6.504158428571433,3.3771451933621948,15.335129385281386,0.0,0.0379746835443038,0.7916666666666666,69,23,37,0.6896551724137931,0.33497536945812806,0.270935960591133,1.793314,1.886109,2.973165,0.010752688172043012,0.27461139896373055,0.7920792079207921,140,68,55
370,0.71875,0.22395833333333334,0.140625,54.627127809523785,23.093435047619042,33.246343428571436,0.7380952380952381,0.9368421052631579,0.9875,138,43,27,0.6857142857142857,0.20952380952380953,0.3523809523809524,6.1733638888888915,3.2982551933621944,15.393733385281386,0.0,0.06060606060606061,1.0,72,22,37,0.6748768472906403,0.3251231527093596,0.270935960591133,1.785187,1.79064,2.975143,0.010752688172043012,0.2809917355371901,0.7575757575757576,137,66,55
371,0.7395833333333334,0.22395833333333334,0.140625,53.37364166666666,23.881676619047617,33.254996142857145,0.66,0.9207920792079208,0.9871794871794872,142,43,27,0.6666666666666666,0.2571428571428571,0.3333333333333333,6.015539888888892,3.2217921933621945,15.393733385281386,0.010526315789473684,0.04,0.9523809523809523,70,27,35,0.6798029556650246,0.30049261083743845,0.26108374384236455,1.785474,1.768895,2.981051,0.015873015873015872,0.3283582089552239,0.7777777777777778,138,61,53
372,0.734375,0.19791666666666666,0.13541666666666666,55.2714197142857,22.15657290476189,34.08605771428572,0.8421052631578947,0.9230769230769231,0.9634146341463414,141,38,26,0.6571428571428571,0.2857142857142857,0.3333333333333333,6.078806428571433,3.478391577200579,15.393733385281386,0.0,0.11764705882352941,1.0,69,30,35,0.6847290640394089,0.26108374384236455,0.26108374384236455,1.813764,1.734945,2.981051,0.005319148936170213,0.5033112582781457,0.9411764705882353,139,53,53
373,0.7395833333333334,0.19791666666666666,0.13020833333333334,52.185706476190475,22.356350619047607,33.890221571428576,0.6896551724137931,0.9509803921568627,0.975,142,38,25,0.6952380952380952,0.21904761904761905,0.3523809523809524,6.046903428571433,4.191156738816741,15.393733385281386,0.01,0.25,0.8333333333333334,73,23,37,0.6798029556650246,0.23645320197044334,0.2512315270935961,1.771317,1.807372,2.981051,0.010526315789473684,0.6078431372549019,0.918918918918919,138,48,51
374,0.7291666666666666,0.19791666666666666,0.125,55.245026523809514,20.863671190476186,33.334513428571434,0.7894736842105263,0.9719626168224299,0.9518072289156626,140,38,24,0.7333333333333333,0.22857142857142856,0.3619047619047619,5.939190415584419,4.476924894660896,15.393733385281386,0.01020408163265306,0.375,0.9230769230769231,77,24,38,0.6650246305418719,0.22167487684729065,0.2512315270935961,1.761368,1.80406,2.981051,0.005434782608695652,0.6133333333333333,0.9166666666666666,135,45,51
375,0.7447916666666666,0.19270833333333334,0.125,54.57380595238093,19.514276476190467,33.43123628571429,0.6777777777777778,0.9469026548672567,0.9397590361445783,143,37,24,0.7333333333333333,0.19047619047619047,0.3523809523809524,5.674196539682545,4.237932466089468,15.393733385281386,0.01,0.41818181818181815,0.8275862068965517,77,20,37,0.6748768472906403,0.19704433497536947,0.23645320197044334,1.768925,1.747473,2.981051,0.0,0.6291390728476821,0.9117647058823529,137,40,48
376,0.7291666666666666,0.171875,0.11979166666666667,56.012977285714264,21.65901233333333,33.38620057142858,0.7948717948717948,0.9411764705882353,0.975609756097561,140,33,23,0.7047619047619048,0.17142857142857143,0.3619047619047619,5.762094571428575,4.520027668109669,15.393733385281386,0.010416666666666666,0.5294117647058824,0.96,74,18,38,0.6847290640394089,0.18719211822660098,0.23645320197044334,1.791112,1.752627,2.981051,0.0,0.6835443037974683,1.0,139,38,48
377,0.7291666666666666,0.16666666666666666,0.11979166666666667,54.682734666666654,50.8128384285714,66.63118823809523,0.7469879518072289,0.9836065573770492,0.9813084112149533,140,32,23,0.6857142857142857,0.41904761904761906,0.5904761904761905,5.715239000000004,9.384983246753244,30.738717935064933,0.0,0.40217391304347827,0.52,72,44,62,0.6748768472906403,0.22660098522167488,0.29064039408866993,1.793874,2.684235,6.064299,0.01098901098901099,0.6845238095238095,0.8148148148148148,137,46,59
378,0.7395833333333334,0.16666666666666666,0.11979166666666667,55.2556617142857,50.27644785714283,66.66253252380952,0.7560975609756098,0.9938650306748467,0.9875776397515528,142,32,23,0.7238095238095238,0.4,0.580952380952381,6.1344705454545485,9.807884519480515,30.897144935064933,0.010309278350515464,0.6222222222222222,0.9354838709677419,76,42,61,0.6748768472906403,0.22167487684729065,0.30049261083743845,1.817484,2.661915,6.075974,0.005555555555555556,0.7511520737327189,0.883495145631068,137,45,61
379,0.734375,0.16666666666666666,0.11979166666666667,51.746482714285705,48.81871857142855,65.44556680952381,0.7619047619047619,0.9824561403508771,0.9819819819819819,141,32,23,0.6761904761904762,0.41904761904761906,0.5714285714285714,6.167775428571431,9.33684859018759,30.924690935064934,0.0,0.624,0.9047619047619048,71,44,60,0.6699507389162561,0.23645320197044334,0.3054187192118227,1.851968,2.708277,6.096953,0.005494505494505495,0.7876447876447876,0.9047619047619048,136,48,62
380,0.703125,0.16666666666666666,0.11979166666666667,58.50524928571427,50.39433657142854,66.10164338095237,0.7631578947368421,0.9813432835820896,0.9928825622775801,135,32,23,0.6761904761904762,0.4380952380952381,0.5714285714285714,5.520425155844159,10.039116226551224,30.921395935064933,0.010309278350515464,0.6953125,0.8666666666666667,71,46,60,0.6798029556650246,0.23645320197044334,0.3054187192118227,1.810817,2.674127,6.123902,0.005405405405405406,0.8137254901960784,0.9178082191780822,138,48,62
381,0.71875,0.16666666666666666,0.11979166666666667,55.70382371428569,49.059286428571404,65.87991452380952,0.7159090909090909,0.972027972027972,0.9932885906040269,138,32,23,0.7142857142857143,0.44761904761904764,0.5714285714285714,6.207500873015877,9.735902378066376,30.916244935064935,0.0,0.6458333333333334,0.8873239436619719,75,47,60,0.6748768472906403,0.2413793103448276,0.3103448275862069,1.831235,2.74284,6.091435,0.005555555555555556,0.8296529968454258,0.9191489361702128,137,49,63
382,0.71875,0.16666666666666666,0.11979166666666667,56.24042857142855,50.352036571428535,66.25804538095237,0.7471264367816092,0.9823943661971831,0.9901960784313726,138,32,23,0.7238095238095238,0.44761904761904764,0.5714285714285714,6.204738571428576,9.679480378066375,30.972777935064933,0.010309278350515464,0.6940298507462687,0.8888888888888888,76,47,60,0.6798029556650246,0.22660098522167488,0.3103448275862069,1.845447,2.690802,6.097424,0.021739130434782608,0.8181818181818182,0.9324894514767933,138,46,63
383,0.7135416666666666,0.16666666666666666,0.11979166666666667,56.85422599999999,50.043100714285686,66.25804538095238,0.7142857142857143,0.996415770609319,1.0,137,32,23,0.7238095238095238,0.4666666666666667,0.580952380952381,6.749364161616165,10.053859115440114,31.25770636363636,0.01020408163265306,0.6136363636363636,0.8666666666666667,76,49,61,0.6847290640394089,0.23645320197044334,0.30049261083743845,1.74945,2.667649,6.102783,0.02072538860103627,0.7951807228915663,0.9358974358974359,139,48,61
384,0.7083333333333334,0.16666666666666666,0.11979166666666667,54.96941919047618,51.507288285714246,65.69478938095239,0.7236842105263158,0.9822695035460993,1.0,136,32,23,0.7333333333333333,0.45714285714285713,0.580952380952381,6.121426000000004,9.467953468975464,31.102853935064935,0.01020408163265306,0.6506849315068494,0.8666666666666667,77,48,61,0.6896551724137931,0.23645320197044334,0.2955665024630542,1.846936,2.752535,6.137915,0.026595744680851064,0.8312883435582822,0.9152542372881356,140,48,60
385,0.7395833333333334,0.16666666666666666,0.11979166666666667,51.27613114285714,49.8940304285714,64.15847395238094,0.6666666666666666,0.9858657243816255,0.9903225806451613,142,32,23,0.7238095238095238,0.4380952380952381,0.580952380952381,6.441400000000003,9.456476044733042,31.044064935064934,0.020202020202020204,0.6153846153846154,0.8783783783783784,76,46,61,0.6945812807881774,0.22660098522167488,0.30049261083743845,1.861682,2.797701,6.075861,0.03225806451612903,0.8301886792452831,0.8962655601659751,141,46,61
386,0.7291666666666666,0.16666666666666666,0.11979166666666667,57.12343304761903,48.27839328571426,64.15847395238094,0.7160493827160493,0.9858657243816255,0.9934426229508196,140,32,23,0.7428571428571429,0.45714285714285713,0.580952380952381,6.438452222222225,9.616555428571425,31.3483825064935,0.010309278350515464,0.6692307692307692,0.9027777777777778,78,48,61,0.6995073891625616,0.2315270935960591,0.30049261083743845,1.865197,2.735827,6.045345,0.021505376344086023,0.8053892215568862,0.91701244813278,142,47,61
387,0.71875,0.16666666666666666,0.11979166666666667,56.44641785714284,49.184057714285686,64.15847395238094,0.7702702702702703,0.9928825622775801,0.9967532467532467,138,32,23,0.7238095238095238,0.45714285714285713,0.580952380952381,6.764433428571433,9.984727862914859,31.302533935064933,0.010309278350515464,0.6277372262773723,0.8552631578947368,76,48,61,0.7093596059113301,0.2413793103448276,0.3103448275862069,1.799361,2.676998,6.106937,0.016129032258064516,0.8323170731707317,0.9322033898305084,144,49,63
388,0.71875,0.16145833333333334,0.11979166666666667,58.415882999999994,49.02690971428569,64.15847395238094,0.7875,0.9894366197183099,0.9903536977491961,138,31,23,0.7047619047619048,0.4666666666666667,0.580952380952381,6.214696187590191,9.413151246753245,31.307498935064935,0.020202020202020204,0.6785714285714286,0.8666666666666667,74,49,61,0.7093596059113301,0.23645320197044334,0.30049261083743845,1.857714,2.709999,6.123712,0.0213903743315508,0.8386075949367089,0.9327731092436975,144,48,61
389,0.7239583333333334,0.16666666666666666,0.11979166666666667,52.149869285714274,47.709570428571396,65.79147395238095,0.7469879518072289,0.9825783972125436,0.9903536977491961,139,32,23,0.7047619047619048,0.41904761904761906,0.580952380952381,6.488996545454548,10.021429458874454,31.346703935064934,0.021505376344086023,0.6458333333333334,0.8666666666666667,74,44,61,0.6995073891625616,0.2315270935960591,0.3054187192118227,1.884697,2.668468,6.049871,0.016574585635359115,0.853125,0.9183673469387755,142,47,62
390,0.7135416666666666,0.16666666666666666,0.11979166666666667,56.75174404761901,49.09715057142855,65.92388823809523,0.7023809523809523,0.976027397260274,0.9967637540453075,137,32,23,0.7142857142857143,0.45714285714285713,0.580952380952381,6.505296181818186,9.432056519480515,31.543859935064933,0.010638297872340425,0.6453900709219859,0.8666666666666667,75,48,61,0.6995073891625616,0.23645320197044334,0.3054187192118227,1.836838,2.657331,6.07535,0.021505376344086023,0.83125,0.9469387755102041,142,48,62
391,0.7239583333333334,0.16666666666666666,0.11979166666666667,57.73432228571428,48.7015504285714,66.4913310952381,0.6888888888888889,0.9828767123287672,0.9935275080906149,139,32,23,0.7523809523809524,0.42857142857142855,0.580952380952381,6.902803888888892,9.51285097402597,31.342929363636358,0.01,0.6853146853146853,0.8552631578947368,79,45,61,0.7044334975369458,0.23645320197044334,0.3103448275862069,1.873995,2.737305,6.150302,0.026881720430107527,0.8427672955974843,0.9508196721311475,143,48,63
392,0.7239583333333334,0.16666666666666666,0.11979166666666667,55.569762285714276,48.838367142857116,65.37500466666667,0.7532467532467533,0.9896551724137931,0.9935897435897436,139,32,23,0.7238095238095238,0.4666666666666667,0.580952380952381,6.338982857142862,10.193299519480515,31.143028935064933,0.010309278350515464,0.6564885496183206,0.8552631578947368,76,49,61,0.6896551724137931,0.2315270935960591,0.3054187192118227,1.867989,2.72634,6.147405,0.03208556149732621,0.8354430379746836,0.9354838709677419,140,47,62
393,0.7239583333333334,0.16666666666666666,0.11979166666666667,53.68608995238093,48.210029714285696,65.88490252380953,0.8028169014084507,0.9826388888888888,0.9904458598726115,139,32,23,0.7047619047619048,0.42857142857142855,0.580952380952381,6.278252539682545,9.986922519480515,31.404049935064933,0.0,0.6573426573426573,0.8783783783783784,74,45,61,0.6945812807881774,0.23645320197044334,0.3054187192118227,1.790308,2.744897,6.083143,0.021505376344086023,0.8333333333333334,0.9343629343629344,141,48,62
394,0.703125,0.16666666666666666,0.11979166666666667,56.39821985714284,49.50938657142855,65.88490252380953,0.6888888888888889,0.9860627177700348,1.0,135,32,23,0.7238095238095238,0.42857142857142855,0.580952380952381,6.692031494949499,9.634847792207786,31.352248935064935,0.010101010101010102,0.6376811594202898,0.8666666666666667,76,45,61,0.6847290640394089,0.2413793103448276,0.3103448275862069,1.807603,2.743694,6.150407,0.03225806451612903,0.8375796178343949,0.952,139,49,63
395,0.7083333333333334,0.16666666666666666,0.11979166666666667,58.047494666666644,49.81998785714284,65.88490252380953,0.6666666666666666,0.9893617021276596,1.0,136,32,23,0.7428571428571429,0.45714285714285713,0.580952380952381,6.259180767676771,9.948077317460314,31.313125935064935,0.01,0.6666666666666666,0.8552631578947368,78,48,61,0.6945812807881774,0.2413793103448276,0.3054187192118227,1.859333,2.695092,6.136532,0.03626943005181347,0.8252427184466019,0.9484126984126984,141,49,62
396,0.71875,0.16666666666666666,0.11979166666666667,55.82612414285712,48.07701514285713,65.9729640952381,0.7261904761904762,0.9859649122807017,0.9967741935483871,138,32,23,0.7142857142857143,0.44761904761904764,0.580952380952381,6.6561802222222255,9.63408488311688,31.431165935064936,0.0,0.6546762589928058,0.8552631578947368,75,47,61,0.6896551724137931,0.22167487684729065,0.3054187192118227,1.849363,2.727812,6.16308,0.026881720430107527,0.8538961038961039,0.9486166007905138,140,45,62
397,0.7239583333333334,0.16666666666666666,0.11979166666666667,55.650469571428545,46.96367099999998,65.88490252380953,0.6823529411764706,0.9860627177700348,0.9967845659163987,139,32,23,0.6857142857142857,0.41904761904761906,0.580952380952381,6.223380460317465,10.303558701298696,31.311279935064935,0.0,0.6888888888888889,0.8552631578947368,72,44,61,0.7044334975369458,0.23645320197044334,0.3103448275862069,1.855298,2.758835,6.112956,0.031578947368421054,0.8436482084690554,0.9382239382239382,143,48,63
398,0.7395833333333334,0.16666666666666666,0.11979166666666667,53.564062285714286,45.89977457142855,66.30264595238096,0.686046511627907,0.986159169550173,0.9967845659163987,142,32,23,0.6857142857142857,0.45714285714285713,0.580952380952381,6.793688857142862,9.846773883116878,31.469118935064934,0.010526315789473684,0.6423357664233577,0.8552631578947368,72,48,61,0.6995073891625616,0.23645320197044334,0.3103448275862069,1.873128,2.734467,6.083143,0.010810810810810811,0.8469055374592834,0.9448818897637795,142,48,63
399,0.734375,0.16666666666666666,0.11979166666666667,51.70885957142856,48.2326317142857,66.41410738095239,0.7875,0.9895470383275261,0.9904153354632588,141,32,23,0.7333333333333333,0.45714285714285713,0.5904761904761905,6.27215672727273,10.082944792207789,31.327813935064935,0.0,0.6935483870967742,0.8552631578947368,77,48,62,0.6995073891625616,0.2413793103448276,0.3103448275862069,1.921712,2.77259,6.149531,0.026737967914438502,0.8758169934640523,0.9714285714285714,142,49,63
400,0.7135416666666666,0.16666666666666666,0.11979166666666667,53.78583614285712,48.232631714285695,64.71847395238096,0.8,0.9930555555555556,0.9935897435897436,137,32,23,0.7523809523809524,0.41904761904761906,0.5904761904761905,6.355328984126989,9.93638388311688,31.308986935064933,0.0,0.7301587301587301,0.8552631578947368,79,44,62,0.6995073891625616,0.2413793103448276,0.3103448275862069,1.939553,2.806628,6.127773,0.026595744680851064,0.8786885245901639,0.9518072289156626,142,49,63
401,0.7239583333333334,0.19270833333333334,0.13541666666666666,57.105319571428566,47.29948885714284,65.18504538095239,0.6770833333333334,0.9726027397260274,0.9903225806451613,139,37,26,0.7619047619047619,0.5333333333333333,0.6476190476190476,6.3446840000000035,9.765498337662331,31.218997935064934,0.0,0.625,0.7804878048780488,80,56,68,0.6995073891625616,0.2512315270935961,0.3251231527093596,1.887993,2.823455,6.137411,0.04060913705583756,0.8762214983713354,0.9288537549407114,142,51,66
402,0.7395833333333334,0.19791666666666666,0.15104166666666666,57.73952904761902,49.31783871428569,66.77981895238096,0.7349397590361446,0.9791666666666666,0.9901315789473685,142,38,29,0.7428571428571429,0.5523809523809524,0.6761904761904762,6.022244904761909,10.391766448773446,31.898240696969687,0.0,0.6446280991735537,0.7808219178082192,78,58,71,0.6945812807881774,0.2561576354679803,0.33004926108374383,1.901511,2.871993,6.138052,0.046153846153846156,0.8538205980066446,0.9090909090909091,141,52,67
403,0.7447916666666666,0.19791666666666666,0.14583333333333334,57.61641847619046,49.83913257142855,68.07790252380954,0.7283950617283951,0.989247311827957,0.993421052631579,143,38,28,0.7714285714285715,0.5333333333333333,0.6761904761904762,6.5964719018759075,10.503082448773448,32.0360482077922,0.0,0.5583333333333333,0.7051282051282052,81,56,71,0.6896551724137931,0.2512315270935961,0.3497536945812808,1.864894,2.817205,6.199934,0.046153846153846156,0.8552631578947368,0.8862745098039215,140,51,71
404,0.7552083333333334,0.19791666666666666,0.15104166666666666,57.276373428571404,48.2433717142857,66.57528666666668,0.6666666666666666,0.9822064056939501,0.9805825242718447,145,38,29,0.780952380952381,0.5428571428571428,0.6857142857142857,6.0620797777777815,9.972323701298698,31.951139935064926,0.0,0.6495726495726496,0.6712328767123288,82,57,72,0.6847290640394089,0.26108374384236455,0.35960591133004927,1.884235,2.875301,6.131661,0.03076923076923077,0.8422818791946308,0.8700787401574803,139,53,73
405,0.7552083333333334,0.19791666666666666,0.15104166666666666,56.68312185714285,48.26330557142856,66.5850453809524,0.7272727272727273,0.9857142857142858,0.9869281045751634,145,38,29,0.8,0.5619047619047619,0.6857142857142857,6.103211571428576,10.533932064935064,31.844514935064925,0.0,0.5877192982456141,0.6986301369863014,84,59,72,0.6847290640394089,0.2660098522167488,0.3645320197044335,1.922695,2.856767,6.152439,0.025510204081632654,0.8235294117647058,0.8928571428571429,139,54,74
406,0.7291666666666666,0.19791666666666666,0.15104166666666666,53.69356285714283,48.03812128571427,67.0513310952381,0.6962025316455697,0.9857142857142858,0.9900662251655629,140,38,29,0.780952380952381,0.5714285714285714,0.6952380952380952,6.346057000000004,10.095846883116879,31.925141935064925,0.0,0.5916666666666667,0.6944444444444444,82,60,73,0.6699507389162561,0.270935960591133,0.3645320197044335,1.88859,2.939517,6.17807,0.031088082901554404,0.8274760383386581,0.9,136,55,74
407,0.7552083333333334,0.19791666666666666,0.15104166666666666,60.134873333333324,48.7093577142857,67.84860895238094,0.6625,0.992831541218638,0.9966442953020134,145,38,29,0.8,0.580952380952381,0.6857142857142857,6.184376000000004,10.697731246753245,31.7493282077922,0.0,0.6140350877192983,0.6712328767123288,84,61,72,0.6847290640394089,0.2660098522167488,0.35960591133004927,1.85359,2.924445,6.191896,0.025252525252525252,0.8006430868167203,0.908,139,54,73
408,0.7552083333333334,0.19791666666666666,0.14583333333333334,61.23594257142856,47.89909399999999,66.35147395238096,0.7361111111111112,0.972027972027972,0.9900990099009901,145,38,28,0.7619047619047619,0.5428571428571428,0.6952380952380952,5.77238804473305,9.781308590187587,31.78324438961038,0.0,0.5929203539823009,0.6811594202898551,80,57,73,0.6847290640394089,0.2660098522167488,0.35960591133004927,1.965999,2.872529,6.160731,0.03571428571428571,0.8037383177570093,0.8682170542635659,139,54,73
409,0.7395833333333334,0.19791666666666666,0.15104166666666666,60.927028428571404,49.408928571428554,68.21775966666667,0.7142857142857143,0.9859154929577465,0.9900332225913622,142,38,29,0.7904761904761904,0.5523809523809524,0.6952380952380952,5.924139571428577,10.369180135642134,32.21131759163058,0.0,0.5983606557377049,0.7121212121212122,83,58,73,0.6798029556650246,0.27586206896551724,0.3645320197044335,1.903604,2.886876,6.154898,0.030303030303030304,0.8058252427184466,0.8968253968253969,138,56,74
410,0.7552083333333334,0.19791666666666666,0.15104166666666666,57.78331038095235,49.15319157142854,69.61747395238096,0.6962025316455697,0.9858156028368794,0.9932885906040269,145,38,29,0.780952380952381,0.5333333333333333,0.6857142857142857,6.163626428571432,10.196477519480514,31.775982116883107,0.0,0.6260869565217392,0.7428571428571429,82,56,72,0.6748768472906403,0.28078817733990147,0.35960591133004927,1.875685,2.918177,6.188309,0.03553299492385787,0.8,0.8947368421052632,137,57,73
411,0.7552083333333334,0.19791666666666666,0.15104166666666666,58.40057757142855,50.51942899999999,66.91147395238094,0.7012987012987013,0.986013986013986,0.9836065573770492,145,38,29,0.7523809523809524,0.5714285714285714,0.6857142857142857,6.214018777777782,10.134503428571428,32.24192593506493,0.0,0.6086956521739131,0.6857142857142857,79,60,72,0.6798029556650246,0.2857142857142857,0.3645320197044335,1.913302,3.018498,6.152883,0.020833333333333332,0.7987012987012987,0.9024390243902439,138,58,74
412,0.7552083333333334,0.19791666666666666,0.15104166666666666,54.923740666666625,50.057598714285696,66.58570038095237,0.6190476190476191,0.9859649122807017,1.0,145,38,29,0.7714285714285715,0.5619047619047619,0.6857142857142857,5.875075571428576,10.815407610389608,31.873605935064926,0.0,0.6146788990825688,0.6901408450704225,81,59,72,0.6798029556650246,0.28078817733990147,0.35960591133004927,1.870446,2.924096,6.194137,0.020942408376963352,0.7896440129449838,0.9385245901639344,138,57,73
413,0.75,0.19791666666666666,0.15104166666666666,53.4970317142857,47.93271285714284,66.21161680952382,0.7763157894736842,0.9789473684210527,0.9900990099009901,144,38,29,0.7714285714285715,0.5619047619047619,0.6857142857142857,6.52427090476191,10.172649135642132,32.111123935064924,0.0,0.5950413223140496,0.6818181818181818,81,59,72,0.6798029556650246,0.2857142857142857,0.3645320197044335,1.881835,2.962493,6.211582,0.015625,0.7868852459016393,0.9117647058823529,138,58,74
414,0.7552083333333334,0.19791666666666666,0.15104166666666666,57.318360285714256,46.89834885714282,66.92899066666666,0.6585365853658537,0.9859154929577465,0.9966555183946488,145,38,29,0.780952380952381,0.5333333333333333,0.6857142857142857,6.066803383838387,10.660370337662334,31.991921935064926,0.0,0.6608695652173913,0.6857142857142857,82,56,72,0.6847290640394089,0.29064039408866993,0.35960591133004927,1.911013,2.928085,6.16205,0.010416666666666666,0.7955974842767296,0.9253112033195021,139,59,73
415,0.7708333333333334,0.22916666666666666,0.18229166666666666,59.87824228571428,46.74573599999999,67.84461680952383,0.6666666666666666,0.9614035087719298,0.9737704918032787,148,44,35,0.7714285714285715,0.5714285714285714,0.7238095238095238,6.2091990000000035,10.7350267012987,31.938395662337655,0.0,0.5634920634920635,0.676056338028169,81,60,76,0.6896551724137931,0.33004926108374383,0.3842364532019704,1.870621,3.038054,6.209794,0.005128205128205128,0.7884615384615384,0.9041666666666667,140,67,78
416,0.7604166666666666,0.22916666666666666,0.18229166666666666,59.33974785714284,52.77450771428569,70.41075966666668,0.7402597402597403,0.9963768115942029,1.0,146,44,35,0.7714285714285715,0.6,0.7142857142857143,6.405865000000004,10.194201246753243,32.1768395064935,0.0,0.5378151260504201,0.6086956521739131,81,63,75,0.6945812807881774,0.3399014778325123,0.39408866995073893,1.849086,3.129668,6.150064,0.005128205128205128,0.755700325732899,0.8612244897959184,141,69,80
417,0.78125,0.22395833333333334,0.18229166666666666,59.00471828571427,50.88751199999999,69.33183766666666,0.6344086021505376,0.9891696750902527,0.9833333333333333,150,43,35,0.780952380952381,0.6285714285714286,0.7238095238095238,6.221368000000004,10.35103027272727,32.28374838961038,0.0,0.5210084033613446,0.5972222222222222,82,66,76,0.6798029556650246,0.3448275862068966,0.39901477832512317,1.911845,3.07046,6.162185,0.0,0.7515723270440252,0.8630705394190872,138,70,81
418,0.8020833333333334,0.22395833333333334,0.18229166666666666,55.27026942857139,52.063221714285696,70.21199695238094,0.625,0.9715302491103203,0.9833333333333333,154,43,35,0.7619047619047619,0.638095238095238,0.7333333333333333,6.948284920634926,10.549126428571425,32.67632715728715,0.0,0.514018691588785,0.6388888888888888,80,67,77,0.6896551724137931,0.3448275862068966,0.4187192118226601,1.899702,3.112744,6.185459,0.0,0.7523809523809524,0.8502024291497976,140,70,85
419,0.796875,0.22916666666666666,0.18229166666666666,57.29397395238091,52.30685757142855,71.38178480952381,0.7027027027027027,0.965034965034965,0.9897959183673469,153,44,35,0.7619047619047619,0.638095238095238,0.7333333333333333,6.580523095238099,10.429710357864353,32.29746793506493,0.0,0.49122807017543857,0.6111111111111112,80,67,77,0.6896551724137931,0.33497536945812806,0.4088669950738916,1.889193,3.111079,6.25263,0.0,0.7697160883280757,0.871900826446281,140,68,83
420,0.78125,0.22916666666666666,0.18229166666666666,56.57200242857139,52.590557428571394,69.28981080952379,0.676056338028169,0.9819494584837545,0.9965870307167235,150,44,35,0.7619047619047619,0.6285714285714286,0.7333333333333333,6.121764111111116,10.42465695382395,32.775858935064925,0.0,0.49523809523809526,0.6438356164383562,80,66,77,0.6995073891625616,0.33497536945812806,0.4088669950738916,1.908774,3.170383,6.256934,0.0,0.7515527950310559,0.8559322033898306,142,68,83
421,0.796875,0.22916666666666666,0.18229166666666666,59.273372714285685,51.186700428571406,67.01882923809524,0.6756756756756757,0.9855072463768116,0.9864864864864865,153,44,35,0.7619047619047619,0.6476190476190476,0.7238095238095238,6.44566348629149,10.424684974025972,32.22276766233765,0.0,0.48598130841121495,0.6056338028169014,80,68,76,0.6995073891625616,0.3399014778325123,0.4039408866995074,1.932805,3.159635,6.230319,0.0,0.7444794952681388,0.8626609442060086,142,69,82
422,0.78125,0.22916666666666666,0.18229166666666666,57.66273257142854,49.61508857142855,67.54959138095238,0.704225352112676,0.9715302491103203,0.9831081081081081,150,44,35,0.7619047619047619,0.6571428571428571,0.7333333333333333,7.203144888888891,9.987576903318903,32.37083966233765,0.0,0.5526315789473685,0.625,80,69,77,0.6945812807881774,0.3399014778325123,0.4039408866995074,1.972459,3.132777,6.248893,0.0051813471502590676,0.7603833865814696,0.8760683760683761,141,69,82
423,0.78125,0.22916666666666666,0.18229166666666666,56.16172157142852,50.071698857142835,68.09983423809523,0.6538461538461539,0.9855072463768116,0.9897610921501706,150,44,35,0.7428571428571429,0.6476190476190476,0.7238095238095238,6.953045888888892,10.370337044733043,32.4951652077922,0.0,0.5148514851485149,0.6,78,68,76,0.7044334975369458,0.3448275862068966,0.41379310344827586,2.015877,3.136556,6.273178,0.01020408163265306,0.765625,0.871244635193133,143,70,84
424,0.7916666666666666,0.22916666666666666,0.18229166666666666,56.71731699999998,49.56269085714283,68.0572190952381,0.6219512195121951,0.9855595667870036,0.9798657718120806,152,44,35,0.7333333333333333,0.6571428571428571,0.7238095238095238,6.76643666666667,10.305690297258296,31.924578935064925,0.0,0.5045871559633027,0.6081081081081081,77,69,76,0.6896551724137931,0.33497536945812806,0.39408866995073893,1.923624,3.218148,6.247531,0.005154639175257732,0.7682119205298014,0.8600823045267489,140,68,80
425,0.7916666666666666,0.22916666666666666,0.18229166666666666,55.575901714285685,47.78943585714284,69.01104538095237,0.7272727272727273,0.9607142857142857,0.9931972789115646,152,44,35,0.7142857142857143,0.638095238095238,0.7428571428571429,6.7948480000000036,10.528080428571425,32.46475566233765,0.0,0.5225225225225225,0.6176470588235294,75,67,78,0.6847290640394089,0.3054187192118227,0.4088669950738916,1.962895,3.254828,6.284745,0.015544041450777202,0.7532467532467533,0.8506224066390041,139,62,83
426,0.7916666666666666,0.22916666666666666,0.18229166666666666,55.67104942857139,51.98470457142855,67.65222352380952,0.7323943661971831,0.981549815498155,0.9931506849315068,152,44,35,0.7333333333333333,0.6476190476190476,0.7333333333333333,6.402437949494952,10.435122519480515,32.569842753246746,0.0,0.5096153846153846,0.5945945945945946,77,68,77,0.6847290640394089,0.3054187192118227,0.41379310344827586,1.963674,3.265462,6.30751,0.015384615384615385,0.7523809523809524,0.8448979591836735,139,62,84
427,0.7916666666666666,0.22916666666666666,0.18229166666666666,57.004322142857106,50.741071142857116,66.30027638095238,0.6666666666666666,0.9888059701492538,0.9829351535836177,152,44,35,0.7238095238095238,0.6190476190476191,0.7428571428571429,6.937484111111115,10.723053226551226,32.077208935064924,0.0,0.5294117647058824,0.5733333333333334,76,65,78,0.6945812807881774,0.3103448275862069,0.4039408866995074,1.998688,3.257227,6.323172,0.015228426395939087,0.7523510971786834,0.851063829787234,141,63,82
428,0.7916666666666666,0.22916666666666666,0.18229166666666666,55.99103871428569,52.197890714285684,68.25576166666667,0.7183098591549296,0.9744525547445255,0.9896907216494846,152,44,35,0.7333333333333333,0.6190476190476191,0.7428571428571429,7.436453288600292,10.407713519480515,32.128206662337654,0.0,0.4864864864864865,0.6086956521739131,77,65,78,0.6995073891625616,0.32019704433497537,0.4088669950738916,1.993387,3.164009,6.304526,0.005076142131979695,0.7507788161993769,0.8559322033898306,142,65,83
429,0.7916666666666666,0.22395833333333334,0.18229166666666666,55.39146614285712,52.38658057142855,68.07790252380953,0.6463414634146342,0.9783393501805054,0.9862542955326461,152,43,35,0.7142857142857143,0.6666666666666666,0.7428571428571429,6.560112701298706,10.216890115440114,32.27638959163058,0.0,0.49056603773584906,0.582089552238806,75,70,78,0.7044334975369458,0.3497536945812808,0.4039408866995074,1.928624,3.281662,6.284313,0.010256410256410256,0.7460815047021944,0.8577235772357723,143,71,82
430,0.7864583333333334,0.22916666666666666,0.18229166666666666,56.83583971428567,51.83620371428569,68.07790252380953,0.6712328767123288,0.9817518248175182,0.9896907216494846,151,44,35,0.7333333333333333,0.5904761904761905,0.7619047619047619,6.467972000000004,10.323038428571424,32.38259839538239,0.0,0.5,0.5522388059701493,77,62,80,0.7044334975369458,0.3497536945812808,0.4088669950738916,1.931297,3.26658,6.32785,0.005208333333333333,0.7588424437299035,0.8530612244897959,143,71,83
431,0.7916666666666666,0.22916666666666666,0.18229166666666666,58.6133484285714,51.703520285714255,68.47244023809522,0.7,0.9781818181818182,0.9828178694158075,152,44,35,0.7523809523809524,0.5904761904761905,0.7523809523809524,7.3437122222222255,10.566575428571426,32.32040902597402,0.0,0.4642857142857143,0.5692307692307692,79,62,79,0.7044334975369458,0.33004926108374383,0.41379310344827586,1.84399,3.362663,6.359674,0.005208333333333333,0.7557755775577558,0.8535564853556485,143,67,84
432,0.78125,0.22916666666666666,0.18229166666666666,59.899173809523774,49.793028999999976,68.30444538095237,0.6164383561643836,0.9640287769784173,0.986159169550173,150,44,35,0.7428571428571429,0.638095238095238,0.7619047619047619,7.196057000000004,10.306992246753241,32.47395893506493,0.0,0.45794392523364486,0.5692307692307692,78,67,80,0.7044334975369458,0.3103448275862069,0.39408866995073893,1.903027,3.245871,6.310165,0.005235602094240838,0.7660256410256411,0.8547008547008547,143,63,80
433,0.78125,0.22916666666666666,0.18229166666666666,55.508730999999976,48.52925757142856,67.61133109523809,0.6623376623376623,0.9776951672862454,0.9862542955326461,150,44,35,0.7428571428571429,0.6476190476190476,0.7714285714285715,7.325543888888894,10.275094681096677,32.42760448051947,0.0,0.5185185185185185,0.5967741935483871,78,68,81,0.6945812807881774,0.2955665024630542,0.4039408866995074,1.917015,3.322806,6.294318,0.0051813471502590676,0.7682119205298014,0.8445378151260504,141,60,82
434,0.8020833333333334,0.22916666666666666,0.18229166666666666,56.794418142857104,50.01863214285713,68.77775966666665,0.6575342465753424,0.9849624060150376,0.9964912280701754,154,44,35,0.7333333333333333,0.6666666666666666,0.7523809523809524,7.104432317460321,10.345578903318899,32.55207493506493,0.0,0.48148148148148145,0.53125,77,70,79,0.7044334975369458,0.3054187192118227,0.4039408866995074,1.907644,3.297431,6.274231,0.005154639175257732,0.7475728155339806,0.859504132231405,143,62,82
435,0.7864583333333334,0.22395833333333334,0.18229166666666666,58.13906799999997,48.44420114285712,68.54447395238094,0.7464788732394366,0.977859778597786,0.9825783972125436,151,43,35,0.7428571428571429,0.6,0.7333333333333333,7.139063761904765,10.601952448773446,32.63571738961038,0.0,0.4953271028037383,0.5967741935483871,78,63,77,0.7142857142857143,0.30049261083743845,0.4088669950738916,1.935512,3.281866,6.333507,0.0051813471502590676,0.7667731629392971,0.8583690987124464,145,61,83
436,0.7916666666666666,0.22916666666666666,0.18229166666666666,54.93948795238093,48.63447271428569,69.59747338095235,0.6666666666666666,0.9738805970149254,0.9964912280701754,152,44,35,0.7238095238095238,0.6761904761904762,0.7333333333333333,7.133867818181822,10.377956337662335,32.4839662077922,0.0,0.42718446601941745,0.515625,76,71,77,0.7142857142857143,0.2955665024630542,0.4039408866995074,1.914485,3.437408,6.356677,0.005235602094240838,0.7508196721311475,0.85,145,60,82
437,0.796875,0.22916666666666666,0.18229166666666666,59.90627542857141,50.4919644285714,69.34589809523807,0.6666666666666666,0.9739776951672863,0.9965034965034965,153,44,35,0.7333333333333333,0.5904761904761905,0.7523809523809524,6.9119904545454585,10.30001999422799,32.55737166233765,0.0,0.49504950495049505,0.5846153846153846,77,62,79,0.7142857142857143,0.3054187192118227,0.39901477832512317,1.916332,3.402574,6.391159,0.005263157894736842,0.740625,0.8458333333333333,145,62,81
438,0.7760416666666666,0.22395833333333334,0.18229166666666666,58.34668499999998,50.25760928571426,71.34447395238094,0.7575757575757576,0.978021978021978,0.976027397260274,149,43,35,0.7238095238095238,0.5904761904761905,0.7619047619047619,7.344429272727277,10.426070630591626,32.93236987445887,0.0,0.5089285714285714,0.5238095238095238,76,62,80,0.7192118226600985,0.30049261083743845,0.41379310344827586,1.943463,3.419558,6.297858,0.005263157894736842,0.7548387096774194,0.8395061728395061,146,61,84
439,0.8020833333333334,0.22916666666666666,0.18229166666666666,56.89530095238093,50.9254797142857,68.3197988095238,0.6265060240963856,0.9710144927536232,0.9860627177700348,154,44,35,0.7142857142857143,0.6285714285714286,0.7619047619047619,7.955614349206354,10.443760044733041,32.296827935064925,0.0,0.49122807017543857,0.5555555555555556,75,66,80,0.7241379310344828,0.3054187192118227,0.41379310344827586,1.943053,3.442392,6.311776,0.010256410256410256,0.7459807073954984,0.865546218487395,147,62,84
440,0.78125,0.22916666666666666,0.18229166666666666,58.36549109523806,50.0238294285714,68.77804538095239,0.7272727272727273,0.996268656716418,0.9964788732394366,150,44,35,0.7047619047619048,0.6095238095238096,0.7333333333333333,7.18019761616162,10.239294741702736,32.60585875324675,0.0,0.48148148148148145,0.5789473684210527,74,64,77,0.729064039408867,0.3054187192118227,0.4039408866995074,1.967189,3.443134,6.337933,0.010362694300518135,0.7608695652173914,0.8607594936708861,148,62,82
441,0.7916666666666666,0.22916666666666666,0.18229166666666666,62.126178571428554,51.666562285714264,68.07818823809524,0.6626506024096386,0.9852941176470589,0.9895104895104895,152,44,35,0.7142857142857143,0.6,0.7428571428571429,7.289992539682543,10.311450105339098,32.25201826839826,0.0,0.5233644859813084,0.5573770491803278,75,63,78,0.7241379310344828,0.31527093596059114,0.3891625615763547,1.971427,3.409158,6.392017,0.010526315789473684,0.7435064935064936,0.8744588744588745,147,64,79
442,0.7864583333333334,0.22916666666666666,0.18229166666666666,57.33817557142855,51.65269771428569,68.54475966666668,0.6571428571428571,0.96415770609319,0.9964028776978417,151,44,35,0.7238095238095238,0.6285714285714286,0.7333333333333333,7.365794000000004,10.731485317460312,33.0034152077922,0.0,0.4642857142857143,0.5689655172413793,76,66,77,0.7241379310344828,0.31527093596059114,0.41379310344827586,1.968867,3.435494,6.410512,0.010471204188481676,0.7612903225806451,0.8429752066115702,147,64,84
443,0.7760416666666666,0.22916666666666666,0.18229166666666666,58.09228499999996,51.023505714285676,68.77804538095238,0.6338028169014085,0.9889705882352942,0.9928825622775801,149,44,35,0.7238095238095238,0.6571428571428571,0.7333333333333333,6.601078888888892,10.242627701298694,32.46869566233765,0.0,0.4774774774774775,0.5303030303030303,76,69,77,0.729064039408867,0.3251231527093596,0.4039408866995074,1.927523,3.42507,6.369595,0.015463917525773196,0.752411575562701,0.8477366255144033,148,66,82
444,0.78125,0.22916666666666666,0.18229166666666666,57.50485142857139,50.137757714285684,68.56022809523809,0.6176470588235294,0.9779411764705882,0.9963898916967509,150,44,35,0.7238095238095238,0.6285714285714286,0.7523809523809524,6.9609431111111135,10.479299862914857,32.82294011688312,0.0,0.48514851485148514,0.5614035087719298,76,66,79,0.7241379310344828,0.32019704433497537,0.4088669950738916,1.940992,3.433757,6.360605,0.010471204188481676,0.7682539682539683,0.8487394957983193,147,65,83
445,0.7708333333333334,0.22395833333333334,0.18229166666666666,57.400613476190436,50.734738999999976,68.54475966666665,0.6857142857142857,0.9775280898876404,0.989247311827957,148,43,35,0.7238095238095238,0.6476190476190476,0.7523809523809524,6.771167044733049,10.940658202020197,32.64842796103895,0.0,0.4811320754716981,0.5573770491803278,76,68,79,0.7192118226600985,0.32019704433497537,0.41379310344827586,1.942256,3.452968,6.399058,0.010638297872340425,0.7541528239202658,0.8333333333333334,146,65,84
446,0.7760416666666666,0.22916666666666666,0.17708333333333334,60.05835428571426,50.79066785714284,69.46195695238096,0.6811594202898551,0.9888059701492538,0.9927536231884058,149,44,34,0.7333333333333333,0.638095238095238,0.7428571428571429,6.645930917748922,11.24003092352092,33.136973909090905,0.0,0.5048543689320388,0.546875,77,67,78,0.7142857142857143,0.3103448275862069,0.4039408866995074,1.959301,3.461973,6.364082,0.015789473684210527,0.7377049180327869,0.8242677824267782,145,63,82
447,0.7760416666666666,0.22916666666666666,0.18229166666666666,61.16032476190474,50.83799757142856,69.24461680952382,0.6285714285714286,0.9776951672862454,0.9892086330935251,149,44,35,0.7428571428571429,0.6,0.7238095238095238,6.030505545454549,11.423109246753242,32.99360955122654,0.0,0.5,0.5714285714285714,78,63,76,0.7192118226600985,0.3251231527093596,0.39901477832512317,1.958278,3.500291,6.474894,0.015625,0.7272727272727273,0.8388429752066116,146,66,81
448,0.78125,0.22916666666666666,0.18229166666666666,59.749189428571405,53.02990999999997,69.24461680952382,0.6764705882352942,0.9701492537313433,1.0,150,44,35,0.7333333333333333,0.6285714285714286,0.7238095238095238,6.672370111111114,11.260335085137081,33.029546116883104,0.0,0.45045045045045046,0.5555555555555556,77,66,76,0.7044334975369458,0.33497536945812806,0.3842364532019704,2.008765,3.471162,6.416848,0.015873015873015872,0.7492063492063492,0.8461538461538461,143,68,78
449,0.7708333333333334,0.22916666666666666,0.18229166666666666,57.54958899999996,49.95455528571428,69.72648566666666,0.6,0.9776951672862454,0.9856115107913669,148,44,35,0.7238095238095238,0.6190476190476191,0.7428571428571429,6.673783545454548,11.470631155844153,32.86250193506493,0.0,0.47058823529411764,0.53125,76,65,78,0.6847290640394089,0.33004926108374383,0.4088669950738916,1.99944,3.470129,6.38329,0.016042780748663103,0.7425742574257426,0.8271604938271605,139,67,83
450,0.7916666666666666,0.22916666666666666,0.18229166666666666,56.1494884285714,50.45028928571427,69.47790252380952,0.6818181818181818,0.9810606060606061,0.978494623655914,152,44,35,0.7142857142857143,0.6,0.7523809523809524,6.716258523809528,11.12857479220779,33.07511238961038,0.0,0.48484848484848486,0.578125,75,63,79,0.6847290640394089,0.3399014778325123,0.4088669950738916,1.985093,3.445135,6.4009,0.010638297872340425,0.7352941176470589,0.8382978723404255,139,69,83
451,0.7760416666666666,0.22916666666666666,0.18229166666666666,57.14907528571425,52.27722028571427,71.40845723809522,0.5942028985507246,0.9809885931558935,0.992619926199262,149,44,35,0.7333333333333333,0.638095238095238,0.7333333333333333,5.9137220000000035,12.3006373073593,33.08477638961038,0.0,0.48,0.5967741935483871,77,67,77,0.6945812807881774,0.3399014778325123,0.4088669950738916,1.989593,3.434312,6.360638,0.0106951871657754,0.7524752475247525,0.8601694915254238,141,69,83
452,0.7760416666666666,0.22395833333333334,0.18229166666666666,59.64458871428569,51.25270414285713,70.39775852380951,0.640625,0.9923664122137404,0.9925925925925926,149,43,35,0.7523809523809524,0.6476190476190476,0.7428571428571429,6.380026298701301,11.731528246753243,33.39426848051947,0.0,0.5148514851485149,0.5517241379310345,79,68,78,0.6896551724137931,0.33004926108374383,0.4039408866995074,1.910531,3.483083,6.415652,0.010752688172043012,0.7605177993527508,0.868421052631579,140,67,82
453,0.765625,0.22916666666666666,0.18229166666666666,57.019850428571395,51.42936571428569,68.77804538095236,0.6896551724137931,0.9776119402985075,0.9852941176470589,147,44,35,0.7238095238095238,0.6095238095238096,0.7333333333333333,6.357282000000004,11.583898357864355,33.009042662337656,0.0,0.45263157894736844,0.5666666666666667,76,64,77,0.6995073891625616,0.31527093596059114,0.39901477832512317,2.012394,3.493992,6.398476,0.010638297872340425,0.7583892617449665,0.8577586206896551,142,64,81
454,0.7708333333333334,0.22916666666666666,0.18229166666666666,58.95700928571426,49.691671285714264,69.2446168095238,0.5573770491803278,0.9772727272727273,0.9818181818181818,148,44,35,0.6857142857142857,0.638095238095238,0.7333333333333333,6.307374000000004,11.794090792207788,33.2858852077922,0.0,0.46875,0.5818181818181818,72,67,77,0.6945812807881774,0.3054187192118227,0.4039408866995074,2.002966,3.53398,6.441342,0.015463917525773196,0.7542662116040956,0.8589743589743589,141,62,82
455,0.7708333333333334,0.22916666666666666,0.18229166666666666,58.276717142857116,50.270086714285696,69.89681495238095,0.6727272727272727,0.9696969696969697,0.9888475836431226,148,44,35,0.6857142857142857,0.6,0.7238095238095238,6.4353330000000035,11.577275499278494,33.25347784992784,0.0,0.4939759036144578,0.543859649122807,72,63,76,0.6995073891625616,0.2955665024630542,0.41379310344827586,2.02243,3.511761,6.403016,0.005376344086021506,0.759075907590759,0.8275862068965517,142,60,84
456,0.7864583333333334,0.22916666666666666,0.18229166666666666,60.44605842857141,49.584016714285696,69.06732452380952,0.6101694915254238,0.9809885931558935,0.9962962962962963,151,44,35,0.7142857142857143,0.6476190476190476,0.7428571428571429,6.303273005772009,11.663641701298697,33.23081011688311,0.0,0.494949494949495,0.5892857142857143,75,68,78,0.7044334975369458,0.3054187192118227,0.4088669950738916,1.953538,3.57639,6.457431,0.0,0.7628865979381443,0.8722466960352423,143,62,83
457,0.7916666666666666,0.22916666666666666,0.18229166666666666,59.63409799999997,51.735771428571404,69.01133109523809,0.6296296296296297,0.9848484848484849,0.988929889298893,152,44,35,0.7333333333333333,0.5904761904761905,0.7523809523809524,6.38325183838384,11.781816701298697,33.40283438961038,0.0,0.5185185185185185,0.6,77,62,79,0.6995073891625616,0.3054187192118227,0.39901477832512317,2.001095,3.642098,6.452243,0.010582010582010581,0.7560975609756098,0.8464912280701754,142,62,81
458,0.7760416666666666,0.22916666666666666,0.18229166666666666,56.6955251428571,51.14641828571427,69.01133109523809,0.6,0.9847328244274809,1.0,149,44,35,0.7333333333333333,0.6571428571428571,0.7238095238095238,6.685617000000004,12.087206337662332,32.87101638961038,0.0,0.44086021505376344,0.559322033898305,77,69,76,0.6896551724137931,0.3054187192118227,0.39901477832512317,1.997839,3.595052,6.490112,0.005376344086021506,0.7684563758389261,0.8475336322869955,140,62,81
459,0.765625,0.22395833333333334,0.18229166666666666,58.536079714285684,50.01342542857141,68.75857823809523,0.5964912280701754,0.9776119402985075,0.9962962962962963,147,43,35,0.7142857142857143,0.638095238095238,0.7428571428571429,6.4340502727272755,11.895855266955262,33.42319066233765,0.0,0.4725274725274725,0.631578947368421,75,67,78,0.6896551724137931,0.32019704433497537,0.4039408866995074,1.975935,3.654318,6.458098,0.0,0.7612456747404844,0.8355555555555556,140,65,82
460,0.7916666666666666,0.22916666666666666,0.18229166666666666,56.25827628571425,51.13381299999997,69.02838366666666,0.532258064516129,0.973384030418251,0.9888475836431226,152,44,35,0.7047619047619048,0.6571428571428571,0.7333333333333333,6.44281683838384,11.929985812409807,33.36657038961038,0.0,0.44329896907216493,0.6111111111111112,74,69,77,0.6995073891625616,0.31527093596059114,0.4088669950738916,1.916314,3.630682,6.479788,0.0,0.7627118644067796,0.8430493273542601,142,64,83
461,0.7760416666666666,0.22395833333333334,0.18229166666666666,57.44639176190474,50.55214185714283,68.52659166666666,0.484375,0.9773584905660377,0.9888888888888889,149,43,35,0.7047619047619048,0.6285714285714286,0.7523809523809524,6.369911000000002,11.252185246753243,33.43998638961038,0.0,0.45794392523364486,0.6545454545454545,74,66,79,0.6945812807881774,0.33004926108374383,0.39901477832512317,1.903937,3.685006,6.454154,0.0,0.7491166077738516,0.8558558558558559,141,67,81
462,0.7760416666666666,0.22916666666666666,0.18229166666666666,57.79905871428569,49.44812314285712,66.65033695238095,0.6122448979591837,0.9695817490494296,0.9926470588235294,149,44,35,0.6857142857142857,0.6095238095238096,0.7333333333333333,6.179392000000002,11.764314590187583,33.5331572077922,0.0,0.47058823529411764,0.6346153846153846,72,64,77,0.6896551724137931,0.33004926108374383,0.39408866995073893,1.974175,3.651787,6.419746,0.0,0.7731958762886598,0.852017937219731,140,67,80
463,0.7760416666666666,0.22916666666666666,0.18229166666666666,56.471912857142826,52.30425799999998,66.21190252380953,0.4807692307692308,0.9763779527559056,0.9888475836431226,149,44,35,0.6571428571428571,0.6095238095238096,0.7428571428571429,6.053760428571431,11.572205994227991,33.45293355122654,0.0,0.4148936170212766,0.6346153846153846,69,64,78,0.6748768472906403,0.3448275862068966,0.4039408866995074,1.897644,3.644732,6.476915,0.0,0.773972602739726,0.8340807174887892,137,70,82
464,0.7864583333333334,0.22916666666666666,0.18229166666666666,57.811432857142826,51.192308714285694,66.21190252380953,0.5434782608695652,0.9881889763779528,0.9925093632958801,151,44,35,0.6571428571428571,0.6666666666666666,0.7523809523809524,6.534557000000002,11.472881085137082,33.51807338961038,0.0,0.422680412371134,0.6274509803921569,69,70,79,0.6847290640394089,0.33497536945812806,0.39901477832512317,1.937751,3.717575,6.471082,0.0,0.8120300751879699,0.8648648648648649,139,68,81
465,0.8072916666666666,0.25,0.21354166666666666,60.12038271428569,50.746389285714265,68.91190252380952,0.5,0.9647058823529412,0.9776951672862454,155,48,41,0.6666666666666666,0.638095238095238,0.7904761904761904,6.201860343434347,11.262434499278493,33.35184904617604,0.0,0.4367816091954023,0.6363636363636364,70,67,83,0.7044334975369458,0.39408866995073893,0.458128078817734,1.950163,3.660988,6.520813,0.0,0.7673611111111112,0.8008849557522124,143,80,93
466,0.796875,0.2604166666666667,0.20833333333333334,59.820951999999956,53.38177628571426,71.34447395238092,0.6041666666666666,0.9795918367346939,0.9849624060150376,153,50,40,0.6952380952380952,0.6761904761904762,0.7714285714285715,6.840146000000003,11.909650792207783,33.98186238961038,0.0,0.3786407766990291,0.5652173913043478,73,71,81,0.6995073891625616,0.3891625615763547,0.458128078817734,1.977718,3.637565,6.464629,0.0,0.7657992565055762,0.7763157894736842,142,79,93
467,0.828125,0.2604166666666667,0.21354166666666666,59.77258557142855,53.393220285714264,71.24114195238094,0.4375,0.967741935483871,0.9888059701492538,159,50,41,0.6857142857142857,0.7142857142857143,0.7714285714285715,6.646265539682543,11.568936610389603,33.51860738961038,0.0,0.3333333333333333,0.5882352941176471,72,75,81,0.6995073891625616,0.39901477832512317,0.4630541871921182,1.922096,3.680005,6.530741,0.0,0.7675276752767528,0.793859649122807,142,81,94
468,0.8125,0.2604166666666667,0.21354166666666666,56.837995999999976,53.6698271428571,70.35326723809523,0.5454545454545454,0.9717741935483871,0.9812734082397003,156,50,41,0.6952380952380952,0.6285714285714286,0.7523809523809524,6.441925650793653,11.767990266955259,33.57863531890331,0.0,0.40217391304347827,0.5918367346938775,73,66,79,0.7044334975369458,0.3891625615763547,0.45320197044334976,1.990049,3.725873,6.503539,0.0,0.7902621722846442,0.7869565217391304,143,79,92
469,0.796875,0.2604166666666667,0.21354166666666666,61.51634128571426,55.18150714285711,70.8776168095238,0.5384615384615384,0.9757085020242915,0.9923954372623575,153,50,41,0.6761904761904762,0.7142857142857143,0.7619047619047619,6.437804888888892,12.028856499278493,33.51409500577199,0.0,0.34,0.56,71,75,80,0.7044334975369458,0.3793103448275862,0.4630541871921182,1.949674,3.738775,6.535164,0.0,0.7798507462686567,0.78125,143,77,94
470,0.8541666666666666,0.28125,0.24479166666666666,59.8465074285714,55.46884076190474,72.51061680952381,0.5384615384615384,0.93359375,0.966542750929368,164,54,47,0.6666666666666666,0.7428571428571429,0.7619047619047619,6.930737000000004,12.069942499278493,33.83400438961038,0.0,0.3177570093457944,0.6,70,78,80,0.7192118226600985,0.4088669950738916,0.4827586206896552,1.952311,3.664652,6.543221,0.0,0.7526132404181185,0.7792792792792793,146,83,98
471,0.8385416666666666,0.2916666666666667,0.24479166666666666,63.44407499999997,53.780418714285695,75.07675966666666,0.6590909090909091,0.980544747081712,0.9852941176470589,161,56,47,0.6857142857142857,0.7428571428571429,0.7428571428571429,6.917502000000003,11.943902044733038,34.10929466233765,0.0,0.29906542056074764,0.4909090909090909,72,78,78,0.7192118226600985,0.4039408866995074,0.4630541871921182,1.940793,3.680121,6.575897,0.0,0.7472527472527473,0.7847533632286996,146,82,94
472,0.828125,0.2864583333333333,0.24479166666666666,62.57435357142853,52.447519285714264,77.65051609523807,0.4426229508196721,0.9730769230769231,0.985239852398524,159,55,47,0.6761904761904762,0.6476190476190476,0.7714285714285715,6.542648222222225,12.185032974025967,33.76671266233765,0.0,0.3684210526315789,0.5357142857142857,71,68,81,0.7241379310344828,0.4039408866995074,0.45320197044334976,1.953124,3.68784,6.572312,0.005128205128205128,0.730909090909091,0.7702702702702703,147,82,92
473,0.8541666666666666,0.2916666666666667,0.23958333333333334,62.205896142857114,52.79912514285712,72.59516638095236,0.5079365079365079,0.9550561797752809,0.9854014598540146,164,56,46,0.6666666666666666,0.6857142857142857,0.7619047619047619,6.454353888888892,11.765945903318894,34.08635238961038,0.0,0.3269230769230769,0.5576923076923077,70,72,80,0.7241379310344828,0.41379310344827586,0.4630541871921182,1.943208,3.683514,6.622283,0.0,0.7340823970037453,0.7413793103448276,147,84,94
474,0.8229166666666666,0.2916666666666667,0.24479166666666666,61.59888680952378,52.23983928571426,71.92092023809522,0.6530612244897959,0.9727626459143969,0.9678571428571429,158,56,47,0.6761904761904762,0.7238095238095238,0.7714285714285715,6.677768317460321,12.457141782106772,34.36233157142856,0.0,0.25892857142857145,0.5,71,76,81,0.7339901477832512,0.4039408866995074,0.4729064039408867,1.960822,3.634561,6.625366,0.0,0.7454545454545455,0.75,149,82,96
475,0.828125,0.2916666666666667,0.24479166666666666,61.917675428571414,53.50025914285712,72.5109025238095,0.4915254237288136,0.9728682170542635,0.9852941176470589,159,56,47,0.6857142857142857,0.6666666666666666,0.7714285714285715,6.882931142857148,11.857522155844146,34.41723004617604,0.0,0.30097087378640774,0.5272727272727272,72,70,81,0.7389162561576355,0.41379310344827586,0.46798029556650245,1.963463,3.627273,6.672444,0.0,0.75,0.755868544600939,150,84,95
476,0.828125,0.2864583333333333,0.24479166666666666,62.41946828571426,54.33167471428569,72.6046168095238,0.5818181818181818,0.9610894941634242,0.9819494584837545,159,55,47,0.6952380952380952,0.6761904761904762,0.7523809523809524,6.673272888888892,11.906998675324665,34.47687777344876,0.0,0.33663366336633666,0.5555555555555556,73,71,79,0.7339901477832512,0.4039408866995074,0.4630541871921182,2.046623,3.662189,6.580142,0.0,0.7453183520599251,0.7534246575342466,149,82,94
477,0.8645833333333334,0.3177083333333333,0.2760416666666667,61.76371457142853,53.20924457142855,71.58070052380951,0.46774193548387094,0.9622641509433962,0.9675090252707581,166,61,53,0.6761904761904762,0.7238095238095238,0.7904761904761904,6.3926902222222255,12.262573479076469,34.555975116883104,0.0,0.27,0.46551724137931033,71,76,83,0.7339901477832512,0.4482758620689655,0.4827586206896552,2.08042,3.576661,6.627312,0.0,0.6883561643835616,0.7557603686635944,149,91,98
478,0.8802083333333334,0.3229166666666667,0.2760416666666667,67.09717376190473,57.417191714285686,73.67159180952378,0.6818181818181818,0.9485294117647058,0.982078853046595,169,62,53,0.6761904761904762,0.7523809523809524,0.7904761904761904,7.104921000000004,12.122688479076468,34.682653005771996,0.0,0.2807017543859649,0.509090909090909,71,79,83,0.7389162561576355,0.47783251231527096,0.47783251231527096,2.112797,3.673663,6.649149,0.0,0.6725978647686833,0.7280701754385965,150,97,97
479,0.8541666666666666,0.3229166666666667,0.265625,65.85210338095236,58.33863828571426,73.4493175238095,0.5285714285714286,0.9661654135338346,0.982078853046595,164,62,51,0.6857142857142857,0.6761904761904762,0.780952380952381,7.295779000000004,12.307126812409805,34.6247091168831,0.0,0.30851063829787234,0.4716981132075472,72,71,82,0.7339901477832512,0.4876847290640394,0.4975369458128079,2.124382,3.690196,6.640497,0.0,0.6642599277978339,0.7224669603524229,149,99,101
480,0.8697916666666666,0.3229166666666667,0.2760416666666667,62.91149614285711,57.62673499999997,72.91833595238094,0.582089552238806,0.948339483394834,0.9715302491103203,167,62,53,0.6857142857142857,0.7333333333333333,0.780952380952381,7.411525000000004,12.581331317460306,34.47496266233765,0.0,0.2631578947368421,0.4528301886792453,72,77,82,0.7241379310344828,0.4876847290640394,0.5123152709359606,2.041017,3.656087,6.629752,0.0,0.6642335766423357,0.7192982456140351,147,99,104
481,0.8697916666666666,0.3229166666666667,0.2760416666666667,62.31851404761903,56.386596285714255,72.51090252380949,0.5714285714285714,0.9849056603773585,0.982078853046595,167,62,53,0.6857142857142857,0.6857142857142857,0.780952380952381,7.227834000000004,12.218428155844148,34.96288438961038,0.0,0.24761904761904763,0.5,72,72,82,0.7339901477832512,0.46798029556650245,0.5123152709359606,2.076165,3.727996,6.637978,0.0,0.6704119850187266,0.740909090909091,149,95,104
482,0.8802083333333334,0.3229166666666667,0.2760416666666667,64.79313371428572,54.939660142857115,74.61047395238094,0.6101694915254238,0.9657794676806084,0.9855072463768116,169,62,53,0.6857142857142857,0.6761904761904762,0.8,7.014408428571431,12.819358474747464,34.441212662337655,0.0,0.29473684210526313,0.49056603773584906,72,71,84,0.7389162561576355,0.46798029556650245,0.5123152709359606,2.075347,3.715843,6.672524,0.0,0.6595744680851063,0.7454545454545455,150,95,104
483,0.8645833333333334,0.3229166666666667,0.2760416666666667,66.23537957142854,57.18062828571425,75.79880666666665,0.6166666666666667,0.9586466165413534,0.9891696750902527,166,62,53,0.6857142857142857,0.7142857142857143,0.8,6.689013000000004,13.089267186147179,34.69686893506493,0.0,0.23300970873786409,0.43636363636363634,72,75,84,0.729064039408867,0.4827586206896552,0.5270935960591133,2.02274,3.710778,6.61969,0.0,0.6654804270462633,0.7239819004524887,148,98,107
484,0.875,0.3229166666666667,0.2760416666666667,64.83538876190474,56.90062657142854,76.94456166666666,0.5441176470588235,0.9734848484848485,0.9819494584837545,168,62,53,0.7047619047619048,0.7238095238095238,0.7904761904761904,7.074938571428574,12.653188307359295,34.77182789466089,0.0,0.27450980392156865,0.46808510638297873,74,76,83,0.7241379310344828,0.4827586206896552,0.5221674876847291,2.014279,3.674436,6.620233,0.01,0.6811594202898551,0.7476635514018691,147,98,106
485,0.8697916666666666,0.3177083333333333,0.2760416666666667,67.6519972380952,59.44567942857141,73.10103523809524,0.6290322580645161,0.9589552238805971,0.9784172661870504,167,61,53,0.7238095238095238,0.7142857142857143,0.8,6.750395428571431,13.022574539682529,34.71988227849927,0.0,0.21568627450980393,0.49019607843137253,76,75,84,0.7241379310344828,0.4630541871921182,0.5172413793103449,1.981708,3.634708,6.669941,0.01020408163265306,0.6753731343283582,0.7477064220183486,147,94,105
486,0.8854166666666666,0.3177083333333333,0.2760416666666667,63.996943571428545,60.84315271428569,71.13000138095238,0.6307692307692307,0.9699248120300752,0.9748201438848921,170,61,53,0.7238095238095238,0.7238095238095238,0.7904761904761904,6.693936000000003,12.518837272727263,34.73782255122654,0.0,0.3018867924528302,0.4583333333333333,76,76,83,0.729064039408867,0.4827586206896552,0.5221674876847291,1.994965,3.608647,6.680868,0.01020408163265306,0.6607773851590106,0.7383177570093458,148,98,106
487,0.875,0.3177083333333333,0.265625,62.90520219047616,57.375920142857105,72.3946168095238,0.5555555555555556,0.9624060150375939,0.9713261648745519,168,61,51,0.6952380952380952,0.7047619047619048,0.8,6.620220428571431,12.616138787878777,34.80568246031745,0.0,0.26732673267326734,0.47058823529411764,73,74,84,0.7142857142857143,0.4876847290640394,0.5172413793103449,2.009156,3.547478,6.686293,0.010101010101010102,0.6818181818181818,0.7373271889400922,145,99,105
488,0.8802083333333334,0.3333333333333333,0.296875,67.99329185714284,58.8123694285714,75.81729538095236,0.582089552238806,0.9597069597069597,0.9609929078014184,169,64,57,0.6952380952380952,0.7619047619047619,0.7904761904761904,6.652015571428574,12.686425701298688,35.060526005772,0.0,0.2621359223300971,0.46,73,80,83,0.7142857142857143,0.5024630541871922,0.5172413793103449,2.100977,3.606578,6.698421,0.0,0.6666666666666666,0.7227272727272728,145,102,105
489,0.8854166666666666,0.3541666666666667,0.3072916666666667,68.62779523809522,54.91424285714284,79.27618823809522,0.559322033898305,0.9471698113207547,0.9703703703703703,170,68,59,0.6952380952380952,0.7523809523809524,0.8095238095238095,6.6875000000000036,13.0937276103896,35.010159005772,0.0,0.30357142857142855,0.46938775510204084,73,79,85,0.7093596059113301,0.4876847290640394,0.5172413793103449,2.067398,3.537863,6.696663,0.009950248756218905,0.6277372262773723,0.7168141592920354,144,99,105
490,0.890625,0.3489583333333333,0.3072916666666667,72.05856557142856,55.795057999999976,78.65056438095237,0.5555555555555556,0.9575289575289575,0.9885496183206107,171,67,59,0.6952380952380952,0.7238095238095238,0.819047619047619,6.706944000000004,12.966860085137075,34.966514278499275,0.0,0.25510204081632654,0.44680851063829785,73,76,86,0.7142857142857143,0.5172413793103449,0.5221674876847291,2.08424,3.552752,6.723838,0.0,0.6510791366906474,0.7351598173515982,145,105,106
491,0.890625,0.3541666666666667,0.3072916666666667,68.84171676190473,54.684407428571404,77.26514409523809,0.5576923076923077,0.9540229885057471,0.9669117647058824,171,68,59,0.7142857142857143,0.7523809523809524,0.8,6.782231000000004,13.329100382395373,35.212944116883115,0.0,0.23529411764705882,0.46511627906976744,75,79,84,0.7093596059113301,0.5073891625615764,0.5221674876847291,2.0543,3.60446,6.749062,0.0,0.6287878787878788,0.7188940092165899,144,103,106
492,0.875,0.3541666666666667,0.3072916666666667,66.73168466666665,55.295017714285684,75.47775095238096,0.5081967213114754,0.9573643410852714,0.9813432835820896,168,68,59,0.7333333333333333,0.7428571428571429,0.8,6.868471000000004,12.81663568109667,35.37816544011544,0.0,0.1836734693877551,0.4166666666666667,77,78,84,0.7241379310344828,0.5024630541871922,0.5123152709359606,2.082143,3.605804,6.747255,0.0,0.6007326007326007,0.728110599078341,147,102,104
493,0.8645833333333334,0.3489583333333333,0.3072916666666667,67.85014404761903,53.031866571428544,74.1439025238095,0.5818181818181818,0.9725490196078431,0.9812734082397003,166,67,59,0.7238095238095238,0.780952380952381,0.8285714285714286,6.540607000000004,13.189790246753235,35.26651366233766,0.0,0.2079207920792079,0.42857142857142855,76,82,87,0.7438423645320197,0.5172413793103449,0.5073891625615764,2.076754,3.58577,6.716896,0.0,0.60431654676259,0.7302325581395349,151,105,103
494,0.890625,0.3541666666666667,0.3020833333333333,62.79635680952378,54.66931114285712,73.88832538095235,0.5166666666666667,0.9433962264150944,0.9847908745247148,171,68,58,0.7238095238095238,0.7619047619047619,0.8095238095238095,6.585207000000004,12.74216888311687,35.07915227849927,0.0,0.22105263157894736,0.375,76,80,85,0.7438423645320197,0.5270935960591133,0.5073891625615764,2.068328,3.622566,6.71186,0.0,0.6179775280898876,0.7348837209302326,151,107,103
495,0.8958333333333334,0.3489583333333333,0.3072916666666667,67.92680885714283,55.7117511428571,74.44536766666666,0.484375,0.9649805447470817,0.9704797047970479,172,67,59,0.7238095238095238,0.7523809523809524,0.8380952380952381,7.161553000000004,12.840969727272718,35.42870827849927,0.0,0.23469387755102042,0.4375,76,79,88,0.7438423645320197,0.5172413793103449,0.5123152709359606,2.024684,3.622218,6.762249,0.0,0.6082089552238806,0.7336448598130841,151,105,104
496,0.875,0.3489583333333333,0.3072916666666667,71.96166899999994,56.58020099999998,77.93015238095236,0.5178571428571429,0.9723320158102767,0.9662921348314607,168,67,59,0.7142857142857143,0.7904761904761904,0.8476190476190476,6.861777000000004,13.40641802453101,35.49614227849928,0.0,0.21,0.4772727272727273,75,83,89,0.7389162561576355,0.5172413793103449,0.5172413793103449,2.129583,3.551428,6.763515,0.0049504950495049506,0.5830258302583026,0.7453703703703703,150,105,105
497,0.921875,0.3489583333333333,0.3072916666666667,70.58446609523807,56.411858714285685,77.40990252380952,0.47058823529411764,0.9649805447470817,0.9740740740740741,177,67,59,0.7047619047619048,0.7714285714285715,0.8380952380952381,6.8380750000000035,12.669573034632023,35.513966278499275,0.0,0.22330097087378642,0.46511627906976744,74,81,88,0.7438423645320197,0.5221674876847291,0.5123152709359606,2.131873,3.557486,6.771667,0.0,0.6336996336996337,0.7441860465116279,151,106,104
498,0.9010416666666666,0.3541666666666667,0.296875,64.67644866666664,58.306691142857126,77.68586766666664,0.48333333333333334,0.9431818181818182,0.9887218045112782,173,68,57,0.7142857142857143,0.7714285714285715,0.8380952380952381,6.541743000000004,13.214739559884547,35.438323005772006,0.0,0.2127659574468085,0.4883720930232558,75,81,88,0.729064039408867,0.5123152709359606,0.5123152709359606,2.049242,3.64526,6.865372,0.0,0.6196078431372549,0.7453703703703703,148,104,104
499,0.8854166666666666,0.3489583333333333,0.3072916666666667,68.51488028571426,61.816490285714266,78.79866152380951,0.5,0.9761904761904762,0.9672727272727273,170,67,59,0.7428571428571429,0.7714285714285715,0.8476190476190476,6.957309000000004,13.625686927849916,35.41168016738816,0.0,0.24761904761904763,0.4444444444444444,78,81,89,0.729064039408867,0.5073891625615764,0.5172413793103449,2.00078,3.579007,6.848362,0.0,0.5909090909090909,0.7085201793721974,148,103,105
500,0.8958333333333334,0.3489583333333333,0.3020833333333333,70.45055528571427,59.87723399999999,77.88545795238095,0.5555555555555556,0.9573643410852714,0.981203007518797,172,67,58,0.7619047619047619,0.7428571428571429,0.8380952380952381,7.020191000000004,12.744895747474732,35.32421655122655,0.0,0.1919191919191919,0.475,80,78,88,0.729064039408867,0.5073891625615764,0.5320197044334976,2.069525,3.477823,6.925002,0.0,0.5939849624060151,0.7104072398190046,148,103,108
501,0.9010416666666666,0.3541666666666667,0.3020833333333333,64.13407428571423,58.787070428571404,77.12453480952381,0.5652173913043478,0.9420849420849421,0.9776119402985075,173,68,58,0.7523809523809524,0.7714285714285715,0.8476190476190476,7.326507000000004,13.374564240981227,35.44597427849928,0.0,0.21568627450980393,0.5121951219512195,79,81,89,0.7438423645320197,0.5270935960591133,0.5221674876847291,2.046029,3.60865,6.877823,0.0,0.6203007518796992,0.7027027027027027,151,107,106
502,0.9114583333333334,0.34375,0.3020833333333333,68.27341428571425,55.00754128571427,76.49330209523808,0.5102040816326531,0.9573643410852714,0.966542750929368,175,66,58,0.7333333333333333,0.7428571428571429,0.8476190476190476,7.177286000000004,13.336053681096667,35.533082005772,0.0,0.20454545454545456,0.5238095238095238,77,78,89,0.7438423645320197,0.5123152709359606,0.5369458128078818,2.050554,3.559282,6.95722,0.0,0.61003861003861,0.7096774193548387,151,104,109
503,0.8854166666666666,0.3489583333333333,0.3020833333333333,66.53458438095234,56.02316528571428,74.95253295238092,0.5740740740740741,0.9610894941634242,0.966789667896679,170,67,58,0.7428571428571429,0.8095238095238095,0.8285714285714286,7.217087000000004,13.47265994372293,35.50578427849928,0.0,0.18478260869565216,0.4634146341463415,78,85,87,0.7438423645320197,0.5073891625615764,0.5369458128078818,2.096412,3.55417,6.917204,0.0,0.5884615384615385,0.7018348623853211,151,103,109
504,0.8854166666666666,0.3541666666666667,0.3072916666666667,67.6447851428571,55.60339699999998,76.47971523809522,0.4375,0.9613899613899614,0.9699248120300752,170,68,59,0.7333333333333333,0.819047619047619,0.8380952380952381,7.261228000000004,13.346967499278485,35.92888589466088,0.0,0.16666666666666666,0.425531914893617,77,86,88,0.7389162561576355,0.5024630541871922,0.5369458128078818,2.061754,3.475934,6.973588,0.0,0.5854545454545454,0.7169811320754716,150,102,109
505,0.921875,0.3541666666666667,0.3020833333333333,65.85702657142855,57.51397899999997,77.28608323809523,0.5084745762711864,0.9686274509803922,0.9660377358490566,177,68,58,0.7333333333333333,0.780952380952381,0.8666666666666667,7.561882000000003,12.823605650793638,35.466601005772,0.0,0.19318181818181818,0.425531914893617,77,82,91,0.7586206896551724,0.5221674876847291,0.5369458128078818,2.011519,3.551422,6.897415,0.0,0.6213235294117647,0.6926605504587156,154,106,109
506,0.9010416666666666,0.3489583333333333,0.3072916666666667,67.34649399999996,56.50514614285713,80.68946766666667,0.5849056603773585,0.9505703422053232,0.9660377358490566,173,67,59,0.7333333333333333,0.780952380952381,0.8380952380952381,7.823312000000004,12.51080490331889,35.38630444011543,0.0,0.15294117647058825,0.425531914893617,77,82,88,0.7586206896551724,0.541871921182266,0.5369458128078818,2.018302,3.63094,6.960578,0.0,0.6153846153846154,0.7038834951456311,154,110,109
507,0.9114583333333334,0.34375,0.3072916666666667,67.2777574285714,54.775269571428545,80.01855823809525,0.5,0.9765625,0.9849624060150376,175,66,59,0.7619047619047619,0.8,0.8476190476190476,7.754083000000004,12.965627176046167,35.54295227849928,0.0,0.1566265060240964,0.4444444444444444,80,84,89,0.7586206896551724,0.5270935960591133,0.5467980295566502,2.059269,3.564369,6.937553,0.0,0.6124031007751938,0.6875,154,107,111
508,0.9010416666666666,0.3541666666666667,0.3072916666666667,65.99547214285711,54.313711857142835,81.48733452380952,0.5471698113207547,0.9543726235741445,0.9848484848484849,173,68,59,0.7619047619047619,0.7714285714285715,0.8476190476190476,7.306280000000004,12.733882777777763,35.441413278499276,0.0,0.14285714285714285,0.4583333333333333,80,81,89,0.7389162561576355,0.5270935960591133,0.5517241379310345,2.000608,3.531043,6.923556,0.0,0.6150943396226415,0.6824644549763034,150,107,112
509,0.90625,0.3541666666666667,0.3072916666666667,67.59763899999999,55.6480574285714,76.88289123809523,0.5238095238095238,0.9645669291338582,0.9597069597069597,174,68,59,0.7619047619047619,0.819047619047619,0.8285714285714286,8.002242000000004,13.509493974025963,35.499312005772005,0.0,0.16091954022988506,0.4318181818181818,80,86,87,0.7536945812807881,0.5320197044334976,0.5517241379310345,2.060552,3.603786,6.956945,0.0,0.6177606177606177,0.6952380952380952,153,108,112
510,0.8958333333333334,0.3541666666666667,0.3072916666666667,64.88000971428569,56.00090628571425,76.10367809523808,0.46774193548387094,0.9425287356321839,0.9849056603773585,172,68,59,0.7428571428571429,0.7619047619047619,0.8476190476190476,7.512840000000003,12.730123489177478,35.55980082395382,0.0,0.16883116883116883,0.3877551020408163,78,80,89,0.7438423645320197,0.5467980295566502,0.5566502463054187,2.061748,3.646941,6.944678,0.0,0.5984848484848485,0.6948356807511737,151,111,113
511,0.9114583333333334,0.3541666666666667,0.3072916666666667,68.30047090476188,57.222230571428554,74.73794366666664,0.46551724137931033,0.9607843137254902,0.9666666666666667,175,68,59,0.7428571428571429,0.7619047619047619,0.8476190476190476,7.432133000000004,13.359682590187578,35.591662005772,0.0,0.16216216216216217,0.4772727272727273,78,80,89,0.7487684729064039,0.5566502463054187,0.5862068965517241,2.098352,3.662523,7.060038,0.00980392156862745,0.5614849187935035,0.5664893617021277,152,113,119
512,0.90625,0.3541666666666667,0.296875,64.08973185714284,56.05852414285712,78.06510923809522,0.5087719298245614,0.9615384615384616,0.9810606060606061,174,68,57,0.7333333333333333,0.7904761904761904,0.8380952380952381,7.084558571428575,13.366101161616152,35.63929055122655,0.0,0.16666666666666666,0.38636363636363635,77,83,88,0.7438423645320197,0.5369458128078818,0.5763546798029556,2.062089,3.731568,7.056019,0.00975609756097561,0.6062992125984252,0.6322869955156951,151,109,117
513,0.890625,0.3489583333333333,0.3072916666666667,60.82954499999998,58.06310628571428,78.02497123809522,0.5740740740740741,0.9534883720930233,0.9664179104477612,171,67,59,0.7047619047619048,0.8095238095238095,0.8476190476190476,7.408674000000004,13.112240024531012,35.65988373304473,0.0,0.17721518987341772,0.4166666666666667,74,85,89,0.7438423645320197,0.5123152709359606,0.5862068965517241,2.055476,3.651774,7.021633,0.0196078431372549,0.5801526717557252,0.6635514018691588,151,104,119
514,0.9010416666666666,0.3489583333333333,0.3072916666666667,62.99200814285713,60.14049085714283,74.20506095238096,0.515625,0.9682539682539683,0.9739776951672863,173,67,59,0.7047619047619048,0.7333333333333333,0.8476190476190476,6.997476000000003,13.067584018759007,35.55129746031746,0.0,0.1917808219178082,0.41304347826086957,74,77,89,0.7635467980295566,0.5221674876847291,0.5911330049261084,2.105822,3.588693,7.070565,0.0048543689320388345,0.5808823529411765,0.6862745098039216,155,106,120
515,0.8958333333333334,0.3489583333333333,0.3072916666666667,65.9721157142857,59.872071571428535,75.8107778095238,0.6086956521739131,0.9612403100775194,0.9702602230483272,172,67,59,0.7142857142857143,0.8285714285714286,0.8380952380952381,7.535975000000004,12.882548105339092,35.46496655122654,0.0,0.18666666666666668,0.40816326530612246,75,87,88,0.7684729064039408,0.5270935960591133,0.5911330049261084,2.110459,3.539233,7.068507,0.00966183574879227,0.6021897810218978,0.6748768472906403,156,107,120
516,0.8854166666666666,0.3541666666666667,0.3072916666666667,66.40509357142855,59.80668971428571,78.93290509523808,0.5283018867924528,0.9538461538461539,0.9702602230483272,170,68,59,0.7333333333333333,0.7904761904761904,0.8476190476190476,7.4206930000000035,12.971234212121196,35.87816773304473,0.0,0.14102564102564102,0.4444444444444444,77,83,89,0.7684729064039408,0.5270935960591133,0.5960591133004927,2.053006,3.571383,7.051287,0.009615384615384616,0.5897435897435898,0.6915422885572139,156,107,121
517,0.9114583333333334,0.34375,0.3072916666666667,63.17697471428569,60.46474457142855,78.63228609523809,0.4492753623188406,0.9575289575289575,0.9518518518518518,175,66,59,0.7428571428571429,0.8285714285714286,0.8476190476190476,7.609807571428575,12.734425352092341,35.710097005772,0.0,0.16049382716049382,0.4583333333333333,78,87,89,0.7783251231527094,0.5467980295566502,0.5960591133004927,2.100845,3.612507,7.104925,0.00966183574879227,0.5818181818181818,0.6818181818181818,158,111,121
518,0.890625,0.3541666666666667,0.3020833333333333,65.65432385714284,56.760133428571415,80.57979552380952,0.5769230769230769,0.9166666666666666,0.9701492537313433,171,68,58,0.7238095238095238,0.7904761904761904,0.8476190476190476,7.751498000000003,12.881400923520916,36.134888005772,0.0,0.1774193548387097,0.48936170212765956,76,83,89,0.7783251231527094,0.5320197044334976,0.6009852216748769,2.073938,3.612657,7.082468,0.014563106796116505,0.5970149253731343,0.696078431372549,158,108,122
519,0.8854166666666666,0.3541666666666667,0.296875,61.88924299999996,57.4146407142857,79.26942752380951,0.4166666666666667,0.9641434262948207,0.9703703703703703,170,68,57,0.7142857142857143,0.819047619047619,0.8285714285714286,7.660249428571431,13.055761888888878,35.94193027849927,0.0,0.14285714285714285,0.4444444444444444,75,86,87,0.7832512315270936,0.5320197044334976,0.6108374384236454,2.101249,3.664725,7.112363,0.00966183574879227,0.6037735849056604,0.6782178217821783,159,108,124
520,0.9114583333333334,0.34375,0.3020833333333333,60.461864000000006,55.10167414285713,81.97820080952378,0.5333333333333333,0.9682539682539683,0.967391304347826,175,66,58,0.6952380952380952,0.7714285714285715,0.8476190476190476,7.506295000000004,13.25910606493505,36.15927300577199,0.0,0.15492957746478872,0.45454545454545453,73,81,89,0.7733990147783252,0.5270935960591133,0.6108374384236454,2.029253,3.644067,7.129117,0.00966183574879227,0.5719557195571956,0.6984924623115578,157,107,124
521,0.8958333333333334,0.3541666666666667,0.3072916666666667,64.38988957142857,57.905723428571406,81.61645023809523,0.5660377358490566,0.953125,0.9814126394052045,172,68,59,0.6857142857142857,0.7619047619047619,0.8476190476190476,7.284473000000004,13.401933408369395,36.091312551226544,0.0,0.1527777777777778,0.4772727272727273,72,80,89,0.7733990147783252,0.5467980295566502,0.6157635467980296,2.022709,3.684185,7.173963,0.009900990099009901,0.5740740740740741,0.6834170854271356,157,111,125
522,0.8802083333333334,0.3541666666666667,0.3072916666666667,64.48205980952379,57.36783185714284,78.85005695238095,0.5660377358490566,0.9642857142857143,0.9813432835820896,169,68,59,0.6857142857142857,0.7904761904761904,0.8666666666666667,7.5723360000000035,13.15513013131312,36.017696278499265,0.0,0.12,0.5227272727272727,72,83,91,0.7586206896551724,0.5517241379310345,0.6108374384236454,2.102393,3.653263,7.135248,0.0,0.6,0.6818181818181818,154,112,124
523,0.9166666666666666,0.3489583333333333,0.3072916666666667,61.32019428571429,56.024939999999994,78.28393114285713,0.5636363636363636,0.9682539682539683,0.9850187265917603,176,67,59,0.6761904761904762,0.7714285714285715,0.8571428571428571,7.175272000000004,13.608566857142844,36.191428823953814,0.0,0.14473684210526316,0.4666666666666667,71,81,90,0.7733990147783252,0.5369458128078818,0.6157635467980296,2.032155,3.712692,7.115803,0.004761904761904762,0.5992366412213741,0.6934673366834171,157,109,125
524,0.8802083333333334,0.34375,0.296875,67.06845895238094,58.33072319047617,79.20635585714285,0.5087719298245614,0.9641434262948207,0.9814126394052045,169,66,57,0.6857142857142857,0.7904761904761904,0.8476190476190476,7.124787000000004,13.430684408369396,36.40387327849927,0.0,0.0958904109589041,0.44680851063829785,72,83,89,0.7832512315270936,0.5270935960591133,0.6108374384236454,2.019399,3.612982,7.105,0.024154589371980676,0.5528169014084507,0.695,159,107,124
525,0.9010416666666666,0.34375,0.3020833333333333,64.60327399999997,58.925308714285684,74.995089,0.44642857142857145,0.9724409448818898,0.9743589743589743,173,66,58,0.6761904761904762,0.780952380952381,0.8476190476190476,7.153725000000004,12.826725135642125,36.98307855122654,0.0,0.09722222222222222,0.46511627906976744,71,82,89,0.7783251231527094,0.541871921182266,0.6108374384236454,2.075024,3.579916,7.145168,0.009900990099009901,0.5951557093425606,0.69,158,110,124
526,0.9010416666666666,0.3489583333333333,0.3020833333333333,63.44452914285713,56.187238999999956,77.0522137142857,0.5490196078431373,0.9725490196078431,0.9628252788104089,173,67,58,0.6761904761904762,0.8,0.8285714285714286,6.904207000000004,13.331640832611823,36.84504127849927,0.0,0.12658227848101267,0.44680851063829785,71,84,87,0.7931034482758621,0.5467980295566502,0.6157635467980296,2.153291,3.54987,7.136025,0.004901960784313725,0.6131386861313869,0.6965174129353234,161,111,125
527,0.8802083333333334,0.3489583333333333,0.3020833333333333,63.61997028571425,58.08762195238092,78.3520996190476,0.4426229508196721,0.976,0.9776119402985075,169,67,58,0.6857142857142857,0.8095238095238095,0.8380952380952381,7.363888000000004,13.230992518037509,37.12679455122653,0.0,0.136986301369863,0.4444444444444444,72,85,88,0.7832512315270936,0.5369458128078818,0.6059113300492611,2.132042,3.648096,7.255211,0.00980392156862745,0.5954198473282443,0.696969696969697,159,109,123
528,0.9114583333333334,0.3489583333333333,0.296875,65.76211199999997,57.408159761904734,77.4344336190476,0.49056603773584906,0.9723320158102767,0.9887640449438202,175,67,57,0.7142857142857143,0.7428571428571429,0.8095238095238095,6.673614000000004,12.811586317460304,37.239820460317446,0.0,0.13043478260869565,0.4883720930232558,75,78,85,0.7783251231527094,0.5517241379310345,0.5911330049261084,2.049087,3.528021,7.148093,0.01485148514851485,0.5755395683453237,0.6633165829145728,158,112,120
529,0.9114583333333334,0.3489583333333333,0.3020833333333333,62.94679928571428,59.24633771428569,80.1298819047619,0.5777777777777777,0.9722222222222222,0.9737827715355806,175,67,58,0.7047619047619048,0.819047619047619,0.8380952380952381,7.379626428571431,12.947428513708498,37.40280627849926,0.0,0.09722222222222222,0.3829787234042553,74,86,88,0.7635467980295566,0.5369458128078818,0.5960591133004927,2.002694,3.577082,7.201871,0.009708737864077669,0.6115107913669064,0.6502463054187192,155,109,121
530,0.875,0.34375,0.296875,62.98274385714283,59.2302642380952,78.62345090476188,0.47058823529411764,0.9724409448818898,0.9924242424242424,168,66,57,0.7047619047619048,0.7904761904761904,0.8380952380952381,7.300965000000004,13.241659040404027,37.32731427849926,0.0,0.11267605633802817,0.45454545454545453,74,83,88,0.7586206896551724,0.5270935960591133,0.6009852216748769,2.062591,3.548946,7.227677,0.009900990099009901,0.5814814814814815,0.6700507614213198,154,107,122
531,0.9114583333333334,0.3385416666666667,0.3020833333333333,67.5850995238095,60.898218285714236,78.01319004761905,0.5094339622641509,0.9536679536679536,0.9702602230483272,175,65,58,0.7047619047619048,0.780952380952381,0.8571428571428571,7.2121220000000035,12.848807740259726,37.48040338961038,0.0,0.12,0.4375,74,82,90,0.7684729064039408,0.5073891625615764,0.6108374384236454,2.053816,3.584479,7.206357,0.00975609756097561,0.5890909090909091,0.6532663316582915,156,103,124
532,0.8697916666666666,0.328125,0.296875,64.37906509523808,56.86202471428569,80.09499790476188,0.5344827586206896,0.97265625,0.9739776951672863,167,63,57,0.7047619047619048,0.7523809523809524,0.8476190476190476,7.113209000000004,12.5539658124098,37.747112823953806,0.0,0.16216216216216217,0.5555555555555556,74,79,89,0.7635467980295566,0.5221674876847291,0.5960591133004927,2.124726,3.635294,7.124633,0.005,0.5513307984790875,0.673469387755102,155,106,121
533,0.8958333333333334,0.3385416666666667,0.296875,63.8807348095238,58.017141904761885,77.91857333333333,0.4909090909090909,0.9649805447470817,0.9851851851851852,172,65,57,0.7047619047619048,0.7904761904761904,0.8476190476190476,6.978557000000004,12.966880777777767,37.50648500577199,0.0,0.1038961038961039,0.5641025641025641,74,83,89,0.7635467980295566,0.5024630541871922,0.6009852216748769,2.105379,3.651621,7.108219,0.004901960784313725,0.5905797101449275,0.6414141414141414,155,102,122
534,0.9010416666666666,0.3385416666666667,0.2916666666666667,64.18582285714284,56.958223857142826,79.49758519047616,0.45098039215686275,0.9688715953307393,0.9740740740740741,173,65,56,0.7047619047619048,0.7619047619047619,0.8476190476190476,7.072441000000004,13.065903634920623,37.47692927849926,0.0,0.15853658536585366,0.5476190476190477,74,80,89,0.7487684729064039,0.5024630541871922,0.5960591133004927,2.045449,3.696066,7.06966,0.0,0.5875912408759124,0.65,152,102,121
535,0.875,0.3333333333333333,0.2916666666666667,66.04025328571427,56.85472838095235,80.32246309523808,0.5272727272727272,0.9844357976653697,0.9850746268656716,168,64,56,0.7047619047619048,0.780952380952381,0.8476190476190476,6.873237000000004,12.948984999999986,37.50713427849926,0.0,0.14634146341463414,0.475,74,82,89,0.7487684729064039,0.4975369458128079,0.6108374384236454,2.058493,3.722865,7.061801,0.0,0.5709219858156028,0.6377551020408163,152,101,124
536,0.9010416666666666,0.3229166666666667,0.2864583333333333,65.49160799999997,57.18734104761903,80.20614247619048,0.43333333333333335,0.9651162790697675,0.985239852398524,173,62,55,0.6952380952380952,0.7619047619047619,0.8476190476190476,7.36326885714286,13.40308508513707,37.56371700577199,0.0,0.1728395061728395,0.5263157894736842,73,80,89,0.7438423645320197,0.5024630541871922,0.6108374384236454,2.069647,3.744861,7.156354,0.0,0.5597014925373134,0.6825396825396826,151,102,124
537,0.8854166666666666,0.328125,0.2864583333333333,62.100293428571426,60.960668333333295,77.68099776190476,0.58,0.9844357976653697,0.9816176470588235,170,63,55,0.7047619047619048,0.7523809523809524,0.8666666666666667,7.3054585714285745,12.972859913419901,37.87389416738816,0.0,0.1038961038961039,0.55,74,79,91,0.7438423645320197,0.5221674876847291,0.6157635467980296,2.10054,3.720363,7.233557,0.0049504950495049506,0.5531135531135531,0.6666666666666666,151,106,125
538,0.8854166666666666,0.328125,0.28125,66.25466357142855,59.06450647619043,79.44296947619046,0.5535714285714286,0.9538461538461539,0.981549815498155,170,63,54,0.7047619047619048,0.819047619047619,0.8761904761904762,7.040276000000004,13.289824317460303,37.655504167388166,0.0,0.12790697674418605,0.6176470588235294,74,86,92,0.7586206896551724,0.541871921182266,0.6059113300492611,2.078885,3.683559,7.205936,0.0,0.5588235294117647,0.6528497409326425,154,110,123
539,0.9010416666666666,0.328125,0.2864583333333333,62.75807485714283,59.107211857142815,78.78497919047618,0.5,0.9583333333333334,0.9676258992805755,173,63,55,0.7047619047619048,0.8285714285714286,0.8761904761904762,6.928903000000004,12.972992984126968,38.01475562193362,0.0,0.14814814814814814,0.6363636363636364,74,87,92,0.7635467980295566,0.5320197044334976,0.6009852216748769,2.062553,3.731152,7.15955,0.0,0.5687022900763359,0.6458333333333334,155,108,122
540,0.8958333333333334,0.328125,0.2864583333333333,62.96654571428571,58.15890857142853,77.0278549047619,0.5490196078431373,0.9806949806949807,0.9854014598540146,172,63,55,0.7142857142857143,0.8,0.8761904761904762,7.768392000000004,13.310014428571415,37.932308167388165,0.0,0.1232876712328767,0.6,75,84,92,0.7438423645320197,0.5369458128078818,0.5960591133004927,2.082541,3.685527,7.179524,0.0,0.5682656826568265,0.6582914572864321,151,109,121
541,0.8802083333333334,0.328125,0.296875,65.3481577142857,58.953884714285685,79.81354704761904,0.4727272727272727,0.9581749049429658,0.9672727272727273,169,63,57,0.6857142857142857,0.8095238095238095,0.8761904761904762,7.1390355714285745,13.586203020202007,37.86580589466089,0.0,0.18181818181818182,0.6875,72,85,92,0.7586206896551724,0.5467980295566502,0.625615763546798,2.099513,3.658582,7.117023,0.0,0.5486381322957199,0.6176470588235294,154,111,127
542,0.8697916666666666,0.3333333333333333,0.296875,68.04291342857142,57.53606947619045,79.8741528095238,0.49019607843137253,0.96484375,0.9704797047970479,167,64,57,0.6952380952380952,0.780952380952381,0.8761904761904762,7.585726428571431,13.671840085137067,38.08991616738816,0.0,0.17105263157894737,0.6363636363636364,73,82,92,0.7635467980295566,0.5615763546798029,0.6305418719211823,2.117197,3.784668,7.087199,0.0,0.536,0.6269430051813472,155,114,128
543,0.8958333333333334,0.3333333333333333,0.296875,66.80908714285712,58.10485619047618,78.74490252380953,0.5,0.9689922480620154,0.9735849056603774,172,64,57,0.6857142857142857,0.8285714285714286,0.8666666666666667,6.744727142857146,13.60980759595958,37.97326144011544,0.0,0.08974358974358974,0.6,72,87,91,0.7438423645320197,0.5566502463054187,0.6403940886699507,2.075316,3.876908,7.161033,0.0049504950495049506,0.5158730158730159,0.6020408163265306,151,113,130
544,0.8958333333333334,0.3333333333333333,0.296875,65.92803371428569,56.72977304761901,78.0458955238095,0.5227272727272727,0.9724409448818898,0.9847908745247148,172,64,57,0.6857142857142857,0.8380952380952381,0.8666666666666667,7.046005000000004,13.102784927849914,38.14766262193362,0.0,0.0975609756097561,0.6470588235294118,72,88,91,0.7635467980295566,0.5566502463054187,0.625615763546798,2.104617,3.896181,7.229605,0.004901960784313725,0.5176470588235295,0.6263736263736264,155,113,127
545,0.9166666666666666,0.16145833333333334,0.1875,65.34733390476188,32.43908028571428,40.4197387142857,0.3333333333333333,0.9636363636363636,0.9755102040816327,176,31,36,0.6952380952380952,0.38095238095238093,0.6095238095238096,7.155224000000004,7.725214167388161,21.079453362193362,0.0,0.15789473684210525,0.5428571428571428,73,40,64,0.7586206896551724,0.29064039408866993,0.35467980295566504,2.091977,1.82906,3.990545,0.0,0.5474137931034483,0.6129032258064516,154,59,72
546,0.890625,0.15625,0.1875,66.60287042857142,32.071859,42.14653585714284,0.40425531914893614,0.9699248120300752,0.9880952380952381,171,30,36,0.6952380952380952,0.4,0.6095238095238096,7.267988428571431,7.927070363636356,21.040331089466086,0.0,0.10810810810810811,0.48148148148148145,73,42,64,0.7536945812807881,0.27586206896551724,0.35960591133004927,2.17455,1.849158,3.946142,0.0,0.5157232704402516,0.546583850931677,153,56,73
547,0.9010416666666666,0.14583333333333334,0.18229166666666666,65.2543073333333,33.93446185714286,41.687901142857136,0.3684210526315789,0.9285714285714286,0.9821428571428571,173,28,35,0.7047619047619048,0.4,0.580952380952381,7.3897100000000036,7.566559591630585,20.47740036219336,0.0,0.20408163265306123,0.3225806451612903,74,42,61,0.7635467980295566,0.2660098522167488,0.33497536945812806,2.153791,1.891343,3.933334,0.005,0.5411764705882353,0.610738255033557,155,54,68
548,0.8958333333333334,0.13020833333333334,0.17708333333333334,66.08631385714284,33.18407342857142,41.15933866666665,0.3404255319148936,0.9652777777777778,0.9822485207100592,172,25,34,0.6761904761904762,0.3333333333333333,0.580952380952381,7.226867000000004,8.05700411688311,20.729113634920633,0.0,0.36538461538461536,0.48,71,35,61,0.7635467980295566,0.2512315270935961,0.3399014778325123,2.180971,1.898375,3.995891,0.0,0.6141304347826086,0.6013071895424836,155,51,69
549,0.9166666666666666,0.125,0.17708333333333334,66.25084528571426,33.762546285714286,40.13614685714285,0.46153846153846156,0.9666666666666667,0.9649122807017544,176,24,34,0.6666666666666666,0.3047619047619048,0.5619047619047619,7.059494111111114,8.077824116883113,20.535537089466086,0.0,0.5283018867924528,0.48,70,32,59,0.7586206896551724,0.23645320197044334,0.30049261083743845,2.17403,1.859755,4.028819,0.0,0.6524064171122995,0.7096774193548387,154,48,61
550,0.8958333333333334,0.125,0.18229166666666666,67.38111823809523,33.34178742857142,38.750326571428566,0.5,0.993103448275862,0.9767441860465116,172,24,35,0.6571428571428571,0.3523809523809524,0.6,7.023392000000004,8.006394935064929,20.884272089466087,0.0,0.45,0.3448275862068966,69,37,63,0.7635467980295566,0.21674876847290642,0.30049261083743845,2.104724,1.878759,4.021624,0.0,0.7277486910994765,0.7328767123287672,155,44,61
551,0.90625,0.11979166666666667,0.1875,64.66426185714286,32.056929,39.78114414285714,0.37777777777777777,0.9790209790209791,0.9821428571428571,174,23,36,0.6857142857142857,0.29523809523809524,0.5904761904761905,7.346054571428574,7.99053011688311,20.813114634920634,0.0,0.532258064516129,0.3333333333333333,72,31,62,0.7635467980295566,0.19704433497536947,0.3103448275862069,2.150493,1.86796,4.042364,0.005,0.7419354838709677,0.75,155,40,63
552,0.9010416666666666,0.11979166666666667,0.171875,67.36982057142853,32.466930999999995,38.92836342857141,0.42857142857142855,0.986013986013986,0.9766081871345029,173,23,33,0.6952380952380952,0.26666666666666666,0.5714285714285714,7.467012888888892,7.706728227994223,20.792097089466086,0.0,0.6140350877192983,0.375,73,28,60,0.7684729064039408,0.1625615763546798,0.3054187192118227,2.122156,1.90086,4.059988,0.0,0.7596153846153846,0.7659574468085106,156,33,62
553,0.90625,0.15625,0.203125,65.82736428571427,57.11384057142855,80.55014485714284,0.32,0.9403973509933775,0.9392265193370166,174,30,39,0.6952380952380952,0.42857142857142855,0.7047619047619048,7.751486539682543,13.489599772005759,38.47522816738817,0.0,0.5,0.2564102564102564,73,45,74,0.7733990147783252,0.1724137931034483,0.3251231527093596,2.180461,3.988805,7.301111,0.0,0.7953488372093023,0.7625,157,35,66
554,0.9322916666666666,0.16666666666666666,0.20833333333333334,66.73981928571428,59.84889142857142,80.87409785714281,0.358974358974359,0.9646464646464646,0.957345971563981,179,32,40,0.6952380952380952,0.3904761904761905,0.7047619047619048,7.739635000000003,13.586592862914848,38.79644316738816,0.0,0.6744186046511628,0.6744186046511628,73,41,74,0.7783251231527094,0.17733990147783252,0.33497536945812806,2.13982,4.038297,7.335293,0.0,0.8565891472868217,0.7880434782608695,158,36,68
555,0.9010416666666666,0.17708333333333334,0.24479166666666666,69.69049995238093,58.74696999999998,78.52324638095237,0.4318181818181818,0.9759036144578314,0.9467680608365019,173,34,47,0.7047619047619048,0.47619047619047616,0.7047619047619048,7.419909571428574,13.446595408369392,38.74914416738817,0.0,0.7086614173228346,0.7611940298507462,74,50,74,0.7733990147783252,0.21674876847290642,0.3399014778325123,2.118649,3.962491,7.325871,0.0,0.8456591639871383,0.8105726872246696,157,44,69
556,0.921875,0.19791666666666666,0.23958333333333334,68.19971114285714,60.22880899999997,82.17214923809523,0.3333333333333333,0.96875,0.9782608695652174,177,38,46,0.7047619047619048,0.45714285714285713,0.7047619047619048,7.375770000000004,13.749585317460303,38.40404016738815,0.0,0.7165354330708661,0.7272727272727273,74,48,74,0.7733990147783252,0.21674876847290642,0.33004926108374383,2.108723,3.970472,7.350654,0.0,0.8690476190476191,0.8550185873605948,157,44,67
557,0.9166666666666666,0.19791666666666666,0.23958333333333334,66.81685952380953,59.73564871428569,80.4070905238095,0.35,0.9798657718120806,0.9686411149825784,176,38,46,0.7238095238095238,0.4666666666666667,0.7047619047619048,7.455223000000004,13.450368408369396,38.384124440115436,0.0,0.7605633802816901,0.7868852459016393,76,49,74,0.7684729064039408,0.21674876847290642,0.3251231527093596,2.145875,4.046863,7.352602,0.0,0.8746355685131195,0.8525179856115108,156,44,66
558,0.90625,0.19270833333333334,0.24479166666666666,69.17371233333331,59.58449799999998,79.74504366666666,0.3684210526315789,0.9700996677740864,0.9823321554770318,174,37,47,0.7333333333333333,0.4857142857142857,0.7142857142857143,7.504861000000004,14.617514979797964,38.6166797128427,0.0,0.7426470588235294,0.7719298245614035,77,51,75,0.7536945812807881,0.22660098522167488,0.3399014778325123,2.104342,4.027153,7.341278,0.0,0.8465909090909091,0.8439716312056738,153,46,69
559,0.921875,0.19791666666666666,0.234375,63.88845371428571,58.65861999999997,79.69861509523807,0.3333333333333333,0.9767441860465116,0.9825174825174825,177,38,45,0.6952380952380952,0.47619047619047616,0.7142857142857143,7.824004428571431,13.670247842712827,38.54784216738816,0.0,0.7464788732394366,0.7796610169491526,73,50,75,0.7586206896551724,0.22660098522167488,0.35960591133004927,2.084444,4.032078,7.337635,0.0,0.8700564971751412,0.8362989323843416,154,46,73
560,0.9322916666666666,0.21354166666666666,0.2708333333333333,71.45412457142855,57.77676414285713,80.7183323333333,0.4,0.9638157894736842,0.9513888888888888,179,41,52,0.6952380952380952,0.49523809523809526,0.7142857142857143,6.979133571428575,13.798562499278486,38.627302440115436,0.0,0.7357142857142858,0.7586206896551724,73,52,75,0.7536945812807881,0.2413793103448276,0.35960591133004927,2.076505,4.066895,7.375815,0.0,0.8571428571428571,0.8267148014440433,153,49,73
561,0.8958333333333334,0.22916666666666666,0.2760416666666667,72.29755347619044,60.162488428571415,84.94156942857141,0.36585365853658536,0.972318339100346,0.96,172,44,53,0.6761904761904762,0.5142857142857142,0.7238095238095238,7.340380571428574,14.529825499278486,39.044404167388166,0.0,0.6956521739130435,0.7894736842105263,71,54,76,0.7684729064039408,0.2660098522167488,0.37438423645320196,2.077805,4.077693,7.467397,0.0,0.8270893371757925,0.8125,156,54,76
562,0.9270833333333334,0.22395833333333334,0.2708333333333333,74.91647899999998,61.27662942857139,80.28497295238094,0.19047619047619047,0.9753521126760564,0.9779411764705882,178,43,52,0.6857142857142857,0.5238095238095238,0.7333333333333333,7.537827428571431,14.003546297258284,38.866971621933615,0.0,0.7111111111111111,0.7288135593220338,72,55,77,0.7832512315270936,0.28078817733990147,0.3891625615763547,2.118046,4.132372,7.421354,0.0,0.8163265306122449,0.7737226277372263,159,57,79
563,0.9375,0.25,0.2864583333333333,71.79665785714286,64.51604714285712,79.6722875238095,0.23529411764705882,0.9586206896551724,0.9742647058823529,180,48,55,0.6952380952380952,0.4857142857142857,0.7333333333333333,7.333140571428575,14.675681701298688,39.18721189466089,0.0,0.7272727272727273,0.7678571428571429,73,51,77,0.7684729064039408,0.32019704433497537,0.4236453201970443,2.117249,4.150595,7.52068,0.0,0.815028901734104,0.7681159420289855,156,65,86
564,0.9375,0.25,0.296875,70.1147602380952,66.03732557142854,80.40678838095238,0.25,0.9820143884892086,0.9522058823529411,180,48,57,0.6857142857142857,0.5523809523809524,0.7333333333333333,7.602242000000004,14.967314428571415,39.04849144011543,0.0,0.6417910447761194,0.734375,72,58,77,0.7438423645320197,0.33004926108374383,0.4236453201970443,2.123385,4.200832,7.566436,0.0,0.8076923076923077,0.7490774907749077,151,67,86
565,0.9479166666666666,0.2604166666666667,0.3072916666666667,78.75624961904758,61.220812428571406,84.22452709523807,0.13513513513513514,0.9616724738675958,0.9738805970149254,182,50,59,0.6952380952380952,0.580952380952381,0.7333333333333333,7.450135000000004,14.98208195382394,39.02654989466088,0.0,0.6428571428571429,0.7166666666666667,73,61,77,0.7438423645320197,0.33004926108374383,0.42857142857142855,2.109912,4.158332,7.54914,0.0,0.7813411078717201,0.7389705882352942,151,67,87
566,0.96875,0.2604166666666667,0.3072916666666667,70.86221342857142,62.592010142857134,82.66664495238093,0.1794871794871795,0.975,0.9772727272727273,186,50,59,0.6952380952380952,0.5714285714285714,0.7238095238095238,7.363843000000004,14.929515610389593,39.04097616738816,0.0,0.6209677419354839,0.7166666666666667,73,60,76,0.7389162561576355,0.33004926108374383,0.4236453201970443,2.053635,4.155159,7.532622,0.0,0.7885196374622356,0.7348484848484849,150,67,86
567,0.921875,0.2604166666666667,0.296875,72.08953357142856,62.642759857142835,81.74916366666666,0.23333333333333334,0.9854545454545455,0.9808429118773946,177,50,57,0.6571428571428571,0.6,0.6761904761904762,6.853759000000004,15.291424226551216,38.99825344011543,0.0,0.6363636363636364,0.7818181818181819,69,63,71,0.7241379310344828,0.31527093596059114,0.42857142857142855,2.071262,4.246199,7.514677,0.0,0.7720364741641338,0.7318007662835249,147,64,87
568,0.8802083333333334,0.2604166666666667,0.296875,75.10442538095238,59.39511457142855,79.71355595238094,0.14285714285714285,0.9568345323741008,0.9649805447470817,169,50,57,0.6476190476190476,0.580952380952381,0.6857142857142857,6.7841090000000035,15.656901953823942,39.00111516738816,0.0,0.5576923076923077,0.76,68,61,72,0.7142857142857143,0.31527093596059114,0.4236453201970443,2.058396,4.142832,7.59792,0.0,0.7537091988130564,0.7362204724409449,145,64,86
569,0.90625,0.2604166666666667,0.296875,75.65001257142858,61.47368285714282,80.49218652380952,0.23333333333333334,0.9637681159420289,0.9647058823529412,174,50,57,0.638095238095238,0.5619047619047619,0.6761904761904762,6.789755571428574,15.473443974025962,39.25043444011543,0.0,0.4807692307692308,0.7551020408163265,67,59,71,0.7142857142857143,0.3103448275862069,0.41379310344827586,2.019237,4.198619,7.649173,0.0,0.778816199376947,0.7028112449799196,145,63,84
570,0.9166666666666666,0.2552083333333333,0.296875,74.74521957142858,62.592519999999986,85.85775795238094,0.06896551724137931,0.9626865671641791,0.9683794466403162,176,49,57,0.638095238095238,0.6190476190476191,0.6857142857142857,6.759384000000003,15.232199862914849,39.298939167388156,0.0,0.514018691588785,0.7307692307692307,67,65,72,0.7142857142857143,0.32019704433497537,0.43349753694581283,2.104949,4.211201,7.574618,0.0,0.7591463414634146,0.6961538461538461,145,65,88
571,0.9114583333333334,0.2552083333333333,0.2864583333333333,75.1070477142857,62.685728428571416,87.17053609523809,0.125,0.977859778597786,0.9919678714859438,175,49,55,0.638095238095238,0.6285714285714286,0.6761904761904762,6.627717000000004,15.684517953823942,39.689955440115426,0.0,0.46,0.74,67,66,71,0.7142857142857143,0.33004926108374383,0.4482758620689655,2.092831,4.22657,7.562625,0.0,0.7575757575757576,0.6956521739130435,145,67,91
572,0.90625,0.2552083333333333,0.2916666666666667,72.85233228571427,61.35018914285713,84.47565538095238,0.08823529411764706,0.9705882352941176,0.9610894941634242,174,49,56,0.6571428571428571,0.5904761904761905,0.6952380952380952,6.437988000000003,15.210006862914852,39.69191516738815,0.0,0.449438202247191,0.6896551724137931,69,62,73,0.7093596059113301,0.33497536945812806,0.4482758620689655,2.098123,4.213047,7.649174,0.0,0.7801857585139319,0.7338709677419355,144,68,91
573,0.9166666666666666,0.2604166666666667,0.296875,74.21779204761904,62.391918428571415,84.22475795238094,0.07407407407407407,0.9525547445255474,0.9612403100775194,176,50,57,0.6571428571428571,0.6190476190476191,0.6952380952380952,6.825252000000003,15.730296206349195,39.75170644011543,0.0,0.4583333333333333,0.7,69,65,73,0.7192118226600985,0.3103448275862069,0.458128078817734,2.068196,4.186632,7.708241,0.0,0.7909967845659164,0.6983471074380165,146,63,93
574,0.9166666666666666,0.2552083333333333,0.296875,69.05064857142858,61.86322385714282,84.68953280952381,0.1111111111111111,0.9671532846715328,0.9686274509803922,176,49,57,0.6476190476190476,0.6761904761904762,0.6952380952380952,6.921903000000004,15.672730883116872,39.757150167388154,0.0,0.37735849056603776,0.6909090909090909,68,71,73,0.7192118226600985,0.32019704433497537,0.43842364532019706,2.108593,4.122812,7.597947,0.0,0.7492447129909365,0.7096774193548387,146,65,89
575,0.9166666666666666,0.2552083333333333,0.296875,73.73401685714283,62.55962242857139,83.65897138095238,0.030303030303030304,0.9886792452830189,0.9724409448818898,176,49,57,0.6476190476190476,0.6,0.6857142857142857,6.721627000000003,15.786869044733033,40.02755844011543,0.0,0.3978494623655914,0.673469387755102,68,63,72,0.7192118226600985,0.3399014778325123,0.43842364532019706,2.077793,4.118711,7.675705,0.0,0.7810650887573964,0.720164609053498,146,69,89
576,0.9114583333333334,0.2604166666666667,0.2916666666666667,71.76555933333333,61.17724628571427,87.17218209523807,0.09090909090909091,0.9633699633699634,0.96484375,175,50,56,0.6190476190476191,0.6952380952380952,0.7047619047619048,6.763936000000004,16.174942448773436,39.80301978354977,0.0,0.41,0.6481481481481481,65,73,74,0.6945812807881774,0.3399014778325123,0.4482758620689655,2.057911,4.237082,7.62321,0.005263157894736842,0.8104575163398693,0.6842105263157895,141,69,91
577,0.875,0.2604166666666667,0.2864583333333333,73.31281361904762,61.21905628571425,87.01417066666666,0.15384615384615385,0.9736842105263158,0.9722222222222222,168,50,55,0.6285714285714286,0.6952380952380952,0.6952380952380952,7.034397000000004,16.34482206493505,40.09619555122654,0.0,0.3854166666666667,0.6346153846153846,66,73,73,0.6945812807881774,0.31527093596059114,0.4433497536945813,2.079724,4.176078,7.619755,0.0053475935828877,0.7843137254901961,0.717948717948718,141,64,90
578,0.8958333333333334,0.2604166666666667,0.296875,72.90281576190475,62.915578285714254,86.27371723809523,0.125,0.9619771863117871,0.9610894941634242,172,50,57,0.638095238095238,0.6285714285714286,0.6952380952380952,6.588347000000003,15.644352024531013,40.061032823953816,0.0,0.375,0.6296296296296297,67,66,73,0.6896551724137931,0.31527093596059114,0.43842364532019706,2.095498,4.07571,7.636763,0.0,0.749185667752443,0.7046413502109705,140,64,89
579,0.9270833333333334,0.2552083333333333,0.296875,69.71151433333331,63.079230095238074,83.70896552380952,0.08333333333333333,0.9657794676806084,0.9764705882352941,178,49,57,0.638095238095238,0.6857142857142857,0.7047619047619048,6.917979000000003,15.296959206349193,39.96743900577199,0.0,0.40860215053763443,0.6346153846153846,67,72,74,0.6896551724137931,0.3399014778325123,0.45320197044334976,2.067137,4.10876,7.690254,0.005319148936170213,0.7656765676567657,0.6978723404255319,140,69,92
580,0.9166666666666666,0.2604166666666667,0.296875,72.19096047619047,63.044746142857136,83.1079316190476,0.11538461538461539,0.9807692307692307,0.9762845849802372,176,50,57,0.6285714285714286,0.638095238095238,0.6952380952380952,7.079725000000003,15.463317499278487,39.837986278499265,0.0,0.40229885057471265,0.6666666666666666,66,67,73,0.6995073891625616,0.3251231527093596,0.46798029556650245,2.080668,4.10513,7.635842,0.005263157894736842,0.760797342192691,0.675,142,66,95
581,0.90625,0.2552083333333333,0.296875,69.06731252380952,60.30466528571425,82.28641109523808,0.13793103448275862,0.9702602230483272,0.9459459459459459,174,49,57,0.6095238095238096,0.7047619047619048,0.6857142857142857,6.974418000000004,15.76276982251081,39.850219005772,0.0,0.37383177570093457,0.673469387755102,64,74,72,0.6896551724137931,0.3251231527093596,0.46798029556650245,2.096866,4.109128,7.637811,0.005376344086021506,0.7645161290322581,0.6958333333333333,140,66,95
582,0.90625,0.2552083333333333,0.296875,71.36414947619048,64.95444642857143,84.78475795238094,0.13333333333333333,0.9583333333333334,0.976,174,49,57,0.6285714285714286,0.638095238095238,0.6952380952380952,6.845741000000004,15.47562986291485,40.18743900577199,0.0,0.33,0.5434782608695652,66,67,73,0.6847290640394089,0.33004926108374383,0.458128078817734,2.134705,4.057671,7.717655,0.010638297872340425,0.7597402597402597,0.7025862068965517,139,67,93
583,0.890625,0.2604166666666667,0.2916666666666667,67.45883980952381,64.31952542857142,83.94504366666668,0.06666666666666667,0.9770114942528736,0.968503937007874,171,50,56,0.6190476190476191,0.6190476190476191,0.7142857142857143,6.833116571428574,15.101297317460306,40.55296727849927,0.0,0.3548387096774194,0.5777777777777777,65,65,75,0.6748768472906403,0.33497536945812806,0.4630541871921182,2.09628,4.110384,7.683441,0.005405405405405406,0.7715231788079471,0.7076271186440678,137,68,94
584,0.90625,0.2552083333333333,0.2916666666666667,73.50948699999998,62.22856128571427,84.90533223809523,0.0,0.959409594095941,0.9681274900398407,174,49,56,0.6285714285714286,0.6,0.7142857142857143,7.112289000000004,15.545086630591621,40.68962027849926,0.0,0.37209302325581395,0.5416666666666666,66,63,75,0.6699507389162561,0.33497536945812806,0.4630541871921182,2.102279,4.124212,7.676677,0.015957446808510637,0.762987012987013,0.7017543859649122,136,68,94
585,0.9010416666666666,0.2604166666666667,0.2916666666666667,72.88641985714283,63.42624814285713,84.3011628095238,0.10526315789473684,0.969811320754717,0.972,173,50,56,0.6476190476190476,0.638095238095238,0.7142857142857143,6.787093000000004,15.164309226551214,40.69008027849926,0.0,0.28421052631578947,0.5416666666666666,68,67,75,0.6748768472906403,0.3448275862068966,0.45320197044334976,2.160662,4.115218,7.762273,0.021505376344086023,0.752442996742671,0.71875,137,70,92
586,0.890625,0.25,0.2916666666666667,73.59983280952379,62.83835257142855,85.00048623809523,0.0967741935483871,0.9806201550387597,0.9688715953307393,171,48,56,0.6476190476190476,0.6285714285714286,0.7047619047619048,6.983731000000004,15.13669904473303,40.75414627849926,0.0,0.2967032967032967,0.5306122448979592,68,66,74,0.6699507389162561,0.3251231527093596,0.43349753694581283,2.187054,4.141532,7.704531,0.02617801047120419,0.7828947368421053,0.7064220183486238,136,66,88
587,0.8854166666666666,0.2604166666666667,0.296875,69.09936185714284,60.628082571428536,83.3887170952381,0.1111111111111111,0.9660377358490566,0.9761904761904762,170,50,57,0.6476190476190476,0.6285714285714286,0.6952380952380952,6.853127571428574,15.328979842712831,41.02701100577199,0.0,0.3333333333333333,0.5686274509803921,68,66,73,0.6748768472906403,0.32019704433497537,0.4482758620689655,2.124512,4.028466,7.629465,0.02577319587628866,0.7748344370860927,0.6991150442477876,137,65,91
588,0.8802083333333334,0.2552083333333333,0.296875,72.85745304761905,61.35748299999999,84.14503680952382,0.1935483870967742,0.9771863117870723,0.9681274900398407,169,49,57,0.638095238095238,0.6571428571428571,0.6952380952380952,6.925163000000004,14.901574064935053,41.06419927849926,0.0,0.25263157894736843,0.5098039215686274,67,69,73,0.6945812807881774,0.3399014778325123,0.46798029556650245,2.119584,4.137869,7.673313,0.02072538860103627,0.7672131147540984,0.7111111111111111,141,69,95
589,0.8697916666666666,0.2604166666666667,0.296875,72.06437352380951,62.81900042857142,82.49492223809523,0.08823529411764706,0.9736842105263158,0.9763779527559056,167,50,57,0.6285714285714286,0.638095238095238,0.6857142857142857,6.957956428571431,15.439847246753237,40.80526100577199,0.0,0.24675324675324675,0.5185185185185185,66,67,72,0.6995073891625616,0.3399014778325123,0.4827586206896552,2.150322,4.099732,7.693999,0.010471204188481676,0.7993630573248408,0.723404255319149,142,69,98
590,0.875,0.2604166666666667,0.2916666666666667,72.39717299999998,62.831893428571405,83.01190080952381,0.030303030303030304,0.9775280898876404,0.9764705882352941,168,50,56,0.6285714285714286,0.638095238095238,0.6666666666666666,7.162611000000004,15.567951640692625,40.89591227849926,0.0,0.2247191011235955,0.5714285714285714,66,67,70,0.7093596059113301,0.3399014778325123,0.49261083743842365,2.157528,4.142091,7.772171,0.015544041450777202,0.8047138047138047,0.7327586206896551,144,69,100
591,0.890625,0.2552083333333333,0.296875,68.95907595238094,61.159218999999986,81.8227578095238,0.1,0.9776951672862454,0.9763779527559056,171,49,57,0.6190476190476191,0.5904761904761905,0.6666666666666666,6.840523000000004,14.873123115440102,41.07876582395381,0.0,0.24050632911392406,0.5416666666666666,65,62,70,0.7192118226600985,0.31527093596059114,0.4729064039408867,2.14895,4.131825,7.877274,0.010309278350515464,0.7733333333333333,0.7264150943396226,146,64,96
592,0.8854166666666666,0.2552083333333333,0.28125,69.12775452380951,62.6791257142857,82.22936623809522,0.14285714285714285,0.966789667896679,0.9653846153846154,170,49,54,0.6190476190476191,0.5904761904761905,0.6666666666666666,6.750408111111113,15.597082953823943,40.92190500577199,0.0,0.2839506172839506,0.5833333333333334,65,62,70,0.7142857142857143,0.33004926108374383,0.45320197044334976,2.154122,4.019947,7.819453,0.010582010582010581,0.7715231788079471,0.7053571428571429,145,67,92
593,0.8802083333333334,0.2604166666666667,0.296875,71.52496904761902,63.6659347142857,88.73626009523808,0.02631578947368421,0.953405017921147,0.9465648854961832,169,50,57,0.6190476190476191,0.6476190476190476,0.6666666666666666,7.05756777777778,15.793005727272712,40.96011127849926,0.0,0.21348314606741572,0.5777777777777777,65,68,70,0.7142857142857143,0.33497536945812806,0.4482758620689655,2.143697,4.07216,7.770091,0.010471204188481676,0.8060200668896321,0.7090163934426229,145,68,91
594,0.9010416666666666,0.2604166666666667,0.296875,73.0649127142857,63.823286714285686,85.14149780952381,0.037037037037037035,0.9849056603773585,0.9652509652509652,173,50,57,0.6285714285714286,0.6190476190476191,0.6761904761904762,7.266987571428575,15.545188539682528,41.20674827849926,0.0,0.23255813953488372,0.5957446808510638,66,65,71,0.6945812807881774,0.33497536945812806,0.45320197044334976,2.181105,4.055602,7.769161,0.010309278350515464,0.7920792079207921,0.7222222222222222,141,68,92
595,0.921875,0.2604166666666667,0.296875,70.77194038095237,65.26360585714284,84.81822723809522,0.09523809523809523,0.9700374531835206,0.968503937007874,177,50,57,0.6285714285714286,0.6285714285714286,0.6857142857142857,6.876283682539685,15.694258044733031,41.069961551226534,0.0,0.21951219512195122,0.574468085106383,66,66,72,0.6847290640394089,0.3448275862068966,0.49261083743842365,2.066354,3.987295,7.815021,0.010526315789473684,0.7712418300653595,0.7333333333333333,139,70,100
596,0.8385416666666666,0.24479166666666666,0.2864583333333333,73.99721466666665,64.66282128571426,85.10739795238094,0.03125,0.9808429118773946,0.9634146341463414,161,47,55,0.6190476190476191,0.6,0.6666666666666666,7.007120428571431,15.38162982251081,41.12569373304471,0.0,0.2619047619047619,0.6363636363636364,65,63,70,0.625615763546798,0.32019704433497537,0.46798029556650245,2.064837,3.99824,7.793502,0.01092896174863388,0.8055555555555556,0.7309417040358744,127,65,95
597,0.8229166666666666,0.23958333333333334,0.2864583333333333,72.99501995238093,63.35915457142854,84.26523309523806,0.08333333333333333,0.963855421686747,0.974025974025974,158,46,55,0.6,0.5904761904761905,0.6761904761904762,6.980697000000004,15.251929337662324,41.05647355122653,0.0,0.2261904761904762,0.5416666666666666,63,62,71,0.5960591133004927,0.2955665024630542,0.4433497536945813,2.114033,4.041045,7.892329,0.011627906976744186,0.8044280442804428,0.703125,121,60,90
598,0.7864583333333334,0.22916666666666666,0.2864583333333333,74.13248390476191,63.29474114285712,86.21205180952377,0.1111111111111111,0.9642857142857143,0.9572649572649573,151,44,55,0.6095238095238096,0.580952380952381,0.6571428571428571,7.378423222222226,15.469762913419903,41.21723555122654,0.0,0.21794871794871795,0.5813953488372093,64,61,69,0.6108374384236454,0.3054187192118227,0.4433497536945813,2.032382,4.09725,7.82259,0.011428571428571429,0.7789855072463768,0.6990291262135923,124,62,90
599,0.8125,0.23958333333333334,0.2864583333333333,69.7653218095238,62.7030794285714,84.67492638095239,0.07407407407407407,0.9718875502008032,0.982532751091703,156,46,55,0.6190476190476191,0.6,0.6761904761904762,7.161576000000004,15.122986509379496,41.58120227849926,0.0,0.25,0.5813953488372093,65,63,71,0.6108374384236454,0.3054187192118227,0.458128078817734,2.026396,4.054723,7.855842,0.022727272727272728,0.8153310104529616,0.7121951219512195,124,62,93
600,0.796875,0.23958333333333334,0.2864583333333333,73.19008319047617,61.12775914285712,84.61738566666666,0.15384615384615385,0.9604743083003953,0.9574468085106383,153,46,55,0.638095238095238,0.6476190476190476,0.6857142857142857,6.894932000000003,15.198815903318891,41.55559827849926,0.0,0.23255813953488372,0.6341463414634146,67,68,72,0.5960591133004927,0.30049261083743845,0.4482758620689655,2.035722,4.045687,7.7821,0.028901734104046242,0.8065693430656934,0.7053140096618358,121,61,91
601,0.828125,0.23958333333333334,0.2864583333333333,68.54877614285715,63.469038714285695,83.20880366666664,0.02857142857142857,0.9645669291338582,0.9655172413793104,159,46,55,0.6285714285714286,0.6476190476190476,0.7142857142857143,7.264194000000003,15.211748135642123,42.01924909668108,0.0,0.20253164556962025,0.631578947368421,66,68,75,0.5960591133004927,0.2955665024630542,0.4630541871921182,2.129195,4.168786,7.832154,0.017142857142857144,0.8065693430656934,0.7128712871287128,121,60,94
602,0.78125,0.23958333333333334,0.28125,73.34994699999997,62.898691857142836,81.8307075238095,0.07142857142857142,0.9652509652509652,0.9699570815450643,150,46,54,0.638095238095238,0.5904761904761905,0.6952380952380952,7.128168000000004,15.623214458874449,41.88281427849927,0.0,0.2328767123287671,0.6842105263157895,67,62,73,0.6009852216748769,0.30049261083743845,0.4630541871921182,2.115972,4.109784,7.904641,0.017241379310344827,0.8095238095238095,0.734375,122,61,94
603,0.8229166666666666,0.234375,0.2864583333333333,73.55315680952381,61.38259385714282,82.73058552380951,0.08108108108108109,0.9727626459143969,0.9487179487179487,158,45,55,0.6285714285714286,0.5714285714285714,0.6857142857142857,7.220417000000004,15.7140588109668,41.915270823953804,0.0,0.2222222222222222,0.6857142857142857,66,60,72,0.5960591133004927,0.30049261083743845,0.42857142857142855,2.127734,4.094075,7.914992,0.022857142857142857,0.8178571428571428,0.7195767195767195,121,61,87
604,0.8177083333333334,0.23958333333333334,0.2864583333333333,74.14570352380949,63.45510299999999,86.42458552380953,0.08,0.9578544061302682,0.978448275862069,157,46,55,0.638095238095238,0.638095238095238,0.7142857142857143,7.114158000000003,15.152691044733032,41.55404155122653,0.0,0.21428571428571427,0.65,67,67,75,0.6009852216748769,0.3054187192118227,0.4187192118226601,2.1412,4.115475,7.879947,0.022598870056497175,0.8044280442804428,0.7076923076923077,122,62,85
605,0.828125,0.23958333333333334,0.2864583333333333,73.4267851904762,65.16142442857141,85.45538938095235,0.06666666666666667,0.9655172413793104,0.9739130434782609,159,46,55,0.6476190476190476,0.6571428571428571,0.7142857142857143,7.123357000000004,15.378237317460304,41.57070827849926,0.0,0.23170731707317074,0.7272727272727273,68,69,75,0.6108374384236454,0.3054187192118227,0.42857142857142855,2.063146,4.140505,7.873858,0.02247191011235955,0.8079710144927537,0.7263681592039801,124,62,87
606,0.8177083333333334,0.234375,0.2760416666666667,72.72058199999998,60.25936514285712,82.4354978095238,0.08695652173913043,0.9689922480620154,0.9620253164556962,157,45,53,0.6285714285714286,0.6285714285714286,0.7047619047619048,6.818997000000004,15.595451408369396,41.56581427849926,0.0,0.26506024096385544,0.7428571428571429,66,66,74,0.5960591133004927,0.3054187192118227,0.45320197044334976,2.076194,4.206544,7.892254,0.0223463687150838,0.8290909090909091,0.7272727272727273,121,62,92
607,0.8177083333333334,0.23958333333333334,0.2864583333333333,70.9135575238095,62.287786571428555,83.38184838095236,0.05714285714285714,0.950381679389313,0.9572649572649573,157,46,55,0.6095238095238096,0.5904761904761905,0.7047619047619048,7.161401571428574,15.534960751803737,41.551210005771985,0.0,0.25,0.78125,64,62,74,0.5960591133004927,0.3054187192118227,0.46798029556650245,2.051048,4.168467,7.974879,0.01675977653631285,0.8208955223880597,0.7537688442211056,121,62,95
608,0.8177083333333334,0.23958333333333334,0.28125,71.32891366666666,62.028786571428554,87.84263866666667,0.06666666666666667,0.9806201550387597,0.9655172413793104,157,46,54,0.6095238095238096,0.6,0.6952380952380952,7.212523000000004,15.714028842712834,41.92064116738815,0.0,0.2716049382716049,0.78125,64,63,73,0.6157635467980296,0.3103448275862069,0.46798029556650245,2.042179,4.212647,7.957556,0.016666666666666666,0.8327137546468402,0.782608695652174,125,63,95
609,0.8020833333333334,0.23958333333333334,0.2864583333333333,75.20653247619045,63.2303291428571,86.94903866666665,0.034482758620689655,0.9655172413793104,0.9696969696969697,154,46,55,0.6190476190476191,0.5523809523809524,0.7047619047619048,7.575855000000003,15.628844044733029,41.7809151168831,0.0,0.3058823529411765,0.7352941176470589,65,58,74,0.6157635467980296,0.3103448275862069,0.4630541871921182,2.058928,4.18567,8.029196,0.011363636363636364,0.842911877394636,0.8054054054054054,125,63,94
610,0.8333333333333334,0.234375,0.2760416666666667,75.58845338095236,64.24480528571428,88.31768466666665,0.03225806451612903,0.9691119691119691,0.9620253164556962,160,45,53,0.6476190476190476,0.6476190476190476,0.7047619047619048,7.681716000000003,15.641350812409799,41.968468278499266,0.0,0.27058823529411763,0.6857142857142857,68,68,74,0.625615763546798,0.3054187192118227,0.45320197044334976,2.086442,4.163885,8.025887,0.0,0.8378378378378378,0.8285714285714286,127,62,92
611,0.8177083333333334,0.23958333333333334,0.2864583333333333,72.23773404761901,63.600192857142844,85.06038566666665,0.0,0.9656488549618321,0.9529914529914529,157,46,55,0.6571428571428571,0.6761904761904762,0.7142857142857143,7.242690428571431,15.99599368109667,41.83886727849926,0.0,0.225,0.7878787878787878,69,71,75,0.6305418719211823,0.3103448275862069,0.4482758620689655,2.080356,4.132789,8.018336,0.0,0.8104089219330854,0.8333333333333334,128,63,91
612,0.8177083333333334,0.23958333333333334,0.2864583333333333,73.38607038095236,63.122517428571406,83.92887095238095,0.0,0.9844357976653697,0.9655172413793104,157,46,55,0.638095238095238,0.6190476190476191,0.7238095238095238,7.012097000000003,15.8799994083694,42.07394227849926,0.0,0.20930232558139536,0.8,67,65,76,0.6354679802955665,0.3103448275862069,0.43842364532019706,2.096994,4.165717,7.969871,0.0,0.8609022556390977,0.8397790055248618,129,63,89
613,0.8177083333333334,0.22916666666666666,0.2864583333333333,71.86736166666664,63.74538499999999,83.13535495238094,0.06666666666666667,0.9688715953307393,0.9699570815450643,157,44,55,0.6285714285714286,0.6,0.7142857142857143,6.868076000000004,15.256555741702732,41.85570927849926,0.0,0.2328767123287671,0.78125,66,63,75,0.6403940886699507,0.30049261083743845,0.4482758620689655,2.157505,4.19074,7.94844,0.0,0.84765625,0.8277777777777777,130,61,91
614,0.8177083333333334,0.23958333333333334,0.28125,74.05690904761903,64.11421585714282,83.60192638095239,0.16666666666666666,0.9520295202952029,0.9652173913043478,157,46,54,0.6190476190476191,0.6190476190476191,0.7142857142857143,7.339000000000004,15.45604467099566,41.883131005771986,0.0,0.2777777777777778,0.8620689655172413,65,65,75,0.6354679802955665,0.3054187192118227,0.4482758620689655,2.123527,4.199489,7.976911,0.0,0.8120300751879699,0.8628571428571429,129,62,91
615,0.828125,0.234375,0.2864583333333333,72.96816419047616,65.44965385714282,85.80546823809524,0.13157894736842105,0.9547169811320755,0.9691629955947136,159,45,55,0.6190476190476191,0.6571428571428571,0.7047619047619048,7.145558000000004,15.356833590187577,41.851346278499264,0.0,0.2247191011235955,0.7878787878787878,65,69,74,0.6305418719211823,0.3103448275862069,0.4482758620689655,2.095152,4.169156,8.011327,0.0,0.8134328358208955,0.8497109826589595,128,63,91
616,0.84375,0.22916666666666666,0.2864583333333333,71.3082267142857,66.47348242857142,84.57345280952379,0.16216216216216217,0.9695817490494296,0.9782608695652174,162,44,55,0.6190476190476191,0.6095238095238096,0.7142857142857143,6.743685000000004,15.314667630591618,41.936984005772,0.0,0.21428571428571427,0.8620689655172413,65,64,75,0.625615763546798,0.3103448275862069,0.43842364532019706,2.166902,4.164057,8.024356,0.0,0.8215613382899628,0.8453038674033149,127,63,89
617,0.796875,0.234375,0.2864583333333333,73.19019447619046,66.5961977142857,83.33195223809521,0.35294117647058826,0.9471698113207547,0.9741379310344828,153,45,55,0.6285714285714286,0.6095238095238096,0.7238095238095238,7.049465571428574,15.431347883116871,41.87687327849926,0.0,0.2682926829268293,0.8235294117647058,66,64,76,0.625615763546798,0.2955665024630542,0.45320197044334976,2.137184,4.225885,8.003473,0.0,0.7954545454545454,0.8108108108108109,127,60,92
618,0.8229166666666666,0.23958333333333334,0.2760416666666667,73.2062546190476,66.74581085714284,82.29419266666665,0.16216216216216217,0.9770114942528736,0.9698275862068966,158,46,53,0.6190476190476191,0.638095238095238,0.7142857142857143,7.312072000000004,15.27848279220778,41.853790844155824,0.0,0.2558139534883721,0.9333333333333333,65,67,75,0.6206896551724138,0.3054187192118227,0.458128078817734,2.155901,4.23683,8.045969,0.0,0.7841726618705036,0.850828729281768,126,62,93
619,0.8229166666666666,0.234375,0.2760416666666667,74.54850938095237,65.91402742857142,83.42429295238094,0.16666666666666666,0.984375,0.9612068965517241,158,45,53,0.638095238095238,0.6285714285714286,0.7142857142857143,7.1196620000000035,15.54131304473303,41.78065638961037,0.0,0.2564102564102564,0.8484848484848485,67,66,75,0.625615763546798,0.30049261083743845,0.458128078817734,2.1161,4.226519,8.032554,0.0,0.8035714285714286,0.825136612021858,127,61,93
620,0.8229166666666666,0.23958333333333334,0.28125,68.69768542857142,66.0267834285714,83.67757795238093,0.21428571428571427,0.9770992366412213,0.9741379310344828,158,46,54,0.6285714285714286,0.5904761904761905,0.7238095238095238,7.203845000000004,15.621315640692632,41.887918551226534,0.0,0.27631578947368424,0.875,66,62,76,0.6206896551724138,0.30049261083743845,0.45320197044334976,2.139859,4.318445,8.03211,0.0,0.8060836501901141,0.8152173913043478,126,61,92
621,0.8229166666666666,0.22916666666666666,0.2760416666666667,74.55296933333332,65.66849985714283,82.54519580952379,0.30303030303030304,0.9666666666666667,0.9570815450643777,158,44,53,0.6285714285714286,0.6476190476190476,0.7238095238095238,7.075484428571431,15.610419458874448,41.83042573304472,0.0,0.26436781609195403,0.9333333333333333,66,68,76,0.6305418719211823,0.3054187192118227,0.4433497536945813,2.131892,4.385253,8.005394,0.005649717514124294,0.7898550724637681,0.8033707865168539,128,62,90
622,0.8333333333333334,0.22916666666666666,0.28125,74.28970566666666,66.04994985714283,84.0269065238095,0.24324324324324326,0.9440298507462687,0.9652173913043478,160,44,54,0.6095238095238096,0.6285714285714286,0.7238095238095238,6.716451000000004,15.47312318037517,41.79424627849926,0.0,0.29347826086956524,0.8571428571428571,64,66,76,0.625615763546798,0.30049261083743845,0.4482758620689655,2.151731,4.351344,8.034122,0.0,0.8090277777777778,0.8021978021978022,127,61,91
623,0.8125,0.23958333333333334,0.2864583333333333,73.26631938095237,66.93093085714284,84.4004570952381,0.3225806451612903,0.9618320610687023,0.9653679653679653,156,46,55,0.6190476190476191,0.5904761904761905,0.7238095238095238,6.591440571428574,15.025018681096672,41.746086389610376,0.0,0.32142857142857145,0.9375,65,62,76,0.6403940886699507,0.30049261083743845,0.4482758620689655,2.118241,4.354091,8.029539,0.005649717514124294,0.7927272727272727,0.7956989247311828,130,61,91
624,0.8177083333333334,0.23958333333333334,0.2864583333333333,71.68867699999998,67.08089728571426,86.4388845238095,0.2564102564102564,0.9724409448818898,0.9826839826839827,157,46,55,0.6190476190476191,0.5904761904761905,0.7142857142857143,6.667092000000004,15.345324075036062,41.84233827849926,0.0,0.2823529411764706,0.9333333333333333,65,62,75,0.6305418719211823,0.30049261083743845,0.43842364532019706,2.175725,4.382155,8.053849,0.011428571428571429,0.7972027972027972,0.797752808988764,128,61,89
625,0.7916666666666666,0.234375,0.2864583333333333,69.85584014285713,69.08742999999997,86.88330509523809,0.30303030303030304,0.9653846153846154,0.966804979253112,152,45,55,0.6285714285714286,0.580952380952381,0.7142857142857143,6.7725378571428605,14.96071686291485,41.80369227849926,0.0,0.2857142857142857,0.9090909090909091,66,61,75,0.6157635467980296,0.30049261083743845,0.4433497536945813,2.143946,4.399025,8.027849,0.0,0.8057553956834532,0.8031914893617021,125,61,90
626,0.828125,0.23958333333333334,0.2864583333333333,68.00766590476188,68.17355057142854,86.8214978095238,0.23076923076923078,0.9766536964980544,0.9659574468085106,159,46,55,0.638095238095238,0.5619047619047619,0.7142857142857143,6.915009111111114,15.52990509523808,41.84979827849926,0.0,0.24675324675324675,0.9354838709677419,67,59,75,0.6157635467980296,0.30049261083743845,0.4630541871921182,2.101073,4.375807,8.008253,0.0,0.7985074626865671,0.7936507936507936,125,61,94
627,0.8333333333333334,0.23958333333333334,0.28125,70.19900304761903,65.4870644285714,86.76359966666664,0.2727272727272727,0.9576923076923077,0.982532751091703,160,46,54,0.6476190476190476,0.580952380952381,0.7142857142857143,6.567700571428575,15.28076301443,41.86959816738815,0.0,0.19753086419753085,0.875,68,61,75,0.6157635467980296,0.2955665024630542,0.46798029556650245,2.14094,4.513152,8.038795,0.0,0.7735849056603774,0.8219895287958116,125,60,95
628,0.8177083333333334,0.23958333333333334,0.2864583333333333,69.61182885714285,65.87864342857141,83.77868266666664,0.32142857142857145,0.9728682170542635,0.9663865546218487,157,46,55,0.638095238095238,0.5904761904761905,0.7047619047619048,6.584349571428574,14.913516590187582,41.85034227849926,0.0,0.22666666666666666,0.9333333333333333,67,62,74,0.6108374384236454,0.30049261083743845,0.4630541871921182,2.077659,4.441913,8.138013,0.0,0.7695035460992907,0.8235294117647058,124,61,94
629,0.8072916666666666,0.234375,0.2864583333333333,69.0525150952381,66.20830299999997,82.24330238095236,0.22857142857142856,0.9768339768339769,0.9787234042553191,155,45,55,0.638095238095238,0.6190476190476191,0.7238095238095238,6.875313000000004,15.3615699134199,41.92530455122654,0.0,0.24096385542168675,0.8484848484848485,67,65,76,0.6059113300492611,0.3103448275862069,0.43842364532019706,2.020893,4.423769,8.081624,0.0,0.7885304659498208,0.8138297872340425,123,63,89
630,0.8177083333333334,0.23958333333333334,0.2864583333333333,72.02122704761905,65.61728871428569,80.52282723809523,0.25,0.9844961240310077,0.9588477366255144,157,46,55,0.6571428571428571,0.580952380952381,0.7142857142857143,7.133631000000004,15.39188384704184,41.979734278499265,0.0,0.2261904761904762,0.9333333333333333,69,61,75,0.5960591133004927,0.3054187192118227,0.4482758620689655,2.073709,4.416056,8.0275,0.0,0.7984790874524715,0.8205128205128205,121,62,91
631,0.8125,0.23958333333333334,0.2864583333333333,67.55419452380951,65.0151097142857,82.99890052380951,0.17073170731707318,0.9446494464944649,0.957983193277311,156,46,55,0.6571428571428571,0.580952380952381,0.7047619047619048,6.815693000000004,14.767092448773434,41.81207727849927,0.0,0.24050632911392406,0.875,69,61,74,0.6009852216748769,0.3054187192118227,0.4630541871921182,2.089013,4.462313,8.039336,0.0,0.7761194029850746,0.8486486486486486,122,62,94
632,0.8333333333333334,0.234375,0.2864583333333333,70.38605461904763,65.90180914285712,84.88730509523808,0.20930232558139536,0.9960629921259843,0.9871794871794872,160,45,55,0.638095238095238,0.580952380952381,0.7142857142857143,7.427487428571431,15.284942590187574,41.96340427849927,0.0,0.24050632911392406,0.9032258064516129,67,61,75,0.6108374384236454,0.3103448275862069,0.46798029556650245,2.07068,4.431361,8.090117,0.0,0.7695035460992907,0.8426966292134831,124,63,95
633,0.8385416666666666,0.22916666666666666,0.2864583333333333,69.65580214285717,66.85802528571425,84.99153495238095,0.21428571428571427,0.9509433962264151,0.9578059071729957,161,44,55,0.6761904761904762,0.6095238095238096,0.6952380952380952,7.018834111111114,15.671001792207779,42.06419344011543,0.0,0.19767441860465115,0.7941176470588235,71,64,73,0.6059113300492611,0.30049261083743845,0.4630541871921182,2.113243,4.482133,8.117719,0.0,0.781021897810219,0.8435754189944135,123,61,94
634,0.828125,0.234375,0.28125,70.38590066666667,67.14299285714281,84.62849780952381,0.21875,0.9846743295019157,0.9827586206896551,159,45,54,0.6761904761904762,0.580952380952381,0.6857142857142857,6.828699000000004,15.484236408369398,41.88057027849927,0.0,0.2345679012345679,0.875,71,61,72,0.6059113300492611,0.2857142857142857,0.4630541871921182,2.100596,4.536476,8.062342,0.005780346820809248,0.7604562737642585,0.8488372093023255,123,58,94
635,0.8333333333333334,0.23958333333333334,0.2760416666666667,72.28038899999999,67.10739357142853,86.23069438095236,0.1935483870967742,0.9553903345724907,0.9870689655172413,160,46,53,0.6952380952380952,0.5714285714285714,0.6952380952380952,7.036379000000004,15.467527862914851,41.87516127849927,0.0,0.2441860465116279,0.8484848484848485,73,60,73,0.5960591133004927,0.30049261083743845,0.46798029556650245,2.116669,4.513381,8.073259,0.0,0.7490909090909091,0.8771929824561403,121,61,95
636,0.7864583333333334,0.23958333333333334,0.2864583333333333,66.81689923809523,67.03717685714284,84.11755238095236,0.23333333333333334,0.9885057471264368,0.9545454545454546,151,46,55,0.6952380952380952,0.638095238095238,0.6857142857142857,7.28845577777778,15.587924266955255,41.81207727849927,0.0,0.23809523809523808,0.875,73,67,72,0.5812807881773399,0.29064039408866993,0.45320197044334976,2.095875,4.512914,8.136184,0.0,0.7661870503597122,0.8902439024390244,118,59,92
637,0.8072916666666666,0.23958333333333334,0.2864583333333333,68.80095042857143,65.12261157142855,85.46351195238091,0.23076923076923078,0.9586466165413534,0.9699570815450643,155,46,55,0.6857142857142857,0.6190476190476191,0.7047619047619048,6.944874111111114,15.705905388167373,41.98699027849927,0.0,0.225,0.8709677419354839,72,65,74,0.5763546798029556,0.30049261083743845,0.45320197044334976,2.129582,4.486099,8.125225,0.0,0.7657992565055762,0.8685714285714285,117,61,92
638,0.8333333333333334,0.234375,0.2864583333333333,70.06462819047618,68.48615114285712,86.60412523809521,0.21052631578947367,0.9655172413793104,0.9871244635193133,160,45,55,0.6666666666666666,0.6,0.6952380952380952,6.828761000000004,15.167955226551218,41.95096616738816,0.0,0.2345679012345679,0.8214285714285714,70,63,73,0.6009852216748769,0.3054187192118227,0.458128078817734,2.136165,4.445556,8.136009,0.0,0.7338129496402878,0.8514285714285714,122,62,93
639,0.828125,0.234375,0.2760416666666667,70.91907852380953,69.33063728571427,86.47211080952377,0.2222222222222222,0.9694656488549618,0.9786324786324786,159,45,53,0.7047619047619048,0.5904761904761905,0.7047619047619048,7.516240000000003,15.629927953823945,42.05030455122654,0.0,0.2077922077922078,0.8518518518518519,74,62,74,0.5960591133004927,0.30049261083743845,0.4630541871921182,2.134887,4.405283,8.142429,0.0,0.7569444444444444,0.8491620111731844,121,61,94
640,0.8177083333333334,0.23958333333333334,0.2864583333333333,73.55836357142857,68.92651757142855,84.16192638095235,0.23333333333333334,0.9767441860465116,0.9504132231404959,157,46,55,0.6857142857142857,0.5904761904761905,0.6761904761904762,7.158203000000004,15.136457862914853,41.92266427849927,0.0,0.2125,0.8214285714285714,72,62,71,0.5960591133004927,0.30049261083743845,0.4630541871921182,2.137856,4.454664,8.127543,0.0,0.7571428571428571,0.8742857142857143,121,61,94
641,0.828125,0.23958333333333334,0.2760416666666667,68.57857399999999,69.49779642857139,84.53420666666666,0.16666666666666666,0.9477611940298507,0.9829059829059829,159,46,53,0.6857142857142857,0.5904761904761905,0.6952380952380952,7.135297000000004,15.502464903318891,42.036271894660885,0.0,0.189873417721519,0.8571428571428571,72,62,73,0.5960591133004927,0.29064039408866993,0.4630541871921182,2.14303,4.454955,8.102492,0.0,0.7427536231884058,0.8922155688622755,121,59,94
642,0.8333333333333334,0.234375,0.2864583333333333,71.53297333333333,69.11409957142855,82.62712680952379,0.17647058823529413,0.9883268482490273,0.9537815126050421,160,45,55,0.6857142857142857,0.5523809523809524,0.6857142857142857,7.879472000000003,15.094182499278489,41.86106738961038,0.0,0.20270270270270271,0.8928571428571429,72,58,72,0.5960591133004927,0.3054187192118227,0.4630541871921182,2.179181,4.480097,8.115443,0.0,0.7563636363636363,0.9034090909090909,121,62,94
643,0.8125,0.23958333333333334,0.2864583333333333,75.11605857142855,68.34234399999997,81.82935495238095,0.15384615384615385,0.9660377358490566,0.9700854700854701,156,46,55,0.6857142857142857,0.6,0.6857142857142857,7.002760000000004,15.16962792352091,41.99130827849927,0.0,0.2,0.8387096774193549,72,63,72,0.6206896551724138,0.30049261083743845,0.46798029556650245,2.223007,4.504715,8.158495,0.0,0.7709923664122137,0.8947368421052632,126,61,95
644,0.8177083333333334,0.234375,0.2864583333333333,75.0398641904762,66.69771028571427,82.15257995238095,0.17647058823529413,0.9765625,0.9694323144104804,157,45,55,0.6761904761904762,0.6,0.6952380952380952,7.041797000000003,15.447118064935054,41.81207727849927,0.0,0.2191780821917808,0.8181818181818182,71,63,73,0.6059113300492611,0.28078817733990147,0.4630541871921182,2.231011,4.49632,8.170154,0.005813953488372093,0.7683397683397684,0.9080459770114943,123,57,94
645,0.828125,0.234375,0.2864583333333333,72.4238002857143,67.48022657142853,82.9954978095238,0.0967741935483871,0.9806201550387597,0.9653679653679653,159,45,55,0.6571428571428571,0.6,0.7047619047619048,7.213862000000003,15.733137842712832,41.81207727849927,0.0,0.21176470588235294,0.9333333333333333,69,63,74,0.6206896551724138,0.30049261083743845,0.4630541871921182,2.155084,4.456435,8.155199,0.0,0.7546468401486989,0.9166666666666666,126,61,94
646,0.8020833333333334,0.23958333333333334,0.2864583333333333,69.76246533333332,69.37942385714284,84.51084538095238,0.20833333333333334,0.9765625,0.9786324786324786,154,46,55,0.6476190476190476,0.5523809523809524,0.7047619047619048,6.884181000000003,15.025585044733035,41.95247527849927,0.0,0.19444444444444445,0.9310344827586207,68,58,74,0.6206896551724138,0.3054187192118227,0.4630541871921182,2.08849,4.360012,8.169248,0.0,0.758364312267658,0.9142857142857143,126,62,94
647,0.8229166666666666,0.22916666666666666,0.2864583333333333,71.88157657142857,70.86684885714283,84.78577723809522,0.1951219512195122,0.9724409448818898,0.9828326180257511,158,44,55,0.6571428571428571,0.6095238095238096,0.7047619047619048,7.025930000000003,15.026957206349197,41.81716700577199,0.0,0.21052631578947367,0.8125,69,64,74,0.6305418719211823,0.29064039408866993,0.46798029556650245,2.154018,4.424949,8.203108,0.0,0.7878787878787878,0.8764044943820225,128,59,95
648,0.8177083333333334,0.23958333333333334,0.28125,72.84245257142857,68.90099957142856,84.3487835238095,0.4,0.9689922480620154,0.9786324786324786,157,46,54,0.6761904761904762,0.6190476190476191,0.7142857142857143,7.400982333333338,15.672612089466075,41.96832727849927,0.0,0.1643835616438356,0.8620689655172413,71,65,75,0.6403940886699507,0.29064039408866993,0.4630541871921182,2.127931,4.509028,8.178098,0.017045454545454544,0.75390625,0.8797814207650273,130,59,94
649,0.8125,0.23958333333333334,0.28125,71.67506519047618,69.81046114285712,85.96593466666666,0.13333333333333333,0.9803921568627451,0.9458333333333333,156,46,54,0.6666666666666666,0.6285714285714286,0.7142857142857143,7.20865166666667,15.555953883116869,41.912460005772,0.0,0.2125,0.8928571428571429,70,66,75,0.645320197044335,0.2955665024630542,0.4630541871921182,2.082797,4.44343,8.296674,0.005714285714285714,0.7490636704119851,0.8743169398907104,131,60,94
650,0.8229166666666666,0.23958333333333334,0.2864583333333333,70.339066,68.83040885714281,87.88726609523808,0.20588235294117646,0.9694656488549618,0.9786324786324786,158,46,55,0.6476190476190476,0.6285714285714286,0.7142857142857143,6.993081000000004,15.128345109668096,41.96832727849927,0.0,0.1095890410958904,0.7931034482758621,68,66,75,0.6502463054187192,0.3103448275862069,0.45320197044334976,2.156896,4.364587,8.317878,0.0,0.7481481481481481,0.8342245989304813,132,63,92
651,0.8072916666666666,0.23958333333333334,0.2864583333333333,69.21023404761904,69.71669614285712,85.1980688095238,0.2571428571428571,0.972972972972973,0.9748953974895398,155,46,55,0.6476190476190476,0.6285714285714286,0.7142857142857143,7.502035888888892,15.267057317460303,42.07942955122654,0.0,0.21333333333333335,0.8214285714285714,68,66,75,0.6600985221674877,0.3103448275862069,0.45320197044334976,2.087146,4.418528,8.319733,0.005681818181818182,0.7849056603773585,0.8406593406593407,134,63,92
652,0.8125,0.23958333333333334,0.28125,70.0883187142857,68.58430571428569,85.36548566666667,0.17647058823529413,0.9730769230769231,0.9586776859504132,156,46,54,0.6476190476190476,0.6190476190476191,0.7142857142857143,7.444662044733049,15.782325226551212,41.92530455122654,0.0,0.19480519480519481,0.7307692307692307,68,65,75,0.6600985221674877,0.3103448275862069,0.4630541871921182,2.125865,4.542077,8.294307,0.0,0.7732342007434945,0.8368421052631579,134,63,94
653,0.8177083333333334,0.234375,0.2864583333333333,71.24006647619048,70.08832099999995,84.14002880952381,0.17142857142857143,0.9844357976653697,0.9547325102880658,157,45,55,0.6571428571428571,0.638095238095238,0.7142857142857143,7.363086000000004,15.182895751803738,41.81207727849927,0.0,0.18181818181818182,0.7307692307692307,69,67,75,0.6600985221674877,0.2857142857142857,0.4630541871921182,2.087832,4.455493,8.316645,0.011111111111111112,0.7454545454545455,0.8578947368421053,134,58,94
654,0.828125,0.23958333333333334,0.2864583333333333,66.86079657142857,69.82789542857141,83.61538823809522,0.21212121212121213,0.9618320610687023,0.9789915966386554,159,46,55,0.6285714285714286,0.6095238095238096,0.7238095238095238,7.377022949494952,14.915738499278486,41.96986500577199,0.011764705882352941,0.2625,0.8181818181818182,66,64,76,0.6748768472906403,0.3054187192118227,0.458128078817734,2.144364,4.387367,8.281027,0.00558659217877095,0.7437722419928826,0.8645833333333334,137,62,93
655,0.8229166666666666,0.23958333333333334,0.2864583333333333,68.86348714285714,69.21182485714283,83.46235495238092,0.24,0.98046875,0.9666666666666667,158,46,55,0.6476190476190476,0.6285714285714286,0.7333333333333333,7.693492111111116,15.110178822510813,42.02102327849927,0.0,0.21686746987951808,0.7142857142857143,68,66,77,0.6748768472906403,0.3103448275862069,0.46798029556650245,2.157358,4.449657,8.317532,0.0,0.7785977859778598,0.8586956521739131,137,63,95
656,0.7864583333333334,0.23958333333333334,0.2864583333333333,70.70614947619046,67.86556357142854,87.82652209523806,0.18518518518518517,0.9731800766283525,0.9788135593220338,151,46,55,0.6666666666666666,0.6095238095238096,0.7428571428571429,7.866524238095242,14.942497569985557,42.205032551226545,0.0,0.24096385542168675,0.75,70,64,78,0.6600985221674877,0.30049261083743845,0.458128078817734,2.18714,4.458885,8.290252,0.01675977653631285,0.758364312267658,0.8541666666666666,134,61,93
657,0.8072916666666666,0.234375,0.2864583333333333,70.78266047619046,68.3485427142857,86.26178352380951,0.175,0.9736842105263158,0.9789915966386554,155,45,55,0.6571428571428571,0.5619047619047619,0.7333333333333333,7.731724888888892,15.204419367965356,42.020957005772,0.0,0.3013698630136986,0.8,69,59,77,0.6551724137931034,0.2955665024630542,0.46798029556650245,2.12768,4.4382,8.308567,0.0,0.7684210526315789,0.8481675392670157,133,60,95
658,0.8125,0.234375,0.2864583333333333,68.89141980952381,69.18035785714284,86.98489695238094,0.1951219512195122,0.9735849056603774,0.9788135593220338,156,45,55,0.6571428571428571,0.6476190476190476,0.7428571428571429,7.648394888888892,15.43333149927849,42.11776827849927,0.0,0.2289156626506024,0.7619047619047619,69,68,78,0.6403940886699507,0.29064039408866993,0.4630541871921182,2.129997,4.461796,8.267208,0.0,0.7709090909090909,0.8670212765957447,130,59,94
659,0.796875,0.234375,0.2864583333333333,66.88359333333332,69.20459714285714,85.52393866666665,0.20588235294117646,0.9774436090225563,0.9872881355932204,153,45,55,0.6666666666666666,0.6952380952380952,0.7333333333333333,7.979909682539686,15.233290701298687,42.08155455122654,0.0,0.21686746987951808,0.8095238095238095,70,73,77,0.6403940886699507,0.29064039408866993,0.458128078817734,2.176931,4.390291,8.300802,0.0,0.7653429602888087,0.8804347826086957,130,59,93
660,0.8177083333333334,0.23958333333333334,0.2864583333333333,72.06793666666664,68.86039157142854,87.76720795238093,0.24390243902439024,0.9848484848484849,0.9516129032258065,157,46,55,0.6476190476190476,0.638095238095238,0.7333333333333333,7.932816923520926,15.513892408369392,42.19478182395382,0.0,0.3150684931506849,0.8260869565217391,68,67,77,0.6206896551724138,0.30049261083743845,0.458128078817734,2.139317,4.468188,8.345116,0.0,0.7887323943661971,0.8548387096774194,126,61,93
661,0.8177083333333334,0.23958333333333334,0.28125,67.19581509523809,69.42937171428567,88.87171152380951,0.22580645161290322,0.9657794676806084,0.9788135593220338,157,46,54,0.6571428571428571,0.6571428571428571,0.7333333333333333,7.678778181818186,15.839591569985554,42.08155455122654,0.0,0.2,0.8260869565217391,69,69,77,0.6108374384236454,0.29064039408866993,0.4630541871921182,2.085044,4.372359,8.345643,0.0,0.7681660899653979,0.8449197860962567,124,59,94
662,0.8125,0.2552083333333333,0.3020833333333333,72.67837547619047,68.24726828571427,88.39995023809522,0.29411764705882354,0.9479553903345725,0.9518072289156626,156,49,58,0.6857142857142857,0.6476190476190476,0.7333333333333333,7.76336261616162,15.370964610389597,42.26721255122654,0.0,0.2682926829268293,0.8333333333333334,72,68,77,0.625615763546798,0.3448275862068966,0.4729064039408867,2.177107,4.372831,8.398438,0.0,0.7517006802721088,0.8404255319148937,127,70,96
663,0.8333333333333334,0.2708333333333333,0.3177083333333333,72.84672028571427,71.07421685714282,87.79996709523809,0.275,0.9683794466403162,0.9529914529914529,160,52,61,0.6857142857142857,0.6095238095238096,0.7333333333333333,8.46807550505051,15.60403797402596,42.20061955122654,0.0,0.19736842105263158,0.6896551724137931,72,64,77,0.625615763546798,0.3497536945812808,0.4876847290640394,2.12025,4.3533,8.396447,0.0,0.7560975609756098,0.7760416666666666,127,71,99
664,0.8229166666666666,0.2604166666666667,0.3125,70.01554657142857,71.86568214285711,89.01932909523809,0.34375,0.9878542510121457,0.9694323144104804,158,50,60,0.7047619047619048,0.6476190476190476,0.7333333333333333,8.017414272727278,15.119432135642123,42.38620127849927,0.010752688172043012,0.20930232558139536,0.6896551724137931,74,68,77,0.6403940886699507,0.35960591133004927,0.49261083743842365,2.128213,4.392984,8.397621,0.0,0.7580071174377224,0.7708333333333334,130,73,100
665,0.8125,0.2708333333333333,0.3177083333333333,71.34176247619045,72.71991985714283,89.76106923809522,0.2619047619047619,0.9647058823529412,0.974025974025974,156,52,61,0.6857142857142857,0.7142857142857143,0.7428571428571429,7.451501777777782,15.82079063059162,42.19124927849927,0.0,0.21839080459770116,0.6896551724137931,72,75,78,0.6305418719211823,0.35467980295566504,0.49261083743842365,2.160629,4.330631,8.412166,0.0,0.7448275862068966,0.7755102040816326,128,72,100
666,0.828125,0.265625,0.3177083333333333,72.94124871428569,70.48471371428568,88.12967466666665,0.275,0.9759036144578314,0.9572649572649573,159,51,61,0.6761904761904762,0.7047619047619048,0.7523809523809524,7.658570000000003,15.275524115440101,42.362430005772,0.021739130434782608,0.26436781609195403,0.7142857142857143,71,74,79,0.625615763546798,0.35960591133004927,0.49261083743842365,2.118398,4.357485,8.391645,0.0,0.7473684210526316,0.765625,127,73,100
667,0.8229166666666666,0.265625,0.3020833333333333,71.4837259047619,71.69108271428567,89.35953266666667,0.24390243902439024,0.9798387096774194,0.9617021276595744,158,51,58,0.6476190476190476,0.6571428571428571,0.7428571428571429,8.079575838383843,15.94412556998556,42.43573127849927,0.0,0.2375,0.7241379310344828,68,69,78,0.6206896551724138,0.35467980295566504,0.49261083743842365,2.123402,4.385265,8.385202,0.0,0.7544483985765125,0.7868020304568528,126,72,100
668,0.8177083333333334,0.2708333333333333,0.3177083333333333,69.5087129047619,71.25736814285709,92.36772238095239,0.22580645161290322,0.967479674796748,0.948936170212766,157,52,61,0.6952380952380952,0.7047619047619048,0.7523809523809524,7.821865181818185,16.474706479076467,42.38171000577199,0.03225806451612903,0.2872340425531915,0.7241379310344828,73,74,79,0.625615763546798,0.33497536945812806,0.47783251231527096,2.172914,4.415094,8.394385,0.0,0.7572463768115942,0.8082901554404145,127,68,97
669,0.8385416666666666,0.2708333333333333,0.3177083333333333,67.41764842857141,69.14316828571425,89.21013409523809,0.2558139534883721,0.9678714859437751,0.9742489270386266,161,52,61,0.7047619047619048,0.6285714285714286,0.7523809523809524,8.102516000000003,15.558299408369395,42.42013627849927,0.010416666666666666,0.26136363636363635,0.7,74,66,79,0.6354679802955665,0.3399014778325123,0.4975369458128079,2.223834,4.290351,8.421765,0.0,0.7275862068965517,0.766497461928934,129,69,101
670,0.8020833333333334,0.2708333333333333,0.3177083333333333,71.90624661904762,71.29008657142852,89.1713528095238,0.22857142857142856,0.9836734693877551,0.9656652360515021,154,52,61,0.6857142857142857,0.6761904761904762,0.7428571428571429,7.974777656565661,15.857976317460302,42.47452927849927,0.02127659574468085,0.20689655172413793,0.7,72,71,78,0.6305418719211823,0.33497536945812806,0.4876847290640394,2.277544,4.233421,8.425215,0.0,0.7422680412371134,0.797979797979798,128,68,99
671,0.8333333333333334,0.265625,0.3125,68.83463490476188,69.61429099999997,87.19564423809523,0.2619047619047619,0.9839357429718876,0.9495798319327731,160,51,60,0.6476190476190476,0.6571428571428571,0.7428571428571429,7.7432591818181855,15.749041282828271,42.52462327849927,0.012048192771084338,0.2235294117647059,0.625,68,69,78,0.6305418719211823,0.3645320197044335,0.4827586206896552,2.223171,4.293163,8.427348,0.0,0.7364620938628159,0.7868020304568528,128,74,98
672,0.8333333333333334,0.2708333333333333,0.3125,72.2132119047619,67.92648528571424,90.50792638095236,0.3157894736842105,0.9760956175298805,0.960352422907489,160,52,60,0.7047619047619048,0.7047619047619048,0.7428571428571429,8.435992000000004,16.282457115440103,42.58513727849927,0.010638297872340425,0.19047619047619047,0.6774193548387096,74,74,78,0.6157635467980296,0.35467980295566504,0.46798029556650245,2.183822,4.232381,8.444268,0.0,0.75,0.7688442211055276,125,72,95
673,0.8072916666666666,0.2708333333333333,0.3020833333333333,70.1031987142857,69.23667714285712,86.9199599523809,0.3333333333333333,0.9708333333333333,0.9728506787330317,155,52,58,0.6857142857142857,0.6952380952380952,0.7333333333333333,7.480921666666672,15.83290459018758,42.505313278499266,0.0,0.1797752808988764,0.7096774193548387,72,73,77,0.6009852216748769,0.3399014778325123,0.4876847290640394,2.236689,4.188986,8.443563,0.0,0.753731343283582,0.7315789473684211,122,69,99
674,0.8072916666666666,0.2708333333333333,0.3072916666666667,68.04865776190475,69.40337857142853,87.13697138095236,0.2765957446808511,0.975103734439834,0.9644444444444444,155,52,59,0.6476190476190476,0.6666666666666666,0.7428571428571429,8.10122172727273,16.534649398268385,42.62001727849927,0.0,0.21428571428571427,0.6666666666666666,68,70,78,0.6157635467980296,0.3399014778325123,0.4827586206896552,2.188333,4.180906,8.433125,0.0,0.7781954887218046,0.7671957671957672,125,69,98
675,0.828125,0.265625,0.3125,70.3361998095238,69.89367957142855,87.66898595238094,0.2972972972972973,0.975103734439834,0.9605263157894737,159,51,60,0.6761904761904762,0.7047619047619048,0.7333333333333333,7.827032111111116,15.84906895382394,42.83763855122654,0.0,0.1839080459770115,0.7,71,74,77,0.6157635467980296,0.33004926108374383,0.49261083743842365,2.155384,4.157812,8.434554,0.0,0.7761194029850746,0.7634408602150538,125,67,100
676,0.8385416666666666,0.265625,0.3125,68.32634614285712,70.29253285714282,86.03349495238092,0.43243243243243246,0.9836065573770492,0.9862385321100917,161,51,60,0.6476190476190476,0.6761904761904762,0.7428571428571429,7.78219172727273,16.24396175180374,42.909182278499266,0.0,0.2823529411764706,0.6176470588235294,68,71,78,0.6157635467980296,0.33497536945812806,0.4876847290640394,2.18988,4.119925,8.458782,0.0,0.7769784172661871,0.7808988764044944,125,68,99
677,0.8229166666666666,0.2708333333333333,0.3020833333333333,68.25181604761904,69.82914028571426,87.84835495238094,0.38095238095238093,0.9601593625498008,0.963963963963964,158,52,58,0.6285714285714286,0.6571428571428571,0.7428571428571429,7.78912972727273,15.94012822655122,42.93625227849927,0.0,0.16470588235294117,0.6774193548387096,66,69,78,0.6206896551724138,0.3399014778325123,0.49261083743842365,2.155846,4.130467,8.477549,0.0,0.7956204379562044,0.8032786885245902,126,69,100
678,0.8229166666666666,0.265625,0.3125,71.9112,67.1259921428571,85.67313523809521,0.33962264150943394,0.9715447154471545,0.9608695652173913,158,51,60,0.6476190476190476,0.6761904761904762,0.7428571428571429,8.269838111111115,15.489449549783538,42.901581278499265,0.0,0.25274725274725274,0.7333333333333333,68,71,78,0.6157635467980296,0.3399014778325123,0.47783251231527096,2.146419,4.145613,8.459437,0.0,0.7977941176470589,0.8125,125,69,97
679,0.8125,0.265625,0.3125,70.65460257142855,67.35557799999997,87.69918952380951,0.43902439024390244,0.9757085020242915,0.968609865470852,156,51,60,0.6571428571428571,0.6857142857142857,0.7333333333333333,8.154857111111117,16.127882786435777,42.95052527849927,0.0,0.2261904761904762,0.7586206896551724,69,72,77,0.6157635467980296,0.33497536945812806,0.4729064039408867,2.116084,4.173152,8.495006,0.0,0.7655677655677655,0.8125,125,68,96
680,0.8177083333333334,0.2604166666666667,0.3125,70.86282952380951,69.63746128571425,88.73506923809522,0.3953488372093023,0.9713114754098361,0.9736842105263158,157,50,60,0.6666666666666666,0.6666666666666666,0.7333333333333333,8.268770000000004,15.717143337662325,43.04176227849927,0.0,0.21428571428571427,0.7586206896551724,70,70,77,0.6157635467980296,0.33004926108374383,0.4729064039408867,2.18679,4.16872,8.476405,0.0,0.7703180212014135,0.8011049723756906,125,67,96
681,0.796875,0.2708333333333333,0.3125,65.98675090476189,69.85494799999996,87.26472138095235,0.34146341463414637,0.9836065573770492,0.9695652173913043,153,52,60,0.6761904761904762,0.6857142857142857,0.7523809523809524,7.844051000000004,16.09029188311687,43.02344527849927,0.0,0.22340425531914893,0.65625,71,72,79,0.6059113300492611,0.3399014778325123,0.46798029556650245,2.197777,4.145682,8.521019,0.0,0.7900355871886121,0.8128654970760234,123,69,95
682,0.8385416666666666,0.265625,0.3072916666666667,68.37835171428569,69.41234785714283,88.38274709523806,0.3023255813953488,0.9790794979079498,0.9781659388646288,161,51,59,0.6857142857142857,0.6857142857142857,0.7523809523809524,8.094296571428576,16.211063792207785,43.09597127849927,0.0,0.14457831325301204,0.7333333333333333,72,72,79,0.6108374384236454,0.3399014778325123,0.4630541871921182,2.284075,4.222805,8.492625,0.0,0.7888888888888889,0.8022598870056498,124,69,94
683,0.8333333333333334,0.2708333333333333,0.3072916666666667,68.10777323809522,68.02473057142855,88.43008838095236,0.4,0.9644268774703557,0.9696969696969697,160,52,59,0.6761904761904762,0.6857142857142857,0.7619047619047619,7.937414000000004,15.859953024531011,43.08804027849927,0.0,0.19101123595505617,0.7096774193548387,71,72,80,0.625615763546798,0.33497536945812806,0.47783251231527096,2.239287,4.254769,8.520349,0.0,0.7672727272727272,0.7877094972067039,127,68,97
684,0.8177083333333334,0.265625,0.3125,66.8343639047619,67.69286114285713,90.50821209523808,0.4117647058823529,0.9838056680161943,0.9741379310344828,157,51,60,0.638095238095238,0.7238095238095238,0.7523809523809524,7.453437111111116,15.834730287157274,43.09734027849927,0.0,0.2,0.7333333333333333,67,76,79,0.6502463054187192,0.3251231527093596,0.49261083743842365,2.32882,4.200888,8.486623,0.0,0.775,0.7942857142857143,132,66,100
685,0.828125,0.265625,0.3072916666666667,67.7853918095238,66.88054814285711,89.48471423809522,0.2857142857142857,0.9552845528455285,0.978448275862069,159,51,59,0.6761904761904762,0.6952380952380952,0.7619047619047619,7.857717111111116,16.051477842712828,42.926600278499265,0.0,0.19767441860465115,0.7096774193548387,71,73,80,0.6502463054187192,0.33004926108374383,0.47783251231527096,2.238582,4.213222,8.517967,0.0,0.7664233576642335,0.8187134502923976,132,67,97
686,0.8385416666666666,0.2916666666666667,0.328125,68.57810276190476,72.09977185714283,88.75966023809521,0.30434782608695654,0.9404761904761905,0.9655172413793104,161,56,63,0.7142857142857143,0.7047619047619048,0.8095238095238095,8.210320000000003,15.98958695238094,43.097408278499266,0.0,0.19318181818181818,0.6060606060606061,75,74,85,0.6650246305418719,0.35960591133004927,0.5320197044334976,2.277928,4.201439,8.498253,0.005405405405405406,0.7777777777777778,0.7472527472527473,135,73,108
687,0.8333333333333334,0.296875,0.34375,68.86103066666665,72.34012957142852,89.1301550952381,0.25,0.975103734439834,0.9525862068965517,160,57,66,0.6952380952380952,0.6666666666666666,0.819047619047619,7.920736000000003,15.622776862914849,43.26600927849927,0.010416666666666666,0.26881720430107525,0.46875,73,70,86,0.6748768472906403,0.37438423645320196,0.5221674876847291,2.227599,4.326494,8.521982,0.005319148936170213,0.75,0.7528089887640449,137,76,106
688,0.8385416666666666,0.296875,0.34375,67.29858157142857,68.78369514285711,90.83086395238097,0.28,0.9508196721311475,0.9776785714285714,161,57,66,0.6761904761904762,0.7047619047619048,0.819047619047619,7.75337961616162,16.34809595382394,43.25504527849927,0.010309278350515464,0.18681318681318682,0.46875,71,74,86,0.6699507389162561,0.37438423645320196,0.5517241379310345,2.269461,4.347875,8.522475,0.0106951871657754,0.7359154929577465,0.7572254335260116,136,76,112
689,0.8333333333333334,0.20833333333333334,0.21875,69.31043614285713,40.83200366666668,55.597596380952396,0.2647058823529412,0.9741379310344828,0.965,160,40,42,0.6761904761904762,0.6,0.5428571428571428,7.281329727272732,9.45243576911976,25.12280238961039,0.0,0.14772727272727273,0.41935483870967744,71,63,57,0.6650246305418719,0.26108374384236455,0.2857142857142857,2.237746,2.044679,4.927772,0.0,0.7293233082706767,0.7692307692307693,135,53,58
690,0.828125,0.21354166666666666,0.20833333333333334,68.49571057142855,43.253580095238114,53.77967180952381,0.21621621621621623,0.9720670391061452,0.946236559139785,159,41,40,0.6571428571428571,0.5428571428571428,0.5428571428571428,7.37729761616162,9.054833163059152,25.061886389610386,0.010638297872340425,0.10606060606060606,0.2727272727272727,69,57,57,0.6896551724137931,0.270935960591133,0.2955665024630542,2.215331,2.076847,5.003439,0.015544041450777202,0.7014084507042253,0.5408163265306123,140,55,60
691,0.8385416666666666,0.20833333333333334,0.21875,70.6370517142857,40.419647523809545,54.083097666666674,0.2391304347826087,0.9405405405405406,0.9278350515463918,161,40,42,0.6857142857142857,0.6190476190476191,0.5238095238095238,7.901371111111116,9.080533890331882,25.413405389610386,0.0,0.13513513513513514,0.2727272727272727,72,65,55,0.6847290640394089,0.2512315270935961,0.2955665024630542,2.248137,2.155873,5.040521,0.025906735751295335,0.7478260869565218,0.6736842105263158,139,51,60
692,0.8489583333333334,0.19791666666666666,0.20833333333333334,71.38224219047618,38.59239566666669,52.43465180952381,0.3333333333333333,0.9779005524861878,0.9473684210526315,163,38,40,0.6952380952380952,0.580952380952381,0.5238095238095238,7.9361492727272775,9.061980799422791,25.257537389610388,0.0,0.18181818181818182,0.2727272727272727,73,61,55,0.6896551724137931,0.24630541871921183,0.2561576354679803,2.20198,2.116171,5.009022,0.005235602094240838,0.7327586206896551,0.7075471698113207,140,50,52
693,0.8385416666666666,0.203125,0.20833333333333334,67.28985957142856,38.73730823809525,50.95934909523811,0.275,0.9567567567567568,0.9583333333333334,161,39,40,0.6571428571428571,0.5619047619047619,0.5333333333333333,7.9984110000000035,8.76841174891774,25.45041238961039,0.0,0.25609756097560976,0.25,69,59,56,0.6847290640394089,0.2315270935960591,0.22660098522167488,2.172318,2.018785,5.01764,0.0,0.7416666666666667,0.7787610619469026,139,47,46
694,0.8541666666666666,0.203125,0.20833333333333334,72.49906714285714,40.596980523809535,51.08778223809524,0.3,0.967391304347826,1.0,164,39,40,0.6666666666666666,0.5047619047619047,0.5142857142857142,8.242997888888894,9.2799947085137,25.466202389610388,0.0,0.3974358974358974,0.2222222222222222,70,53,54,0.6748768472906403,0.22660098522167488,0.2315270935960591,2.187696,2.097309,5.017071,0.0,0.776824034334764,0.7583333333333333,137,46,47
695,0.859375,0.203125,0.20833333333333334,72.19037880952378,40.23058609523811,52.57874838095238,0.21428571428571427,0.9723756906077348,0.95,165,39,40,0.6857142857142857,0.49523809523809526,0.5047619047619047,8.376170000000004,9.309571546897539,25.592612389610387,0.0,0.4044943820224719,0.23076923076923078,72,52,53,0.6798029556650246,0.21182266009852216,0.22167487684729065,2.244675,2.095228,4.997052,0.0,0.7872340425531915,0.808695652173913,138,43,45
696,0.8645833333333334,0.19791666666666666,0.19791666666666666,68.89754819047617,40.53370066666669,51.40580538095238,0.10810810810810811,0.9833333333333333,0.9345794392523364,166,38,38,0.6761904761904762,0.5428571428571428,0.5047619047619047,8.153144111111116,9.025035131313121,25.87378038961039,0.0,0.38613861386138615,0.25,71,57,53,0.6748768472906403,0.2019704433497537,0.22167487684729065,2.172624,2.155577,4.950863,0.005128205128205128,0.8008130081300813,0.8017241379310345,137,41,45
697,0.8385416666666666,0.19270833333333334,0.19791666666666666,69.49139861904762,69.58000585714282,86.93378109523809,0.17857142857142858,0.9891304347826086,0.9827586206896551,161,37,38,0.6761904761904762,0.5523809523809524,0.6952380952380952,8.227849761904766,15.935882953823942,43.84910084992784,0.0,0.43137254901960786,0.13333333333333333,71,58,73,0.6699507389162561,0.21182266009852216,0.22660098522167488,2.201503,4.312149,8.546501,0.0,0.7824427480916031,0.8174603174603174,136,43,46
698,0.828125,0.19791666666666666,0.19270833333333334,71.31260633333333,70.42006976190473,86.81387252380952,0.2564102564102564,0.9761904761904762,0.9743589743589743,159,38,37,0.6952380952380952,0.5238095238095238,0.7238095238095238,8.167476000000004,16.35771795382394,43.859808278499266,0.0,0.4854368932038835,0.42424242424242425,73,55,76,0.6748768472906403,0.21182266009852216,0.2315270935960591,2.198628,4.338405,8.538121,0.0,0.8207885304659498,0.8793103448275862,137,43,47
699,0.859375,0.19791666666666666,0.19791666666666666,72.36585828571425,69.1702019047619,87.23792761904761,0.1891891891891892,0.9755102040816327,0.9767441860465116,165,38,38,0.6857142857142857,0.6095238095238096,0.7142857142857143,8.66263272727273,15.681703907647895,44.27787097979797,0.0,0.5080645161290323,0.5714285714285714,72,64,75,0.6798029556650246,0.21182266009852216,0.24630541871921183,2.265863,4.325587,8.56718,0.0,0.825,0.9078341013824884,138,43,50
700,0.8645833333333334,0.203125,0.203125,68.2853027142857,71.14431719047616,89.53032376190474,0.21212121212121213,0.974910394265233,0.9699248120300752,166,39,39,0.7333333333333333,0.5428571428571428,0.7523809523809524,8.27183072727273,15.9216484083694,44.130039979797964,0.01,0.5391304347826087,0.5555555555555556,77,57,79,0.6847290640394089,0.24630541871921183,0.26108374384236455,2.21254,4.272795,8.604428,0.010050251256281407,0.8203592814371258,0.9169675090252708,139,50,53
701,0.8802083333333334,0.203125,0.203125,75.4151480952381,71.33483819047615,90.71285871428569,0.19642857142857142,0.9726027397260274,0.9896907216494846,169,39,39,0.7333333333333333,0.6,0.7714285714285715,8.45619541558442,15.754852458874446,44.59732043434342,0.0,0.4435483870967742,0.515625,77,63,81,0.6699507389162561,0.2660098522167488,0.2512315270935961,2.182735,4.312282,8.649996,0.004975124378109453,0.8097982708933718,0.8846153846153846,136,54,51
702,0.9010416666666666,0.20833333333333334,0.203125,72.04075747619048,70.17621176190472,88.29170866666665,0.21052631578947367,0.9690721649484536,0.9695945945945946,173,40,39,0.7523809523809524,0.6190476190476191,0.7904761904761904,8.488728000000004,16.217229610389595,44.6676777070707,0.0,0.4576271186440678,0.4838709677419355,79,65,83,0.6798029556650246,0.2660098522167488,0.26108374384236455,2.227824,4.324145,8.674938,0.005,0.8433734939759037,0.8648648648648649,138,54,53
703,0.875,0.20833333333333334,0.19791666666666666,71.98491757142857,67.90703638095236,90.68598909523809,0.24242424242424243,0.9824561403508771,0.9829931972789115,168,40,38,0.7142857142857143,0.6285714285714286,0.8,8.454568000000004,16.28079006493505,44.46287197979797,0.0,0.392,0.5,75,66,84,0.6748768472906403,0.2561576354679803,0.270935960591133,2.183792,4.347857,8.744194,0.005050505050505051,0.825,0.8412162162162162,137,52,55
704,0.875,0.203125,0.1875,73.79706023809521,68.36831590476189,91.01892138095239,0.2647058823529412,0.9755244755244755,0.98989898989899,168,39,36,0.7142857142857143,0.6285714285714286,0.7904761904761904,8.556000571428575,16.426030640692627,44.47336588888887,0.0,0.45689655172413796,0.5370370370370371,75,66,83,0.6748768472906403,0.2561576354679803,0.27586206896551724,2.133921,4.32839,8.679252,0.005,0.8011527377521613,0.8366013071895425,137,52,56
705,0.8697916666666666,0.203125,0.19270833333333334,75.40262323809523,68.67436009523807,88.91558109523811,0.14634146341463414,0.9827586206896551,0.976897689768977,167,39,37,0.7238095238095238,0.6666666666666666,0.780952380952381,8.948244317460325,17.029217842712832,44.55403497979797,0.0,0.4528301886792453,0.5254237288135594,76,70,82,0.6699507389162561,0.270935960591133,0.2857142857142857,2.137272,4.318195,8.702743,0.005050505050505051,0.8064516129032258,0.8394648829431438,136,55,58
706,0.8802083333333334,0.20833333333333334,0.19270833333333334,72.72998504761904,68.65067447619045,89.82504876190475,0.15384615384615385,0.9790209790209791,0.9865771812080537,169,40,37,0.7428571428571429,0.6857142857142857,0.8,8.026163727272731,16.983042610389596,44.466647323232316,0.0,0.45132743362831856,0.55,78,72,84,0.6551724137931034,0.270935960591133,0.2857142857142857,2.196027,4.386783,8.685169,0.005128205128205128,0.8374233128834356,0.85,133,55,58
707,0.8541666666666666,0.203125,0.19270833333333334,73.02925009523808,68.2574954285714,91.14629904761902,0.17647058823529413,0.9790940766550522,0.9898305084745763,164,39,37,0.7238095238095238,0.6666666666666666,0.8,8.050723272727277,17.1268816103896,44.55149043434342,0.0,0.4368932038834951,0.5882352941176471,76,70,84,0.6502463054187192,0.2660098522167488,0.2857142857142857,2.160492,4.445619,8.730302,0.0,0.8296529968454258,0.8458904109589042,132,54,58
708,0.875,0.20833333333333334,0.19270833333333334,73.60479819047617,70.62782552380949,91.06383847619047,0.16666666666666666,0.9825174825174825,0.9899328859060402,168,40,37,0.7238095238095238,0.6952380952380952,0.7904761904761904,8.394321000000003,17.27376668109667,44.56522197979797,0.0,0.45132743362831856,0.54,76,73,83,0.6502463054187192,0.26108374384236455,0.2857142857142857,2.163174,4.401697,8.650781,0.0,0.8012232415902141,0.8430034129692833,132,53,58
709,0.859375,0.20833333333333334,0.19270833333333334,75.78350476190475,69.8288403333333,91.5428379047619,0.19444444444444445,0.9759450171821306,0.9798657718120806,165,40,37,0.7047619047619048,0.638095238095238,0.8,8.439936181818183,17.23482708513707,44.41337370707069,0.0,0.49504950495049505,0.5882352941176471,74,67,84,0.6403940886699507,0.2660098522167488,0.2955665024630542,2.16421,4.385582,8.652424,0.0,0.826865671641791,0.862876254180602,130,54,60
710,0.84375,0.19791666666666666,0.19270833333333334,73.05229757142855,67.37774647619045,90.72141433333331,0.15555555555555556,0.9895470383275261,0.9867109634551495,162,38,37,0.7428571428571429,0.6857142857142857,0.8095238095238095,8.853695818181825,17.489128206349193,44.50266797979797,0.0,0.43564356435643564,0.6078431372549019,78,72,85,0.6403940886699507,0.270935960591133,0.29064039408866993,2.187009,4.427154,8.702841,0.005076142131979695,0.8489425981873112,0.8571428571428571,130,55,59
711,0.859375,0.203125,0.19270833333333334,76.2939407142857,70.5704409523809,89.94369219047618,0.2558139534883721,0.9794520547945206,0.9831649831649831,165,39,37,0.7619047619047619,0.6666666666666666,0.8095238095238095,8.699613000000003,17.547242044733032,44.592797707070694,0.0,0.44086021505376344,0.5918367346938775,80,70,85,0.6502463054187192,0.2660098522167488,0.27586206896551724,2.197698,4.425755,8.763687,0.00510204081632653,0.8412698412698413,0.8666666666666667,132,54,56
712,0.8854166666666666,0.19791666666666666,0.19270833333333334,77.73399071428571,71.72493452380947,88.94339104761903,0.24390243902439024,0.979381443298969,0.9764309764309764,170,38,37,0.7428571428571429,0.6095238095238096,0.7904761904761904,8.485289460317462,17.502686135642126,44.61907370707069,0.0,0.5666666666666667,0.6041666666666666,78,64,83,0.6502463054187192,0.2561576354679803,0.28078817733990147,2.273933,4.402868,8.680064,0.01015228426395939,0.8358662613981763,0.8344594594594594,132,52,57
713,0.8854166666666666,0.203125,0.19270833333333334,72.29546042857143,70.11231247619044,89.22711519047618,0.23684210526315788,0.9792387543252595,0.9765100671140939,170,39,37,0.7238095238095238,0.6857142857142857,0.8,8.371976539682544,17.781961681096668,44.638293979797965,0.0,0.45098039215686275,0.58,76,72,84,0.6502463054187192,0.26108374384236455,0.2955665024630542,2.22017,4.373221,8.657559,0.0051813471502590676,0.8353658536585366,0.8421052631578947,132,53,60
714,0.859375,0.19791666666666666,0.19270833333333334,76.53085595238096,69.23326819047617,89.48326004761901,0.2903225806451613,0.9826388888888888,0.9831081081081081,165,38,37,0.7142857142857143,0.6666666666666666,0.8,8.328614000000005,18.45372073160172,44.783905707070694,0.0,0.5,0.6041666666666666,75,70,84,0.645320197044335,0.2660098522167488,0.2955665024630542,2.240777,4.383995,8.661511,0.005154639175257732,0.8503184713375797,0.8533333333333334,131,54,60
715,0.8697916666666666,0.19791666666666666,0.19270833333333334,75.15141385714284,70.27266547619044,90.77470904761903,0.15217391304347827,0.9756944444444444,0.9831649831649831,167,38,37,0.7142857142857143,0.6666666666666666,0.7904761904761904,8.413417000000004,18.39603384271283,44.67981697979797,0.0,0.4897959183673469,0.5918367346938775,75,70,83,0.6354679802955665,0.2512315270935961,0.29064039408866993,2.272082,4.339493,8.746061,0.005128205128205128,0.853035143769968,0.8508474576271187,129,51,59
716,0.875,0.203125,0.19270833333333334,76.5928797142857,69.65171290476187,90.72746447619045,0.225,0.9826388888888888,0.9832214765100671,168,39,37,0.7047619047619048,0.6952380952380952,0.8,8.132180272727275,18.18086029725829,44.58844543434342,0.0,0.4842105263157895,0.58,74,73,84,0.6354679802955665,0.26108374384236455,0.29064039408866993,2.276642,4.357354,8.736184,0.0051813471502590676,0.8492307692307692,0.8504983388704319,129,53,59
717,0.8802083333333334,0.203125,0.19270833333333334,72.30180628571428,69.867024047619,90.53958476190475,0.13953488372093023,0.9823943661971831,0.9865319865319865,169,39,37,0.7047619047619048,0.6571428571428571,0.7904761904761904,8.203771317460323,18.318412883116867,44.83532470707069,0.0,0.43820224719101125,0.6041666666666666,74,69,83,0.6305418719211823,0.270935960591133,0.28078817733990147,2.262401,4.44833,8.723565,0.0,0.8512658227848101,0.8542372881355932,128,55,57
718,0.8697916666666666,0.203125,0.19270833333333334,77.01460538095237,70.453451047619,92.97631076190474,0.21212121212121213,0.9825783972125436,0.9864406779661017,167,39,37,0.6857142857142857,0.6571428571428571,0.8,8.304154000000002,18.146382499278488,44.790243707070694,0.0,0.4772727272727273,0.6041666666666666,72,69,84,0.6354679802955665,0.26108374384236455,0.2955665024630542,2.266003,4.429715,8.659296,0.005154639175257732,0.8512658227848101,0.8541666666666666,129,53,60
719,0.890625,0.19791666666666666,0.19270833333333334,72.7355980952381,70.7506307619047,90.10395504761902,0.20833333333333334,0.9792387543252595,0.9833333333333333,171,38,37,0.7238095238095238,0.6476190476190476,0.7714285714285715,8.368239888888892,17.973190539682527,44.65400770707069,0.0,0.46808510638297873,0.58,76,68,81,0.6403940886699507,0.26108374384236455,0.2955665024630542,2.281,4.390937,8.648272,0.0,0.8476190476190476,0.8711864406779661,130,53,60
720,0.8854166666666666,0.19791666666666666,0.19270833333333334,73.58875452380953,72.54738861904757,90.39809376190475,0.13513513513513514,0.9724137931034482,0.9865771812080537,170,38,37,0.7047619047619048,0.6095238095238096,0.7904761904761904,7.907178727272731,17.86712742857142,44.702836707070695,0.0,0.5274725274725275,0.5686274509803921,74,64,83,0.6403940886699507,0.26108374384236455,0.2857142857142857,2.24496,4.414232,8.7538,0.0,0.8575851393188855,0.8844765342960289,130,53,58
721,0.890625,0.19791666666666666,0.19270833333333334,73.36655966666666,73.75502109523805,90.0987536190476,0.15789473684210525,0.9929577464788732,0.9932885906040269,171,38,37,0.7142857142857143,0.6476190476190476,0.8,7.619236181818186,18.69082402453101,44.765530707070695,0.0,0.47058823529411764,0.6170212765957447,75,68,84,0.6354679802955665,0.26108374384236455,0.2857142857142857,2.265464,4.441681,8.679489,0.0,0.8481012658227848,0.8571428571428571,129,53,58
722,0.9166666666666666,0.19270833333333334,0.19270833333333334,72.92683942857141,71.09332799999996,90.44672761904759,0.1111111111111111,0.9826388888888888,0.9767441860465116,176,37,37,0.7428571428571429,0.6571428571428571,0.8,8.064301818181821,18.290599569985556,45.05367370707069,0.0,0.48484848484848486,0.5918367346938775,78,69,84,0.6354679802955665,0.26108374384236455,0.29064039408866993,2.192443,4.358437,8.669089,0.0,0.8348623853211009,0.872852233676976,129,53,59
723,0.9010416666666666,0.19791666666666666,0.19270833333333334,69.1848549047619,70.31005404761899,89.58642247619046,0.12195121951219512,0.9826388888888888,0.9899328859060402,173,38,37,0.7428571428571429,0.6476190476190476,0.8,7.473406454545458,17.86236384271283,45.073342707070694,0.0,0.4842105263157895,0.5918367346938775,78,68,84,0.6305418719211823,0.270935960591133,0.2857142857142857,2.284459,4.461327,8.704044,0.0,0.8594249201277955,0.8576388888888888,128,55,58
724,0.875,0.19270833333333334,0.1875,74.80865547619048,69.99855623809518,87.7526616190476,0.15625,0.9861111111111112,0.9798657718120806,168,37,36,0.7333333333333333,0.6761904761904762,0.7904761904761904,8.015325000000004,18.182311772005757,45.11399870707069,0.0,0.5057471264367817,0.6304347826086957,77,71,83,0.6354679802955665,0.26108374384236455,0.2857142857142857,2.264587,4.418339,8.696219,0.0,0.8471337579617835,0.8626760563380281,129,53,58
725,0.90625,0.19791666666666666,0.19270833333333334,72.965445,70.8600025714285,88.34687047619046,0.13513513513513514,0.9759450171821306,0.9865319865319865,174,38,37,0.7333333333333333,0.638095238095238,0.780952380952381,8.155543000000005,18.61562477200576,45.24466143434342,0.0,0.47435897435897434,0.5957446808510638,77,67,82,0.6600985221674877,0.26108374384236455,0.29064039408866993,2.224702,4.421824,8.695164,0.0,0.8461538461538461,0.8571428571428571,134,53,59
726,0.9010416666666666,0.22916666666666666,0.234375,72.10932328571428,71.84493233333325,90.8336323809524,0.15151515151515152,0.968421052631579,0.9590443686006825,173,44,45,0.7047619047619048,0.6952380952380952,0.780952380952381,8.009531454545458,18.312118569985557,45.46979470707069,0.0,0.422680412371134,0.5869565217391305,74,73,82,0.645320197044335,0.2660098522167488,0.29064039408866993,2.259179,4.390586,8.67164,0.0,0.8504672897196262,0.863481228668942,131,54,59
727,0.8958333333333334,0.234375,0.234375,72.80865495238093,73.86420252380945,92.82245452380953,0.08333333333333333,0.9713261648745519,0.9820143884892086,172,45,45,0.7142857142857143,0.638095238095238,0.8095238095238095,7.598735272727276,18.321983812409798,45.06111743434342,0.009708737864077669,0.525,0.6,75,67,85,0.645320197044335,0.2660098522167488,0.2955665024630542,2.251679,4.474631,8.724081,0.0,0.8439490445859873,0.8689655172413793,131,54,60
728,0.9010416666666666,0.234375,0.234375,73.31761085714285,75.39339857142852,94.90030723809522,0.1891891891891892,0.9711191335740073,0.9785714285714285,173,45,45,0.7333333333333333,0.6761904761904762,0.8095238095238095,7.81633965656566,18.241763317460308,45.278324707070695,0.0,0.41836734693877553,0.675,77,71,85,0.6354679802955665,0.2413793103448276,0.2857142857142857,2.201888,4.37933,8.632548,0.0,0.8348909657320872,0.8697183098591549,129,49,58
729,0.90625,0.234375,0.234375,74.15879757142858,74.62620428571424,97.04803038095237,0.030303030303030304,0.9747292418772563,0.9857142857142858,174,45,45,0.7142857142857143,0.6476190476190476,0.8,7.872354888888893,18.176260772005758,45.23819070707069,0.0,0.4,0.6666666666666666,75,68,84,0.6403940886699507,0.26108374384236455,0.29064039408866993,2.27447,4.377973,8.639052,0.0,0.8115501519756839,0.8768115942028986,130,53,59
730,0.8802083333333334,0.234375,0.234375,72.91754542857143,73.85159228571425,92.24677552380953,0.03125,0.9746376811594203,0.978494623655914,169,45,45,0.7238095238095238,0.6285714285714286,0.8095238095238095,7.951046272727276,18.00808313564212,45.31186170707069,0.0,0.40963855421686746,0.6875,76,66,85,0.6403940886699507,0.2660098522167488,0.2955665024630542,2.195219,4.403935,8.65649,0.0,0.817629179331307,0.8909090909090909,130,54,60
731,0.890625,0.234375,0.234375,69.56405323809524,74.23651290476185,90.16015247619045,0.09375,0.9712230215827338,0.9784172661870504,171,45,45,0.7142857142857143,0.6952380952380952,0.8095238095238095,8.177845044733049,18.499488681096665,45.187557707070695,0.0,0.4090909090909091,0.6875,75,73,85,0.6403940886699507,0.26108374384236455,0.29064039408866993,2.25041,4.434679,8.689678,0.0,0.8181818181818182,0.9003690036900369,130,53,59
732,0.8958333333333334,0.234375,0.234375,72.9432266190476,74.04639661904758,92.73620609523809,0.058823529411764705,0.9638989169675091,0.9683098591549296,172,45,45,0.6952380952380952,0.6190476190476191,0.819047619047619,8.150437571428576,18.51990795382394,45.24372070707069,0.0,0.3764705882352941,0.6666666666666666,73,65,86,0.6403940886699507,0.26108374384236455,0.29064039408866993,2.256507,4.37118,8.680558,0.0,0.8173652694610778,0.8825622775800712,130,53,59
733,0.8645833333333334,0.22916666666666666,0.234375,73.13745514285714,75.27983647619041,93.97443023809522,0.05714285714285714,0.9853479853479854,0.9745454545454545,166,44,45,0.6857142857142857,0.6190476190476191,0.819047619047619,7.876326714285719,18.374007933621918,45.18344170707069,0.0,0.3978494623655914,0.6875,72,65,86,0.6403940886699507,0.270935960591133,0.2955665024630542,2.213538,4.404455,8.6167,0.0,0.8206686930091185,0.8869257950530035,130,55,60
734,0.875,0.22916666666666666,0.22916666666666666,73.0809346190476,72.52215276190469,94.85066938095237,0.0975609756097561,0.9854545454545455,0.9713261648745519,168,44,44,0.6952380952380952,0.6190476190476191,0.819047619047619,8.163357888888893,18.1049691154401,45.47108370707069,0.0,0.4772727272727273,0.6875,73,65,86,0.6403940886699507,0.2561576354679803,0.29064039408866993,2.243979,4.399123,8.67021,0.005263157894736842,0.846875,0.8970588235294118,130,52,59
735,0.8854166666666666,0.234375,0.234375,71.85811152380951,71.89226476190467,94.71571738095237,0.0,0.967741935483871,0.9819494584837545,170,45,45,0.6761904761904762,0.6476190476190476,0.819047619047619,8.080372000000004,18.419402479076464,45.386736707070696,0.0,0.39361702127659576,0.7096774193548387,71,68,86,0.6305418719211823,0.2561576354679803,0.30049261083743845,2.20351,4.426371,8.686903,0.0,0.8246153846153846,0.8913043478260869,128,52,61
736,0.9010416666666666,0.234375,0.22395833333333334,73.3308679047619,70.31624176190469,91.73008895238094,0.0,0.9779411764705882,0.9781021897810219,173,45,43,0.6761904761904762,0.6571428571428571,0.8285714285714286,7.9065293838383885,17.96535122655121,45.386736707070696,0.0,0.4111111111111111,0.7857142857142857,71,69,87,0.6403940886699507,0.270935960591133,0.2955665024630542,2.194573,4.476471,8.667698,0.0,0.827893175074184,0.9,130,55,60
737,0.8854166666666666,0.22916666666666666,0.22916666666666666,72.15644057142855,71.46211519047613,94.48845566666667,0.06666666666666667,0.9739776951672863,0.9602888086642599,170,44,44,0.7047619047619048,0.6285714285714286,0.8285714285714286,8.23713454545455,17.934915226551208,45.386736707070696,0.0,0.44047619047619047,0.7857142857142857,74,66,87,0.6403940886699507,0.270935960591133,0.2857142857142857,2.184186,4.519794,8.717521,0.0,0.8354037267080745,0.9077490774907749,130,55,58
738,0.84375,0.234375,0.234375,71.14483866666666,71.0003211904761,92.1781110952381,0.11428571428571428,0.9814814814814815,0.978021978021978,162,45,45,0.6952380952380952,0.6571428571428571,0.8285714285714286,7.490150539682544,18.129259388167377,45.58446870707069,0.0,0.4,0.8148148148148148,73,69,87,0.6354679802955665,0.2561576354679803,0.2955665024630542,2.231874,4.468658,8.711004,0.0,0.8338557993730408,0.9136690647482014,129,52,60
739,0.8697916666666666,0.22916666666666666,0.234375,72.98623614285715,70.83020276190469,92.01687838095239,0.10869565217391304,0.9630996309963099,0.9565217391304348,167,44,45,0.6761904761904762,0.6476190476190476,0.8285714285714286,7.400616000000005,18.08256217604616,45.579077707070695,0.0,0.39080459770114945,0.7857142857142857,71,68,87,0.625615763546798,0.26108374384236455,0.29064039408866993,2.204358,4.446517,8.662557,0.0,0.8374233128834356,0.9021739130434783,127,53,59
740,0.8958333333333334,0.234375,0.234375,71.54917547619046,70.70549476190469,92.81950780952383,0.07894736842105263,0.9706959706959707,0.9775280898876404,172,45,45,0.6857142857142857,0.6190476190476191,0.8285714285714286,7.574051000000004,18.25933306493505,45.486912707070694,0.0,0.41975308641975306,0.7857142857142857,72,65,87,0.6354679802955665,0.2561576354679803,0.29064039408866993,2.240121,4.396601,8.62258,0.0,0.8176100628930818,0.9154411764705882,129,52,59
741,0.8697916666666666,0.234375,0.234375,75.79125899999997,70.25017676190468,95.16193623809522,0.08333333333333333,0.9816176470588235,0.9737827715355806,167,45,45,0.7047619047619048,0.638095238095238,0.819047619047619,7.311257111111114,18.24796377200575,45.829021707070694,0.0,0.3548387096774194,0.7857142857142857,74,67,86,0.6354679802955665,0.270935960591133,0.30049261083743845,2.223031,4.458937,8.661046,0.0,0.8291925465838509,0.9285714285714286,129,55,61
742,0.8697916666666666,0.234375,0.234375,73.4430411904762,71.07468704761897,92.25187666666666,0.058823529411764705,0.9703703703703703,0.9737827715355806,167,45,45,0.7047619047619048,0.6285714285714286,0.8285714285714286,7.487945733044737,18.308637751803737,45.87798870707069,0.0,0.4235294117647059,0.7666666666666667,74,66,87,0.625615763546798,0.2660098522167488,0.29064039408866993,2.194226,4.512212,8.685182,0.0,0.8381877022653722,0.9613899613899614,127,54,59
743,0.8802083333333334,0.234375,0.234375,76.87867614285712,71.54728804761898,94.33105023809523,0.0625,0.9632352941176471,0.9773584905660377,169,45,45,0.6952380952380952,0.6666666666666666,0.8285714285714286,7.287638777777781,18.43594209523808,45.687215161616145,0.0,0.36363636363636365,0.7142857142857143,73,70,87,0.6206896551724138,0.2660098522167488,0.2955665024630542,2.23981,4.506692,8.684324,0.0,0.8096774193548387,0.9490196078431372,126,54,60
744,0.875,0.22916666666666666,0.234375,79.48274238095239,73.23678804761896,91.5178168095238,0.10714285714285714,0.9812734082397003,0.9774436090225563,168,44,45,0.7142857142857143,0.6,0.8285714285714286,7.483298000000005,18.05704720634919,45.78417470707069,0.0,0.44047619047619047,0.7096774193548387,75,63,87,0.6206896551724138,0.26108374384236455,0.29064039408866993,2.282155,4.470876,8.64809,0.0,0.81875,0.95703125,126,53,59
745,0.875,0.234375,0.234375,71.30181804761905,72.69704919047611,92.4518938095238,0.06976744186046512,0.977859778597786,0.9772727272727273,168,45,45,0.7047619047619048,0.6,0.8285714285714286,7.599084460317464,18.01414638816737,45.73629697979797,0.0,0.36082474226804123,0.6774193548387096,74,63,87,0.625615763546798,0.2660098522167488,0.30049261083743845,2.246431,4.509075,8.65908,0.0,0.8291139240506329,0.9529411764705882,127,54,61
746,0.875,0.22395833333333334,0.234375,71.58731409523809,70.72970690476183,92.21006095238096,0.09090909090909091,0.9814814814814815,0.9701492537313433,168,43,45,0.6761904761904762,0.6285714285714286,0.819047619047619,7.441566111111115,18.441059610389594,45.74247800577199,0.0,0.375,0.8181818181818182,71,66,86,0.6305418719211823,0.2660098522167488,0.2955665024630542,2.252891,4.502861,8.655062,0.0,0.8201892744479495,0.9610894941634242,128,54,60
747,0.8802083333333334,0.234375,0.234375,75.91445942857145,70.08634119047612,91.49201323809524,0.05714285714285714,0.9633699633699634,0.966542750929368,169,45,45,0.638095238095238,0.6666666666666666,0.8285714285714286,7.635962000000005,17.798411317460303,45.784200707070696,0.0,0.34375,0.6666666666666666,67,70,87,0.6354679802955665,0.26108374384236455,0.2955665024630542,2.262514,4.58617,8.691342,0.0,0.8296529968454258,0.9571984435797666,129,53,60
748,0.875,0.234375,0.234375,76.3676429047619,69.8290757619047,92.44307195238096,0.047619047619047616,0.9776119402985075,0.9850187265917603,168,45,45,0.6571428571428571,0.6666666666666666,0.8285714285714286,7.866570272727277,17.94439818037517,45.86366370707069,0.0,0.3541666666666667,0.64,69,70,87,0.6403940886699507,0.2660098522167488,0.29064039408866993,2.28974,4.528283,8.665517,0.0,0.8150470219435737,0.9471698113207547,130,54,59
749,0.875,0.234375,0.234375,73.04385657142853,69.8098557619047,89.6135758095238,0.045454545454545456,0.9848484848484849,0.9657794676806084,168,45,45,0.6666666666666666,0.6476190476190476,0.819047619047619,7.975953888888893,17.857300479076464,45.83922170707069,0.0,0.34831460674157305,0.6956521739130435,70,68,86,0.6305418719211823,0.26108374384236455,0.2955665024630542,2.245959,4.566312,8.707001,0.0,0.822429906542056,0.9457364341085271,128,53,60
750,0.8854166666666666,0.234375,0.234375,70.73643966666667,68.65111690476184,89.9080142380952,0.0,0.9847908745247148,0.9810606060606061,170,45,45,0.6571428571428571,0.6571428571428571,0.8380952380952381,7.87981066666667,17.90769204473303,45.78944359595958,0.0,0.4019607843137255,0.6666666666666666,69,69,88,0.6354679802955665,0.26108374384236455,0.29064039408866993,2.267335,4.57226,8.666459,0.0,0.8417721518987342,0.9455252918287937,129,53,59
751,0.8385416666666666,0.234375,0.234375,73.8562662380952,72.62055976190469,93.55978666666665,0.0,0.9703703703703703,0.9659090909090909,161,45,45,0.6571428571428571,0.5523809523809524,0.8285714285714286,7.526999000000004,18.021857246753235,45.85999197979797,0.0,0.3707865168539326,0.6956521739130435,69,58,87,0.6305418719211823,0.26108374384236455,0.30049261083743845,2.244241,4.575081,8.683713,0.0,0.8371335504885994,0.95,128,53,61
752,0.8541666666666666,0.22916666666666666,0.22916666666666666,70.63770290476191,73.33845190476184,92.12608523809526,0.0,0.9738805970149254,0.9846153846153847,164,44,44,0.6476190476190476,0.638095238095238,0.8285714285714286,7.8070094285714315,17.70127254978354,45.87739759595958,0.0,0.30392156862745096,0.7272727272727273,68,67,87,0.6354679802955665,0.270935960591133,0.30049261083743845,2.367583,4.579968,8.70348,0.0,0.8366013071895425,0.9455252918287937,129,55,61
753,0.859375,0.234375,0.234375,74.28178185714285,76.63640290476184,92.67634666666667,0.0,0.9923664122137404,0.9688715953307393,165,45,45,0.6476190476190476,0.580952380952381,0.819047619047619,7.2114768888888925,17.669423297258284,45.806432545454534,0.0,0.41379310344827586,0.7619047619047619,68,61,86,0.6157635467980296,0.2561576354679803,0.29064039408866993,2.289606,4.60586,8.731012,0.0,0.8366666666666667,0.952755905511811,125,52,59
754,0.8489583333333334,0.234375,0.234375,73.94553557142855,72.63014590476182,90.83599166666666,0.0,0.9772727272727273,0.9800796812749004,163,45,45,0.6761904761904762,0.6571428571428571,0.819047619047619,8.008880000000005,17.713661317460303,45.86512970707069,0.0,0.36666666666666664,0.7272727272727273,71,69,86,0.625615763546798,0.26108374384236455,0.2955665024630542,2.286588,4.645197,8.697475,0.0,0.8250825082508251,0.9233716475095786,127,53,60
755,0.8541666666666666,0.22395833333333334,0.234375,74.40238766666664,71.43429333333326,88.85129666666667,0.0,0.9774436090225563,0.9723320158102767,164,43,45,0.6761904761904762,0.638095238095238,0.8285714285714286,7.574556616161619,17.72502536796535,45.82844070707069,0.0,0.3225806451612903,0.68,71,67,87,0.6354679802955665,0.2660098522167488,0.2955665024630542,2.311711,4.57538,8.722455,0.0,0.8131147540983606,0.9307692307692308,129,54,60
756,0.84375,0.234375,0.22916666666666666,75.34440257142856,73.08623533333325,91.5099180952381,0.02857142857142857,0.9700374531835206,0.972972972972973,162,45,44,0.6666666666666666,0.580952380952381,0.8285714285714286,8.219940888888893,17.78493433766232,45.76547070707069,0.0,0.38271604938271603,0.7619047619047619,70,61,87,0.6403940886699507,0.2660098522167488,0.2955665024630542,2.2965,4.556272,8.730863,0.0,0.8456375838926175,0.9144981412639405,130,54,60
757,0.84375,0.234375,0.22916666666666666,73.86616452380952,71.58542119047613,91.81468166666666,0.0,0.9811320754716981,0.9881889763779528,162,45,44,0.6476190476190476,0.6476190476190476,0.819047619047619,7.328189454545458,17.242586499278485,45.849261707070696,0.0,0.3431372549019608,0.8888888888888888,68,68,86,0.6551724137931034,0.26108374384236455,0.30049261083743845,2.256649,4.612375,8.796348,0.0,0.8316498316498316,0.9182156133828996,133,53,61
758,0.8177083333333334,0.234375,0.234375,70.40953195238096,71.52333304761898,91.71262338095238,0.0,0.9624060150375939,0.9683794466403162,157,45,45,0.6571428571428571,0.638095238095238,0.819047619047619,7.822809616161619,16.992188681096664,45.88839070707069,0.0,0.3068181818181818,0.6956521739130435,69,67,86,0.6600985221674877,0.26108374384236455,0.2955665024630542,2.286318,4.589876,8.782998,0.0,0.8151815181518152,0.9070631970260223,134,53,60
759,0.8489583333333334,0.234375,0.234375,75.185905,73.77217276190468,90.9743813809524,0.0,0.9770114942528736,0.9880952380952381,163,45,45,0.6571428571428571,0.6476190476190476,0.819047619047619,7.6176432727272765,17.425756428571415,45.847473595959585,0.0,0.38636363636363635,0.7272727272727273,69,68,86,0.6502463054187192,0.270935960591133,0.2955665024630542,2.288176,4.598872,8.77099,0.0,0.8178807947019867,0.9063670411985019,132,55,60
760,0.8229166666666666,0.22916666666666666,0.22916666666666666,73.73220952380952,71.50535047619039,90.57677523809524,0.0,0.9695817490494296,0.9801587301587301,158,44,44,0.6190476190476191,0.6476190476190476,0.8285714285714286,7.688182701298706,17.432630226551208,45.91367643434342,0.0,0.3263157894736842,0.7619047619047619,65,68,87,0.6600985221674877,0.26108374384236455,0.29064039408866993,2.268764,4.552196,8.754028,0.0,0.8398692810457516,0.9104477611940298,134,53,59
761,0.8177083333333334,0.22916666666666666,0.22395833333333334,72.59209619047618,72.62959519047612,92.72671852380952,0.0,0.9771863117870723,0.984251968503937,157,44,43,0.6,0.6190476190476191,0.8285714285714286,7.336535000000005,18.13533227705626,45.79169309090908,0.0,0.34831460674157305,0.7619047619047619,63,65,87,0.6551724137931034,0.2660098522167488,0.2955665024630542,2.280595,4.641305,8.754184,0.0,0.8266666666666667,0.9033457249070632,133,54,60
762,0.84375,0.2604166666666667,0.265625,69.58639071428571,72.53935533333325,92.51553952380952,0.0,0.9696969696969697,0.946360153256705,162,50,51,0.6095238095238096,0.638095238095238,0.8476190476190476,7.894476888888892,17.197959388167376,45.89006170707069,0.0,0.3069306930693069,0.6956521739130435,64,67,89,0.6699507389162561,0.3054187192118227,0.33497536945812806,2.283995,4.657672,8.750819,0.0,0.8038585209003215,0.875,136,62,68
763,0.8697916666666666,0.265625,0.265625,74.07714885714286,74.01784957142851,94.53440038095238,0.0,0.9622641509433962,0.9760956175298805,167,51,51,0.6476190476190476,0.638095238095238,0.8571428571428571,7.919490571428575,17.580005660894646,46.077183979797965,0.0,0.3263157894736842,0.6153846153846154,68,67,90,0.6798029556650246,0.3251231527093596,0.3448275862068966,2.317893,4.615277,8.781459,0.0,0.7917981072555205,0.8643410852713178,138,66,70
764,0.859375,0.265625,0.2552083333333333,71.13521142857144,76.94230971428564,93.67519895238095,0.047619047619047616,0.9655172413793104,0.9760956175298805,165,51,49,0.638095238095238,0.6,0.8476190476190476,7.578148317460322,18.083980994227982,45.93647570707069,0.0,0.3592233009708738,0.5517241379310345,67,63,89,0.6798029556650246,0.3103448275862069,0.3399014778325123,2.262953,4.716973,8.768009,0.0,0.8187919463087249,0.8745247148288974,138,63,69
765,0.8541666666666666,0.265625,0.2604166666666667,71.17012085714286,75.83100471428565,90.34045123809526,0.05,0.9653846153846154,0.9723320158102767,164,51,50,0.6285714285714286,0.638095238095238,0.8476190476190476,7.483125909090913,18.410709519480502,45.94892559595958,0.0,0.30434782608695654,0.5714285714285714,66,67,89,0.6748768472906403,0.3103448275862069,0.3399014778325123,2.27469,4.809269,8.831137,0.0,0.7814569536423841,0.8705882352941177,137,63,69
766,0.8697916666666666,0.265625,0.265625,72.83538466666667,74.85681499999995,90.65162266666668,0.02702702702702703,0.973384030418251,0.9682539682539683,167,51,51,0.6190476190476191,0.6095238095238096,0.8476190476190476,7.87680011688312,18.069459893217882,46.05822243434342,0.0,0.2916666666666667,0.6153846153846154,65,64,89,0.6748768472906403,0.30049261083743845,0.3448275862068966,2.296859,4.642306,8.899046,0.0,0.7706422018348624,0.8700787401574803,137,61,70
767,0.8697916666666666,0.265625,0.265625,69.86404738095236,74.15097699999995,95.12504923809524,0.0,0.9660377358490566,0.9878048780487805,167,51,51,0.638095238095238,0.6761904761904762,0.8476190476190476,8.223139129870134,17.766109842712826,45.931875707070695,0.0,0.3177570093457944,0.5517241379310345,67,71,89,0.6699507389162561,0.32019704433497537,0.3497536945812808,2.349645,4.669323,8.804738,0.0,0.8006430868167203,0.8435114503816794,136,65,71
768,0.875,0.2604166666666667,0.2604166666666667,72.16237933333333,73.98468357142853,96.29131895238096,0.0,0.980544747081712,0.9838056680161943,168,50,50,0.6190476190476191,0.6285714285714286,0.8571428571428571,7.758855727272731,18.083227499278486,46.044433707070695,0.0,0.3617021276595745,0.5925925925925926,65,66,90,0.6650246305418719,0.3103448275862069,0.3448275862068966,2.313481,4.759268,8.785746,0.0,0.81,0.861003861003861,135,63,70
769,0.8229166666666666,0.265625,0.265625,72.74561214285713,71.32128014285712,95.57520209523808,0.0,0.9727626459143969,0.9717741935483871,158,51,51,0.6285714285714286,0.638095238095238,0.8571428571428571,7.629205000000004,18.054959751803736,46.06296970707069,0.0,0.2553191489361702,0.5517241379310345,66,67,90,0.6551724137931034,0.30049261083743845,0.3497536945812808,2.301758,4.732476,8.860982,0.0,0.8013245033112583,0.8745247148288974,133,61,71
770,0.8385416666666666,0.2552083333333333,0.265625,76.63111266666664,75.00823499999996,95.54487295238094,0.0,0.9541984732824428,0.9673469387755103,161,49,51,0.6476190476190476,0.638095238095238,0.8571428571428571,7.909556272727277,18.319123569985557,46.07406470707069,0.0,0.28421052631578947,0.5925925925925926,68,67,90,0.645320197044335,0.32019704433497537,0.33497536945812806,2.350219,4.707207,8.889629,0.0,0.7746031746031746,0.8685258964143426,131,65,68
771,0.8645833333333334,0.265625,0.265625,74.78665999999997,76.51400785714281,95.89620380952383,0.0,0.96484375,0.9715447154471545,166,51,51,0.638095238095238,0.580952380952381,0.8571428571428571,7.772245034632038,18.092715721500706,45.847801707070694,0.0,0.30337078651685395,0.5925925925925926,67,61,90,0.6650246305418719,0.31527093596059114,0.33497536945812806,2.380416,4.859757,8.816709,0.0,0.819672131147541,0.8333333333333334,135,64,68
772,0.8385416666666666,0.2604166666666667,0.265625,78.14441295238095,78.20390842857138,94.8232038095238,0.0,0.9689922480620154,0.9672131147540983,161,50,51,0.6095238095238096,0.6095238095238096,0.8476190476190476,8.269239597402603,18.39179904473303,45.90247370707069,0.0,0.26136363636363635,0.6153846153846154,64,64,89,0.6650246305418719,0.32019704433497537,0.3497536945812808,2.323066,4.869152,8.892846,0.0,0.7947882736156352,0.8473282442748091,135,65,71
773,0.8385416666666666,0.265625,0.265625,70.29839333333334,74.99551185714282,97.15606095238095,0.0,0.9761904761904762,0.9836734693877551,161,51,51,0.6095238095238096,0.6952380952380952,0.8380952380952381,8.150012000000002,18.306245323232304,45.955484707070696,0.0,0.1958762886597938,0.6153846153846154,64,73,88,0.6748768472906403,0.32019704433497537,0.3448275862068966,2.341227,4.783475,8.888875,0.0,0.8026315789473685,0.8593155893536122,137,65,70
774,0.8333333333333334,0.265625,0.265625,69.92557033333331,78.81852199999996,95.93168866666664,0.0,0.96875,0.9835390946502057,160,51,51,0.6190476190476191,0.638095238095238,0.8380952380952381,8.20041772727273,18.017666979797966,45.93933170707069,0.0,0.22988505747126436,0.64,65,67,88,0.6600985221674877,0.30049261083743845,0.3497536945812808,2.284973,4.808071,8.895953,0.0,0.8156996587030717,0.859375,134,61,71
775,0.8645833333333334,0.296875,0.2864583333333333,78.33707566666664,74.4196488571428,99.02234666666668,0.0,0.9418604651162791,0.9549180327868853,166,57,55,0.6190476190476191,0.6761904761904762,0.8476190476190476,8.609907590187595,18.33294386291485,45.96276370707069,0.0,0.23595505617977527,0.6153846153846154,65,71,89,0.6798029556650246,0.3497536945812808,0.3842364532019704,2.308784,4.788057,8.918506,0.0,0.7785234899328859,0.8160919540229885,138,71,78
776,0.875,0.2916666666666667,0.296875,72.18753623809522,75.9937635714285,100.14563395238096,0.1794871794871795,0.9730769230769231,0.9761904761904762,168,56,57,0.6476190476190476,0.7428571428571429,0.8380952380952381,7.539670428571432,18.901589388167373,46.3620607070707,0.0,0.2604166666666667,0.5333333333333333,68,78,88,0.6650246305418719,0.35467980295566504,0.3842364532019704,2.375065,4.769678,8.939512,0.0053475935828877,0.7679180887372014,0.7969924812030075,135,72,78
777,0.859375,0.296875,0.296875,77.28261314285714,80.53633499999997,97.74675938095238,0.15384615384615385,0.9725490196078431,0.9760956175298805,165,57,57,0.6571428571428571,0.7428571428571429,0.8380952380952381,7.987554727272731,18.61752704473303,46.400605707070696,0.0,0.19791666666666666,0.5161290322580645,69,78,88,0.6798029556650246,0.3645320197044335,0.37438423645320196,2.400597,4.847954,8.914034,0.005319148936170213,0.7663230240549829,0.7931034482758621,138,74,76
778,0.8854166666666666,0.296875,0.296875,76.57702228571428,79.9290038571428,98.6620528095238,0.0975609756097561,0.9618320610687023,0.9606299212598425,170,57,57,0.6476190476190476,0.7142857142857143,0.8380952380952381,7.723385272727276,18.166074569985557,46.873684707070694,0.0,0.24210526315789474,0.5161290322580645,68,75,88,0.6945812807881774,0.3694581280788177,0.3891625615763547,2.420197,4.84047,8.935278,0.005235602094240838,0.7728813559322034,0.8076923076923077,141,75,79
779,0.921875,0.296875,0.296875,75.29660933333331,78.54918285714281,97.64544566666667,0.075,0.9363295880149812,0.9688715953307393,177,57,57,0.6476190476190476,0.6952380952380952,0.8476190476190476,7.806420000000005,18.974786519480503,46.661089707070694,0.0,0.23863636363636365,0.47058823529411764,68,73,89,0.6847290640394089,0.37438423645320196,0.3891625615763547,2.40901,4.896142,8.958041,0.005263157894736842,0.74822695035461,0.8174603174603174,139,76,79
780,0.90625,0.2916666666666667,0.296875,79.66174076190477,77.54379728571423,96.15756295238096,0.02857142857142857,0.96875,0.9761904761904762,174,56,57,0.6476190476190476,0.7142857142857143,0.8476190476190476,7.702910454545457,18.456627569985557,46.820964707070694,0.0,0.1839080459770115,0.4827586206896552,68,75,89,0.6798029556650246,0.3645320197044335,0.37438423645320196,2.321955,4.842545,9.013254,0.005263157894736842,0.7491525423728813,0.8099173553719008,138,74,76
781,0.9010416666666666,0.296875,0.296875,74.23069352380952,79.03174057142853,98.34896309523809,0.0,0.9612403100775194,0.9798387096774194,173,57,57,0.6666666666666666,0.7619047619047619,0.8761904761904762,8.299602000000005,18.69519777200576,47.017973707070695,0.0,0.1978021978021978,0.45161290322580644,70,80,92,0.6995073891625616,0.3694581280788177,0.3793103448275862,2.40685,4.796976,8.903963,0.005235602094240838,0.7517006802721088,0.7906976744186046,142,75,77
782,0.9010416666666666,0.296875,0.296875,77.89400019047616,77.35599599999996,99.74134752380952,0.0,0.9541984732824428,0.9604743083003953,173,57,57,0.6857142857142857,0.7428571428571429,0.8666666666666667,8.13907277777778,18.64452373160172,47.30111070707069,0.0,0.1978021978021978,0.5833333333333334,72,78,91,0.6995073891625616,0.3694581280788177,0.39408866995073893,2.451771,4.886539,8.973591,0.005235602094240838,0.7793103448275862,0.8102766798418972,142,75,80
783,0.8958333333333334,0.2916666666666667,0.296875,78.96509457142858,75.67759857142853,97.46211666666667,0.024390243902439025,0.9725490196078431,0.9721115537848606,172,56,57,0.6857142857142857,0.6666666666666666,0.8761904761904762,7.448464272727276,18.745573034632017,47.112438707070694,0.0,0.25301204819277107,0.5185185185185185,72,70,92,0.7142857142857143,0.35467980295566504,0.3891625615763547,2.392327,4.940437,9.058906,0.01020408163265306,0.7671232876712328,0.8110236220472441,145,72,79
784,0.8802083333333334,0.296875,0.296875,72.11263390476188,74.36153428571426,96.46062966666669,0.047619047619047616,0.9722222222222222,0.984,169,57,57,0.6666666666666666,0.6952380952380952,0.8666666666666667,7.978189000000005,18.81158293362192,46.978275707070694,0.0,0.2413793103448276,0.5384615384615384,70,73,91,0.7044334975369458,0.35960591133004927,0.3842364532019704,2.425252,4.854266,8.969438,0.010309278350515464,0.764505119453925,0.7953667953667953,143,73,78
785,0.9166666666666666,0.296875,0.296875,76.84800457142855,73.13969899999996,93.63133795238097,0.046511627906976744,0.96484375,0.9683794466403162,176,57,57,0.6761904761904762,0.7333333333333333,0.8761904761904762,8.099287000000004,18.890778888888875,47.0705047070707,0.0,0.13186813186813187,0.5185185185185185,71,77,92,0.7142857142857143,0.3645320197044335,0.3891625615763547,2.452527,4.846661,8.98282,0.010309278350515464,0.7777777777777778,0.8117647058823529,145,74,79
786,0.9166666666666666,0.296875,0.2916666666666667,75.04178195238097,75.25192914285711,99.56248452380953,0.03125,0.9678714859437751,0.964,176,57,56,0.6666666666666666,0.7142857142857143,0.8761904761904762,7.773561682539688,18.76271469119768,46.74034970707069,0.0,0.19148936170212766,0.5185185185185185,70,75,92,0.7192118226600985,0.3645320197044335,0.3891625615763547,2.452639,4.809554,9.039204,0.010309278350515464,0.785234899328859,0.807843137254902,146,74,79
787,0.875,0.296875,0.296875,76.71639009523807,77.93911299999996,99.13189066666666,0.05714285714285714,0.9653846153846154,0.9644268774703557,168,57,57,0.6666666666666666,0.7142857142857143,0.8761904761904762,7.987628111111115,18.951563297258286,46.93037070707069,0.0,0.20454545454545456,0.56,70,75,92,0.7093596059113301,0.37438423645320196,0.39408866995073893,2.429662,4.863233,8.990952,0.010471204188481676,0.7874564459930313,0.7953667953667953,144,76,80
788,0.90625,0.3177083333333333,0.3177083333333333,75.36668033333329,77.82001971428566,98.29558838095235,0.05714285714285714,0.9507575757575758,0.9681274900398407,174,61,61,0.6476190476190476,0.7428571428571429,0.8761904761904762,8.342851000000005,19.100126903318884,47.23327970707069,0.0,0.20689655172413793,0.5384615384615384,68,78,92,0.7044334975369458,0.37438423645320196,0.4039408866995074,2.366571,4.877824,8.995895,0.005263157894736842,0.7724137931034483,0.8,143,76,82
789,0.9114583333333334,0.328125,0.328125,79.04772433333336,78.26189399999996,100.24223152380954,0.024390243902439025,0.9409448818897638,0.9628099173553719,175,63,63,0.6285714285714286,0.7238095238095238,0.8761904761904762,8.588769682539686,19.309386226551208,47.175261707070696,0.0,0.19101123595505617,0.4827586206896552,66,76,92,0.6896551724137931,0.3694581280788177,0.4088669950738916,2.36925,4.869283,9.040263,0.005291005291005291,0.7789473684210526,0.7892561983471075,140,75,83
790,0.9322916666666666,0.3333333333333333,0.34375,76.03921419047619,81.27278014285709,99.67577523809526,0.0,0.956,0.9512195121951219,179,64,66,0.638095238095238,0.7428571428571429,0.9047619047619048,8.736203888888895,19.22624268109666,47.19048370707069,0.0,0.17045454545454544,0.5185185185185185,67,78,95,0.7142857142857143,0.4236453201970443,0.43349753694581283,2.351175,4.930765,8.99677,0.00510204081632653,0.7294520547945206,0.7661290322580645,145,86,88
791,0.9114583333333334,0.359375,0.3489583333333333,81.71699219047616,79.80402599999996,101.63044638095238,0.2,0.9494163424124513,0.9714285714285714,175,69,67,0.6571428571428571,0.7333333333333333,0.9047619047619048,8.771250428571433,19.122118640692623,47.30662370707069,0.0,0.16470588235294117,0.5,69,77,95,0.7192118226600985,0.45320197044334976,0.4482758620689655,2.356392,4.972847,9.048148,0.005050505050505051,0.706081081081081,0.7325102880658436,146,92,91
792,0.9114583333333334,0.3541666666666667,0.3541666666666667,76.70310752380952,78.7328348571428,101.45980623809523,0.10204081632653061,0.9459459459459459,0.9486166007905138,175,68,68,0.6571428571428571,0.7333333333333333,0.9142857142857143,8.468204888888891,18.819477226551207,47.129321707070694,0.0,0.16049382716049382,0.4375,69,77,96,0.7241379310344828,0.458128078817734,0.4433497536945813,2.393269,4.980715,8.971812,0.0,0.7006802721088435,0.7398373983739838,147,93,90
793,0.9479166666666666,0.359375,0.359375,79.01992680952381,76.66353514285713,99.26612095238097,0.15,0.952755905511811,0.9836065573770492,182,69,69,0.6476190476190476,0.7238095238095238,0.9238095238095239,8.250746000000005,19.21144153968252,47.31422570707069,0.0,0.13095238095238096,0.45161290322580644,68,76,97,0.7241379310344828,0.4729064039408867,0.4433497536945813,2.362049,5.028104,9.023456,0.0,0.7043189368770764,0.7617021276595745,147,96,90
794,0.953125,0.3541666666666667,0.359375,77.44091357142855,78.29044314285711,100.1864248095238,0.15,0.9682539682539683,0.968,183,68,69,0.6571428571428571,0.6857142857142857,0.9238095238095239,8.547447888888895,19.161154135642118,47.28879770707069,0.0,0.15294117647058825,0.5,69,72,97,0.729064039408867,0.4729064039408867,0.4433497536945813,2.387187,5.114123,9.049194,0.0,0.6915254237288135,0.7478991596638656,148,96,90
795,0.9479166666666666,0.359375,0.3541666666666667,71.68295195238095,76.12395185714283,102.97436209523808,0.16216216216216217,0.9450980392156862,0.967479674796748,182,69,68,0.6571428571428571,0.7428571428571429,0.9047619047619048,8.439479000000004,19.325560438672422,47.458301707070696,0.0,0.15730337078651685,0.5384615384615384,69,78,95,0.7339901477832512,0.46798029556650245,0.4482758620689655,2.403033,5.145811,9.028243,0.0,0.6793103448275862,0.7344398340248963,149,95,91
796,0.9166666666666666,0.359375,0.3541666666666667,78.96300580952378,77.94980385714283,102.40321652380949,0.11764705882352941,0.968,0.9484126984126984,176,69,68,0.6571428571428571,0.7333333333333333,0.8952380952380953,8.491453888888891,19.114298772005757,47.45299870707069,0.0,0.18181818181818182,0.5185185185185185,69,77,94,0.7339901477832512,0.4729064039408867,0.4630541871921182,2.420496,5.159754,9.023241,0.0,0.6840277777777778,0.7419354838709677,149,96,94
797,0.9322916666666666,0.359375,0.3541666666666667,79.65592014285716,78.65674642857138,99.95072338095235,0.13953488372093023,0.9446640316205533,0.9681274900398407,179,69,68,0.6857142857142857,0.7047619047619048,0.9047619047619048,8.927078111111115,19.035561499278483,47.460761707070695,0.0,0.14942528735632185,0.46153846153846156,72,74,95,0.7142857142857143,0.43842364532019706,0.4630541871921182,2.474753,5.071951,9.091513,0.0,0.7073170731707317,0.7447698744769874,145,89,94
798,0.9270833333333334,0.3541666666666667,0.3541666666666667,82.65524471428571,78.79847828571425,98.36534538095236,0.11320754716981132,0.9407114624505929,0.9529411764705882,178,68,68,0.6857142857142857,0.7142857142857143,0.9047619047619048,8.446313571428574,19.786812161616144,47.56860070707069,0.0,0.14942528735632185,0.48,72,75,95,0.7142857142857143,0.43349753694581283,0.458128078817734,2.354006,5.045001,9.015088,0.0,0.6773049645390071,0.7346938775510204,145,88,93
799,0.9427083333333334,0.3541666666666667,0.3541666666666667,77.35176219047617,78.17592357142856,99.4907398095238,0.17142857142857143,0.952755905511811,0.952755905511811,181,68,68,0.6761904761904762,0.7428571428571429,0.9047619047619048,8.375980428571433,19.243086277056257,47.52610570707069,0.0,0.15384615384615385,0.48148148148148145,71,78,95,0.7093596059113301,0.4433497536945813,0.4630541871921182,2.395919,5.065818,9.039143,0.0,0.6925795053003534,0.7379032258064516,144,90,94
800,0.9375,0.359375,0.3541666666666667,77.07853338095236,82.28568571428566,102.03009766666666,0.11627906976744186,0.963855421686747,0.975609756097561,180,69,68,0.6857142857142857,0.6857142857142857,0.9047619047619048,8.535209111111115,18.902464448773433,47.5140837070707,0.0,0.14285714285714285,0.48,72,72,95,0.729064039408867,0.42857142857142855,0.4630541871921182,2.423861,5.007351,9.124095,0.0,0.697508896797153,0.7574468085106383,148,87,94
801,0.921875,0.3489583333333333,0.359375,81.04165138095233,78.97385299999995,98.72872723809522,0.14705882352941177,0.9598393574297188,0.9565217391304348,177,67,69,0.6857142857142857,0.6857142857142857,0.8952380952380953,8.816776571428578,18.277846024531005,47.80566970707069,0.0,0.11956521739130435,0.48,72,72,94,0.7339901477832512,0.4630541871921182,0.4482758620689655,2.413835,5.031975,9.092511,0.0,0.693950177935943,0.759493670886076,149,94,91
802,0.9375,0.359375,0.359375,79.59208238095238,76.90275185714282,101.68719038095236,0.125,0.9377431906614786,0.97165991902834,180,69,69,0.7142857142857143,0.7047619047619048,0.8952380952380953,8.592598000000004,18.909743691197676,47.84408470707069,0.0,0.13333333333333333,0.42857142857142855,75,74,94,0.7487684729064039,0.4630541871921182,0.4630541871921182,2.498796,5.050646,9.136265,0.0,0.7210144927536232,0.7426160337552743,152,94,94
803,0.9479166666666666,0.359375,0.359375,81.1517041428571,77.56736285714283,101.3920988095238,0.14634146341463414,0.9565217391304348,0.9604743083003953,182,69,69,0.7238095238095238,0.7333333333333333,0.8857142857142857,8.328902888888893,18.893369848484834,48.48212070707069,0.0,0.12359550561797752,0.42857142857142855,76,77,93,0.7586206896551724,0.46798029556650245,0.458128078817734,2.444451,5.016421,9.200076,0.0,0.7107142857142857,0.7355371900826446,154,95,93
804,0.9479166666666666,0.3541666666666667,0.3541666666666667,76.53196638095238,78.78047199999997,102.9139588095238,0.13513513513513514,0.952,0.9490196078431372,182,68,68,0.7238095238095238,0.7238095238095238,0.8761904761904762,8.051116460317463,19.023409903318885,48.505159707070696,0.0,0.12048192771084337,0.3870967741935484,76,76,92,0.7586206896551724,0.45320197044334976,0.4729064039408867,2.508596,5.115406,9.208936,0.0,0.7194244604316546,0.714859437751004,154,92,96
805,0.9427083333333334,0.359375,0.359375,77.42855814285711,76.97885857142853,103.67227838095239,0.16216216216216217,0.9310344827586207,0.9757085020242915,181,69,69,0.7142857142857143,0.7238095238095238,0.8761904761904762,8.800486111111116,19.49162356998555,48.7281787070707,0.0,0.12359550561797752,0.3870967741935484,75,76,92,0.7586206896551724,0.45320197044334976,0.47783251231527096,2.524219,5.083593,9.248881,0.0,0.7132075471698113,0.7327935222672065,154,92,97
806,0.9375,0.359375,0.359375,79.29282757142856,77.63026071428568,104.76372123809526,0.125,0.9711934156378601,0.967741935483871,180,69,69,0.7047619047619048,0.7523809523809524,0.8952380952380953,8.681396111111116,19.078727454545437,48.39906170707069,0.0,0.12087912087912088,0.32432432432432434,74,79,94,0.7536945812807881,0.4482758620689655,0.47783251231527096,2.459067,5.053984,9.211911,0.0,0.7142857142857143,0.708,153,91,97
807,0.9114583333333334,0.359375,0.3489583333333333,80.95453809523808,78.33802642857137,102.27068409523811,0.13636363636363635,0.9563492063492064,0.9637096774193549,175,69,67,0.7142857142857143,0.780952380952381,0.8952380952380953,9.138026777777783,19.4416601154401,48.62874570707069,0.0,0.13793103448275862,0.4,75,82,94,0.7487684729064039,0.458128078817734,0.49261083743842365,2.452588,5.030233,9.242079,0.0,0.705685618729097,0.7166666666666667,152,93,100
808,0.9270833333333334,0.359375,0.359375,79.59181261904762,79.38082485714283,103.7789110952381,0.1276595744680851,0.9446640316205533,0.9601593625498008,178,69,69,0.7047619047619048,0.780952380952381,0.8761904761904762,8.344872000000004,19.19820098412697,48.52501970707069,0.0,0.125,0.41379310344827586,74,82,92,0.7487684729064039,0.458128078817734,0.4876847290640394,2.492585,5.089748,9.254632,0.0,0.7191780821917808,0.7215686274509804,152,93,99
809,0.9375,0.3541666666666667,0.359375,76.43218780952381,78.30510542857142,104.74547466666667,0.10526315789473684,0.9325396825396826,0.9644268774703557,180,68,69,0.6952380952380952,0.7238095238095238,0.8857142857142857,8.160037454545458,18.787602408369388,48.80431070707069,0.0,0.08333333333333333,0.36363636363636365,73,76,93,0.7586206896551724,0.45320197044334976,0.4827586206896552,2.40863,5.051145,9.29257,0.0,0.704225352112676,0.7226890756302521,154,92,98
810,0.9270833333333334,0.359375,0.359375,81.58268928571427,84.14916199999996,103.25874695238096,0.1891891891891892,0.970954356846473,0.9722222222222222,178,69,69,0.7142857142857143,0.7619047619047619,0.8857142857142857,8.59995638383839,19.29317917604616,48.803202707070696,0.0,0.13978494623655913,0.4,75,80,93,0.7586206896551724,0.4729064039408867,0.49261083743842365,2.444082,5.078847,9.272954,0.0,0.7068965517241379,0.7280334728033473,154,96,100
811,0.9322916666666666,0.3541666666666667,0.3541666666666667,77.65529966666668,81.24599657142853,101.27790223809524,0.09090909090909091,0.9604743083003953,0.953125,179,68,68,0.7142857142857143,0.7238095238095238,0.8952380952380953,8.49077515584416,18.93647682251081,49.005342707070696,0.0,0.10638297872340426,0.41379310344827586,75,76,94,0.7536945812807881,0.458128078817734,0.49261083743842365,2.45252,4.997759,9.351297,0.0,0.7054794520547946,0.7629310344827587,153,93,100
812,0.9322916666666666,0.3541666666666667,0.359375,82.3596375238095,80.91225599999994,102.56146252380952,0.10526315789473684,0.9253731343283582,0.9641434262948207,179,68,69,0.7047619047619048,0.7333333333333333,0.8857142857142857,9.410123838383846,18.91308338816737,49.14768670707069,0.0,0.09782608695652174,0.4444444444444444,74,77,93,0.7586206896551724,0.4630541871921182,0.4827586206896552,2.447797,5.101854,9.313205,0.0,0.6923076923076923,0.7705627705627706,154,94,98
813,0.9427083333333334,0.359375,0.3541666666666667,81.48847471428572,76.76512028571426,103.17376395238095,0.047619047619047616,0.95703125,0.9758064516129032,181,69,68,0.7142857142857143,0.7523809523809524,0.8761904761904762,8.955090272727277,18.267402721500705,49.1625887070707,0.0,0.1414141414141414,0.42857142857142855,75,79,92,0.7487684729064039,0.4482758620689655,0.47783251231527096,2.489404,5.102216,9.190109,0.0,0.7040816326530612,0.7729257641921398,152,91,97
814,0.9114583333333334,0.359375,0.359375,81.38396438095238,75.6403791428571,103.80580795238096,0.08888888888888889,0.944,0.9565217391304348,175,69,69,0.7047619047619048,0.7714285714285715,0.8761904761904762,8.909698000000004,18.572563357864343,48.963705707070694,0.0,0.12222222222222222,0.42857142857142855,74,81,92,0.7389162561576355,0.46798029556650245,0.47783251231527096,2.443865,5.14066,9.212992,0.0,0.6746575342465754,0.7844827586206896,150,95,97
815,0.9427083333333334,0.3541666666666667,0.359375,76.59883457142857,78.95472314285712,105.35484866666665,0.09523809523809523,0.92578125,0.9568627450980393,181,68,69,0.7333333333333333,0.7333333333333333,0.8666666666666667,8.680408571428579,18.822803636363616,48.9147697070707,0.0,0.12195121951219512,0.42857142857142855,77,77,91,0.7487684729064039,0.46798029556650245,0.4876847290640394,2.452464,5.165843,9.268667,0.0,0.696969696969697,0.7869565217391304,152,95,99
816,0.921875,0.359375,0.359375,76.93808647619046,80.41385957142853,104.26934166666668,0.11428571428571428,0.9604743083003953,0.9795081967213115,177,69,69,0.7142857142857143,0.7714285714285715,0.8761904761904762,9.044747155844163,19.186544438672424,49.19822570707069,0.0,0.08602150537634409,0.4444444444444444,75,81,92,0.7438423645320197,0.4630541871921182,0.46798029556650245,2.467696,5.165993,9.310936,0.0,0.6983050847457627,0.7807017543859649,151,94,95
817,0.8958333333333334,0.3489583333333333,0.359375,80.41386828571432,80.48262885714283,102.26385038095238,0.05555555555555555,0.9523809523809523,0.9609375,172,67,69,0.7333333333333333,0.7523809523809524,0.8857142857142857,8.682763571428579,18.77347897402596,49.28072670707069,0.0,0.08602150537634409,0.4642857142857143,77,79,93,0.7438423645320197,0.4630541871921182,0.47783251231527096,2.449737,5.172989,9.299881,0.0,0.6996587030716723,0.7748917748917749,151,94,97
818,0.9114583333333334,0.359375,0.359375,76.27169500000001,78.15650728571424,104.00307866666667,0.08888888888888889,0.937984496124031,0.9758064516129032,175,69,69,0.7142857142857143,0.7619047619047619,0.8952380952380953,8.543996844155847,18.501262862914846,49.33345770707069,0.0,0.12222222222222222,0.4827586206896552,75,80,94,0.7487684729064039,0.4630541871921182,0.4827586206896552,2.486144,5.171852,9.247868,0.0,0.7050847457627119,0.7685589519650655,152,94,98
819,0.890625,0.359375,0.3541666666666667,78.47433304761904,80.46436385714284,102.2156553809524,0.029411764705882353,0.932806324110672,0.9798387096774194,171,69,68,0.7142857142857143,0.7523809523809524,0.9047619047619048,8.654685222222227,18.403368297258275,49.48195770707069,0.0,0.09302325581395349,0.5,75,79,95,0.7487684729064039,0.4630541871921182,0.4827586206896552,2.470148,5.137588,9.226587,0.0,0.7133105802047781,0.7887931034482759,152,94,98
820,0.921875,0.359375,0.359375,79.55038057142855,79.52685214285711,103.63997138095239,0.0,0.9409448818897638,0.9523809523809523,177,69,69,0.7333333333333333,0.7619047619047619,0.9047619047619048,8.531113777777783,18.735336772005756,49.44604970707069,0.0,0.08333333333333333,0.4827586206896552,77,80,95,0.7438423645320197,0.4630541871921182,0.47783251231527096,2.457093,5.15479,9.267856,0.0,0.7162629757785467,0.7947598253275109,151,94,97
821,0.9270833333333334,0.3489583333333333,0.359375,79.17813157142855,83.4370554285714,100.87586195238096,0.0,0.9482071713147411,0.9448818897637795,178,67,69,0.7238095238095238,0.7428571428571429,0.9047619047619048,8.538770272727277,18.597617772005755,49.50498370707069,0.0,0.08045977011494253,0.5185185185185185,76,78,95,0.7339901477832512,0.4482758620689655,0.47783251231527096,2.463497,5.120232,9.302303,0.0,0.7243816254416962,0.7743362831858407,149,91,97
822,0.953125,0.359375,0.3541666666666667,79.62201252380953,84.80534414285714,97.97078266666666,0.0,0.9446640316205533,0.9713114754098361,183,69,68,0.7047619047619048,0.7047619047619048,0.9047619047619048,8.408706888888892,18.46605322655121,49.47773070707069,0.0,0.047619047619047616,0.5384615384615384,74,74,95,0.729064039408867,0.43842364532019706,0.4876847290640394,2.44229,5.132833,9.22288,0.0,0.7266187050359713,0.759656652360515,148,89,99
823,0.9166666666666666,0.359375,0.359375,79.65199671428573,81.86136399999998,98.55982338095235,0.0,0.9525691699604744,0.9518072289156626,176,69,69,0.7142857142857143,0.7428571428571429,0.9142857142857143,8.632256883116886,18.656246317460297,49.40325770707069,0.0,0.09523809523809523,0.5384615384615384,75,78,96,0.7192118226600985,0.45320197044334976,0.5024630541871922,2.460069,5.182908,9.24595,0.0,0.7077464788732394,0.7796610169491526,146,92,102
824,0.953125,0.3541666666666667,0.359375,80.8526181904762,81.24058999999997,100.72503795238094,0.0,0.9362549800796812,0.9603174603174603,183,68,69,0.7142857142857143,0.7428571428571429,0.9047619047619048,8.69379754545455,18.94410566089464,49.64252170707069,0.0,0.043010752688172046,0.56,75,78,95,0.7192118226600985,0.43349753694581283,0.5024630541871922,2.429775,5.173264,9.249051,0.0,0.710801393728223,0.7835497835497836,146,88,102
825,0.9270833333333334,0.359375,0.359375,78.88335980952378,79.16260514285712,101.88687495238095,0.0,0.9325396825396826,0.9714285714285714,178,69,69,0.7238095238095238,0.7714285714285715,0.9047619047619048,8.355712298701302,18.971174004328986,49.47834470707069,0.0,0.07954545454545454,0.56,76,81,95,0.7044334975369458,0.4482758620689655,0.5123152709359606,2.410522,5.173232,9.282967,0.0,0.6982456140350877,0.7947598253275109,143,91,104
826,0.9166666666666666,0.359375,0.359375,84.93884038095236,78.39003914285713,103.28638766666667,0.0,0.9442231075697212,0.9525691699604744,176,69,69,0.7333333333333333,0.7904761904761904,0.8952380952380953,8.901163317460325,18.643975297258276,49.287057707070694,0.0,0.044444444444444446,0.5833333333333334,77,83,94,0.6995073891625616,0.458128078817734,0.4975369458128079,2.387307,5.162226,9.248848,0.0,0.7092198581560284,0.7973568281938326,142,93,101
827,0.9166666666666666,0.359375,0.359375,80.70987461904761,76.92195885714285,99.63623152380953,0.0,0.9518072289156626,0.9644268774703557,176,69,69,0.7238095238095238,0.780952380952381,0.9047619047619048,8.887081000000004,18.58030486291485,49.57831370707069,0.0,0.05128205128205128,0.5416666666666666,76,82,95,0.6995073891625616,0.45320197044334976,0.5123152709359606,2.372364,5.143666,9.275226,0.0,0.7122302158273381,0.7965367965367965,142,92,104
828,0.9270833333333334,0.3541666666666667,0.3541666666666667,82.66786680952379,77.77144157142855,101.04211595238095,0.0,0.9362549800796812,0.967479674796748,178,68,68,0.7142857142857143,0.8,0.9047619047619048,8.63663495526696,19.131117636363623,49.635577707070695,0.0,0.023809523809523808,0.45454545454545453,75,84,95,0.6995073891625616,0.45320197044334976,0.5073891625615764,2.412178,5.195774,9.328235,0.0,0.7054545454545454,0.8034934497816594,142,92,103
829,0.9583333333333334,0.359375,0.359375,79.79482771428572,81.22438214285711,102.05636952380952,0.02857142857142857,0.9666666666666667,0.948,184,69,69,0.7333333333333333,0.8,0.9142857142857143,8.849504571428579,18.7006121154401,49.621061707070695,0.0,0.046511627906976744,0.43478260869565216,77,84,96,0.6945812807881774,0.4433497536945813,0.5073891625615764,2.396446,5.125042,9.373075,0.0,0.7038327526132404,0.8044444444444444,141,90,103
830,0.9322916666666666,0.359375,0.359375,83.11308833333332,77.92000114285712,103.07194423809524,0.0,0.9444444444444444,0.9718875502008032,179,69,69,0.7238095238095238,0.8380952380952381,0.9142857142857143,9.567752389610394,18.7344347215007,49.644971707070695,0.0,0.056818181818181816,0.38095238095238093,76,88,96,0.6798029556650246,0.45320197044334976,0.4975369458128079,2.377895,5.085933,9.338738,0.0,0.7137809187279152,0.7927927927927928,138,92,101
831,0.921875,0.359375,0.359375,78.88435604761906,75.66272442857141,102.74409038095237,0.0,0.9299610894941635,0.979757085020243,177,69,69,0.7238095238095238,0.8380952380952381,0.9142857142857143,8.654966000000003,18.975518953823936,49.946158707070694,0.0,0.047058823529411764,0.4,76,88,96,0.6847290640394089,0.458128078817734,0.4975369458128079,2.346497,5.219747,9.311533,0.0,0.7127272727272728,0.7922077922077922,139,93,101
832,0.9427083333333334,0.359375,0.359375,78.36764476190477,77.37522142857141,101.88666080952379,0.0,0.9395161290322581,0.979757085020243,181,69,69,0.6952380952380952,0.780952380952381,0.9142857142857143,8.65814972727273,18.6561525194805,50.17585970707069,0.0,0.06329113924050633,0.4,73,82,96,0.6847290640394089,0.39901477832512317,0.5024630541871922,2.422969,5.213228,9.384319,0.0,0.7026022304832714,0.8169642857142857,139,81,102
833,0.921875,0.3541666666666667,0.359375,80.97876680952378,80.5739184285714,103.0105450952381,0.0,0.9669421487603306,0.9755102040816327,177,68,69,0.7142857142857143,0.7523809523809524,0.9238095238095239,9.83586197402598,18.41343464069262,50.314870707070696,0.0,0.07407407407407407,0.36363636363636365,75,79,97,0.6847290640394089,0.4039408866995074,0.49261083743842365,2.369071,5.176728,9.459754,0.0,0.6950354609929078,0.8082191780821918,139,82,100
834,0.9270833333333334,0.3489583333333333,0.359375,81.49768333333333,79.49255585714282,103.56008195238094,0.0,0.9404761904761905,0.9516129032258065,178,67,69,0.7047619047619048,0.7238095238095238,0.9142857142857143,9.140078000000008,19.01901374170272,50.10451170707069,0.0,0.05813953488372093,0.38095238095238093,74,76,96,0.6945812807881774,0.4236453201970443,0.4729064039408867,2.383457,5.023852,9.418022,0.0,0.6818181818181818,0.7990867579908676,141,86,96
835,0.9322916666666666,0.359375,0.359375,83.16231699999999,78.4372931428571,100.63495852380952,0.030303030303030304,0.932,0.9641434262948207,179,69,69,0.7238095238095238,0.7523809523809524,0.9142857142857143,9.422328727272735,19.209512297258275,50.01810770707069,0.0,0.06666666666666667,0.38095238095238093,76,79,96,0.6995073891625616,0.45320197044334976,0.47783251231527096,2.370114,5.006173,9.326472,0.0,0.7071428571428572,0.7866666666666666,142,92,97
836,0.9375,0.2864583333333333,0.2604166666666667,79.69173204761906,56.54364114285713,66.89973633333334,0.025,0.9694323144104804,0.9606986899563319,180,55,50,0.7428571428571429,0.6,0.6,8.880913000000003,13.05177503030302,32.58655265656566,0.0,0.05063291139240506,0.3333333333333333,78,63,63,0.7044334975369458,0.39901477832512317,0.3448275862068966,2.436012,2.845215,5.837123,0.0,0.7094339622641509,0.7641509433962265,143,81,70
837,0.9114583333333334,0.2864583333333333,0.2552083333333333,80.5225090952381,52.484499428571404,67.87546761904763,0.0,0.9430051813471503,0.9864864864864865,175,55,49,0.7428571428571429,0.580952380952381,0.5619047619047619,8.911960222222227,12.91937216738816,32.34601665656565,0.009615384615384616,0.05,0.1111111111111111,78,61,59,0.7093596059113301,0.3793103448275862,0.3448275862068966,2.454214,2.86879,5.834187,0.0,0.6834862385321101,0.7160493827160493,144,77,70
838,0.9427083333333334,0.2864583333333333,0.2552083333333333,76.64281819047616,56.86638014285711,67.28678833333335,0.0,0.9191919191919192,0.9794520547945206,181,55,49,0.7333333333333333,0.5904761904761905,0.5619047619047619,8.777168111111116,13.038950989898984,32.438149656565656,0.009523809523809525,0.10666666666666667,0.18181818181818182,77,62,59,0.7044334975369458,0.3793103448275862,0.3448275862068966,2.445447,2.835475,5.847941,0.0,0.672645739910314,0.7098765432098766,143,77,70
839,0.953125,0.2760416666666667,0.24479166666666666,82.94381714285713,53.118507571428545,67.9133914761905,0.0,0.9289340101522843,0.959731543624161,183,53,47,0.7333333333333333,0.47619047619047616,0.580952380952381,9.009127000000003,12.746835343434334,32.40471765656566,0.00980392156862745,0.22388059701492538,0.125,77,50,61,0.7044334975369458,0.37438423645320196,0.3448275862068966,2.409955,2.821087,6.004823,0.0,0.6926406926406926,0.7212121212121212,143,76,70
840,0.9166666666666666,0.296875,0.2604166666666667,80.82450285714282,55.53289357142855,69.6971411904762,0.0,0.9444444444444444,0.9477124183006536,176,57,50,0.7428571428571429,0.4857142857142857,0.6190476190476191,9.19578454545455,13.36219664646464,32.83511765656566,0.009523809523809525,0.27710843373493976,0.11764705882352941,78,51,65,0.7044334975369458,0.3694581280788177,0.3399014778325123,2.459073,2.833249,6.01516,0.0,0.7033898305084746,0.6875,143,75,69
841,0.9166666666666666,0.3020833333333333,0.2760416666666667,83.67654542857143,53.002125714285704,71.50376561904764,0.0,0.9312169312169312,0.9517241379310345,176,58,53,0.7428571428571429,0.47619047619047616,0.580952380952381,9.133248777777784,13.238863256854252,33.35159465656565,0.009433962264150943,0.2823529411764706,0.10526315789473684,78,50,61,0.7142857142857143,0.3793103448275862,0.35960591133004927,2.508507,2.843078,5.939144,0.0,0.6752136752136753,0.6373626373626373,145,77,73
842,0.9479166666666666,0.3020833333333333,0.2708333333333333,81.62348438095236,56.95474414285714,68.59951190476193,0.024390243902439025,0.9491525423728814,0.9645390070921985,182,58,52,0.7047619047619048,0.5238095238095238,0.5714285714285714,9.276327727272735,13.338210056277047,33.375180656565654,0.009708737864077669,0.3116883116883117,0.1,74,55,60,0.7241379310344828,0.39408866995073893,0.37438423645320196,2.472363,2.826401,5.896975,0.0,0.6491228070175439,0.659217877094972,147,80,76
843,0.9375,0.3072916666666667,0.2708333333333333,83.01271438095237,59.22362942857142,67.1684391904762,0.034482758620689655,0.9558011049723757,0.9637681159420289,180,59,52,0.6857142857142857,0.49523809523809526,0.5333333333333333,9.077275949494954,13.222033828282822,33.73516265656565,0.00980392156862745,0.3176470588235294,0.09090909090909091,72,52,56,0.7192118226600985,0.4039408866995074,0.35960591133004927,2.449855,2.905319,5.902076,0.0,0.665158371040724,0.6976744186046512,146,82,73
844,0.9479166666666666,0.3020833333333333,0.2708333333333333,82.16295504761904,81.25592985714282,102.69851495238096,0.021739130434782608,0.9528795811518325,0.9383561643835616,182,58,52,0.6857142857142857,0.580952380952381,0.6666666666666666,9.382669272727277,19.165876953823936,51.30094470707069,0.009615384615384616,0.2641509433962264,0.09090909090909091,72,61,70,0.729064039408867,0.41379310344827586,0.37438423645320196,2.530154,5.079663,9.385605,0.0,0.6513761467889908,0.6629834254143646,148,84,76
845,0.953125,0.3020833333333333,0.2708333333333333,85.79431757142855,84.25527999999998,103.09465809523807,0.0,0.9458128078817734,0.9771428571428571,183,58,52,0.6952380952380952,0.5619047619047619,0.6761904761904762,9.45229954545455,20.368522109668096,51.17183070707069,0.009615384615384616,0.35714285714285715,0.42857142857142855,73,59,71,0.7389162561576355,0.4187192118226601,0.3891625615763547,2.436137,5.08459,9.408661,0.0,0.6890756302521008,0.7276995305164319,150,85,79
846,0.9375,0.3020833333333333,0.2708333333333333,80.37427547619043,84.37972799999997,103.22679766666666,0.0,0.941908713692946,0.9808612440191388,180,58,52,0.6952380952380952,0.5714285714285714,0.6952380952380952,8.82527572727273,19.481550792207774,50.88423543434342,0.009345794392523364,0.43103448275862066,0.5714285714285714,73,60,73,0.7487684729064039,0.4039408866995074,0.3891625615763547,2.475784,5.081442,9.402788,0.004975124378109453,0.7286821705426356,0.7593360995850622,152,82,79
847,0.9270833333333334,0.3072916666666667,0.2708333333333333,88.11298257142855,81.4277474285714,107.43709252380955,0.0,0.9734848484848485,0.9770114942528736,178,59,52,0.6952380952380952,0.6,0.7238095238095238,9.225849454545461,19.78513320057718,51.33341543434342,0.009708737864077669,0.4608695652173913,0.6716417910447762,73,63,76,0.7389162561576355,0.41379310344827586,0.39408866995073893,2.464503,5.13183,9.457118,0.0,0.7381818181818182,0.779467680608365,150,84,80
848,0.9479166666666666,0.3020833333333333,0.2708333333333333,83.09122290476189,83.2516631428571,109.19418223809524,0.0,0.9592592592592593,0.9890909090909091,182,58,52,0.7047619047619048,0.6,0.7333333333333333,9.01790616161617,19.564902414141393,51.24334170707069,0.009345794392523364,0.4827586206896552,0.6617647058823529,74,63,77,0.7487684729064039,0.3891625615763547,0.3842364532019704,2.519517,5.095519,9.487552,0.0,0.7372013651877133,0.8076923076923077,152,79,78
849,0.9583333333333334,0.3072916666666667,0.2708333333333333,82.86950276190473,81.47221271428566,108.2469400952381,0.0,0.9487179487179487,0.9890909090909091,184,59,52,0.6952380952380952,0.6190476190476191,0.7333333333333333,8.99562611111112,19.368319186147165,51.1546218181818,0.009523809523809525,0.4369747899159664,0.6666666666666666,73,65,77,0.7536945812807881,0.3842364532019704,0.39408866995073893,2.436098,5.123176,9.494577,0.0,0.7491525423728813,0.7757352941176471,153,78,80
850,0.9375,0.3072916666666667,0.2708333333333333,88.9214009047619,81.38322728571424,105.46376752380954,0.0,0.9589552238805971,0.9748201438848921,180,59,52,0.7142857142857143,0.5904761904761905,0.7333333333333333,9.233983616161622,19.678383525252503,51.35167597979797,0.009523809523809525,0.49056603773584906,0.6716417910447762,75,62,77,0.7487684729064039,0.3793103448275862,0.39408866995073893,2.404984,5.193426,9.491522,0.0,0.7306397306397306,0.7992565055762082,152,77,80
851,0.9427083333333334,0.3072916666666667,0.2708333333333333,86.25459357142854,82.00269728571425,106.3321130952381,0.0,0.969811320754717,0.9747292418772563,181,59,52,0.6952380952380952,0.6,0.7619047619047619,8.842190272727281,19.86802804473303,51.27067943434342,0.009615384615384616,0.4188034188034188,0.6290322580645161,73,63,80,0.7438423645320197,0.3694581280788177,0.39901477832512317,2.397108,5.122391,9.51162,0.0,0.7128712871287128,0.7886792452830189,151,75,81
852,0.953125,0.3072916666666667,0.2708333333333333,83.62961199999998,82.81736128571424,106.83591680952382,0.0,0.9656488549618321,0.9962962962962963,183,59,52,0.6857142857142857,0.6190476190476191,0.7714285714285715,8.61822745454546,20.08366177200575,51.392056979797964,0.010101010101010102,0.3577981651376147,0.56,72,65,81,0.7389162561576355,0.3694581280788177,0.39901477832512317,2.355291,5.102487,9.53435,0.0,0.7254901960784313,0.7938931297709924,150,75,81
853,0.9166666666666666,0.296875,0.2708333333333333,89.79835090476189,81.10046385714278,107.22518266666667,0.0,0.9509433962264151,0.9888475836431226,176,57,52,0.6666666666666666,0.6,0.7238095238095238,8.683222000000004,19.631295141414125,51.253212707070695,0.009900990099009901,0.37755102040816324,0.5909090909090909,70,63,76,0.7142857142857143,0.3645320197044335,0.39901477832512317,2.408509,5.086497,9.557226,0.0,0.7181208053691275,0.7786561264822134,145,74,81
854,0.8958333333333334,0.296875,0.265625,84.2360057142857,82.00211942857138,108.32557895238094,0.0,0.9761904761904762,0.9659090909090909,172,57,51,0.6476190476190476,0.6190476190476191,0.7238095238095238,8.791669000000004,19.964358953823936,51.45725943434342,0.010752688172043012,0.2988505747126437,0.5238095238095238,68,65,76,0.7142857142857143,0.3694581280788177,0.4039408866995074,2.43174,5.081119,9.49683,0.0,0.6737588652482269,0.7613168724279835,145,75,82
855,0.8958333333333334,0.3020833333333333,0.2708333333333333,84.74414090476188,79.44388214285708,109.49189023809525,0.0,0.9498069498069498,0.9809885931558935,172,58,52,0.638095238095238,0.6095238095238096,0.7142857142857143,8.468046656565663,20.330452493506474,51.22421270707069,0.010752688172043012,0.3111111111111111,0.5405405405405406,67,64,75,0.7192118226600985,0.39901477832512317,0.4039408866995074,2.373865,4.904711,9.546361,0.0,0.6722408026755853,0.7815126050420168,146,81,82
856,0.9010416666666666,0.3020833333333333,0.2708333333333333,84.26902933333332,79.16569314285711,108.55618438095239,0.0,0.9607843137254902,0.9808429118773946,173,58,52,0.638095238095238,0.6,0.7333333333333333,8.331760727272732,19.94031292784991,51.596537979797965,0.010638297872340425,0.28421052631578947,0.6111111111111112,67,63,77,0.7093596059113301,0.39901477832512317,0.3891625615763547,2.366004,4.947584,9.580754,0.0,0.7077464788732394,0.8127659574468085,144,81,79
857,0.890625,0.3020833333333333,0.2708333333333333,86.98729138095236,80.75222899999996,107.50235766666668,0.0,0.9612403100775194,0.9809160305343512,171,58,52,0.6476190476190476,0.6,0.7428571428571429,8.50960672727273,19.80343068686867,51.49785897979797,0.010526315789473684,0.26436781609195403,0.5588235294117647,68,63,78,0.7192118226600985,0.3891625615763547,0.3793103448275862,2.414063,5.098803,9.625468,0.0,0.6914893617021277,0.7899159663865546,146,79,77
858,0.8854166666666666,0.296875,0.2708333333333333,81.84352223809522,81.38599128571424,106.16743852380952,0.0,0.9645669291338582,0.9884615384615385,170,57,52,0.6285714285714286,0.6095238095238096,0.7333333333333333,8.553534888888892,20.1166675194805,51.04138470707069,0.0,0.26506024096385544,0.5454545454545454,66,64,77,0.7192118226600985,0.3645320197044335,0.39408866995073893,2.402625,4.979775,9.623416,0.0,0.6804123711340206,0.7804878048780488,146,74,80
859,0.890625,0.3020833333333333,0.2708333333333333,89.46609647619044,80.10781014285709,107.76847552380954,0.0,0.9534883720930233,0.9922779922779923,171,58,52,0.6571428571428571,0.6285714285714286,0.7333333333333333,8.740182000000004,19.847528408369392,51.12401516161615,0.010101010101010102,0.19767441860465115,0.5806451612903226,69,66,77,0.7192118226600985,0.3842364532019704,0.39901477832512317,2.43164,5.015173,9.640057,0.0,0.6851211072664359,0.8068669527896996,146,78,81
860,0.9010416666666666,0.3229166666666667,0.2916666666666667,90.51256138095235,78.76807957142853,109.59704566666669,0.0,0.9603174603174603,0.9619771863117871,173,62,56,0.6571428571428571,0.6666666666666666,0.7428571428571429,8.685347000000004,20.494344636363618,51.246348707070695,0.0,0.23076923076923078,0.5294117647058824,69,70,78,0.7093596059113301,0.3891625615763547,0.4088669950738916,2.416625,5.140086,9.663645,0.0,0.6892857142857143,0.7916666666666666,144,79,83
861,0.8802083333333334,0.328125,0.3020833333333333,87.82184085714283,81.29578171428567,111.01947423809527,0.0,0.963265306122449,0.9722222222222222,169,63,58,0.6571428571428571,0.6571428571428571,0.7428571428571429,8.558530111111116,20.67589768109666,51.468748979797965,0.0,0.23255813953488372,0.5625,69,69,78,0.6995073891625616,0.39901477832512317,0.43842364532019706,2.444032,5.214935,9.778021,0.0,0.615909090909091,0.6775,142,81,89
862,0.890625,0.3333333333333333,0.296875,85.66431352380951,80.75567099999995,108.9362333809524,0.0,0.9549180327868853,0.9839357429718876,171,64,57,0.6571428571428571,0.6095238095238096,0.7523809523809524,9.233562777777784,20.011890408369393,51.188137707070695,0.0,0.1875,0.5714285714285714,69,64,79,0.6945812807881774,0.39901477832512317,0.41379310344827586,2.479084,5.190502,9.860299,0.0,0.6205673758865248,0.7457627118644068,141,81,84
863,0.9010416666666666,0.328125,0.296875,92.08950985714286,78.37297542857141,108.37810923809523,0.0,0.9670781893004116,0.976,173,63,57,0.6476190476190476,0.6476190476190476,0.7523809523809524,9.029782000000004,19.97821709090907,51.32454270707069,0.0,0.26744186046511625,0.6206896551724138,68,68,79,0.7044334975369458,0.41379310344827586,0.42857142857142855,2.441216,5.184238,9.762241,0.0,0.6258741258741258,0.7416666666666667,143,84,87
864,0.8541666666666666,0.3333333333333333,0.3020833333333333,87.60366723809523,81.54255028571427,110.21486680952383,0.0,0.9586776859504132,0.9762845849802372,164,64,58,0.6666666666666666,0.6571428571428571,0.7619047619047619,9.72584511111112,20.824903311688292,51.40011170707069,0.0,0.1794871794871795,0.6666666666666666,70,69,80,0.7044334975369458,0.39408866995073893,0.43842364532019706,2.450143,5.170486,9.783033,0.0,0.6404109589041096,0.7627118644067796,143,80,89
865,0.9166666666666666,0.3229166666666667,0.3177083333333333,83.82081699999999,81.95960357142853,109.5209690952381,0.0,0.9357429718875502,0.9565217391304348,176,62,61,0.6666666666666666,0.6571428571428571,0.7619047619047619,8.984388111111116,20.17178620634919,51.37160870707069,0.0,0.22988505747126436,0.5333333333333333,70,69,80,0.7044334975369458,0.3891625615763547,0.43349753694581283,2.377308,5.21923,9.810431,0.0,0.6312056737588653,0.7652173913043478,143,79,88
866,0.8854166666666666,0.3541666666666667,0.3333333333333333,87.54257595238096,81.64054628571425,108.6119200952381,0.047619047619047616,0.9336099585062241,0.9669421487603306,170,68,64,0.6476190476190476,0.6476190476190476,0.7523809523809524,9.757402000000008,19.906457862914845,51.31700543434342,0.0,0.2289156626506024,0.6071428571428571,68,68,79,0.6995073891625616,0.41379310344827586,0.43842364532019706,2.355067,5.169684,9.82398,0.0,0.5979381443298969,0.7544642857142857,142,84,89
867,0.859375,0.3541666666666667,0.3333333333333333,88.57130004761903,82.04959957142854,110.11798009523811,0.0,0.96,0.9586776859504132,165,68,64,0.638095238095238,0.6190476190476191,0.7523809523809524,9.536261000000007,20.518706953823934,51.60406970707069,0.0,0.23809523809523808,0.5714285714285714,67,65,79,0.7044334975369458,0.43349753694581283,0.42857142857142855,2.455172,5.206367,9.880864,0.0,0.5824175824175825,0.7410714285714286,143,88,87
868,0.8802083333333334,0.359375,0.328125,87.40446619047619,84.71620328571426,112.63740866666667,0.043478260869565216,0.9515418502202643,0.9873949579831933,169,69,63,0.638095238095238,0.6190476190476191,0.7523809523809524,8.688847000000004,20.27912618181816,51.66940070707069,0.0,0.18604651162790697,0.6666666666666666,67,65,79,0.7093596059113301,0.42857142857142855,0.43842364532019706,2.404029,5.181589,9.82081,0.0,0.5812274368231047,0.726457399103139,144,87,89
869,0.90625,0.3645833333333333,0.34375,89.45778085714286,84.51636371428569,113.33848509523811,0.06451612903225806,0.9551569506726457,0.9628099173553719,174,70,66,0.6285714285714286,0.580952380952381,0.7619047619047619,9.603598000000007,19.946820186147168,51.817775707070695,0.0,0.1728395061728395,0.72,66,61,80,0.7044334975369458,0.458128078817734,0.45320197044334976,2.389024,5.231919,9.793064,0.0,0.5555555555555556,0.7412280701754386,143,93,92
870,0.8802083333333334,0.3645833333333333,0.359375,91.00743695238094,86.58746514285708,116.31782152380956,0.027777777777777776,0.9414414414414415,0.9613733905579399,169,70,69,0.6285714285714286,0.6190476190476191,0.7619047619047619,9.189058000000005,20.33401350360749,51.74443970707069,0.0,0.16470588235294117,0.6428571428571429,66,65,80,0.6945812807881774,0.4482758620689655,0.4630541871921182,2.353494,5.200198,9.810311,0.0,0.5814814814814815,0.7443946188340808,141,91,94
871,0.8802083333333334,0.3854166666666667,0.3645833333333333,87.61028852380952,87.13680942857138,115.81196252380956,0.045454545454545456,0.9130434782608695,0.9778761061946902,169,74,70,0.6285714285714286,0.638095238095238,0.7619047619047619,8.847310000000004,20.627824129870113,51.870686707070696,0.0,0.14942528735632185,0.6428571428571429,66,67,80,0.7093596059113301,0.45320197044334976,0.4630541871921182,2.412648,5.276588,9.829974,0.0,0.5740740740740741,0.7323943661971831,144,92,94
872,0.890625,0.3854166666666667,0.3645833333333333,90.3384389047619,86.1763151428571,115.02660495238096,0.12121212121212122,0.9276018099547512,0.9910714285714286,171,74,70,0.6190476190476191,0.6476190476190476,0.7619047619047619,9.461660000000007,19.770298862914846,52.04070070707069,0.0,0.1411764705882353,0.6428571428571429,65,68,80,0.7241379310344828,0.45320197044334976,0.46798029556650245,2.329238,5.224941,9.823597,0.0,0.5627240143369175,0.7417840375586855,147,92,95
873,0.890625,0.390625,0.3645833333333333,89.54729676190478,83.41886157142852,114.68893038095239,0.09302325581395349,0.9295774647887324,0.961038961038961,171,75,70,0.638095238095238,0.6285714285714286,0.7619047619047619,9.128120000000004,20.23287936796535,52.060978707070696,0.0,0.1625,0.6428571428571429,67,66,80,0.7241379310344828,0.46798029556650245,0.47783251231527096,2.348656,5.216393,9.888067,0.0,0.5688405797101449,0.7272727272727273,147,95,97
874,0.859375,0.3854166666666667,0.359375,90.34750033333334,84.0204161428571,112.82323023809526,0.047619047619047616,0.9289099526066351,0.973568281938326,165,74,69,0.6285714285714286,0.6571428571428571,0.7619047619047619,8.913499000000003,20.03421027705626,52.12794170707069,0.0,0.13580246913580246,0.6428571428571429,66,69,80,0.7241379310344828,0.45320197044334976,0.46798029556650245,2.426508,5.249789,9.89518,0.0,0.5687022900763359,0.7302325581395349,147,92,95
875,0.8958333333333334,0.390625,0.3645833333333333,89.48738052380955,83.86582485714283,113.5354303809524,0.10869565217391304,0.9558823529411765,0.9734513274336283,172,75,70,0.6285714285714286,0.6476190476190476,0.7619047619047619,9.054503000000004,20.40871749927848,52.08221170707069,0.0,0.10714285714285714,0.6206896551724138,66,68,80,0.7093596059113301,0.4433497536945813,0.46798029556650245,2.450763,5.274851,9.916115,0.0,0.545816733067729,0.7142857142857143,144,90,95
876,0.8541666666666666,0.3854166666666667,0.359375,93.6487291904762,82.6392457142857,113.70246509523813,0.08823529411764706,0.9245283018867925,0.9818181818181818,164,74,69,0.638095238095238,0.5714285714285714,0.7619047619047619,9.141904000000004,20.297608155844138,52.3230657070707,0.0,0.16,0.6428571428571429,67,60,80,0.7044334975369458,0.458128078817734,0.4729064039408867,2.405437,5.319999,9.995527,0.0,0.5526315789473685,0.6995073891625616,143,93,96
877,0.8854166666666666,0.3854166666666667,0.3645833333333333,90.91691966666667,85.3608231428571,113.71000223809527,0.0,0.9473684210526315,0.9730941704035875,170,74,70,0.6476190476190476,0.7047619047619048,0.7619047619047619,9.266262000000003,20.555205994227975,52.21740270707069,0.0,0.1,0.6451612903225806,68,74,80,0.7192118226600985,0.4482758620689655,0.46798029556650245,2.3996,5.322152,9.987751,0.0,0.5538461538461539,0.7029702970297029,146,91,95
878,0.859375,0.390625,0.3645833333333333,91.83450271428572,85.62869899999995,114.7507913809524,0.0,0.9466019417475728,0.9690265486725663,165,75,70,0.6476190476190476,0.7047619047619048,0.7619047619047619,8.728692000000004,20.7583581154401,52.317989707070694,0.0,0.10714285714285714,0.6666666666666666,68,74,80,0.729064039408867,0.42857142857142855,0.47783251231527096,2.408766,5.261472,9.988402,0.0,0.5660377358490566,0.7085427135678392,148,87,97
879,0.890625,0.3958333333333333,0.359375,88.06879671428575,82.79988085714284,116.04053323809524,0.05263157894736842,0.9339622641509434,0.9739130434782609,171,76,69,0.6285714285714286,0.638095238095238,0.7523809523809524,9.189876000000007,20.73521128715727,52.70145970707069,0.0,0.11842105263157894,0.6451612903225806,66,67,79,0.7241379310344828,0.42857142857142855,0.46798029556650245,2.415181,5.214066,10.080798,0.0,0.5745454545454546,0.7079207920792079,147,87,95
880,0.8697916666666666,0.3958333333333333,0.3645833333333333,85.92501123809522,82.92469571428568,113.24366552380953,0.03333333333333333,0.9383886255924171,0.9567099567099567,167,76,70,0.6476190476190476,0.580952380952381,0.7428571428571429,9.137258000000008,20.346166595959577,52.411773707070694,0.0,0.12857142857142856,0.6451612903225806,68,61,78,0.7142857142857143,0.4482758620689655,0.458128078817734,2.440234,5.25071,10.035323,0.0,0.5547169811320755,0.7009803921568627,145,91,93
881,0.90625,0.3958333333333333,0.3645833333333333,89.79786404761904,83.5975448571428,111.89140866666668,0.05405405405405406,0.9170506912442397,0.9694323144104804,174,76,70,0.6476190476190476,0.638095238095238,0.7428571428571429,8.801919000000007,20.537722155844133,52.463350707070695,0.0,0.05063291139240506,0.6451612903225806,68,67,78,0.7142857142857143,0.458128078817734,0.458128078817734,2.413851,5.220633,10.060367,0.0,0.5539033457249071,0.6881188118811881,145,93,93
882,0.8697916666666666,0.3958333333333333,0.3645833333333333,89.73878385714285,82.92040214285713,112.94200538095241,0.05714285714285714,0.9305555555555556,0.9644444444444444,167,76,70,0.6476190476190476,0.6285714285714286,0.7428571428571429,8.791104000000004,20.42506613997112,52.268488707070695,0.0,0.07407407407407407,0.6451612903225806,68,66,78,0.7093596059113301,0.4433497536945813,0.47783251231527096,2.440949,5.265256,10.00902,0.0,0.5773584905660377,0.6813725490196079,144,90,97
883,0.84375,0.390625,0.3645833333333333,84.62481942857144,84.94453357142855,113.99098009523811,0.0,0.9392523364485982,0.990990990990991,162,75,70,0.6190476190476191,0.6095238095238096,0.7428571428571429,8.807425000000004,20.030980660894635,52.688714707070694,0.0,0.07792207792207792,0.6666666666666666,65,64,78,0.7093596059113301,0.45320197044334976,0.47783251231527096,2.479681,5.274457,10.025428,0.0,0.5597014925373134,0.693069306930693,144,92,97
884,0.8541666666666666,0.3854166666666667,0.3645833333333333,88.64859680952381,86.17691280952381,109.77326580952383,0.0,0.918552036199095,0.973568281938326,164,74,70,0.6190476190476191,0.6,0.7333333333333333,9.195119000000007,19.984228751803734,52.391616707070696,0.0,0.09210526315789473,0.6666666666666666,65,63,77,0.7192118226600985,0.46798029556650245,0.47783251231527096,2.426334,5.218494,10.1207,0.0,0.5526315789473685,0.700507614213198,146,95,97
885,0.8697916666666666,0.390625,0.359375,87.78083257142855,84.71330657142853,109.2582783809524,0.0,0.9758454106280193,0.9864864864864865,167,75,69,0.6285714285714286,0.6571428571428571,0.7333333333333333,9.343241000000008,20.59466964069262,52.49246070707069,0.0,0.0684931506849315,0.6666666666666666,66,69,77,0.7192118226600985,0.4729064039408867,0.46798029556650245,2.371823,5.258575,10.110013,0.0,0.5581395348837209,0.7135678391959799,146,96,95
886,0.8697916666666666,0.390625,0.3645833333333333,87.87694085714287,84.56791299999998,111.70388971428574,0.0,0.9671361502347418,0.9910313901345291,167,75,70,0.6095238095238096,0.6571428571428571,0.7428571428571429,9.144311000000007,20.533469362193337,52.289266707070695,0.0,0.06097560975609756,0.6333333333333333,64,69,78,0.7241379310344828,0.4630541871921182,0.458128078817734,2.433763,5.322664,10.110744,0.0,0.5642023346303502,0.702020202020202,147,94,93
887,0.8802083333333334,0.390625,0.3541666666666667,85.49364385714284,83.95216471428566,109.93897585714285,0.0,0.9760765550239234,0.9688888888888889,169,75,68,0.6095238095238096,0.5904761904761905,0.7333333333333333,8.926399000000004,20.54346938816737,52.565158707070694,0.0,0.05405405405405406,0.6428571428571429,64,62,77,0.7389162561576355,0.4729064039408867,0.45320197044334976,2.437857,5.29997,10.145279,0.0,0.532,0.7044334975369458,150,96,92
888,0.8854166666666666,0.390625,0.3645833333333333,86.44371238095239,81.1048841428571,111.38759914285714,0.0,0.9666666666666667,0.9733333333333334,170,75,70,0.6190476190476191,0.6476190476190476,0.7523809523809524,9.250335000000007,20.296732802308778,52.7432297070707,0.0,0.05128205128205128,0.6,65,68,79,0.7389162561576355,0.45320197044334976,0.4482758620689655,2.414899,5.249293,10.072871,0.0,0.548,0.7135678391959799,150,92,91
889,0.859375,0.390625,0.359375,89.0011332857143,82.7141607619047,112.43234471428573,0.0,0.9530516431924883,0.9776785714285714,165,75,69,0.6190476190476191,0.6095238095238096,0.7428571428571429,9.104473000000004,20.319333176046147,52.562149707070695,0.0,0.0547945205479452,0.6923076923076923,65,64,78,0.7339901477832512,0.46798029556650245,0.4482758620689655,2.499735,5.160274,10.113998,0.0,0.528957528957529,0.7352941176470589,149,95,91
890,0.8697916666666666,0.390625,0.3645833333333333,81.75943538095237,85.70921604761898,111.49969438095238,0.0,0.966824644549763,0.9820627802690582,167,75,70,0.6190476190476191,0.6,0.7333333333333333,8.894259000000007,20.357823285714264,52.51927770707069,0.0,0.06097560975609756,0.6666666666666666,65,63,77,0.729064039408867,0.4827586206896552,0.458128078817734,2.401628,5.190421,10.092852,0.0,0.5180722891566265,0.7326732673267327,148,98,93
891,0.8645833333333334,0.3854166666666667,0.3645833333333333,87.48457457142858,84.23918442857136,110.51472823809526,0.0,0.9532710280373832,0.9865470852017937,166,74,70,0.6285714285714286,0.5904761904761905,0.7238095238095238,9.050504000000007,19.645558378066358,52.527499707070696,0.0,0.05333333333333334,0.6428571428571429,66,62,76,0.729064039408867,0.5123152709359606,0.4729064039408867,2.42163,5.179217,10.133025,0.0,0.5291828793774319,0.7355769230769231,148,104,96
892,0.8125,0.3854166666666667,0.3645833333333333,88.77464766666667,83.0725544761904,109.77326580952383,0.0,0.9674418604651163,0.9909502262443439,156,74,70,0.6285714285714286,0.6476190476190476,0.7333333333333333,9.517122000000008,20.34954979220777,52.67946470707069,0.0,0.06944444444444445,0.6206896551724138,66,68,77,0.729064039408867,0.5123152709359606,0.4729064039408867,2.450318,5.116877,10.103052,0.0,0.53515625,0.7425742574257426,148,104,96
893,0.8541666666666666,0.390625,0.359375,83.16890123809524,83.7074906666666,109.84979914285715,0.0,0.9768518518518519,0.9864253393665159,164,75,69,0.6190476190476191,0.7047619047619048,0.7428571428571429,9.115426000000008,20.66167195382393,52.777401707070695,0.0,0.047058823529411764,0.6428571428571429,65,74,78,0.729064039408867,0.5024630541871922,0.458128078817734,2.438312,5.157481,10.134908,0.0,0.5433070866141733,0.7562189054726368,148,102,93
894,0.84375,0.3854166666666667,0.359375,85.7211332857143,84.42320676190467,109.36456104761906,0.02564102564102564,0.9905660377358491,0.9909502262443439,162,74,69,0.6,0.6190476190476191,0.7333333333333333,9.173874000000007,20.43329544877343,52.83273470707069,0.0,0.0547945205479452,0.72,63,65,77,0.729064039408867,0.5073891625615764,0.4729064039408867,2.389569,5.21997,10.129706,0.0,0.5204918032786885,0.7219512195121951,148,103,96
895,0.875,0.390625,0.3541666666666667,88.39972247619046,82.23622099999992,109.33878057142859,0.03225806451612903,0.9684684684684685,0.9910313901345291,168,75,68,0.6190476190476191,0.6190476190476191,0.7333333333333333,9.234162000000007,19.88788579220777,52.858537707070695,0.0,0.05128205128205128,0.72,65,65,77,0.7241379310344828,0.4630541871921182,0.45320197044334976,2.401272,5.186986,10.159464,0.0,0.5140562248995983,0.7326732673267327,147,94,92
896,0.8645833333333334,0.3854166666666667,0.359375,84.26450961904763,79.42071252380941,110.6244181904762,0.09090909090909091,0.9547511312217195,0.9776785714285714,166,74,69,0.638095238095238,0.6095238095238096,0.7428571428571429,9.389084000000008,19.767074974025952,52.84377570707069,0.0,0.05128205128205128,0.72,67,64,78,0.7192118226600985,0.4729064039408867,0.4729064039408867,2.391712,5.133696,10.204941,0.0,0.5038461538461538,0.7254901960784313,146,96,96
897,0.8541666666666666,0.390625,0.359375,85.82952161904763,82.93755466666659,111.93098961904764,0.030303030303030304,0.9629629629629629,0.9815668202764977,164,75,69,0.6190476190476191,0.580952380952381,0.7428571428571429,9.309898000000008,20.420475165945145,52.716373707070694,0.0,0.05263157894736842,0.6923076923076923,65,61,78,0.7339901477832512,0.4876847290640394,0.4827586206896552,2.373923,5.154454,10.207658,0.0,0.5038461538461538,0.7121951219512195,149,99,98
898,0.8645833333333334,0.390625,0.3489583333333333,86.52926309523811,81.08865961904752,110.73814495238096,0.07692307692307693,0.9720930232558139,0.9863636363636363,166,75,67,0.638095238095238,0.6,0.7428571428571429,9.202205571428578,20.180763792207774,52.69355070707069,0.0,0.06493506493506493,0.6923076923076923,67,63,78,0.7339901477832512,0.49261083743842365,0.4827586206896552,2.417612,5.206442,10.230641,0.0,0.5232558139534884,0.7425742574257426,149,100,98
899,0.84375,0.390625,0.3541666666666667,90.41568157142854,80.5617969047618,111.0236943809524,0.0,0.9768518518518519,0.9821428571428571,162,75,68,0.6476190476190476,0.5714285714285714,0.7428571428571429,8.965770571428578,20.062271479076465,53.207485707070695,0.0,0.06666666666666667,0.6923076923076923,68,60,78,0.7044334975369458,0.46798029556650245,0.49261083743842365,2.34757,5.201184,10.247393,0.0,0.5230769230769231,0.7342995169082126,143,95,100
900,0.8333333333333334,0.3802083333333333,0.3385416666666667,87.41570604761904,81.99313495238086,111.47408395238095,0.0,0.9765258215962441,1.0,160,73,65,0.6285714285714286,0.6285714285714286,0.7523809523809524,9.079457571428575,19.98750313564212,53.070885707070694,0.0,0.05128205128205128,0.6666666666666666,66,66,79,0.6896551724137931,0.43349753694581283,0.49261083743842365,2.399646,5.091183,10.272673,0.0,0.5212355212355212,0.7171717171717171,140,88,100
901,0.828125,0.359375,0.3385416666666667,85.40549304761906,82.4797309999999,111.17082633333334,0.0,0.966824644549763,0.976303317535545,159,69,65,0.6190476190476191,0.5523809523809524,0.7428571428571429,9.218489857142865,20.414046024531004,53.278667707070696,0.0,0.05405405405405406,0.7083333333333334,65,58,78,0.6748768472906403,0.4482758620689655,0.4729064039408867,2.338844,5.137237,10.291847,0.011560693641618497,0.5062240663900415,0.7065868263473054,137,91,96
902,0.8072916666666666,0.3697916666666667,0.34375,92.07454461904763,80.92908852380943,109.85726580952381,0.02857142857142857,0.957345971563981,0.9758454106280193,155,71,66,0.6190476190476191,0.5428571428571428,0.7428571428571429,9.306162000000008,20.11030195382393,53.2796017070707,0.0,0.05405405405405406,0.7272727272727273,65,57,78,0.6896551724137931,0.46798029556650245,0.4876847290640394,2.440363,5.218803,10.324915,0.011560693641618497,0.5211864406779662,0.711764705882353,140,95,99
903,0.8333333333333334,0.3697916666666667,0.34375,84.75123566666667,79.39113423809513,111.27738380952383,0.038461538461538464,0.9902439024390244,0.995,160,71,66,0.6190476190476191,0.580952380952381,0.7428571428571429,8.59026814285715,20.394446458874434,53.44213570707069,0.0,0.04878048780487805,0.7272727272727273,65,61,78,0.7044334975369458,0.4433497536945813,0.4729064039408867,2.379097,5.227909,10.345077,0.011428571428571429,0.5244444444444445,0.7378048780487805,143,90,96
904,0.828125,0.3645833333333333,0.3385416666666667,89.9753543809524,79.77829747619039,111.72355152380953,0.058823529411764705,0.9626168224299065,0.9803921568627451,159,70,65,0.6095238095238096,0.6190476190476191,0.7333333333333333,9.089561000000007,20.538295766233748,53.4444437070707,0.0,0.04819277108433735,0.7272727272727273,64,65,77,0.6847290640394089,0.4187192118226601,0.4876847290640394,2.435307,5.260545,10.35715,0.005813953488372093,0.5240174672489083,0.7202380952380952,139,85,99
905,0.8229166666666666,0.3645833333333333,0.34375,89.44619747619046,78.22279752380945,111.92889909523811,0.0,0.9712918660287081,0.9805825242718447,158,70,66,0.6095238095238096,0.5428571428571428,0.7238095238095238,9.072380000000008,20.090136927849905,53.387057707070696,0.0,0.056338028169014086,0.8,64,57,76,0.6798029556650246,0.3891625615763547,0.49261083743842365,2.409417,5.248766,10.38465,0.005780346820809248,0.481981981981982,0.7195121951219512,138,79,100
906,0.8177083333333334,0.3541666666666667,0.3333333333333333,87.44582233333333,78.70046061904755,112.1342560952381,0.0,0.9854368932038835,0.9807692307692307,157,68,64,0.6,0.5523809523809524,0.7333333333333333,9.478112000000008,20.16319289321787,53.3957197070707,0.0,0.05333333333333334,0.7777777777777778,63,58,77,0.6798029556650246,0.4187192118226601,0.4876847290640394,2.434076,5.177037,10.395461,0.0,0.4686192468619247,0.7065868263473054,138,85,99
907,0.8229166666666666,0.3645833333333333,0.3229166666666667,88.72694114285714,82.40445333333327,113.14308485714285,0.0,0.9615384615384616,0.966824644549763,158,70,62,0.6,0.5904761904761905,0.7333333333333333,8.858415000000008,20.07877774747472,53.35607170707069,0.0,0.08536585365853659,0.8235294117647058,63,62,77,0.6798029556650246,0.458128078817734,0.47783251231527096,2.409978,5.231463,10.337673,0.0,0.5106382978723404,0.7023809523809523,138,93,97
908,0.8229166666666666,0.359375,0.3229166666666667,86.69186776190476,81.3936547619047,113.62765995238097,0.034482758620689655,0.9808612440191388,0.9855769230769231,158,69,62,0.5714285714285714,0.6,0.7333333333333333,8.975409571428578,20.164523337662317,53.320161707070696,0.0,0.02666666666666667,0.8235294117647058,60,63,77,0.6798029556650246,0.46798029556650245,0.4876847290640394,2.430237,5.279605,10.371978,0.0,0.5126050420168067,0.7142857142857143,138,95,99
909,0.8177083333333334,0.359375,0.3072916666666667,85.20906966666671,80.09683609523803,113.86912942857141,0.0,0.9665071770334929,0.9585253456221198,157,69,59,0.5523809523809524,0.580952380952381,0.7333333333333333,8.880011000000007,19.862651206349184,53.422937707070695,0.0,0.038461538461538464,0.8235294117647058,58,61,77,0.6748768472906403,0.4729064039408867,0.4827586206896552,2.475988,5.307235,10.365627,0.0,0.5378151260504201,0.7037037037037037,137,96,98
910,0.8072916666666666,0.359375,0.3072916666666667,86.2122390952381,79.97488261904755,113.7154277142857,0.0,0.9758454106280193,0.9724770642201835,155,69,59,0.5523809523809524,0.5714285714285714,0.7333333333333333,9.118174428571436,20.339600675324654,53.31894270707069,0.0,0.08860759493670886,0.8235294117647058,58,60,77,0.6798029556650246,0.458128078817734,0.4876847290640394,2.444303,5.337514,10.371666,0.0,0.504424778761062,0.7076023391812866,138,93,99
911,0.8125,0.3489583333333333,0.3072916666666667,87.87641904761907,81.90389557142852,113.90983828571429,0.03125,0.9855072463768116,0.9906103286384976,156,67,59,0.5714285714285714,0.6095238095238096,0.7333333333333333,9.022528000000008,20.504131792207765,53.341277707070695,0.0,0.05,0.8235294117647058,60,64,77,0.6798029556650246,0.4482758620689655,0.4630541871921182,2.47524,5.293486,10.355502,0.005813953488372093,0.5361702127659574,0.7278481012658228,138,91,94
912,0.8177083333333334,0.34375,0.3072916666666667,86.92754500000001,82.77734942857137,112.76036704761906,0.05714285714285714,0.9674418604651163,0.9769585253456221,157,66,59,0.5714285714285714,0.5428571428571428,0.7428571428571429,9.017738000000007,20.167001202020177,53.413244707070696,0.0,0.056338028169014086,0.7777777777777778,60,57,78,0.6847290640394089,0.45320197044334976,0.47783251231527096,2.476259,5.345686,10.391531,0.0,0.538135593220339,0.6909090909090909,139,92,97
913,0.8072916666666666,0.34375,0.3072916666666667,83.42030328571425,81.47015533333328,112.6840237142857,0.0,0.9767441860465116,0.9769585253456221,155,66,59,0.5904761904761905,0.580952380952381,0.7428571428571429,8.92886557142858,20.249412531024504,53.34722570707069,0.0,0.04938271604938271,0.8235294117647058,62,61,78,0.6995073891625616,0.46798029556650245,0.4729064039408867,2.466004,5.348439,10.356622,0.005813953488372093,0.5062761506276151,0.6686390532544378,142,95,96
914,0.8072916666666666,0.375,0.3333333333333333,83.62294966666667,84.56396923809523,115.73453995238097,0.0,0.9363636363636364,0.9452054794520548,155,72,64,0.5619047619047619,0.580952380952381,0.7428571428571429,9.017846000000008,19.93422786291484,53.43724670707069,0.0,0.0759493670886076,0.8235294117647058,59,61,78,0.6945812807881774,0.4729064039408867,0.4876847290640394,2.465205,5.289333,10.435895,0.0,0.5269709543568465,0.6607142857142857,141,96,99
915,0.84375,0.3802083333333333,0.3489583333333333,84.9769656190476,84.44265957142854,117.44993423809525,0.03125,0.9463414634146341,0.9615384615384616,162,73,67,0.5523809523809524,0.6285714285714286,0.7333333333333333,9.320164428571436,20.50695661038959,53.415986707070694,0.0,0.05063291139240506,0.7894736842105263,58,66,77,0.6650246305418719,0.46798029556650245,0.4876847290640394,2.480465,5.243754,10.433846,0.0,0.49130434782608695,0.6460674157303371,135,95,99
916,0.828125,0.375,0.3541666666666667,80.32447985714286,85.99189919047618,115.2591360952381,0.0,0.9483568075117371,0.9751243781094527,159,72,68,0.5523809523809524,0.5714285714285714,0.7333333333333333,9.375016000000008,20.302984252525228,53.395238707070696,0.0,0.0547945205479452,0.7894736842105263,58,60,77,0.6551724137931034,0.4482758620689655,0.5073891625615764,2.462498,5.358609,10.397424,0.0,0.5194805194805194,0.6488095238095238,133,91,103
917,0.8229166666666666,0.3802083333333333,0.3489583333333333,81.57259223809524,86.71958866666664,116.93632319047622,0.0,0.95260663507109,0.9899497487437185,158,73,67,0.5523809523809524,0.5523809523809524,0.7333333333333333,8.920721000000007,20.433645287157265,53.580895707070695,0.0,0.05333333333333334,0.7777777777777778,58,58,77,0.6551724137931034,0.41379310344827586,0.5123152709359606,2.412503,5.383849,10.440147,0.005988023952095809,0.4957627118644068,0.6707317073170732,133,84,104
918,0.796875,0.375,0.3541666666666667,83.75194595238092,82.92133714285707,117.10102523809526,0.0,0.9302325581395349,0.9463414634146341,153,72,68,0.5523809523809524,0.5904761904761905,0.7333333333333333,8.686273000000003,20.57402449350647,53.489824707070696,0.0,0.05,0.8333333333333334,58,62,77,0.6551724137931034,0.43349753694581283,0.5123152709359606,2.456802,5.312876,10.432519,0.005847953216374269,0.5019762845849802,0.6625,133,88,104
919,0.8385416666666666,0.3697916666666667,0.3541666666666667,83.35410095238097,86.05403999999996,118.98340866666668,0.0,0.9383886255924171,0.9752475247524752,161,71,68,0.5428571428571428,0.580952380952381,0.7238095238095238,8.721181000000003,20.481556226551206,53.567015707070695,0.0,0.05063291139240506,0.8421052631578947,57,61,76,0.6551724137931034,0.458128078817734,0.5123152709359606,2.388381,5.247348,10.406031,0.005988023952095809,0.5042016806722689,0.6607142857142857,133,93,104
920,0.828125,0.3802083333333333,0.3541666666666667,84.6332696190476,88.43994814285712,116.16979380952382,0.0,0.918918918918919,0.9603960396039604,159,73,68,0.5428571428571428,0.6,0.7142857142857143,8.852422000000004,20.14183006493504,53.454674707070694,0.0,0.05128205128205128,0.8421052631578947,57,63,75,0.6600985221674877,0.4630541871921182,0.49261083743842365,2.363234,5.261666,10.451889,0.005917159763313609,0.5066666666666667,0.7025316455696202,134,94,100
921,0.8333333333333334,0.3802083333333333,0.3541666666666667,85.27242285714286,89.56048085714284,114.78426580952382,0.0,0.975609756097561,0.9753694581280788,160,73,68,0.5523809523809524,0.5904761904761905,0.7142857142857143,9.678550000000007,20.53998656998555,53.56393270707069,0.0,0.05333333333333334,0.8,58,62,75,0.6650246305418719,0.47783251231527096,0.5123152709359606,2.368398,5.296399,10.433631,0.0058823529411764705,0.5227272727272727,0.6746987951807228,135,97,104
922,0.8177083333333334,0.3802083333333333,0.3489583333333333,85.41320828571429,84.8461091428571,116.42089080952383,0.0,0.9318181818181818,0.9705882352941176,157,73,67,0.5523809523809524,0.5904761904761905,0.7142857142857143,9.238558000000008,20.155983616161592,53.4627367070707,0.0,0.05263157894736842,0.8421052631578947,58,62,75,0.6699507389162561,0.4729064039408867,0.5024630541871922,2.400343,5.396024,10.478106,0.0,0.5302325581395348,0.7236842105263158,136,96,102
923,0.8177083333333334,0.3802083333333333,0.3489583333333333,82.69134180952378,84.06526542857142,114.43494709523812,0.0,0.9386792452830188,0.9752475247524752,157,73,67,0.5619047619047619,0.6,0.7142857142857143,9.693565000000007,20.388569519480498,53.55534570707069,0.0,0.03896103896103896,0.8421052631578947,59,63,75,0.6699507389162561,0.458128078817734,0.5123152709359606,2.363324,5.383521,10.460191,0.0,0.5280373831775701,0.7018633540372671,136,93,104
924,0.796875,0.3802083333333333,0.3541666666666667,85.76086095238092,85.08832485714284,115.2378450952381,0.0,0.9436619718309859,0.98,153,73,68,0.5619047619047619,0.5904761904761905,0.7142857142857143,9.414165000000008,20.543318064935043,53.45364070707069,0.0,0.013888888888888888,0.8421052631578947,59,62,75,0.6699507389162561,0.43842364532019706,0.5221674876847291,2.370687,5.337551,10.455368,0.0,0.5209302325581395,0.7058823529411765,136,89,106
925,0.828125,0.375,0.3541666666666667,81.99874923809523,83.47834771428569,115.15093152380952,0.0,0.9383886255924171,0.9751243781094527,159,72,68,0.5619047619047619,0.5714285714285714,0.7142857142857143,9.266631571428578,20.445475913419887,53.65086870707069,0.0,0.07317073170731707,0.8888888888888888,59,60,75,0.6650246305418719,0.4433497536945813,0.5221674876847291,2.409296,5.298457,10.491522,0.0,0.5207373271889401,0.7225806451612903,135,90,106
926,0.8020833333333334,0.3802083333333333,0.3541666666666667,82.45228295238095,86.40358285714281,116.58398509523812,0.0,0.9400921658986175,0.9509803921568627,154,73,68,0.5428571428571428,0.5619047619047619,0.7142857142857143,9.067193000000007,20.105269135642114,53.54407170707069,0.0,0.05555555555555555,0.8421052631578947,57,59,75,0.6551724137931034,0.45320197044334976,0.5172413793103449,2.388882,5.374737,10.473703,0.0,0.5227272727272727,0.7267080745341615,133,92,105
927,0.8020833333333334,0.3802083333333333,0.3489583333333333,84.3844610952381,84.80006742857142,114.73122895238097,0.0,0.9571428571428572,0.9751243781094527,154,73,67,0.5523809523809524,0.5714285714285714,0.7142857142857143,9.589641000000007,20.27184844877343,53.64166670707069,0.0,0.08641975308641975,0.8421052631578947,58,60,75,0.6650246305418719,0.4729064039408867,0.5221674876847291,2.401494,5.274545,10.488982,0.0,0.5201793721973094,0.7375,135,96,106
928,0.8229166666666666,0.3802083333333333,0.3541666666666667,88.2420028095238,84.76423957142852,112.69725652380954,0.0,0.9530516431924883,0.9701492537313433,158,73,68,0.5904761904761905,0.5523809523809524,0.7142857142857143,9.808752000000007,20.223373721500696,53.45936470707069,0.0,0.06329113924050633,0.8421052631578947,62,58,75,0.6650246305418719,0.47783251231527096,0.5123152709359606,2.363014,5.3831,10.509582,0.0,0.576036866359447,0.7597402597402597,135,97,104
929,0.78125,0.375,0.3489583333333333,85.82019685714285,85.74376242857139,110.93428523809526,0.0,0.95260663507109,0.9851485148514851,150,72,67,0.6095238095238096,0.6190476190476191,0.7142857142857143,9.099587000000007,20.32024956998555,53.622431707070696,0.0,0.07407407407407407,0.8888888888888888,64,65,75,0.6650246305418719,0.4729064039408867,0.5221674876847291,2.370254,5.341141,10.46146,0.0,0.5497630331753555,0.7065868263473054,135,96,106
930,0.8177083333333334,0.3802083333333333,0.3541666666666667,85.46788395238096,83.40487114285712,112.68469438095241,0.027777777777777776,0.9454545454545454,0.9803921568627451,157,73,68,0.580952380952381,0.6285714285714286,0.7142857142857143,9.33075057142858,20.24536695382393,53.597654707070696,0.0,0.10975609756097561,0.85,61,66,75,0.6748768472906403,0.49261083743842365,0.5172413793103449,2.340698,5.331037,10.536177,0.0,0.5616438356164384,0.7337662337662337,137,100,105
931,0.828125,0.3802083333333333,0.3489583333333333,83.41486533333331,83.92764957142853,113.8896286666667,0.038461538461538464,0.9485981308411215,0.9751243781094527,159,73,67,0.5238095238095238,0.5428571428571428,0.7142857142857143,9.500083888888895,19.835727640692618,53.52079170707069,0.0,0.08450704225352113,0.8571428571428571,55,57,75,0.6699507389162561,0.4827586206896552,0.5172413793103449,2.333908,5.353909,10.499492,0.0,0.5436893203883495,0.7272727272727273,136,98,105
932,0.8020833333333334,0.3802083333333333,0.3541666666666667,81.88348638095236,83.67472942857137,113.24146938095241,0.06666666666666667,0.9209302325581395,0.970873786407767,154,73,68,0.5523809523809524,0.6285714285714286,0.7142857142857143,9.17252871428572,20.357431059163037,53.52135270707069,0.0,0.08139534883720931,0.8421052631578947,58,66,75,0.6699507389162561,0.4729064039408867,0.5073891625615764,2.378823,5.41161,10.49114,0.0,0.5414634146341464,0.7450980392156863,136,96,103
933,0.8072916666666666,0.3802083333333333,0.3489583333333333,81.340312,83.35732699999996,111.57323380952383,0.05555555555555555,0.970873786407767,0.9658536585365853,155,73,67,0.5523809523809524,0.6285714285714286,0.7142857142857143,9.958522317460325,20.343026115440093,53.514298707070694,0.0,0.06666666666666667,0.8421052631578947,58,66,75,0.6699507389162561,0.4729064039408867,0.5221674876847291,2.35977,5.422031,10.528883,0.0,0.5428571428571428,0.7483870967741936,136,96,106
934,0.8020833333333334,0.3802083333333333,0.3489583333333333,87.78948966666665,86.95645757142852,113.15126580952384,0.05714285714285714,0.9447004608294931,0.9577464788732394,154,73,67,0.5428571428571428,0.5619047619047619,0.7142857142857143,9.350082000000008,20.73821366089464,53.618748707070694,0.0,0.07352941176470588,0.8421052631578947,57,59,75,0.6748768472906403,0.458128078817734,0.5270935960591133,2.342275,5.439181,10.522922,0.0,0.5333333333333333,0.7631578947368421,137,93,107
935,0.828125,0.3802083333333333,0.3541666666666667,82.73020204761906,85.42053928571426,113.18273966666666,0.027777777777777776,0.9619047619047619,0.9757281553398058,159,73,68,0.5714285714285714,0.638095238095238,0.7142857142857143,9.347491888888895,20.661516974025954,53.554806707070696,0.0,0.0759493670886076,0.8571428571428571,60,67,75,0.6699507389162561,0.4482758620689655,0.5369458128078818,2.368974,5.396335,10.559095,0.0,0.5231481481481481,0.7843137254901961,136,91,109
936,0.8125,0.3802083333333333,0.3541666666666667,84.31420147619049,85.43965842857139,112.72254266666667,0.06896551724137931,0.9433962264150944,0.9805825242718447,156,73,68,0.580952380952381,0.6190476190476191,0.7142857142857143,9.186984000000008,20.023526953823932,53.5594107070707,0.0,0.07792207792207792,0.8571428571428571,61,65,75,0.6650246305418719,0.4729064039408867,0.5270935960591133,2.363681,5.363303,10.526165,0.0,0.5114155251141552,0.75,135,96,107
937,0.8177083333333334,0.3802083333333333,0.3489583333333333,83.94685209523809,85.94004299999995,115.32913366666669,0.08,0.9311926605504587,0.9622641509433962,157,73,67,0.5619047619047619,0.5619047619047619,0.7142857142857143,9.409553428571437,20.031938979797953,53.584441707070695,0.0,0.06944444444444445,0.8571428571428571,59,59,75,0.6600985221674877,0.4827586206896552,0.5221674876847291,2.332148,5.351143,10.588954,0.0,0.5848214285714286,0.7792207792207793,134,98,106
938,0.8125,0.3802083333333333,0.3541666666666667,84.17455185714284,85.75913614285709,113.1706433809524,0.037037037037037035,0.9493087557603687,0.95260663507109,156,73,68,0.5904761904761905,0.580952380952381,0.7142857142857143,9.603502000000008,20.189756176046153,53.64888470707069,0.0,0.05194805194805195,0.8571428571428571,62,61,75,0.6699507389162561,0.4827586206896552,0.5320197044334976,2.353485,5.380432,10.618558,0.0,0.5560747663551402,0.7894736842105263,136,98,108
939,0.8125,0.3802083333333333,0.34375,82.67028780952383,81.96424042857137,113.2357840952381,0.07692307692307693,0.9345794392523364,0.9710144927536232,156,73,66,0.6,0.580952380952381,0.7142857142857143,9.455470000000007,20.39359863636361,53.694182707070695,0.0,0.05263157894736842,0.8571428571428571,63,61,75,0.6699507389162561,0.4482758620689655,0.5221674876847291,2.390268,5.365017,10.605302,0.0,0.5576923076923077,0.7662337662337663,136,91,106
940,0.8125,0.3802083333333333,0.3541666666666667,82.01240704761904,81.82987899999992,113.85112295238093,0.1282051282051282,0.9476190476190476,0.957345971563981,156,73,68,0.6285714285714286,0.580952380952381,0.7142857142857143,9.597337428571436,20.390264363636337,53.77450370707069,0.0,0.0547945205479452,0.8181818181818182,66,61,75,0.6847290640394089,0.47783251231527096,0.5221674876847291,2.403915,5.375286,10.620595,0.0,0.5515695067264574,0.7266666666666667,139,97,106
941,0.828125,0.3802083333333333,0.3541666666666667,88.89735828571426,85.10461171428568,112.70803466666669,0.05714285714285714,0.9483568075117371,0.9714285714285714,159,73,68,0.6285714285714286,0.5523809523809524,0.7047619047619048,9.244504317460324,20.144973186147165,54.04053670707069,0.0,0.05333333333333334,0.8571428571428571,66,58,74,0.6847290640394089,0.4876847290640394,0.5270935960591133,2.38606,5.356546,10.668138,0.0,0.5493562231759657,0.7354838709677419,139,99,107
942,0.8229166666666666,0.3802083333333333,0.3541666666666667,86.35775876190478,85.53051771428566,114.81609338095238,0.09090909090909091,0.9302325581395349,0.9560975609756097,158,73,68,0.6,0.580952380952381,0.6952380952380952,8.615535682539686,20.474792020201996,53.8230347070707,0.0,0.05128205128205128,0.75,63,61,73,0.6847290640394089,0.4482758620689655,0.5221674876847291,2.428128,5.380711,10.667588,0.0,0.5848214285714286,0.7290322580645161,139,91,106
943,0.8229166666666666,0.3802083333333333,0.3541666666666667,82.83211252380953,85.03858785714282,115.48412295238094,0.05714285714285714,0.9392523364485982,0.9757281553398058,158,73,68,0.5904761904761905,0.6190476190476191,0.6857142857142857,8.898687571428578,20.61323295382393,53.81944870707069,0.0,0.06493506493506493,0.75,62,65,72,0.6896551724137931,0.4433497536945813,0.5073891625615764,2.410475,5.351964,10.678529,0.0,0.5426008968609866,0.7302631578947368,140,90,103
944,0.8229166666666666,0.3802083333333333,0.3489583333333333,83.59627247619048,86.09767071428568,114.52662723809524,0.075,0.9351851851851852,0.9804878048780488,158,73,67,0.5714285714285714,0.6476190476190476,0.7047619047619048,8.533940888888896,20.934844388167367,53.74619770707069,0.0,0.04938271604938271,0.72,60,68,74,0.6995073891625616,0.4482758620689655,0.5172413793103449,2.396411,5.318547,10.68339,0.0,0.5347826086956522,0.703030303030303,142,91,105
945,0.8229166666666666,0.3802083333333333,0.3541666666666667,83.65507109523807,87.23781771428567,114.88364323809523,0.05263157894736842,0.9660194174757282,0.9400921658986175,158,73,68,0.5904761904761905,0.6285714285714286,0.7047619047619048,9.156332000000004,19.883498953823928,53.88965370707069,0.0,0.05194805194805195,0.8333333333333334,62,66,74,0.7093596059113301,0.46798029556650245,0.5024630541871922,2.415123,5.288063,10.646985,0.0,0.5217391304347826,0.6809815950920245,144,95,102
946,0.8333333333333334,0.3802083333333333,0.3541666666666667,86.15642157142857,85.91695799999995,114.1972588095238,0.05263157894736842,0.9444444444444444,0.970873786407767,160,73,68,0.5904761904761905,0.6095238095238096,0.7047619047619048,8.693162428571434,20.4018232265512,53.81690770707069,0.0,0.05970149253731343,0.8695652173913043,62,64,74,0.7142857142857143,0.4876847290640394,0.5270935960591133,2.397703,5.342234,10.591056,0.005780346820809248,0.5497835497835498,0.7058823529411765,145,99,107
947,0.8072916666666666,0.3802083333333333,0.3489583333333333,85.26127252380951,85.36857899999994,114.06966195238098,0.046511627906976744,0.9481132075471698,0.9808612440191388,155,73,67,0.5714285714285714,0.5904761904761905,0.7142857142857143,8.412070222222228,20.527716337662312,53.900023707070694,0.0,0.05263157894736842,0.8333333333333334,60,62,75,0.6847290640394089,0.4827586206896552,0.5270935960591133,2.37642,5.313567,10.639468,0.005780346820809248,0.5608695652173913,0.7171052631578947,139,98,107
948,0.828125,0.375,0.3541666666666667,83.33372657142857,85.80650728571425,114.71851823809527,0.13157894736842105,0.9485981308411215,0.9712918660287081,159,72,68,0.5619047619047619,0.6095238095238096,0.7047619047619048,9.001772888888896,20.885537408369384,53.74619770707069,0.0,0.07792207792207792,0.8695652173913043,59,64,74,0.6748768472906403,0.4729064039408867,0.5320197044334976,2.361128,5.284679,10.590572,0.0,0.5757575757575758,0.7278481012658228,137,96,108
949,0.8229166666666666,0.3802083333333333,0.3489583333333333,83.54254633333332,88.02209199999996,113.39823880952383,0.05714285714285714,0.9497716894977168,0.9714285714285714,158,73,67,0.5904761904761905,0.5904761904761905,0.7047619047619048,8.977488111111116,20.35780973160171,53.8890837070707,0.0,0.04819277108433735,0.8695652173913043,62,62,74,0.6847290640394089,0.45320197044334976,0.5270935960591133,2.400068,5.339479,10.644756,0.0,0.5565610859728507,0.7619047619047619,139,92,107
950,0.8333333333333334,0.3802083333333333,0.3489583333333333,84.32982014285713,87.55216328571423,113.60309052380957,0.05263157894736842,0.9493087557603687,0.9759615384615384,160,73,67,0.5714285714285714,0.6095238095238096,0.6952380952380952,8.951103428571432,20.67752297402595,53.84006370707069,0.0,0.06756756756756757,0.88,60,64,73,0.6748768472906403,0.458128078817734,0.5123152709359606,2.39189,5.334987,10.686291,0.005649717514124294,0.5550847457627118,0.740506329113924,137,93,104
951,0.7916666666666666,0.3802083333333333,0.3541666666666667,83.4298015238095,81.8796189523809,117.23482252380954,0.02857142857142857,0.9311926605504587,0.9624413145539906,152,73,68,0.5619047619047619,0.6285714285714286,0.6952380952380952,8.854392000000004,20.384606610389586,53.74619770707069,0.0,0.08974358974358974,0.8461538461538461,59,66,73,0.6798029556650246,0.458128078817734,0.5270935960591133,2.421592,5.322144,10.658512,0.005714285714285714,0.5411255411255411,0.7073170731707317,138,93,107
952,0.796875,0.3802083333333333,0.3541666666666667,85.48439819047617,81.46633471428565,116.68529323809524,0.023255813953488372,0.9471153846153846,0.966824644549763,153,73,68,0.5619047619047619,0.6,0.6952380952380952,8.935207000000004,20.21775229725827,53.74619770707069,0.0,0.08,0.9166666666666666,59,63,73,0.6847290640394089,0.4630541871921182,0.5270935960591133,2.493821,5.321146,10.690171,0.005649717514124294,0.5427350427350427,0.7321428571428571,139,94,107
953,0.8385416666666666,0.375,0.3541666666666667,83.98685971428571,84.68004242857135,115.8067108095238,0.05128205128205128,0.9436619718309859,0.9483568075117371,161,72,68,0.5523809523809524,0.638095238095238,0.7047619047619048,8.839558616161622,20.346855458874437,53.74619770707069,0.0,0.06578947368421052,0.88,58,67,74,0.6847290640394089,0.46798029556650245,0.5221674876847291,2.434895,5.235177,10.664871,0.005649717514124294,0.5659574468085107,0.7529411764705882,139,95,106
954,0.796875,0.3802083333333333,0.3541666666666667,87.2452044285714,82.84046242857137,114.97339695238095,0.1,0.9360730593607306,0.9620853080568721,153,73,68,0.5428571428571428,0.6,0.7047619047619048,8.892223682539687,20.318634832611806,53.74619770707069,0.0,0.058823529411764705,0.8571428571428571,57,63,74,0.6748768472906403,0.4827586206896552,0.5172413793103449,2.468306,5.318484,10.735236,0.005780346820809248,0.5530973451327433,0.7204968944099379,137,98,105
955,0.8229166666666666,0.3697916666666667,0.3489583333333333,83.07614642857142,83.59145828571422,114.63768838095238,0.06521739130434782,0.9478672985781991,0.970873786407767,158,71,67,0.5619047619047619,0.6190476190476191,0.7142857142857143,8.740113727272734,20.37786972150069,53.87974170707069,0.0,0.0875,0.8333333333333334,59,65,75,0.6748768472906403,0.45320197044334976,0.5123152709359606,2.391633,5.413868,10.685571,0.005681818181818182,0.5656108597285068,0.6982248520710059,137,92,104
956,0.8020833333333334,0.3802083333333333,0.3541666666666667,86.98426228571427,84.87589157142851,114.83934238095237,0.07142857142857142,0.9444444444444444,0.9660194174757282,154,73,68,0.5523809523809524,0.6285714285714286,0.6952380952380952,8.566959111111116,20.17256468109666,53.853764707070695,0.0,0.08974358974358974,0.8888888888888888,58,66,73,0.6798029556650246,0.4433497536945813,0.5221674876847291,2.40749,5.336497,10.683531,0.005714285714285714,0.5364806866952789,0.7469879518072289,138,90,106
957,0.8385416666666666,0.3802083333333333,0.34375,83.47591557142856,85.1408765714285,116.2534920952381,0.07692307692307693,0.9615384615384616,0.9715639810426541,161,73,66,0.5619047619047619,0.6476190476190476,0.7047619047619048,8.940142565656572,20.20576983261181,53.92864070707069,0.0,0.08860759493670886,0.8387096774193549,59,68,74,0.6798029556650246,0.45320197044334976,0.5270935960591133,2.392574,5.294801,10.67247,0.00558659217877095,0.51931330472103,0.7961783439490446,138,92,107
958,0.828125,0.3958333333333333,0.3645833333333333,89.03941666666665,85.81179357142854,119.73512466666668,0.12121212121212122,0.9074889867841409,0.957345971563981,159,76,70,0.5904761904761905,0.6095238095238096,0.7142857142857143,9.015348000000007,20.551445772005753,54.28223470707069,0.0,0.10666666666666667,0.8275862068965517,62,64,75,0.6995073891625616,0.4876847290640394,0.5517241379310345,2.461077,5.355052,10.730244,0.01092896174863388,0.5299145299145299,0.7947019867549668,142,99,112
959,0.8229166666666666,0.4114583333333333,0.3802083333333333,85.21058266666667,88.24897185714282,117.22152652380954,0.045454545454545456,0.9330143540669856,0.9601990049751243,158,79,73,0.5904761904761905,0.6190476190476191,0.7047619047619048,8.920540616161622,20.684902933621913,54.335733707070695,0.0,0.10714285714285714,0.7272727272727273,62,65,74,0.7044334975369458,0.5024630541871922,0.5566502463054187,2.461538,5.417184,10.738535,0.005405405405405406,0.5434782608695652,0.8275862068965517,143,102,113
960,0.8125,0.4114583333333333,0.3802083333333333,93.0632250952381,85.75418314285709,118.6003750952381,0.05128205128205128,0.9463414634146341,0.9601990049751243,156,79,73,0.6095238095238096,0.6095238095238096,0.6952380952380952,9.206686000000007,20.573728246753223,54.60019170707069,0.0,0.14772727272727273,0.7222222222222222,64,64,73,0.7093596059113301,0.5270935960591133,0.5566502463054187,2.457202,5.488501,10.750431,0.0,0.4956140350877193,0.823943661971831,144,107,113
961,0.828125,0.4114583333333333,0.3854166666666667,91.91760547619045,87.83716357142852,116.57981366666667,0.05263157894736842,0.9230769230769231,0.9556650246305419,159,79,74,0.6095238095238096,0.638095238095238,0.6952380952380952,9.190318545454554,20.129793024531,54.67496570707069,0.011111111111111112,0.14285714285714285,0.7027027027027027,64,67,73,0.7142857142857143,0.5123152709359606,0.5566502463054187,2.47435,5.507641,10.747685,0.0,0.504424778761062,0.8489208633093526,145,104,113
962,0.8333333333333334,0.4114583333333333,0.3854166666666667,85.91226071428567,86.92373714285709,116.17231023809524,0.06666666666666667,0.9356435643564357,0.965,160,79,74,0.6190476190476191,0.6666666666666666,0.6857142857142857,9.376481888888895,20.730733842712823,54.640404707070694,0.0,0.15730337078651685,0.7027027027027027,65,70,72,0.6995073891625616,0.49261083743842365,0.5615763546798029,2.474913,5.502778,10.736225,0.0,0.5,0.8581560283687943,142,100,114
963,0.8229166666666666,0.4114583333333333,0.375,94.9797413333333,84.59720057142854,118.92439223809527,0.15789473684210525,0.941747572815534,0.9552238805970149,158,79,72,0.6095238095238096,0.6476190476190476,0.6952380952380952,8.717314727272734,20.14441206493504,54.62397070707069,0.0,0.15294117647058825,0.7027027027027027,64,68,73,0.6896551724137931,0.5123152709359606,0.5615763546798029,2.545783,5.492308,10.779242,0.0,0.4915254237288136,0.8652482269503546,140,104,114
964,0.8541666666666666,0.40625,0.3854166666666667,91.25428690476187,86.11064542857137,117.72153738095237,0.13333333333333333,0.9282296650717703,0.946078431372549,164,78,74,0.6,0.6761904761904762,0.7047619047619048,9.169497000000007,20.511313862914843,54.467662707070694,0.0,0.15730337078651685,0.6842105263157895,63,71,74,0.6847290640394089,0.5270935960591133,0.5566502463054187,2.47225,5.443436,10.787462,0.0,0.4956896551724138,0.85,139,107,113
965,0.8229166666666666,0.40625,0.3854166666666667,88.45233923809523,85.01759728571425,119.1611298095238,0.25,0.9512195121951219,0.949748743718593,158,78,74,0.6,0.6952380952380952,0.7047619047619048,9.059355428571433,21.016997024531005,54.7752817070707,0.0,0.1111111111111111,0.7027027027027027,63,73,74,0.6847290640394089,0.5270935960591133,0.5665024630541872,2.488866,5.455205,10.844872,0.0,0.4892703862660944,0.8380281690140845,139,107,115
966,0.8125,0.40625,0.3854166666666667,92.4019628095238,90.09949057142852,120.22909052380953,0.17073170731707318,0.9313725490196079,0.9695431472081218,156,78,74,0.6285714285714286,0.7142857142857143,0.7047619047619048,8.853033383838389,20.738302206349182,54.73436670707069,0.0,0.10989010989010989,0.7027027027027027,66,75,74,0.6748768472906403,0.5172413793103449,0.5714285714285714,2.515723,5.58318,10.827931,0.0,0.5,0.8137931034482758,137,105,116
967,0.84375,0.4114583333333333,0.3802083333333333,89.87733519047617,89.41078314285707,119.64012066666668,0.1,0.9302325581395349,0.9651741293532339,162,79,73,0.638095238095238,0.6857142857142857,0.7142857142857143,9.532423000000007,20.53384184271282,54.64242970707069,0.0,0.12345679012345678,0.6842105263157895,67,72,75,0.6748768472906403,0.5270935960591133,0.5714285714285714,2.49838,5.6074,10.874417,0.0,0.5046296296296297,0.8188405797101449,137,107,116
968,0.828125,0.40625,0.3854166666666667,86.01795119047618,86.65480157142852,116.5256203809524,0.21875,0.9230769230769231,0.9458128078817734,159,78,74,0.6,0.7047619047619048,0.7238095238095238,9.165550616161623,20.407871686868663,54.70769570707069,0.0,0.15789473684210525,0.7,63,74,76,0.6305418719211823,0.5073891625615764,0.5665024630541872,2.487722,5.652604,10.878133,0.0,0.5114155251141552,0.8382352941176471,128,103,115
969,0.796875,0.4114583333333333,0.3802083333333333,88.77277285714284,84.77817328571422,118.23176338095239,0.17391304347826086,0.9207920792079208,0.973404255319149,153,79,73,0.6,0.7142857142857143,0.7238095238095238,9.066441727272734,20.47974920202018,54.58267070707069,0.0,0.19767441860465115,0.717948717948718,63,75,76,0.6108374384236454,0.4975369458128079,0.5615763546798029,2.433737,5.625273,10.873595,0.0,0.4855769230769231,0.8220338983050848,124,101,114
970,0.8125,0.4166666666666667,0.4114583333333333,90.88812966666666,83.86125842857139,118.16999066666668,0.2127659574468085,0.9154228855721394,0.9435897435897436,156,80,79,0.6476190476190476,0.7238095238095238,0.7619047619047619,9.396036888888895,20.843605024531,54.607614707070695,0.0,0.1935483870967742,0.6428571428571429,68,76,80,0.6403940886699507,0.49261083743842365,0.5763546798029556,2.46471,5.54997,10.876481,0.0,0.47706422018348627,0.8389830508474576,130,100,117
971,0.8125,0.4427083333333333,0.40625,89.67173338095238,89.13707485714282,123.3288173809524,0.08333333333333333,0.9141414141414141,0.9468085106382979,156,85,78,0.638095238095238,0.7142857142857143,0.7904761904761904,9.353053000000008,20.80449284271282,55.010064090909076,0.0,0.0989010989010989,0.4411764705882353,67,75,83,0.6354679802955665,0.5320197044334976,0.5763546798029556,2.431051,5.553411,10.914732,0.0,0.4484304932735426,0.7815126050420168,129,108,117
972,0.8177083333333334,0.4427083333333333,0.40625,94.00521733333332,90.11782328571425,120.04447323809525,0.09090909090909091,0.9114583333333334,0.9513513513513514,157,85,78,0.6571428571428571,0.7523809523809524,0.8095238095238095,9.48162311111112,20.78363199422797,55.22815443434341,0.0,0.13186813186813187,0.35135135135135137,69,79,85,0.6502463054187192,0.541871921182266,0.5714285714285714,2.493429,5.513529,10.949285,0.0,0.4826086956521739,0.75,132,110,116
973,0.796875,0.4375,0.4010416666666667,93.2419836190476,89.20483742857137,119.15186438095239,0.08571428571428572,0.9611111111111111,0.9672131147540983,153,84,77,0.6476190476190476,0.7523809523809524,0.819047619047619,9.133693682539686,20.714397862914836,55.44137136363634,0.0,0.13636363636363635,0.3142857142857143,68,79,86,0.6502463054187192,0.5517241379310345,0.5763546798029556,2.474319,5.47742,10.977344,0.0,0.452914798206278,0.753968253968254,132,112,117
974,0.8541666666666666,0.4375,0.4114583333333333,90.76330642857145,86.74756728571423,116.40642333333334,0.125,0.9246231155778895,0.9326424870466321,164,84,79,0.6666666666666666,0.7619047619047619,0.8095238095238095,9.153901272727277,20.777371014429992,55.68233797979796,0.0,0.13095238095238096,0.36363636363636365,70,80,85,0.645320197044335,0.541871921182266,0.5763546798029556,2.437831,5.493288,10.978625,0.0,0.45495495495495497,0.7111111111111111,131,110,117
975,0.84375,0.4427083333333333,0.4114583333333333,93.9711420952381,86.03125757142851,115.16421323809526,0.07894736842105263,0.9123711340206185,0.967032967032967,162,85,79,0.6285714285714286,0.7333333333333333,0.8380952380952381,9.418926727272734,21.416543953823933,55.56753977777776,0.010309278350515464,0.09411764705882353,0.3142857142857143,66,77,88,0.645320197044335,0.5270935960591133,0.5862068965517241,2.447675,5.574823,11.010816,0.0,0.47058823529411764,0.7007299270072993,131,107,119
976,0.828125,0.4427083333333333,0.4114583333333333,91.36371561904761,86.55023685714278,115.87994538095239,0.15,0.9015544041450777,0.9567567567567568,159,85,79,0.6285714285714286,0.7523809523809524,0.8571428571428571,9.391515383838392,20.96525184271282,55.44326497979796,0.0,0.11494252873563218,0.2857142857142857,66,79,90,0.6551724137931034,0.5320197044334976,0.5862068965517241,2.47882,5.545804,10.987679,0.0,0.41935483870967744,0.6870229007633588,133,108,119
977,0.828125,0.4375,0.4114583333333333,90.65642176190475,89.93312071428568,117.99008052380951,0.1111111111111111,0.9259259259259259,0.9521276595744681,159,84,79,0.638095238095238,0.7428571428571429,0.8285714285714286,9.54579833333334,20.807835660894636,55.52436543434342,0.0,0.1348314606741573,0.36666666666666664,67,78,87,0.6502463054187192,0.5517241379310345,0.5960591133004927,2.463506,5.538006,11.002908,0.010752688172043012,0.3972602739726027,0.7132352941176471,132,112,121
978,0.8489583333333334,0.4427083333333333,0.4114583333333333,88.39623895238093,90.25545899999996,117.3918230952381,0.05405405405405406,0.9414893617021277,0.9516129032258065,163,85,79,0.6761904761904762,0.7619047619047619,0.8285714285714286,9.493532656565662,20.53407306493504,55.70029425252523,0.0,0.13186813186813187,0.25,71,80,87,0.6551724137931034,0.5714285714285714,0.6059113300492611,2.497457,5.644863,10.993701,0.0,0.410958904109589,0.7014925373134329,133,116,123
979,0.8333333333333334,0.4375,0.4114583333333333,90.59307014285713,89.08410885714281,120.5442150952381,0.027777777777777776,0.9427083333333334,0.9312169312169312,160,84,79,0.6476190476190476,0.6952380952380952,0.8476190476190476,9.445183539682548,20.585277953823937,55.55572670707069,0.0,0.08641975308641975,0.25806451612903225,68,73,89,0.6699507389162561,0.5714285714285714,0.6059113300492611,2.45848,5.716624,10.970421,0.005291005291005291,0.41935483870967744,0.6940298507462687,136,116,123
980,0.8333333333333334,0.4427083333333333,0.4114583333333333,92.27090904761906,89.0388784285714,119.70977609523813,0.1111111111111111,0.9114583333333334,0.9617486338797814,160,85,79,0.6476190476190476,0.7523809523809524,0.8380952380952381,9.275746155844162,20.63440033766232,55.85010225252523,0.0,0.09523809523809523,0.25806451612903225,68,79,88,0.6798029556650246,0.5714285714285714,0.6059113300492611,2.48942,5.619734,10.956478,0.0,0.40625,0.7142857142857143,138,116,123
981,0.8385416666666666,0.4427083333333333,0.4010416666666667,90.96897647619046,84.88554771428568,120.41893080952383,0.07692307692307693,0.946236559139785,0.9521276595744681,161,85,77,0.6571428571428571,0.7238095238095238,0.819047619047619,9.4925094949495,20.27589595382393,55.70479043434342,0.0,0.09195402298850575,0.24242424242424243,69,76,86,0.6896551724137931,0.5566502463054187,0.6206896551724138,2.451003,5.58141,10.997552,0.0,0.41517857142857145,0.7071428571428572,140,113,126
982,0.8333333333333334,0.4270833333333333,0.4114583333333333,88.67503514285714,86.69621071428567,120.55551909523813,0.07142857142857142,0.8888888888888888,0.9479166666666666,160,82,79,0.6476190476190476,0.6666666666666666,0.819047619047619,9.234707272727281,20.62213829725828,55.61704343434342,0.0,0.08536585365853659,0.30303030303030304,68,70,86,0.6896551724137931,0.5467980295566502,0.6108374384236454,2.464805,5.537375,10.998749,0.0053475935828877,0.43555555555555553,0.7608695652173914,140,111,124
983,0.828125,0.4375,0.40625,94.37993419047619,90.7716048571428,118.95526952380953,0.047619047619047616,0.9468085106382979,0.9837837837837838,159,84,78,0.6285714285714286,0.7238095238095238,0.8095238095238095,9.497502000000008,20.910668862914843,55.72915216161615,0.0,0.16279069767441862,0.3333333333333333,66,76,85,0.6847290640394089,0.541871921182266,0.6108374384236454,2.517468,5.582439,11.06302,0.0,0.4495798319327731,0.7421875,139,110,124
984,0.8541666666666666,0.453125,0.4270833333333333,90.10430876190476,91.08614185714282,119.09999338095238,0.029411764705882353,0.9057591623036649,0.9393939393939394,164,87,82,0.6285714285714286,0.7619047619047619,0.8571428571428571,9.37751168253969,20.95667406493504,56.13681797979796,0.0,0.07692307692307693,0.24242424242424243,66,80,90,0.6945812807881774,0.5517241379310345,0.6403940886699507,2.470248,5.564083,11.147371,0.0,0.4393305439330544,0.7333333333333333,141,112,130
985,0.84375,0.46875,0.421875,92.41321290476189,91.67731028571424,121.5219860952381,0.0625,0.9148936170212766,0.9644670050761421,162,90,81,0.6190476190476191,0.7142857142857143,0.8666666666666667,9.306673888888895,20.88781084271282,56.116656979797966,0.0,0.10638297872340426,0.2647058823529412,65,75,91,0.6995073891625616,0.5369458128078818,0.6354679802955665,2.468868,5.515771,11.123729,0.0,0.39662447257383965,0.7121212121212122,142,109,129
986,0.859375,0.4739583333333333,0.4427083333333333,95.5062557142857,92.48543171428567,122.50537295238095,0.05405405405405406,0.9347826086956522,0.925,165,91,85,0.6190476190476191,0.7428571428571429,0.8476190476190476,9.25446518181819,20.968697731601708,55.96479732323231,0.0,0.09574468085106383,0.27586206896551724,65,78,89,0.6945812807881774,0.5369458128078818,0.6354679802955665,2.495883,5.482844,11.16183,0.0,0.4435483870967742,0.7209302325581395,141,109,129
987,0.8802083333333334,0.46875,0.4427083333333333,92.22154504761903,94.91117871428567,122.1857670952381,0.07017543859649122,0.9308510638297872,0.9639175257731959,169,90,85,0.638095238095238,0.7428571428571429,0.8761904761904762,9.263054545454555,20.466876610389587,56.02267643434342,0.0,0.05434782608695652,0.32432432432432434,67,78,92,0.7192118226600985,0.5320197044334976,0.6403940886699507,2.492909,5.506015,11.181391,0.0,0.4194915254237288,0.6879432624113475,146,108,130
988,0.84375,0.4739583333333333,0.4375,92.77955747619049,94.15286399999992,124.97987066666666,0.1111111111111111,0.9020618556701031,0.9481865284974094,162,91,84,0.638095238095238,0.7047619047619048,0.8285714285714286,9.095417428571432,20.809767317460295,55.89893170707069,0.0,0.10112359550561797,0.25,67,74,87,0.7241379310344828,0.5467980295566502,0.645320197044335,2.517866,5.512246,11.16457,0.0,0.39915966386554624,0.6785714285714286,147,111,131
989,0.9010416666666666,0.2604166666666667,0.3177083333333333,94.71245895238098,69.41891842857139,91.09971242857144,0.15555555555555556,0.8797814207650273,0.9354838709677419,173,50,61,0.6571428571428571,0.45714285714285713,0.6666666666666666,9.101839343434353,11.756888909090891,38.797006337662324,0.0,0.07954545454545454,0.2631578947368421,69,48,70,0.729064039408867,0.3103448275862069,0.4482758620689655,2.540621,3.867251,7.794488,0.0,0.4009433962264151,0.6611570247933884,148,63,91
990,0.875,0.265625,0.3072916666666667,94.1158903809524,68.75448957142852,87.60241814285713,0.17073170731707318,0.9541284403669725,0.9354838709677419,168,51,59,0.6476190476190476,0.4857142857142857,0.6571428571428571,9.10255627272728,11.892850979797963,38.88611442857142,0.0,0.029411764705882353,0.2,68,51,69,0.729064039408867,0.3251231527093596,0.4630541871921182,2.496231,3.949821,7.721726,0.0,0.408,0.5,148,66,94
991,0.8489583333333334,0.2604166666666667,0.296875,95.75144552380954,65.77761285714281,85.78913214285716,0.20930232558139536,0.9357798165137615,0.9586776859504132,163,50,57,0.6476190476190476,0.5238095238095238,0.638095238095238,8.910988000000007,11.732158818181802,38.966759428571415,0.0,0.06666666666666667,0.34615384615384615,68,55,67,0.729064039408867,0.2857142857142857,0.4433497536945813,2.516205,4.066711,7.78589,0.0,0.4444444444444444,0.5,148,58,90
992,0.8958333333333334,0.24479166666666666,0.2916666666666667,94.92773999999999,64.99211828571424,84.4879642857143,0.13636363636363635,0.9130434782608695,0.9296875,172,47,56,0.6285714285714286,0.4666666666666667,0.6190476190476191,9.100885000000007,11.861808903318886,38.824642428571416,0.0,0.15294117647058825,0.4,66,49,65,0.729064039408867,0.23645320197044334,0.4482758620689655,2.501619,3.933029,7.787068,0.0,0.50920245398773,0.5882352941176471,148,48,91
993,0.8854166666666666,0.21875,0.2864583333333333,93.07781847619049,65.4041901428571,86.84014742857143,0.15217391304347827,0.9572649572649573,0.9538461538461539,170,42,55,0.6476190476190476,0.4380952380952381,0.6476190476190476,9.196443545454555,12.06202717604616,38.80204242857142,0.0,0.17333333333333334,0.3870967741935484,68,46,68,0.729064039408867,0.22167487684729065,0.4433497536945813,2.522565,3.887123,7.788053,0.0,0.6036585365853658,0.6373626373626373,148,45,90
994,0.8958333333333334,0.20833333333333334,0.2864583333333333,93.30928785714283,67.23846228571423,87.39523742857143,0.21621621621621623,0.9487179487179487,0.9761904761904762,172,40,55,0.6571428571428571,0.4380952380952381,0.6476190476190476,8.784623155844162,11.661193363636345,39.001797428571415,0.0,0.19230769230769232,0.48148148148148145,69,46,68,0.7241379310344828,0.22660098522167488,0.4236453201970443,2.406794,3.900746,7.789183,0.0,0.6474358974358975,0.7032967032967034,147,46,86
995,0.8854166666666666,0.203125,0.2708333333333333,97.94677338095232,66.9921288571428,84.29530457142857,0.23333333333333334,0.9285714285714286,0.9295774647887324,170,39,52,0.6285714285714286,0.44761904761904764,0.6476190476190476,8.80307045454546,11.460926630591612,38.97363842857142,0.0,0.21794871794871795,0.5384615384615384,66,47,68,0.7339901477832512,0.21674876847290642,0.4236453201970443,2.440385,3.899285,7.802424,0.0,0.6993865030674846,0.6666666666666666,149,44,86
996,0.8489583333333334,0.19270833333333334,0.2552083333333333,93.07735414285712,65.94260399999996,87.1743822857143,0.18518518518518517,0.9365079365079365,0.935251798561151,163,37,49,0.6190476190476191,0.4380952380952381,0.6476190476190476,8.97965527272728,11.70334193506492,38.97863342857142,0.0,0.18421052631578946,0.56,65,46,68,0.7339901477832512,0.18719211822660098,0.42857142857142855,2.502396,3.984732,7.811946,0.0,0.7417218543046358,0.6666666666666666,149,38,87
997,0.9114583333333334,0.203125,0.25,94.07906157142857,90.55760514285707,123.70721709523812,0.14,0.9586206896551724,0.9735099337748344,175,39,48,0.6190476190476191,0.5619047619047619,0.7142857142857143,8.757559838383846,21.57042656998555,56.76554925252523,0.0,0.19387755102040816,0.41025641025641024,65,59,75,0.7241379310344828,0.21182266009852216,0.4236453201970443,2.473912,5.517822,11.300369,0.0,0.7134831460674157,0.6915887850467289,147,43,86
998,0.9010416666666666,0.203125,0.25,93.5378079047619,89.20781142857138,122.23289680952382,0.24242424242424243,0.9597989949748744,0.9611111111111111,173,39,48,0.6476190476190476,0.5428571428571428,0.7047619047619048,8.762576888888896,22.086012004328992,57.12267325252523,0.0,0.3333333333333333,0.6923076923076923,68,57,74,0.729064039408867,0.21674876847290642,0.42857142857142855,2.451934,5.4167,11.255323,0.0,0.78125,0.7808219178082192,148,44,87
999,0.8489583333333334,0.203125,0.25,98.17911833333334,89.26745028571423,124.04299295238096,0.1935483870967742,0.9757085020242915,0.9771689497716894,163,39,48,0.6476190476190476,0.5619047619047619,0.7047619047619048,8.830862272727277,21.10235068109666,56.90083925252523,0.0,0.38738738738738737,0.6909090909090909,68,59,74,0.7389162561576355,0.22167487684729065,0.43349753694581283,2.53188,5.461785,11.246516,0.0,0.8333333333333334,0.8387096774193549,150,45,88
1000,0.9010416666666666,0.203125,0.2552083333333333,92.59375652380952,89.43732971428564,121.12163752380954,0.16071428571428573,0.9608540925266904,0.9689922480620154,173,39,49,0.6571428571428571,0.6285714285714286,0.7142857142857143,8.844476539682548,21.174587953823927,57.348336252525236,0.0,0.421875,0.7833333333333333,69,66,75,0.7389162561576355,0.22167487684729065,0.42857142857142855,2.469134,5.463675,11.245384,0.0,0.8504672897196262,0.8632075471698113,150,45,87
1001,0.9010416666666666,0.203125,0.25,98.2554051904762,90.58869142857138,119.73281123809525,0.20930232558139536,0.9724137931034482,0.9814814814814815,173,39,48,0.6571428571428571,0.6,0.6952380952380952,8.733262777777783,21.749470297258274,57.22452025252523,0.0,0.40869565217391307,0.7868852459016393,69,63,73,0.7339901477832512,0.22660098522167488,0.4236453201970443,2.436398,5.483147,11.261882,0.0,0.8702064896755162,0.8660714285714286,149,46,86
1002,0.9114583333333334,0.203125,0.2552083333333333,94.59334114285713,89.59665342857136,118.40951909523812,0.175,0.9788732394366197,0.9849056603773585,175,39,49,0.6666666666666666,0.6476190476190476,0.7238095238095238,8.947989565656572,21.684291810966783,57.21470625252523,0.0,0.336,0.7121212121212122,70,68,76,0.7241379310344828,0.21674876847290642,0.4187192118226601,2.468022,5.538885,11.250078,0.0,0.8579881656804734,0.867579908675799,147,44,85
1003,0.9166666666666666,0.203125,0.2552083333333333,95.10938066666667,90.38269042857137,118.80389123809523,0.18181818181818182,0.9823321554770318,0.9847328244274809,176,39,49,0.6666666666666666,0.638095238095238,0.7238095238095238,9.158230494949501,21.373625024530998,56.84755425252524,0.0,0.42016806722689076,0.6825396825396826,70,67,76,0.7241379310344828,0.22167487684729065,0.42857142857142855,2.474046,5.476281,11.263015,0.0,0.8575581395348837,0.8622222222222222,147,45,87
1004,0.890625,0.203125,0.2552083333333333,99.14681061904763,90.35179528571422,120.60280480952383,0.25,0.9825174825174825,0.9738805970149254,171,39,49,0.6571428571428571,0.6666666666666666,0.7523809523809524,9.218650000000007,21.56158397402595,57.35118897979797,0.0,0.35344827586206895,0.711864406779661,69,70,79,0.7192118226600985,0.21674876847290642,0.42857142857142855,2.471012,5.47883,11.270664,0.0,0.8698224852071006,0.875,146,44,87
1005,0.9010416666666666,0.203125,0.2552083333333333,98.8006622857143,90.14206957142851,120.27580480952382,0.23255813953488372,0.9757785467128027,0.9923664122137404,173,39,49,0.6571428571428571,0.6761904761904762,0.7238095238095238,9.31601111111112,21.39694356998555,57.31880225252523,0.0,0.33613445378151263,0.7884615384615384,69,71,76,0.7044334975369458,0.22660098522167488,0.43349753694581283,2.572891,5.527928,11.227417,0.0,0.863905325443787,0.8914027149321267,143,46,88
1006,0.9010416666666666,0.203125,0.2552083333333333,91.97044357142856,91.24137257142851,121.90880480952382,0.16666666666666666,0.9895104895104895,0.9923664122137404,173,39,49,0.6761904761904762,0.6571428571428571,0.7523809523809524,9.451819571428578,21.091806206349183,57.30328536363634,0.0,0.34513274336283184,0.7272727272727273,71,69,79,0.6995073891625616,0.22167487684729065,0.43842364532019706,2.598431,5.549232,11.282723,0.0,0.8558558558558559,0.9112149532710281,142,45,89
1007,0.9114583333333334,0.203125,0.2552083333333333,96.7326796190476,90.88851328571421,121.53787280952382,0.09375,0.9859649122807017,0.9703703703703703,175,39,49,0.6666666666666666,0.6571428571428571,0.7523809523809524,9.413131222222232,21.427109842712817,57.233730252525234,0.0,0.3611111111111111,0.7272727272727273,70,69,79,0.6847290640394089,0.22167487684729065,0.42857142857142855,2.570424,5.549082,11.222356,0.0,0.8532934131736527,0.8899082568807339,139,45,87
1008,0.9166666666666666,0.203125,0.2552083333333333,96.82073490476189,90.2467528571428,119.89196638095238,0.14285714285714285,0.9724137931034482,0.9886792452830189,176,39,49,0.6857142857142857,0.6571428571428571,0.7428571428571429,8.911594616161622,21.595574064935043,57.23429763636362,0.0,0.3277310924369748,0.7407407407407407,72,69,78,0.6798029556650246,0.22167487684729065,0.43842364532019706,2.509586,5.521893,11.263523,0.0,0.8626865671641791,0.9078341013824884,138,45,89
1009,0.921875,0.203125,0.2552083333333333,94.02373038095237,88.97859228571421,118.9695190952381,0.11764705882352941,0.9859154929577465,0.9776119402985075,177,39,49,0.6571428571428571,0.6571428571428571,0.7428571428571429,9.527885383838393,21.535797630591606,57.515103252525236,0.0,0.34210526315789475,0.7547169811320755,69,69,78,0.6798029556650246,0.22167487684729065,0.43842364532019706,2.490895,5.591621,11.247228,0.0,0.8676923076923077,0.8962264150943396,138,45,89
1010,0.9114583333333334,0.203125,0.2552083333333333,94.34486042857141,91.14755671428564,119.51372652380955,0.0,0.9858657243816255,0.9961832061068703,175,39,49,0.6571428571428571,0.6666666666666666,0.7428571428571429,9.540487727272739,21.401134974025954,57.338529252525234,0.0,0.3090909090909091,0.7843137254901961,69,70,78,0.6798029556650246,0.22167487684729065,0.43842364532019706,2.443945,5.675872,11.261399,0.0,0.8509316770186336,0.910377358490566,138,45,89
1011,0.9166666666666666,0.203125,0.2552083333333333,97.42786295238095,91.02354614285707,121.20894766666669,0.0,0.9756944444444444,0.981203007518797,176,39,49,0.6285714285714286,0.638095238095238,0.7523809523809524,9.473649000000007,21.62865356421354,57.43764725252523,0.0,0.35454545454545455,0.7843137254901961,66,67,79,0.6798029556650246,0.21182266009852216,0.43842364532019706,2.410235,5.514418,11.242328,0.0,0.873900293255132,0.8957345971563981,138,43,89
1012,0.8802083333333334,0.203125,0.2552083333333333,95.53550419047619,92.35005771428564,122.22293766666668,0.0,0.9859154929577465,0.9847908745247148,169,39,49,0.638095238095238,0.6476190476190476,0.7428571428571429,9.821841428571437,21.910806549783526,57.46808314141413,0.0,0.2897196261682243,0.8163265306122449,67,68,78,0.6798029556650246,0.22660098522167488,0.43842364532019706,2.514064,5.548504,11.225218,0.0,0.8825301204819277,0.9112149532710281,138,46,89
1013,0.921875,0.203125,0.2552083333333333,97.30650438095239,89.6355465714285,120.93302923809526,0.05,0.9790209790209791,0.9740740740740741,177,39,49,0.6476190476190476,0.6857142857142857,0.7714285714285715,9.576210323232331,21.402383660894635,57.28744397979796,0.0,0.30973451327433627,0.8125,68,72,81,0.6798029556650246,0.21182266009852216,0.43842364532019706,2.4748,5.648988,11.260374,0.0,0.8923076923076924,0.9146919431279621,138,43,89
1014,0.9166666666666666,0.203125,0.25,94.24809266666665,88.30069885714278,120.40924723809523,0.034482758620689655,0.9894366197183099,0.9885931558935361,176,39,48,0.638095238095238,0.6761904761904762,0.7619047619047619,9.20040922222223,22.027489610389587,57.314143252525234,0.0,0.29,0.8636363636363636,67,71,80,0.6798029556650246,0.21674876847290642,0.43842364532019706,2.506934,5.639087,11.243003,0.0,0.8731117824773413,0.9238095238095239,138,44,89
1015,0.8958333333333334,0.203125,0.2552083333333333,96.66662009523807,87.53255771428564,118.55915980952382,0.0967741935483871,0.9722222222222222,0.9850187265917603,172,39,49,0.6666666666666666,0.6761904761904762,0.780952380952381,9.235760272727282,22.396150408369387,57.333989252525235,0.0,0.2857142857142857,0.8444444444444444,70,71,82,0.6699507389162561,0.21182266009852216,0.43842364532019706,2.507709,5.577981,11.237688,0.0,0.8868501529051988,0.9285714285714286,136,43,89
1016,0.9270833333333334,0.203125,0.2552083333333333,101.84988433333334,92.64781785714281,119.5759476666667,0.05714285714285714,0.9716312056737588,0.9740740740740741,178,39,49,0.6571428571428571,0.6857142857142857,0.780952380952381,9.247690454545465,22.596978337662318,57.210863252525236,0.0,0.297029702970297,0.8478260869565217,69,72,82,0.6699507389162561,0.22660098522167488,0.43842364532019706,2.531078,5.595852,11.199271,0.0,0.8854489164086687,0.9150943396226415,136,46,89
1017,0.9166666666666666,0.203125,0.2552083333333333,93.61533499999999,93.53731328571425,120.17736909523813,0.1,0.9824561403508771,0.9925650557620818,176,39,49,0.6476190476190476,0.6571428571428571,0.780952380952381,8.94460911111112,22.2850384285714,57.409365252525234,0.0,0.2897196261682243,0.9047619047619048,68,69,82,0.6699507389162561,0.22167487684729065,0.43842364532019706,2.507726,5.671273,11.271407,0.0,0.8987730061349694,0.9326923076923077,136,45,89
1018,0.875,0.203125,0.25,96.91278347619047,93.86515614285707,118.43733409523811,0.030303030303030304,0.9789473684210527,0.988929889298893,168,39,48,0.6571428571428571,0.6761904761904762,0.7619047619047619,9.617988454545465,22.22068202453101,57.26927325252523,0.0,0.3181818181818182,0.8837209302325582,69,71,80,0.6551724137931034,0.22167487684729065,0.43842364532019706,2.50702,5.669684,11.276533,0.0,0.8953846153846153,0.9154929577464789,133,45,89
1019,0.921875,0.203125,0.2552083333333333,96.23279076190478,92.65219757142852,119.01714838095239,0.05263157894736842,0.9823943661971831,0.992619926199262,177,39,49,0.6761904761904762,0.6952380952380952,0.780952380952381,9.508686434343442,21.924863681096653,57.37291114141413,0.0,0.2692307692307692,0.8636363636363636,71,73,82,0.6650246305418719,0.22167487684729065,0.43842364532019706,2.57923,5.714476,11.305,0.0,0.9065420560747663,0.909952606635071,135,45,89
1020,0.890625,0.203125,0.2552083333333333,93.16563590476191,91.02693914285707,120.83057180952382,0.06666666666666667,0.9823321554770318,0.9706959706959707,171,39,49,0.6857142857142857,0.7333333333333333,0.7904761904761904,9.041380000000007,22.341394569985546,57.413385414141395,0.0,0.27358490566037735,0.95,72,77,83,0.6650246305418719,0.21674876847290642,0.43842364532019706,2.535334,5.667552,11.302818,0.0,0.9040247678018576,0.9056603773584906,135,44,89
1021,0.90625,0.203125,0.2552083333333333,94.5337867142857,91.53812628571423,119.5422840952381,0.02857142857142857,0.9823321554770318,0.9889705882352942,174,39,49,0.6571428571428571,0.7047619047619048,0.780952380952381,9.347503454545464,22.049152317460294,57.59688214141413,0.0,0.21428571428571427,1.0,69,74,82,0.6748768472906403,0.22167487684729065,0.43349753694581283,2.560315,5.688714,11.315049,0.0,0.8528225806451613,0.7427821522309711,137,45,88
1022,0.9166666666666666,0.203125,0.2552083333333333,96.14169971428572,90.97726571428564,119.3674290952381,0.03125,0.9858156028368794,0.9851301115241635,176,39,49,0.6761904761904762,0.6761904761904762,0.7619047619047619,9.560434000000008,22.505676206349182,57.42439214141413,0.0,0.22105263157894736,0.8636363636363636,71,71,80,0.6798029556650246,0.21674876847290642,0.4187192118226601,2.550967,5.6784,11.32924,0.0,0.8746177370030581,0.8539823008849557,138,44,85
1023,0.9010416666666666,0.19791666666666666,0.2552083333333333,92.91651914285714,92.90267442857137,118.47072909523811,0.0,0.9826989619377162,0.9851851851851852,173,38,49,0.6952380952380952,0.638095238095238,0.7619047619047619,9.201149000000008,22.763056226551203,57.57972886868686,0.0,0.21052631578947367,0.926829268292683,73,67,80,0.6847290640394089,0.21674876847290642,0.42857142857142855,2.465372,5.645875,11.314385,0.0,0.8798798798798799,0.8678414096916299,139,44,87
1024,0.90625,0.203125,0.2552083333333333,97.39662080952382,89.8164165714285,120.13594766666665,0.0,0.9859649122807017,0.974169741697417,174,39,49,0.6857142857142857,0.6952380952380952,0.7714285714285715,9.548353727272733,22.362613569985545,57.6075404141414,0.0,0.2647058823529412,0.9047619047619048,72,73,81,0.6798029556650246,0.22167487684729065,0.42857142857142855,2.584954,5.670374,11.331509,0.0,0.889937106918239,0.8894009216589862,138,45,87
1025,0.90625,0.203125,0.2552083333333333,91.20190523809522,90.26330871428564,119.46622623809526,0.0,0.9824561403508771,0.9887640449438202,174,39,49,0.7142857142857143,0.7238095238095238,0.7619047619047619,9.76058170129871,22.45622942857141,57.62005814141413,0.0,0.22105263157894736,1.0,75,76,80,0.6748768472906403,0.21674876847290642,0.43349753694581283,2.543662,5.729997,11.306163,0.0,0.8950617283950617,0.867579908675799,137,44,88
1026,0.9114583333333334,0.203125,0.25,96.13052533333334,91.20450342857137,119.31738752380954,0.030303030303030304,0.9787234042553191,0.9925093632958801,175,39,48,0.7142857142857143,0.6285714285714286,0.7714285714285715,9.349583000000008,22.280898974025952,57.57608114141413,0.0,0.23404255319148937,0.8636363636363636,75,66,81,0.6650246305418719,0.22167487684729065,0.43349753694581283,2.56143,5.752115,11.363347,0.0,0.8802395209580839,0.8930232558139535,135,45,88
1027,0.890625,0.203125,0.2552083333333333,96.96871142857142,90.75998471428565,117.88897352380954,0.02702702702702703,0.989247311827957,0.981549815498155,171,39,49,0.7142857142857143,0.6666666666666666,0.7714285714285715,9.736104505050514,23.116583630591606,57.56807914141413,0.0,0.21739130434782608,0.926829268292683,75,70,81,0.6699507389162561,0.21674876847290642,0.42857142857142855,2.548747,5.727867,11.346276,0.0,0.8753799392097265,0.8807339449541285,136,44,87
1028,0.9166666666666666,0.203125,0.2552083333333333,94.25466999999999,89.16950528571422,119.35237980952384,0.0,0.9858657243816255,0.981203007518797,176,39,49,0.6857142857142857,0.7238095238095238,0.7714285714285715,9.657961111111119,23.201627004328984,57.6075404141414,0.0,0.21495327102803738,0.95,72,76,81,0.6650246305418719,0.22167487684729065,0.43842364532019706,2.576509,5.798357,11.31971,0.0,0.8765822784810127,0.8687782805429864,135,45,89
1029,0.890625,0.203125,0.25,95.69577109523809,89.60664828571423,119.22063352380954,0.0,0.9892857142857143,0.9924528301886792,171,39,48,0.7142857142857143,0.638095238095238,0.7619047619047619,9.623771838383846,22.467398998556977,57.66286532323231,0.0,0.2247191011235955,1.0,75,67,80,0.6748768472906403,0.21182266009852216,0.42857142857142855,2.603187,5.713443,11.337843,0.0,0.8652694610778443,0.8944954128440367,137,43,87
1030,0.9010416666666666,0.203125,0.2552083333333333,95.094262,91.06680471428565,122.00552552380954,0.0,0.9649122807017544,0.9773584905660377,173,39,49,0.7142857142857143,0.6857142857142857,0.7619047619047619,9.343277317460325,22.447725953823927,57.494313141414125,0.0,0.21052631578947367,0.8837209302325582,75,72,80,0.6650246305418719,0.21674876847290642,0.43842364532019706,2.602867,5.747147,11.306195,0.0,0.8851963746223565,0.8794642857142857,135,44,89
1031,0.90625,0.203125,0.2552083333333333,96.33211166666666,92.03096014285707,122.3129930952381,0.0,0.9818840579710145,0.9923664122137404,174,39,49,0.6857142857142857,0.6952380952380952,0.7714285714285715,9.798677727272734,22.58931713564211,57.6075404141414,0.0,0.2268041237113402,0.925,72,73,81,0.6551724137931034,0.22660098522167488,0.43349753694581283,2.534684,5.75303,11.318459,0.0,0.8727272727272727,0.8935185185185185,133,46,88
1032,0.9010416666666666,0.203125,0.2552083333333333,95.98882919047621,93.52657271428566,121.81145395238097,0.0,0.9963503649635036,0.9887218045112782,173,39,49,0.6761904761904762,0.6857142857142857,0.7714285714285715,9.766616727272734,22.14852440836938,57.56839286868686,0.0,0.19148936170212766,0.9743589743589743,71,72,81,0.6551724137931034,0.22660098522167488,0.43842364532019706,2.549957,5.847676,11.293899,0.0,0.8850931677018633,0.9018691588785047,133,46,89
1033,0.8802083333333334,0.203125,0.2552083333333333,93.81308290476188,90.93440942857136,121.0234720952381,0.0,0.9713261648745519,0.9809160305343512,169,39,49,0.638095238095238,0.6761904761904762,0.7523809523809524,9.616676793650802,22.138638307359283,57.557223868686854,0.0,0.1744186046511628,0.9047619047619048,67,71,79,0.6650246305418719,0.22660098522167488,0.43349753694581283,2.596933,5.787095,11.326667,0.0,0.8666666666666667,0.9205607476635514,135,46,88
1034,0.8958333333333334,0.203125,0.2552083333333333,96.91154399999999,92.90090057142851,121.93863966666667,0.0,0.9890909090909091,0.9739776951672863,172,39,49,0.638095238095238,0.6857142857142857,0.7619047619047619,9.744124000000008,22.61644218614716,57.494313141414125,0.0,0.15294117647058825,0.8837209302325582,67,72,80,0.6600985221674877,0.22660098522167488,0.42857142857142855,2.529233,5.807195,11.318804,0.0,0.8934169278996865,0.9052132701421801,134,46,87
1035,0.9010416666666666,0.203125,0.25,92.84349247619046,92.06289328571424,120.27334595238096,0.03333333333333333,0.9926739926739927,0.9923954372623575,173,39,48,0.6476190476190476,0.6761904761904762,0.7619047619047619,9.631097888888899,22.79663038816736,57.72076768686867,0.0,0.15730337078651685,0.9487179487179487,68,71,80,0.6502463054187192,0.22660098522167488,0.43349753694581283,2.505729,5.83699,11.327029,0.0,0.8878504672897196,0.9205607476635514,132,46,88
1036,0.90625,0.203125,0.2552083333333333,99.2919761904762,91.76569999999994,120.50909052380953,0.029411764705882353,0.9890909090909091,0.9772727272727273,174,39,49,0.6190476190476191,0.6666666666666666,0.7523809523809524,9.924909777777787,22.031032458874435,57.494313141414125,0.0,0.18604651162790697,0.8372093023255814,65,70,79,0.6600985221674877,0.22660098522167488,0.43842364532019706,2.529882,5.821355,11.297911,0.0,0.8868501529051988,0.9271844660194175,134,46,89
1037,0.890625,0.203125,0.2552083333333333,94.25865428571429,91.86989671428566,119.34266195238096,0.0,0.9821428571428571,0.9884169884169884,171,39,49,0.6095238095238096,0.7142857142857143,0.7619047619047619,9.756199727272739,22.13676206493504,57.6075404141414,0.0,0.14444444444444443,0.9459459459459459,64,75,80,0.6650246305418719,0.22167487684729065,0.43349753694581283,2.524546,5.820621,11.302594,0.0,0.9076433121019108,0.945273631840796,135,45,88
1038,0.875,0.203125,0.2552083333333333,93.30836761904763,91.26930828571422,121.38233980952378,0.0,0.971830985915493,0.9844357976653697,168,39,49,0.6571428571428571,0.7333333333333333,0.7523809523809524,9.719412000000007,21.884778499278475,57.65032514141413,0.0,0.13978494623655913,0.9230769230769231,69,77,79,0.6699507389162561,0.22167487684729065,0.43842364532019706,2.533167,5.839305,11.331958,0.0,0.9035369774919614,0.9356435643564357,136,45,89
1039,0.890625,0.203125,0.2552083333333333,96.91526414285714,90.99132114285707,120.94052009523809,0.0,0.9788732394366197,0.9883720930232558,171,39,49,0.6857142857142857,0.6952380952380952,0.7523809523809524,9.411019428571436,22.122066115440088,57.61456414141413,0.0,0.16853932584269662,0.9,72,73,79,0.6650246305418719,0.22660098522167488,0.43349753694581283,2.499283,5.830606,11.309372,0.0,0.8990228013029316,0.9408866995073891,135,46,88
1040,0.8958333333333334,0.203125,0.2552083333333333,96.75038338095236,92.0828298571428,120.2699700952381,0.0,0.9788732394366197,0.9734848484848485,172,39,49,0.6476190476190476,0.6761904761904762,0.7619047619047619,9.294814111111119,22.57587052958151,57.6075404141414,0.0,0.12048192771084337,0.9,68,71,80,0.6551724137931034,0.22660098522167488,0.43349753694581283,2.530037,5.847156,11.313303,0.0,0.9047619047619048,0.945273631840796,133,46,88
1041,0.90625,0.19791666666666666,0.2552083333333333,97.06766676190476,92.4321405714285,120.19912466666666,0.0,0.9857142857142858,0.9806949806949807,174,38,49,0.6571428571428571,0.6761904761904762,0.7619047619047619,9.761878161616169,22.739523953823927,57.55588159595958,0.0,0.10989010989010989,0.972972972972973,69,71,80,0.6600985221674877,0.22660098522167488,0.43842364532019706,2.496231,5.868878,11.307057,0.0,0.9096774193548387,0.9545454545454546,134,46,89
1042,0.890625,0.203125,0.2552083333333333,94.82482314285717,92.95642371428568,120.93161795238096,0.0,0.9893238434163701,0.984375,171,39,49,0.6476190476190476,0.7142857142857143,0.7523809523809524,9.6829568888889,22.23037749927847,57.494313141414125,0.0,0.13043478260869565,0.9230769230769231,68,75,79,0.6551724137931034,0.22660098522167488,0.43842364532019706,2.529101,5.88264,11.316186,0.0,0.9087947882736156,0.9639175257731959,133,46,89
1043,0.8645833333333334,0.203125,0.2552083333333333,93.66547595238096,92.24461885714283,122.2657963809524,0.0,0.9891304347826086,0.9770114942528736,166,39,49,0.638095238095238,0.6666666666666666,0.7523809523809524,9.9664018888889,22.006742024531004,57.6075404141414,0.0,0.1686746987951807,0.9722222222222222,67,70,79,0.6551724137931034,0.22660098522167488,0.43349753694581283,2.46231,5.832779,11.307772,0.0,0.9029126213592233,0.9792746113989638,133,46,88
1044,0.875,0.19791666666666666,0.2552083333333333,93.97280876190474,91.39634999999996,120.95337895238096,0.0,0.982078853046595,0.9921875,168,38,49,0.6190476190476191,0.6952380952380952,0.7428571428571429,9.921940000000008,22.54591115584413,57.49431314141412,0.0,0.13953488372093023,0.9473684210526315,65,73,78,0.6699507389162561,0.22660098522167488,0.43842364532019706,2.549689,5.879385,11.288419,0.0,0.9155844155844156,0.9795918367346939,136,46,89
1045,0.9010416666666666,0.203125,0.2552083333333333,93.07901152380953,91.36543209523805,120.20346104761903,0.0,0.9927536231884058,0.9844357976653697,173,39,49,0.6476190476190476,0.7047619047619048,0.7238095238095238,9.441642000000007,22.505752266955245,57.51070086868685,0.0,0.11627906976744186,0.9473684210526315,68,74,76,0.6699507389162561,0.22167487684729065,0.43842364532019706,2.585909,5.945542,11.288419,0.0,0.9102990033222591,0.9896373056994818,136,45,89
1046,0.9114583333333334,0.203125,0.2552083333333333,97.31229738095239,92.69856709523805,118.75078176190475,0.0,0.9782608695652174,0.9883268482490273,175,39,49,0.6666666666666666,0.6857142857142857,0.7428571428571429,9.572842000000007,22.70720634343432,57.51070086868685,0.0,0.15730337078651685,0.9230769230769231,70,72,78,0.6551724137931034,0.22167487684729065,0.43842364532019706,2.524122,5.825953,11.302212,0.0,0.8925081433224755,1.0,133,45,89
1047,0.8697916666666666,0.203125,0.2552083333333333,96.16704847619047,92.92615180952376,120.11718576190474,0.0,0.982078853046595,0.9768339768339769,167,39,49,0.6952380952380952,0.7047619047619048,0.7428571428571429,9.509560111111119,22.932139357864322,57.51070086868685,0.0,0.1595744680851064,1.0,73,74,78,0.6650246305418719,0.22660098522167488,0.43842364532019706,2.597,5.843511,11.298419,0.0,0.9111842105263158,0.9895287958115183,135,46,89
1048,0.84375,0.203125,0.2552083333333333,93.68320552380952,92.91234038095236,119.45652576190476,0.0,0.9785714285714285,0.9844357976653697,162,39,49,0.6571428571428571,0.7142857142857143,0.7428571428571429,10.186883000000007,21.824007240981217,57.51070086868685,0.0,0.17894736842105263,1.0,69,75,78,0.6650246305418719,0.22660098522167488,0.43842364532019706,2.505953,5.912861,11.288419,0.0,0.9112627986348123,0.9895833333333334,135,46,89
1049,0.890625,0.203125,0.2552083333333333,96.55446376190476,92.37437095238091,119.8670153333333,0.0,0.9891696750902527,0.9766536964980544,171,39,49,0.6476190476190476,0.7047619047619048,0.7428571428571429,9.84865711111112,22.782553414141393,57.51070086868685,0.0,0.09195402298850575,1.0,68,74,78,0.6798029556650246,0.21674876847290642,0.43842364532019706,2.449247,5.872558,11.288419,0.0,0.903010033444816,0.9947643979057592,138,44,89
1050,0.890625,0.203125,0.2552083333333333,97.87484299999998,93.51234038095235,122.59346104761903,0.0,0.975,0.98046875,171,39,49,0.6285714285714286,0.7047619047619048,0.7428571428571429,10.154171000000007,22.167237929292906,57.51070086868685,0.0,0.14444444444444443,1.0,66,74,78,0.6847290640394089,0.22167487684729065,0.43842364532019706,2.557917,5.870168,11.288419,0.0,0.8996655518394648,1.0,139,45,89
1051,0.8854166666666666,0.203125,0.2552083333333333,95.60333995238094,94.27964623809522,122.54938233333334,0.0,1.0,0.98046875,170,39,49,0.6666666666666666,0.6476190476190476,0.7428571428571429,9.969953000000007,22.395399115440092,57.51070086868685,0.0,0.22826086956521738,1.0,70,68,78,0.6748768472906403,0.22660098522167488,0.43842364532019706,2.49698,5.922217,11.303664,0.0,0.9090909090909091,0.9947643979057592,137,46,89
1052,0.8854166666666666,0.203125,0.2552083333333333,96.50749757142857,93.53905995238092,121.48863447619048,0.0,0.9855595667870036,0.9807692307692307,170,39,49,0.6952380952380952,0.6666666666666666,0.7428571428571429,9.564413777777784,22.78874490331888,57.51070086868685,0.0,0.13333333333333333,1.0,73,70,78,0.6847290640394089,0.22167487684729065,0.43842364532019706,2.466388,5.912398,11.307507,0.0,0.9072847682119205,0.9894179894179894,139,45,89
1053,0.8697916666666666,0.203125,0.25,95.40263295238096,90.42899409523805,120.58375719047618,0.0,0.9854545454545455,0.9882352941176471,167,39,48,0.6571428571428571,0.6666666666666666,0.7428571428571429,9.937694222222227,22.637736115440088,57.51070086868685,0.0,0.13978494623655913,1.0,69,70,78,0.6847290640394089,0.22660098522167488,0.43842364532019706,2.509335,5.878359,11.288419,0.0,0.9003215434083601,0.9895287958115183,139,46,89
1054,0.8645833333333334,0.203125,0.25,92.98650757142858,92.91095480952377,119.77893747619048,0.0,0.975,0.9844961240310077,166,39,48,0.6761904761904762,0.7333333333333333,0.7523809523809524,10.337929888888896,22.486775660894637,57.51070086868685,0.0,0.21052631578947367,0.972972972972973,71,77,79,0.6847290640394089,0.22660098522167488,0.43842364532019706,2.477357,5.963407,11.330865,0.0,0.8959731543624161,0.9893048128342246,139,46,89
1055,0.859375,0.203125,0.2552083333333333,94.15975157142859,92.35648909523806,120.10627019047617,0.0,0.996309963099631,0.9770992366412213,165,39,49,0.6952380952380952,0.6952380952380952,0.7428571428571429,10.035988428571436,22.50999377777775,57.51070086868685,0.0,0.15476190476190477,1.0,73,73,78,0.6896551724137931,0.22167487684729065,0.43842364532019706,2.509941,5.92642,11.318794,0.0,0.8921568627450981,0.9740932642487047,140,45,89
1056,0.84375,0.203125,0.2552083333333333,93.22936447619047,89.90325980952376,119.85035795238095,0.0,0.9818181818181818,0.984251968503937,162,39,49,0.6285714285714286,0.7047619047619048,0.7428571428571429,9.589737000000007,22.248818479076455,57.51070086868685,0.0,0.17647058823529413,1.0,66,74,78,0.6896551724137931,0.22167487684729065,0.43842364532019706,2.444336,5.934595,11.319363,0.0,0.8973509933774835,0.9587628865979382,140,45,89
1057,0.8489583333333334,0.203125,0.2552083333333333,95.64297338095236,89.21030423809519,120.75223338095236,0.0,0.9925650557620818,0.9615384615384616,163,39,49,0.6666666666666666,0.7047619047619048,0.7238095238095238,10.162599111111115,22.51952111544009,57.51070086868685,0.0,0.13043478260869565,0.9705882352941176,70,74,76,0.6798029556650246,0.22660098522167488,0.43842364532019706,2.463488,5.940663,11.313429,0.0,0.8966666666666666,0.958974358974359,138,46,89
1058,0.859375,0.203125,0.2552083333333333,92.55961490476191,90.14344709523806,119.93068123809522,0.0,0.981549815498155,0.9879518072289156,165,39,49,0.6666666666666666,0.6571428571428571,0.7333333333333333,10.063800888888895,22.28001261038958,57.51070086868685,0.0,0.16470588235294117,0.9696969696969697,70,69,77,0.6798029556650246,0.22660098522167488,0.43842364532019706,2.505876,5.930957,11.339776,0.0,0.8959731543624161,0.9635416666666666,138,46,89
1059,0.8958333333333334,0.22916666666666666,0.28125,98.7121770952381,93.74462666666665,121.32258109523809,0.0,0.9703703703703703,0.968503937007874,172,44,54,0.6666666666666666,0.7238095238095238,0.7333333333333333,9.835890000000008,22.04721044877342,57.84851986868685,0.0,0.13636363636363635,1.0,70,76,77,0.7044334975369458,0.270935960591133,0.45320197044334976,2.516639,5.930997,11.374883,0.0,0.8721311475409836,0.9257425742574258,143,55,92
1060,0.9010416666666666,0.234375,0.28125,98.85471795238094,94.8783182380952,119.94372861904759,0.03125,0.9923664122137404,0.9682539682539683,173,45,54,0.6857142857142857,0.6761904761904762,0.7333333333333333,9.507862000000008,22.31844349927847,57.65941286868685,0.0,0.11235955056179775,0.7857142857142857,72,71,77,0.6995073891625616,0.27586206896551724,0.4482758620689655,2.499439,5.897652,11.35468,0.005263157894736842,0.8478964401294499,0.8743961352657005,142,56,91
1061,0.8645833333333334,0.234375,0.2760416666666667,97.87424366666666,92.3794502380952,120.80045614285713,0.0,0.974169741697417,0.976,166,45,53,0.7142857142857143,0.6952380952380952,0.7333333333333333,9.954037000000007,21.9889262265512,57.77495186868685,0.0,0.15555555555555556,0.7906976744186046,75,73,77,0.7044334975369458,0.28078817733990147,0.4630541871921182,2.484836,5.942367,11.407706,0.0,0.8483870967741935,0.8653846153846154,143,57,94
1062,0.8802083333333334,0.234375,0.2760416666666667,97.14999161904761,88.88664480952376,122.69135204761905,0.0,0.981203007518797,0.9800796812749004,169,45,53,0.7047619047619048,0.7428571428571429,0.7333333333333333,9.943537000000008,22.423415287157262,58.08965186868685,0.0,0.11627906976744186,0.7906976744186046,74,78,77,0.6896551724137931,0.28078817733990147,0.45320197044334976,2.537059,5.96563,11.408842,0.0,0.8571428571428571,0.8571428571428571,140,57,92
1063,0.890625,0.234375,0.2760416666666667,100.461145,90.63694466666665,124.13284790476189,0.0,0.9774436090225563,0.9801587301587301,171,45,53,0.7047619047619048,0.7238095238095238,0.7333333333333333,10.438853000000007,22.322900125541103,58.01733386868685,0.0,0.1,0.7727272727272727,74,76,77,0.6945812807881774,0.2660098522167488,0.4482758620689655,2.544156,5.859245,11.468908,0.0,0.8366013071895425,0.8557692307692307,141,54,91
1064,0.8802083333333334,0.234375,0.2760416666666667,97.82268895238097,92.58094338095236,122.62956376190473,0.0,0.9885057471264368,0.9879032258064516,169,45,53,0.7142857142857143,0.7047619047619048,0.7428571428571429,9.945499000000007,22.424459660894637,57.96040286868685,0.0,0.09090909090909091,0.7727272727272727,75,74,78,0.6995073891625616,0.28078817733990147,0.43842364532019706,2.53905,5.918538,11.432674,0.0,0.8392282958199357,0.8202764976958525,142,57,89
1065,0.890625,0.234375,0.2760416666666667,97.70761752380953,92.98438666666664,119.80819976190473,0.0,0.9770992366412213,0.9800796812749004,171,45,53,0.7142857142857143,0.6761904761904762,0.7428571428571429,9.813375000000008,22.863002135642116,57.93482286868685,0.0,0.10714285714285714,0.7674418604651163,75,71,78,0.7142857142857143,0.28078817733990147,0.4433497536945813,2.529287,5.933519,11.401112,0.0,0.8311688311688312,0.8380952380952381,145,57,90
1066,0.9010416666666666,0.234375,0.2760416666666667,98.48983561904764,91.2377905238095,119.17053690476186,0.0,0.969811320754717,0.9878542510121457,173,45,53,0.6857142857142857,0.7047619047619048,0.7428571428571429,10.18310845454546,22.319474226551204,57.87184286868685,0.0,0.08139534883720931,0.7619047619047619,72,74,78,0.7142857142857143,0.27586206896551724,0.4433497536945813,2.57492,5.909864,11.442684,0.0,0.8184713375796179,0.8502415458937198,145,56,90
1067,0.890625,0.234375,0.2760416666666667,95.58425609523809,92.27210266666663,118.7318189047619,0.0,0.9807692307692307,0.9724409448818898,171,45,53,0.6761904761904762,0.6666666666666666,0.7428571428571429,10.545373746031753,22.268396256854235,57.886643868686846,0.0,0.08536585365853659,0.8,71,70,78,0.7093596059113301,0.270935960591133,0.4482758620689655,2.635173,5.848277,11.43192,0.0,0.8248407643312102,0.8341232227488151,144,55,91
1068,0.8802083333333334,0.234375,0.2760416666666667,101.01441033333334,94.16490823809521,120.1826143333333,0.0,0.9884169884169884,0.9566929133858267,169,45,53,0.6761904761904762,0.7142857142857143,0.7238095238095238,10.230032000000007,22.605189509379485,57.97294886868685,0.0,0.046511627906976744,0.7804878048780488,71,75,76,0.7241379310344828,0.270935960591133,0.4482758620689655,2.631821,5.901225,11.436038,0.005154639175257732,0.814935064935065,0.8509615384615384,147,55,91
1069,0.8802083333333334,0.234375,0.2708333333333333,98.65212495238096,91.76152838095233,122.68519147619044,0.03333333333333333,0.9767441860465116,0.9838709677419355,169,45,52,0.6952380952380952,0.6571428571428571,0.7238095238095238,10.283935000000007,21.950408903318873,57.975694868686844,0.0,0.025,0.7804878048780488,73,69,76,0.729064039408867,0.2660098522167488,0.43842364532019706,2.637692,5.806187,11.436321,0.005235602094240838,0.7993630573248408,0.8373205741626795,148,54,89
1070,0.8489583333333334,0.22916666666666666,0.2708333333333333,97.58067147619047,91.04794980952377,122.17366190476189,0.0,0.9618320610687023,0.9759036144578314,163,44,52,0.6761904761904762,0.7047619047619048,0.7238095238095238,10.706635000000007,22.359027357864335,57.98259286868685,0.0,0.04938271604938271,0.7804878048780488,71,74,76,0.6995073891625616,0.2660098522167488,0.4482758620689655,2.578192,5.799154,11.438331,0.005376344086021506,0.827922077922078,0.8411214953271028,142,54,91
1071,0.875,0.22395833333333334,0.2708333333333333,97.09546523809523,91.20936309523805,121.55196995238093,0.0,0.984251968503937,0.9793388429752066,168,43,52,0.6857142857142857,0.7523809523809524,0.7238095238095238,10.753577666666672,22.696305115440094,58.35892786868685,0.0,0.03488372093023256,0.7619047619047619,72,79,76,0.7044334975369458,0.2561576354679803,0.43842364532019706,2.620843,5.805067,11.507268,0.0,0.8311688311688312,0.8291457286432161,143,52,89
1072,0.8802083333333334,0.22916666666666666,0.265625,96.87655704761904,92.32671080952377,122.46909052380951,0.0,0.98046875,0.979253112033195,169,44,51,0.6666666666666666,0.6761904761904762,0.7428571428571429,9.784425000000008,22.975345569985553,58.33995686868685,0.0,0.02666666666666667,0.7111111111111111,70,71,78,0.6995073891625616,0.2561576354679803,0.43842364532019706,2.613775,5.846067,11.47746,0.00546448087431694,0.825938566552901,0.8177339901477833,142,52,89
1073,0.875,0.22916666666666666,0.265625,99.04069947619048,92.01094480952378,120.71710595238092,0.0,0.9881889763779528,0.9875,168,44,51,0.6952380952380952,0.7238095238095238,0.7428571428571429,10.349561888888896,23.11857520634919,58.41801586868685,0.0,0.03488372093023256,0.7441860465116279,73,76,78,0.7093596059113301,0.2512315270935961,0.4433497536945813,2.606274,5.814902,11.453564,0.0,0.803921568627451,0.8333333333333334,144,51,90
1074,0.8802083333333334,0.22916666666666666,0.2708333333333333,95.86860833333331,91.44737266666662,120.89181066666666,0.0,0.9763779527559056,0.975609756097561,169,44,52,0.6666666666666666,0.7142857142857143,0.7428571428571429,10.318239460317466,22.654155519480497,58.19551786868685,0.0,0.02531645569620253,0.7441860465116279,70,75,78,0.7093596059113301,0.24630541871921183,0.458128078817734,2.539025,5.778579,11.482816,0.0,0.8157894736842105,0.8325123152709359,144,50,93
1075,0.8489583333333334,0.22395833333333334,0.2864583333333333,95.85670771428572,90.82241857142851,119.29308866666666,0.0,0.9803921568627451,0.9669421487603306,163,43,55,0.6666666666666666,0.7523809523809524,0.7428571428571429,9.910572000000007,22.763321226551202,58.350604868686844,0.0,0.03614457831325301,0.7619047619047619,70,79,78,0.7093596059113301,0.2660098522167488,0.458128078817734,2.556885,5.784428,11.489921,0.0,0.8071895424836601,0.8393782383419689,144,54,93
1076,0.8802083333333334,0.22916666666666666,0.28125,95.82214309523809,91.63252214285708,122.60866195238096,0.0,0.9768339768339769,0.9789029535864979,169,44,54,0.6666666666666666,0.7238095238095238,0.7428571428571429,10.283858111111115,22.429956095238072,58.272360868686846,0.0,0.037037037037037035,0.7441860465116279,70,76,78,0.7241379310344828,0.270935960591133,0.45320197044334976,2.536841,5.790126,11.459791,0.0,0.804635761589404,0.8512820512820513,147,55,92
1077,0.875,0.22916666666666666,0.28125,95.7378649047619,90.64577342857136,123.98369738095236,0.0,0.9801587301587301,0.9871794871794872,168,44,54,0.6666666666666666,0.6761904761904762,0.7238095238095238,10.393178222222227,22.380957559884536,58.27044886868685,0.0,0.05063291139240506,0.7272727272727273,70,71,76,0.7241379310344828,0.270935960591133,0.45320197044334976,2.60151,5.772826,11.46626,0.0,0.8173076923076923,0.8429319371727748,147,55,92
1078,0.8541666666666666,0.22916666666666666,0.2864583333333333,95.15808909523808,90.00813142857137,121.44223338095237,0.0,0.9725490196078431,0.970954356846473,164,44,55,0.6476190476190476,0.6285714285714286,0.7333333333333333,10.845178000000008,22.73063401298699,58.20503086868685,0.0,0.07692307692307693,0.6666666666666666,68,66,77,0.7339901477832512,0.26108374384236455,0.458128078817734,2.501621,5.799946,11.48831,0.0,0.8235294117647058,0.8290155440414507,149,53,93
1079,0.8645833333333334,0.22916666666666666,0.2864583333333333,97.35032823809526,91.0850241428571,120.59620038095237,0.0,0.9881889763779528,0.9870689655172413,166,44,55,0.6571428571428571,0.7523809523809524,0.7238095238095238,11.11259444444445,23.396515816738795,58.275464868686846,0.0,0.058823529411764705,0.6956521739130435,69,79,76,0.7241379310344828,0.2561576354679803,0.4482758620689655,2.564707,5.706382,11.473716,0.005405405405405406,0.8090614886731392,0.837696335078534,147,52,91
1080,0.8697916666666666,0.22916666666666666,0.2864583333333333,95.63992585714287,88.73093142857138,121.18837052380951,0.0,0.9693486590038314,0.9828326180257511,167,44,55,0.638095238095238,0.8285714285714286,0.7142857142857143,10.130801888888895,22.8551404285714,58.32892986868685,0.0,0.022727272727272728,0.6808510638297872,67,87,75,0.7192118226600985,0.2660098522167488,0.45320197044334976,2.570416,5.691467,11.485179,0.010869565217391304,0.8031746031746032,0.8341968911917098,146,54,92
1081,0.890625,0.2604166666666667,0.3177083333333333,95.6120621428571,91.20222685714282,123.24891357142857,0.0,0.9615384615384616,0.9469387755102041,171,50,61,0.6666666666666666,0.7333333333333333,0.7428571428571429,10.24834111111112,22.63144964069262,58.36406086868685,0.0,0.0,0.6666666666666666,70,77,78,0.7339901477832512,0.2955665024630542,0.47783251231527096,2.578364,5.639129,11.508261,0.0053475935828877,0.7823343848580442,0.815,149,60,97
1082,0.890625,0.2604166666666667,0.3177083333333333,98.8028344285714,94.47111699999996,123.15009552380953,0.16216216216216217,0.9812734082397003,0.9718875502008032,171,50,61,0.6666666666666666,0.7333333333333333,0.7428571428571429,10.743372777777784,22.86371990331888,58.40696586868685,0.0,0.023809523809523808,0.6,70,77,78,0.7339901477832512,0.32019704433497537,0.4827586206896552,2.538106,5.680321,11.547795,0.005208333333333333,0.7538461538461538,0.7661691542288557,149,65,98
1083,0.875,0.2604166666666667,0.3072916666666667,96.94773928571429,93.64984857142852,125.86570866666668,0.1346153846153846,0.9848484848484849,0.9836065573770492,168,50,59,0.6857142857142857,0.7714285714285715,0.7523809523809524,10.355244000000008,23.036920590187567,58.75193686868685,0.0,0.011904761904761904,0.6122448979591837,72,81,79,0.7192118226600985,0.32019704433497537,0.49261083743842365,2.518301,5.593667,11.539025,0.0051813471502590676,0.7575757575757576,0.7452830188679245,146,65,100
1084,0.9010416666666666,0.2604166666666667,0.3177083333333333,98.42317909523808,94.53537971428567,126.15050080952382,0.1702127659574468,0.9735849056603774,0.9601593625498008,173,50,61,0.6666666666666666,0.7142857142857143,0.7428571428571429,10.840058777777784,23.15701307503605,58.64234486868685,0.0,0.0,0.6382978723404256,70,75,78,0.7093596059113301,0.33004926108374383,0.5024630541871922,2.527908,5.720122,11.509174,0.0,0.7697160883280757,0.719626168224299,144,67,102
1085,0.8854166666666666,0.2604166666666667,0.3177083333333333,97.08151499999998,91.77636042857135,124.45927380952381,0.15,0.9700374531835206,0.9836734693877551,170,50,61,0.6571428571428571,0.7142857142857143,0.7523809523809524,10.935429000000008,22.79793179220777,58.767537868686844,0.0,0.012195121951219513,0.6521739130434783,69,75,79,0.7142857142857143,0.31527093596059114,0.5123152709359606,2.544798,5.706307,11.51663,0.0,0.7608695652173914,0.7440758293838863,145,64,104
1086,0.859375,0.2604166666666667,0.3177083333333333,92.89950914285714,92.94661814285709,123.99360638095236,0.14,0.9666666666666667,0.9757085020242915,165,50,61,0.6571428571428571,0.6952380952380952,0.7428571428571429,10.335157888888896,23.024799176046155,58.542939868686844,0.0,0.012048192771084338,0.6666666666666666,69,73,78,0.7093596059113301,0.30049261083743845,0.5073891625615764,2.565424,5.578229,11.568057,0.0,0.7275449101796407,0.7438423645320197,144,61,103
1087,0.8802083333333334,0.2604166666666667,0.3177083333333333,92.31658028571428,93.58625628571424,124.85400552380952,0.125,0.9850746268656716,0.9793388429752066,169,50,61,0.6857142857142857,0.7142857142857143,0.7523809523809524,9.971810111111116,23.019957893217867,58.693397868686844,0.0,0.011904761904761904,0.6744186046511628,72,75,79,0.7093596059113301,0.32019704433497537,0.5172413793103449,2.52314,5.574791,11.562733,0.0,0.7392638036809815,0.7277227722772277,144,65,105
1088,0.8802083333333334,0.28125,0.34375,97.53906557142858,94.1279761428571,123.90545238095237,0.17142857142857143,0.9704797047970479,0.9529411764705882,169,54,66,0.6952380952380952,0.7333333333333333,0.7428571428571429,10.350409571428578,23.05232045887444,58.903870868686845,0.0,0.023529411764705882,0.6666666666666666,73,77,78,0.7142857142857143,0.3448275862068966,0.5123152709359606,2.600435,5.567144,11.66909,0.0,0.7327327327327328,0.7564766839378239,145,70,104
1089,0.90625,0.2916666666666667,0.3489583333333333,95.61958347619044,93.7426901428571,126.59946266666667,0.10204081632653061,0.9550561797752809,0.9628099173553719,174,56,67,0.6761904761904762,0.6952380952380952,0.7523809523809524,10.231066000000007,22.893375004328977,59.065402868686846,0.0,0.0,0.6222222222222222,71,73,79,0.7044334975369458,0.3448275862068966,0.5221674876847291,2.563921,5.536333,11.626381,0.0,0.7089783281733746,0.7122641509433962,143,70,106
1090,0.890625,0.2916666666666667,0.3489583333333333,97.29501523809526,94.88484999999997,123.90299780952384,0.13513513513513514,0.9661654135338346,0.9787234042553191,171,56,67,0.7142857142857143,0.7142857142857143,0.7619047619047619,10.528770888888895,23.044341525252506,59.03139586868685,0.0,0.011627906976744186,0.6222222222222222,75,75,80,0.7142857142857143,0.35467980295566504,0.5073891625615764,2.574971,5.546553,11.632831,0.0,0.6892307692307692,0.7091836734693877,145,72,103
1091,0.8958333333333334,0.2916666666666667,0.34375,99.2881851428571,92.90682999999997,122.40510623809526,0.14285714285714285,0.9882352941176471,0.9711934156378601,172,56,66,0.7142857142857143,0.8095238095238095,0.7714285714285715,10.278755000000007,23.073695868686848,59.24589986868685,0.0,0.03333333333333333,0.6086956521739131,75,85,81,0.7192118226600985,0.3694581280788177,0.5270935960591133,2.64595,5.544682,11.688082,0.0,0.6930379746835443,0.69,146,75,107
1092,0.8958333333333334,0.2864583333333333,0.3489583333333333,97.60104923809523,91.54278642857139,125.16945880952382,0.09302325581395349,0.9689922480620154,0.9708333333333333,172,55,67,0.7142857142857143,0.7047619047619048,0.780952380952381,10.80993268253969,23.198349271284254,59.14779686868685,0.0,0.012345679012345678,0.6666666666666666,75,74,82,0.7192118226600985,0.35467980295566504,0.5270935960591133,2.602771,5.668492,11.68223,0.0,0.7053291536050157,0.681592039800995,146,72,107
1093,0.9270833333333334,0.2916666666666667,0.3489583333333333,100.54835147619049,94.63016242857138,125.53110980952384,0.05714285714285714,0.9653846153846154,0.9704641350210971,178,56,67,0.7047619047619048,0.6761904761904762,0.780952380952381,10.776609428571437,22.503253170274142,59.13018186868685,0.0,0.011494252873563218,0.6666666666666666,74,71,82,0.7142857142857143,0.35467980295566504,0.5123152709359606,2.616344,5.703992,11.641292,0.0,0.6875,0.6831683168316832,145,72,104
1094,0.890625,0.2916666666666667,0.3489583333333333,94.5068779047619,96.11955414285708,125.31919580952382,0.12,0.97265625,0.9504132231404959,171,56,67,0.6857142857142857,0.6857142857142857,0.780952380952381,10.33151611111112,22.666191812409785,59.12023186868685,0.0,0.024390243902439025,0.65,72,72,82,0.7142857142857143,0.35960591133004927,0.5369458128078818,2.63114,5.644027,11.634025,0.005128205128205128,0.6840490797546013,0.6796116504854369,145,73,109
1095,0.9166666666666666,0.2916666666666667,0.3489583333333333,95.83479333333332,96.62445628571425,128.87264595238094,0.08823529411764706,0.9655172413793104,0.9628099173553719,176,56,67,0.6761904761904762,0.7238095238095238,0.7523809523809524,10.90072257142858,22.89617516594514,59.076783868686846,0.0,0.021505376344086023,0.6666666666666666,71,76,79,0.7093596059113301,0.3645320197044335,0.5369458128078818,2.58537,5.638761,11.697192,0.0,0.7051671732522796,0.6974358974358974,144,74,109
1096,0.9114583333333334,0.2864583333333333,0.3489583333333333,100.02706823809524,94.27270428571424,127.70691080952382,0.027777777777777776,0.9767441860465116,0.9789029535864979,175,55,67,0.6761904761904762,0.7428571428571429,0.7714285714285715,10.566718888888895,22.476766038961014,59.28018714141412,0.0,0.012048192771084338,0.5897435897435898,71,78,81,0.7093596059113301,0.37438423645320196,0.5320197044334976,2.556104,5.76782,11.687496,0.0,0.7041800643086816,0.6683417085427136,144,76,108
1097,0.9114583333333334,0.2864583333333333,0.3489583333333333,96.50993438095236,96.78648542857138,126.07329566666665,0.02857142857142857,0.9767441860465116,0.9745762711864406,175,55,67,0.6952380952380952,0.7714285714285715,0.780952380952381,10.748886888888896,23.24483016161614,59.19610986868685,0.0,0.011904761904761904,0.6153846153846154,73,81,82,0.7044334975369458,0.3645320197044335,0.5467980295566502,2.553924,5.768568,11.765634,0.0,0.690625,0.6834170854271356,143,74,111
1098,0.9322916666666666,0.2916666666666667,0.34375,98.13387238095238,97.21441199999995,125.21987723809522,0.0,0.9691119691119691,0.9789915966386554,179,56,66,0.6571428571428571,0.7238095238095238,0.780952380952381,10.736583650793657,23.487678297258274,59.16522986868685,0.0,0.0,0.6216216216216216,69,76,82,0.6995073891625616,0.3645320197044335,0.5517241379310345,2.582644,5.736769,11.723291,0.0,0.6906906906906907,0.676923076923077,142,74,112
1099,0.9166666666666666,0.2916666666666667,0.3385416666666667,94.75779690476188,95.36940914285711,124.9854923809524,0.0,0.9588014981273408,0.9628099173553719,176,56,65,0.6761904761904762,0.7142857142857143,0.780952380952381,10.912601111111119,22.679042337662317,59.17776486868685,0.0,0.0,0.6216216216216216,71,75,82,0.6945812807881774,0.3842364532019704,0.5467980295566502,2.553293,5.701883,11.704488,0.0,0.72,0.6963350785340314,141,78,111
1100,0.90625,0.2916666666666667,0.3489583333333333,98.4545320952381,93.19616271428568,125.4128772380952,0.030303030303030304,0.9695817490494296,0.9747899159663865,174,56,67,0.6857142857142857,0.8,0.780952380952381,10.180194000000007,22.484056448773426,59.38720559595957,0.0,0.0,0.5897435897435898,72,84,82,0.6945812807881774,0.3694581280788177,0.5517241379310345,2.474348,5.804151,11.749441,0.0,0.7091503267973857,0.680628272251309,141,75,112
1101,0.890625,0.2916666666666667,0.3489583333333333,98.1073172857143,93.11798357142851,124.6535740952381,0.0,0.972972972972973,0.9669421487603306,171,56,67,0.6857142857142857,0.819047619047619,0.7714285714285715,10.950103888888895,22.955492246753224,59.364138868686844,0.0,0.0,0.6216216216216216,72,86,81,0.6945812807881774,0.33004926108374383,0.541871921182266,2.490847,5.684817,11.744107,0.0,0.6918238993710691,0.6818181818181818,141,67,110
1102,0.9270833333333334,0.2916666666666667,0.3489583333333333,99.79594238095238,93.67032142857138,123.75517738095236,0.0,0.94921875,0.9539748953974896,178,56,67,0.6857142857142857,0.7142857142857143,0.7714285714285715,9.968095888888895,22.875132681096666,59.33847914141412,0.0,0.0,0.575,72,75,81,0.6995073891625616,0.35960591133004927,0.5467980295566502,2.523043,5.651618,11.73452,0.0,0.6948640483383686,0.696969696969697,142,73,111
1103,0.9270833333333334,0.3229166666666667,0.3541666666666667,96.24473561904763,92.5027328571428,128.74797509523808,0.0,0.9438202247191011,0.9628099173553719,178,62,68,0.6571428571428571,0.7333333333333333,0.7904761904761904,10.616403000000007,23.010459903318885,59.448156595959574,0.0,0.0,0.5526315789473685,69,77,83,0.7093596059113301,0.41379310344827586,0.5714285714285714,2.51721,5.583049,11.78208,0.0,0.7112462006079028,0.7068062827225131,144,84,116
1104,0.9583333333333334,0.3229166666666667,0.375,103.08526980952384,97.9279581428571,129.21792766666667,0.05555555555555555,0.9732824427480916,0.9471544715447154,184,62,72,0.6761904761904762,0.7428571428571429,0.8,10.21316811111112,23.12193684271282,59.315613868686846,0.0,0.0,0.5365853658536586,71,78,84,0.7142857142857143,0.41379310344827586,0.5615763546798029,2.536535,5.725216,11.769878,0.0,0.685064935064935,0.675392670157068,145,84,114
1105,0.9166666666666666,0.3229166666666667,0.3802083333333333,96.71416566666667,98.49799185714284,126.82058752380954,0.06896551724137931,0.9624060150375939,0.9708333333333333,176,62,73,0.6952380952380952,0.7714285714285715,0.8,10.504364888888896,22.73295595382394,59.557972595959576,0.0,0.0,0.5757575757575758,73,81,84,0.7093596059113301,0.4039408866995074,0.5566502463054187,2.525021,5.840166,11.800408,0.005,0.6560509554140127,0.6615384615384615,144,82,113
1106,0.9427083333333334,0.3229166666666667,0.3802083333333333,101.6599015714286,97.7769638571428,127.0827460952381,0.05263157894736842,0.9656488549618321,0.9708333333333333,181,62,73,0.6666666666666666,0.7238095238095238,0.8095238095238095,10.338788000000008,23.17310184271283,59.53694286868685,0.0,0.011904761904761904,0.4594594594594595,70,76,85,0.6896551724137931,0.41379310344827586,0.5566502463054187,2.543955,5.713506,11.833661,0.0,0.6568047337278107,0.649746192893401,140,84,113
1107,0.921875,0.3229166666666667,0.3802083333333333,94.8028571904762,96.67323128571425,129.6233815238095,0.05263157894736842,0.9588014981273408,0.9746835443037974,177,62,73,0.6761904761904762,0.7333333333333333,0.819047619047619,10.54323233333334,23.03017423953822,59.603347868686846,0.0,0.0,0.4857142857142857,71,77,86,0.6945812807881774,0.43349753694581283,0.5665024630541872,2.563654,5.704759,11.85399,0.0,0.6826347305389222,0.6176470588235294,141,88,115
1108,0.9322916666666666,0.3177083333333333,0.3697916666666667,99.5058413809524,95.95248885714284,125.33086766666666,0.045454545454545456,0.9511278195488722,0.9669421487603306,179,61,71,0.6857142857142857,0.7238095238095238,0.819047619047619,10.604798888888896,23.126286766233747,59.82083086868685,0.0,0.0,0.5,72,76,86,0.6896551724137931,0.4088669950738916,0.5763546798029556,2.492799,5.791982,11.788344,0.0,0.686084142394822,0.6127450980392157,140,83,117
1109,0.9375,0.3177083333333333,0.3802083333333333,100.75924604761907,94.20851014285712,125.56036652380953,0.024390243902439025,0.9624060150375939,0.9552845528455285,180,61,73,0.6952380952380952,0.6761904761904762,0.8095238095238095,10.244236888888896,23.165730115440102,60.155888595959574,0.0,0.0,0.5151515151515151,73,71,85,0.6896551724137931,0.39408866995073893,0.5812807881773399,2.596764,5.81363,11.834075,0.0,0.6439628482972136,0.6029411764705882,140,80,118
1110,0.9583333333333334,0.3229166666666667,0.3802083333333333,99.8356240952381,96.46016442857142,126.44608266666665,0.06451612903225806,0.972972972972973,0.963265306122449,184,62,73,0.7238095238095238,0.7523809523809524,0.819047619047619,10.605642777777783,22.854255363636344,60.444581868686846,0.0,0.011904761904761904,0.46153846153846156,76,79,86,0.6945812807881774,0.42857142857142855,0.5714285714285714,2.585603,5.757441,11.776927,0.0,0.6294117647058823,0.5913461538461539,141,87,116
1111,0.921875,0.3229166666666667,0.3802083333333333,100.81672595238096,94.79692971428567,127.95207738095237,0.034482758620689655,0.9578544061302682,0.9666666666666667,177,62,73,0.7047619047619048,0.7904761904761904,0.819047619047619,10.672250000000007,22.670866751803725,60.12768186868685,0.0,0.030927835051546393,0.39473684210526316,74,83,86,0.6896551724137931,0.43349753694581283,0.5615763546798029,2.602397,5.834151,11.805949,0.0,0.6788990825688074,0.6040609137055838,140,88,114
1112,0.9583333333333334,0.3177083333333333,0.375,96.9676780952381,96.08354699999995,126.4935353809524,0.0,0.9769230769230769,0.9708333333333333,184,61,72,0.7238095238095238,0.7619047619047619,0.819047619047619,10.67359011111112,23.428918311688296,60.09225586868685,0.0,0.0,0.3939393939393939,76,80,86,0.6995073891625616,0.41379310344827586,0.5763546798029556,2.579454,5.941894,11.790678,0.0,0.6677740863787376,0.6,142,84,117
1113,0.9322916666666666,0.3125,0.3802083333333333,100.53601876190478,98.1994114285714,124.15290838095235,0.0,0.9664179104477612,0.9402390438247012,179,60,73,0.7142857142857143,0.7523809523809524,0.819047619047619,10.95534711111112,22.80202445887443,60.542060868686846,0.0,0.011111111111111112,0.4166666666666667,75,79,86,0.7044334975369458,0.4039408866995074,0.5960591133004927,2.567515,5.807027,11.893543,0.004975124378109453,0.6307692307692307,0.62,143,82,121
1114,0.9583333333333334,0.3177083333333333,0.375,101.65237728571431,96.56957528571425,125.86596023809523,0.0,0.9661654135338346,0.970954356846473,184,61,72,0.7238095238095238,0.7619047619047619,0.8476190476190476,10.768705000000008,22.825879453102427,60.30892614141412,0.0,0.023529411764705882,0.41025641025641024,76,80,89,0.6995073891625616,0.42857142857142855,0.5911330049261084,2.549538,5.68933,11.891222,0.0,0.6480938416422287,0.6029411764705882,142,87,120
1115,0.921875,0.3177083333333333,0.3802083333333333,104.69297961904763,95.26220199999996,125.54047966666666,0.0,0.9662921348314607,0.9752066115702479,177,61,73,0.7142857142857143,0.7523809523809524,0.8571428571428571,10.93288211111112,22.695296610389583,60.88504759595958,0.0,0.023809523809523808,0.48484848484848486,75,79,90,0.6995073891625616,0.42857142857142855,0.6009852216748769,2.503202,5.84553,11.912539,0.0,0.6739130434782609,0.5970149253731343,142,87,122
1116,0.9322916666666666,0.3229166666666667,0.3802083333333333,100.71812157142857,97.32294271428567,124.70587766666664,0.0,0.9845559845559846,0.9588477366255144,179,62,73,0.7142857142857143,0.7523809523809524,0.8380952380952381,11.050352888888895,23.10979854401152,60.57189386868685,0.0,0.0,0.45,75,79,88,0.7142857142857143,0.4236453201970443,0.5911330049261084,2.560879,5.968427,11.983393,0.0,0.6592356687898089,0.6021505376344086,145,86,120
1117,0.9479166666666666,0.3229166666666667,0.3802083333333333,99.36225047619048,96.53273442857139,125.38019952380952,0.0,0.9656488549618321,0.9744680851063829,182,62,73,0.7142857142857143,0.7523809523809524,0.8380952380952381,11.851767777777788,22.66687907070705,60.96408275757574,0.0,0.0,0.46153846153846156,75,79,88,0.7192118226600985,0.4088669950738916,0.6157635467980296,2.504795,5.935629,11.996503,0.0,0.6576576576576577,0.5888324873096447,146,83,125
1118,0.921875,0.3177083333333333,0.3802083333333333,102.98206100000002,95.33905057142852,126.14507695238096,0.0,0.9509433962264151,0.9663865546218487,177,61,73,0.7047619047619048,0.8,0.8571428571428571,11.037655000000008,23.092716200577176,60.771941868686845,0.0,0.0,0.43902439024390244,74,84,90,0.7044334975369458,0.43349753694581283,0.5960591133004927,2.55331,5.897157,11.933985,0.0,0.6815476190476191,0.6071428571428571,143,88,121
1119,0.9375,0.3125,0.3802083333333333,102.19725842857144,97.29296414285707,127.44404252380953,0.0,0.9693486590038314,0.975,180,60,73,0.7047619047619048,0.6952380952380952,0.8571428571428571,11.029486000000007,22.694406428571412,60.72509259595957,0.0,0.0,0.46153846153846156,74,73,90,0.6995073891625616,0.4088669950738916,0.6206896551724138,2.602074,5.919551,11.974445,0.0,0.6823899371069182,0.6062176165803109,142,83,126
1120,0.9479166666666666,0.3177083333333333,0.3802083333333333,97.85435047619048,95.01576571428566,126.61537066666668,0.0,0.9659090909090909,0.9748953974895398,182,61,73,0.7142857142857143,0.7333333333333333,0.8571428571428571,11.049474000000007,23.48311056998555,61.16418214141412,0.0,0.0,0.4,75,77,90,0.6995073891625616,0.43349753694581283,0.6305418719211823,2.518062,5.886525,11.99059,0.0,0.6838709677419355,0.6132596685082873,142,88,128
1121,0.9427083333333334,0.3177083333333333,0.3802083333333333,99.52609309523811,94.15874928571424,126.38694695238094,0.0,0.9619771863117871,0.9625,181,61,73,0.6571428571428571,0.7238095238095238,0.8666666666666667,11.350230000000007,23.49128869985568,61.04993486868685,0.0,0.0,0.4,69,76,91,0.7093596059113301,0.41379310344827586,0.6305418719211823,2.559963,5.925048,11.974294,0.0,0.6772151898734177,0.6324324324324324,144,84,128
1122,0.9270833333333334,0.3125,0.3802083333333333,99.48718900000001,96.44764614285711,127.45935952380951,0.0,0.9653846153846154,0.9708333333333333,178,60,73,0.6857142857142857,0.7142857142857143,0.8571428571428571,10.924386571428577,22.5659622265512,61.04769248484846,0.0,0.0,0.4666666666666667,72,75,90,0.7142857142857143,0.4187192118226601,0.6305418719211823,2.552764,5.887858,11.976527,0.0,0.6942675159235668,0.631578947368421,145,85,128
1123,0.9583333333333334,0.3229166666666667,0.375,99.79320452380955,98.17475499999993,126.63828938095236,0.0,0.9656488549618321,0.9666666666666667,184,62,72,0.6857142857142857,0.7428571428571429,0.8761904761904762,10.922786571428578,22.9196502265512,60.99882586868685,0.0,0.0,0.4117647058823529,72,78,92,0.7192118226600985,0.4039408866995074,0.6354679802955665,2.593027,5.853498,12.091005,0.0,0.7055016181229773,0.6494252873563219,146,82,129
1124,0.90625,0.3229166666666667,0.375,99.1002759047619,98.4728601428571,127.81956838095236,0.0,0.9649805447470817,0.9829787234042553,174,62,72,0.7047619047619048,0.7523809523809524,0.8761904761904762,11.012509000000007,22.753108842712823,61.094167868686846,0.0,0.0,0.42424242424242425,74,79,92,0.7142857142857143,0.3793103448275862,0.6403940886699507,2.598022,5.940986,12.060479,0.0,0.708904109589041,0.6363636363636364,145,77,130
1125,0.9479166666666666,0.3177083333333333,0.3802083333333333,99.83546742857143,94.96945828571423,128.65113809523808,0.0,0.9656488549618321,0.9670781893004116,182,61,73,0.7142857142857143,0.7523809523809524,0.8857142857142857,10.621629460317466,22.876593797979776,61.013462868686844,0.0,0.0,0.4666666666666667,75,79,93,0.7093596059113301,0.4039408866995074,0.6502463054187192,2.612834,5.846594,12.115542,0.0,0.6613924050632911,0.6573033707865169,144,82,132
1126,0.9635416666666666,0.3177083333333333,0.3802083333333333,99.85577290476192,96.07384128571424,126.67776495238094,0.0,0.9653846153846154,0.9789029535864979,185,61,73,0.7428571428571429,0.7714285714285715,0.8761904761904762,11.011018000000007,22.84057624675322,61.258809868686846,0.0,0.0,0.5,78,81,92,0.7142857142857143,0.4187192118226601,0.6354679802955665,2.556969,5.88048,12.09059,0.0,0.710691823899371,0.6685714285714286,145,85,129
1127,0.9375,0.3229166666666667,0.3802083333333333,101.68007942857147,95.69351785714284,125.03551909523809,0.0,0.9770992366412213,0.9747899159663865,180,62,73,0.7142857142857143,0.7428571428571429,0.8761904761904762,11.526196000000008,23.223883125541104,61.306090868686844,0.0,0.012048192771084338,0.4666666666666667,75,78,92,0.7142857142857143,0.4187192118226601,0.6354679802955665,2.550892,5.933487,12.129331,0.0,0.7157190635451505,0.6444444444444445,145,85,129
1128,0.953125,0.3177083333333333,0.3802083333333333,99.73287657142859,96.23546742857138,129.3739840952381,0.0625,0.9688715953307393,0.9539748953974896,183,61,73,0.7523809523809524,0.7714285714285715,0.8857142857142857,11.439994000000008,23.73661655988455,61.39380486868685,0.0,0.0,0.5,79,81,93,0.7142857142857143,0.4236453201970443,0.6206896551724138,2.571901,5.905783,12.162878,0.0,0.7266666666666667,0.6724137931034483,145,86,126
1129,0.921875,0.3125,0.3802083333333333,100.68584457142855,99.00035299999996,129.60809052380952,0.037037037037037035,0.946969696969697,0.9789029535864979,177,60,73,0.7619047619047619,0.7714285714285715,0.8857142857142857,11.36151400000001,23.7022756204906,61.40551759595958,0.0,0.0,0.5,80,81,93,0.7241379310344828,0.42857142857142855,0.6157635467980296,2.530842,5.908343,12.064695,0.0,0.738255033557047,0.6363636363636364,147,87,125
1130,0.96875,0.3177083333333333,0.375,100.08088066666667,98.74514028571426,129.7081438095238,0.0,0.9655172413793104,0.9914529914529915,186,61,72,0.7523809523809524,0.7333333333333333,0.8857142857142857,11.288758222222231,23.010572226551208,61.26184486868685,0.0,0.0,0.4827586206896552,79,77,93,0.7142857142857143,0.43349753694581283,0.6157635467980296,2.581268,5.913049,12.105087,0.0,0.7272727272727273,0.6610169491525424,145,88,125
1131,0.953125,0.3229166666666667,0.3802083333333333,104.21124752380952,94.96699628571427,130.66991923809522,0.0,0.9583333333333334,0.9747899159663865,183,62,73,0.7142857142857143,0.7333333333333333,0.8857142857142857,11.3032158888889,23.35929273160171,61.29273714141412,0.0,0.0,0.4666666666666667,75,77,93,0.7241379310344828,0.4088669950738916,0.6059113300492611,2.567177,5.914942,12.100725,0.0,0.7216494845360825,0.6759776536312849,147,83,123
1132,0.953125,0.3177083333333333,0.3802083333333333,105.01418890476192,93.8850236666666,128.08701338095236,0.0,0.9622641509433962,0.9830508474576272,183,61,73,0.6952380952380952,0.8095238095238095,0.8857142857142857,10.855918000000012,23.476207691197672,61.37237959595958,0.0,0.0,0.56,73,85,93,0.7241379310344828,0.4039408866995074,0.6059113300492611,2.602306,5.933519,12.100496,0.0,0.7189542483660131,0.6574585635359116,147,82,123
1133,0.9583333333333334,0.3229166666666667,0.3802083333333333,99.70298904761903,96.74498452380946,128.62811166666665,0.0,0.9844357976653697,0.9831932773109243,184,62,73,0.7428571428571429,0.7142857142857143,0.8761904761904762,11.085083000000012,23.117963176046153,61.30941486868685,0.0,0.0,0.5,78,75,92,0.729064039408867,0.4187192118226601,0.6009852216748769,2.586783,5.8987,12.104006,0.0,0.7317880794701986,0.65,148,85,122
1134,0.9427083333333334,0.3229166666666667,0.3802083333333333,98.86417509523811,95.64687314285709,126.43523338095237,0.0,0.9694656488549618,0.9628099173553719,181,62,73,0.7238095238095238,0.6857142857142857,0.8857142857142857,10.939343000000012,23.39574539826837,61.652935868686846,0.0,0.0,0.5,76,72,93,0.7192118226600985,0.4088669950738916,0.6157635467980296,2.605096,5.929833,12.126535,0.0,0.7620689655172413,0.6464088397790055,146,83,125
1135,0.953125,0.3125,0.3802083333333333,102.48101214285717,97.37159071428567,128.1393829523809,0.0,0.9616858237547893,0.9915254237288136,183,60,73,0.7238095238095238,0.7333333333333333,0.8952380952380953,10.88282100000001,23.648437135642116,61.63478814141412,0.0,0.0,0.5185185185185185,76,77,94,0.7192118226600985,0.41379310344827586,0.6157635467980296,2.624277,5.879684,12.141581,0.0,0.7403508771929824,0.6491228070175439,146,84,125
1136,0.9427083333333334,0.3229166666666667,0.3802083333333333,103.74755614285712,97.31784999999995,125.91951638095236,0.038461538461538464,0.9452554744525548,0.975,181,62,73,0.6952380952380952,0.7047619047619048,0.8666666666666667,10.834535000000011,22.989641347763325,61.56694386868685,0.0,0.0,0.5909090909090909,73,74,91,0.7192118226600985,0.4187192118226601,0.6206896551724138,2.583646,5.839201,12.129629,0.0,0.7569444444444444,0.6628571428571428,146,85,126
1137,0.953125,0.3229166666666667,0.3802083333333333,102.00720500000001,98.28844099999996,126.03387395238094,0.047619047619047616,0.9576923076923077,0.9696969696969697,183,62,73,0.6761904761904762,0.6952380952380952,0.8476190476190476,10.676975111111123,23.277347287157266,61.67658086868685,0.0,0.0,0.38095238095238093,71,73,89,0.7241379310344828,0.4236453201970443,0.6059113300492611,2.567912,5.872251,12.135546,0.0,0.7827586206896552,0.6748466257668712,147,86,123
1138,0.9479166666666666,0.3177083333333333,0.3802083333333333,101.88409233333333,96.85572999999998,129.81218466666667,0.029411764705882353,0.9803921568627451,0.978448275862069,182,61,73,0.6857142857142857,0.7333333333333333,0.8476190476190476,11.04907300000001,23.27310400432899,61.72657586868685,0.0,0.011764705882352941,0.38095238095238093,72,77,89,0.7389162561576355,0.4187192118226601,0.6059113300492611,2.582872,6.002297,12.157438,0.0,0.7716262975778547,0.6666666666666666,150,85,123
1139,0.9010416666666666,0.3385416666666667,0.4114583333333333,107.60835428571428,100.30773399999997,129.17502823809522,0.03333333333333333,0.9543726235741445,0.9539748953974896,173,65,79,0.7047619047619048,0.7428571428571429,0.8476190476190476,10.90011700000001,23.253205004328986,61.994147868686845,0.0,0.0,0.4,74,78,89,0.7339901477832512,0.45320197044334976,0.6108374384236454,2.612789,5.917441,12.15282,0.0,0.73,0.68,149,92,124
1140,0.953125,0.3489583333333333,0.4114583333333333,104.52704376190476,100.80564057142853,128.8325768095238,0.0,0.953307392996109,0.9724770642201835,183,67,79,0.6952380952380952,0.6952380952380952,0.8666666666666667,10.363828111111124,22.911025271284245,62.15950086868685,0.0,0.0,0.3333333333333333,73,73,91,0.7389162561576355,0.47783251231527096,0.625615763546798,2.625539,5.905637,12.156216,0.0,0.721830985915493,0.6380368098159509,150,97,127
1141,0.921875,0.34375,0.4114583333333333,106.06408342857148,98.86700228571422,127.38126580952382,0.0,0.97165991902834,0.9644444444444444,177,66,79,0.6857142857142857,0.7142857142857143,0.8666666666666667,10.46833700000001,23.010384953823927,62.320471868686845,0.0,0.024096385542168676,0.32,72,75,91,0.7389162561576355,0.47783251231527096,0.6403940886699507,2.629464,6.003571,12.133262,0.0,0.7116104868913857,0.6424242424242425,150,97,130
1142,0.9270833333333334,0.3541666666666667,0.4114583333333333,101.90015309523812,95.97809742857137,129.6539663809524,0.0,0.9596774193548387,0.9553571428571429,178,68,79,0.6761904761904762,0.7523809523809524,0.8571428571428571,10.953537000000011,23.043165620490594,62.22120986868685,0.0,0.0,0.32,71,79,90,0.7241379310344828,0.4729064039408867,0.6354679802955665,2.656919,6.065619,12.1025,0.0,0.7185185185185186,0.6625766871165644,147,96,129
1143,0.9166666666666666,0.34375,0.4114583333333333,105.53037552380952,98.3063554285714,131.34723995238093,0.0,0.967741935483871,0.9684684684684685,176,66,79,0.6761904761904762,0.6666666666666666,0.8666666666666667,10.700242000000012,22.88978581240979,62.62165014141412,0.0,0.012345679012345678,0.36363636363636365,71,70,91,0.7241379310344828,0.4630541871921182,0.645320197044335,2.613547,6.021136,12.178952,0.0,0.7106227106227107,0.6521739130434783,147,94,131
1144,0.9166666666666666,0.3541666666666667,0.4114583333333333,108.57479966666668,102.04657085714281,131.12578295238094,0.044444444444444446,0.9453125,0.9863636363636363,176,68,79,0.6666666666666666,0.6571428571428571,0.8380952380952381,10.204705000000011,23.250504670995646,62.57434659595958,0.0,0.036585365853658534,0.4,70,69,88,0.7192118226600985,0.458128078817734,0.6502463054187192,2.656971,6.009825,12.181068,0.0,0.7210144927536232,0.6666666666666666,146,93,132
1145,0.9010416666666666,0.3489583333333333,0.4114583333333333,106.94138680952385,102.68521199999995,131.50402138095237,0.04878048780487805,0.967741935483871,0.9598214285714286,173,67,79,0.6285714285714286,0.7333333333333333,0.8666666666666667,10.408062000000012,23.633172953823937,62.50757759595958,0.0,0.03225806451612903,0.36363636363636365,66,77,91,0.729064039408867,0.46798029556650245,0.6551724137931034,2.669121,6.074428,12.182008,0.0,0.7358490566037735,0.6666666666666666,148,95,133
1146,0.9166666666666666,0.3489583333333333,0.4114583333333333,106.07590200000004,99.38474299999996,131.98541066666667,0.030303030303030304,0.9681274900398407,0.9819819819819819,176,67,79,0.638095238095238,0.7428571428571429,0.8666666666666667,10.6015748888889,23.28853033766232,62.58826059595958,0.0,0.03333333333333333,0.42105263157894735,67,78,91,0.7142857142857143,0.4630541871921182,0.6403940886699507,2.720201,6.082237,12.189558,0.0,0.7265917602996255,0.675,145,94,130
1147,0.9010416666666666,0.3541666666666667,0.4114583333333333,101.14929676190476,98.47854157142852,131.29731452380952,0.05714285714285714,0.9795918367346939,0.968609865470852,173,68,79,0.638095238095238,0.7142857142857143,0.8857142857142857,10.670142000000011,23.256985004328985,62.64184159595958,0.0,0.023809523809523808,0.4,67,75,93,0.7192118226600985,0.4630541871921182,0.6354679802955665,2.732515,6.076538,12.181775,0.0,0.7213740458015268,0.673202614379085,146,94,129
1148,0.96875,0.3541666666666667,0.4114583333333333,101.59094333333336,97.06499642857138,131.85360166666666,0.07692307692307693,0.926923076923077,0.9601769911504425,186,68,79,0.6476190476190476,0.7333333333333333,0.8666666666666667,11.050007000000011,23.261119802308784,62.65757559595958,0.0,0.045454545454545456,0.47058823529411764,68,77,91,0.7241379310344828,0.46798029556650245,0.6502463054187192,2.734912,6.001579,12.181521,0.0,0.7142857142857143,0.6477987421383647,147,95,132
1149,0.9166666666666666,0.3541666666666667,0.4114583333333333,100.76444000000004,97.2076684285714,130.6970450952381,0.041666666666666664,0.9634146341463414,0.9728506787330317,176,68,79,0.638095238095238,0.7523809523809524,0.8666666666666667,11.251743000000012,22.92675217604615,63.08085859595958,0.0,0.022988505747126436,0.38095238095238093,67,79,91,0.7142857142857143,0.47783251231527096,0.6551724137931034,2.698914,6.029978,12.23703,0.0,0.753731343283582,0.6620689655172414,145,97,133
1150,0.9114583333333334,0.234375,0.265625,98.67947638095241,66.88929447619044,95.27179885714287,0.0,0.9466666666666667,0.955,175,45,51,0.638095238095238,0.5238095238095238,0.6,10.71293411111112,17.06916270562769,44.96468043001442,0.0,0.024096385542168676,0.35294117647058826,67,55,63,0.6995073891625616,0.270935960591133,0.43842364532019706,2.79896,3.822427,8.612695,0.0,0.7444933920704846,0.6524822695035462,142,55,89
1151,0.9270833333333334,0.23958333333333334,0.265625,104.50813761904763,72.51636747619044,97.4334478571429,0.10416666666666667,0.9560439560439561,0.9280575539568345,178,46,51,0.6476190476190476,0.5238095238095238,0.5523809523809524,10.978278000000012,16.462625004328988,44.862148430014415,0.0,0.015384615384615385,0.15384615384615385,68,55,58,0.6945812807881774,0.27586206896551724,0.45320197044334976,2.721734,3.719449,8.616213,0.0,0.7175925925925926,0.6050420168067226,141,56,92
1152,0.9479166666666666,0.23958333333333334,0.265625,104.05435347619053,71.17940447619041,97.52520471428574,0.19230769230769232,0.9608938547486033,0.9618320610687023,182,46,51,0.638095238095238,0.5238095238095238,0.5523809523809524,10.987701000000012,16.6845258167388,44.821690430014414,0.0,0.02857142857142857,0.14285714285714285,67,55,58,0.6995073891625616,0.28078817733990147,0.4482758620689655,2.710714,3.717004,8.661246,0.0,0.7293577981651376,0.6228070175438597,142,57,91
1153,0.9270833333333334,0.234375,0.265625,103.01998395238095,71.08058619047614,95.43451028571431,0.0967741935483871,0.9621621621621622,0.984375,178,45,51,0.638095238095238,0.5142857142857142,0.5619047619047619,10.972226000000012,16.737369711399698,45.00301643001442,0.0,0.0821917808219178,0.10526315789473684,67,54,59,0.6995073891625616,0.26108374384236455,0.4482758620689655,2.717492,3.746032,8.649232,0.0,0.7752293577981652,0.6160714285714286,142,53,91
1154,0.9270833333333334,0.22916666666666666,0.2604166666666667,104.33061100000005,67.644584047619,95.76987714285717,0.07142857142857142,0.9430051813471503,0.9694656488549618,178,44,50,0.6476190476190476,0.49523809523809526,0.5523809523809524,11.164433000000011,16.88524189321788,45.094635430014414,0.0,0.14084507042253522,0.125,68,52,58,0.6945812807881774,0.2413793103448276,0.45320197044334976,2.747425,3.79544,8.683845,0.0,0.7813953488372093,0.6052631578947368,141,49,92
1155,0.921875,0.22916666666666666,0.265625,105.41999176190477,69.600568047619,94.49222514285715,0.08108108108108109,0.968421052631579,0.927536231884058,177,44,51,0.6476190476190476,0.5523809523809524,0.5333333333333333,10.654599000000012,17.029989549783537,45.24065643001442,0.0,0.13513513513513514,0.11764705882352941,68,58,56,0.6945812807881774,0.21674876847290642,0.458128078817734,2.741588,3.782879,8.704248,0.0,0.7939914163090128,0.6101694915254238,141,44,93
1156,0.953125,0.22395833333333334,0.2604166666666667,105.19148019047621,69.45313376190472,95.95749471428574,0.038461538461538464,0.978494623655914,0.9692307692307692,183,43,50,0.638095238095238,0.5142857142857142,0.5333333333333333,10.66410200000001,17.120826893217878,45.11724143001442,0.0,0.2077922077922078,0.14285714285714285,67,54,56,0.6995073891625616,0.20689655172413793,0.458128078817734,2.74368,3.750329,8.735524,0.0,0.8127659574468085,0.6036036036036037,142,42,93
1157,0.90625,0.23958333333333334,0.28125,104.17807142857147,67.14356661904758,95.80855842857147,0.037037037037037035,0.9207920792079208,0.920863309352518,174,46,54,0.6571428571428571,0.4666666666666667,0.5333333333333333,11.005804000000012,16.64899273160172,45.42311343001442,0.0,0.2702702702702703,0.125,69,49,56,0.6995073891625616,0.23645320197044334,0.458128078817734,2.72645,3.78522,8.72675,0.0,0.825531914893617,0.5929203539823009,142,48,93
1158,0.9322916666666666,0.25,0.2916666666666667,105.11453023809524,100.3574611428571,135.36220238095237,0.05405405405405406,0.9621621621621622,0.9496402877697842,179,48,56,0.6476190476190476,0.49523809523809526,0.5904761904761905,10.83031800000001,23.450154903318886,63.26053859595958,0.0,0.27472527472527475,0.19230769230769232,68,52,62,0.7044334975369458,0.2413793103448276,0.4729064039408867,2.694091,6.225579,12.332766,0.0,0.7991452991452992,0.5806451612903226,143,49,96
1159,0.9114583333333334,0.24479166666666666,0.2916666666666667,103.85968919047619,103.25615185714284,135.48288742857142,0.03225806451612903,0.9719626168224299,0.9717514124293786,175,47,56,0.6476190476190476,0.5333333333333333,0.6,11.062069000000012,23.859614681096662,63.45889559595958,0.0,0.38613861386138615,0.6595744680851063,68,56,63,0.6995073891625616,0.23645320197044334,0.4729064039408867,2.693767,6.252594,12.32898,0.0,0.796875,0.6330935251798561,142,48,96
1160,0.9322916666666666,0.24479166666666666,0.2916666666666667,101.37883071428573,101.42119128571427,133.7849232380952,0.06060606060606061,0.9678714859437751,0.9678899082568807,179,47,56,0.6476190476190476,0.580952380952381,0.5904761904761905,11.088492000000011,24.093919010100983,63.29120059595958,0.0,0.4166666666666667,0.7368421052631579,68,61,62,0.6945812807881774,0.2512315270935961,0.4729064039408867,2.684564,6.171164,12.300164,0.0,0.7934426229508197,0.7,141,51,96
1161,0.9114583333333334,0.25,0.2916666666666667,108.02024871428573,97.21450242857141,133.8732805238095,0.041666666666666664,0.96,0.9724409448818898,175,48,56,0.6476190476190476,0.6,0.5904761904761905,11.045499000000012,23.781869337662318,63.52580859595958,0.0,0.44545454545454544,0.7692307692307693,68,63,62,0.6847290640394089,0.2660098522167488,0.47783251231527096,2.663989,6.17622,12.334074,0.0,0.8226299694189603,0.75,139,54,97
1162,0.9322916666666666,0.24479166666666666,0.2916666666666667,105.61743523809525,95.75549771428568,133.95010752380952,0.05405405405405406,0.9783393501805054,0.9588014981273408,179,47,56,0.6666666666666666,0.580952380952381,0.5904761904761905,10.933264000000012,23.752494378066356,63.378335595959584,0.0,0.4482758620689655,0.7285714285714285,70,61,62,0.6847290640394089,0.26108374384236455,0.4827586206896552,2.705642,6.214282,12.340849,0.0,0.8397626112759644,0.7581395348837209,139,53,98
1163,0.8958333333333334,0.24479166666666666,0.2916666666666667,104.01324509523813,99.07777914285714,134.42439938095237,0.08333333333333333,0.9565217391304348,0.9765625,172,47,56,0.6476190476190476,0.5142857142857142,0.6,11.313398000000012,24.025913842712818,63.431874595959584,0.0,0.4215686274509804,0.696969696969697,68,54,63,0.645320197044335,0.24630541871921183,0.47783251231527096,2.641672,6.27719,12.364659,0.0,0.8535825545171339,0.7451923076923077,131,50,97
1164,0.8958333333333334,0.22916666666666666,0.28125,104.74203152380952,99.45955257142855,135.66481066666665,0.025,0.9923371647509579,0.975609756097561,172,44,54,0.6190476190476191,0.5428571428571428,0.6095238095238096,11.047781000000011,23.303176024531002,63.35954659595958,0.0,0.36363636363636365,0.6363636363636364,65,57,64,0.6354679802955665,0.24630541871921183,0.4729064039408867,2.644343,6.21806,12.404554,0.0,0.819620253164557,0.7354497354497355,129,50,96
1165,0.8541666666666666,0.22916666666666666,0.2864583333333333,107.0687104761905,101.23257871428568,136.8320785238095,0.0,0.9735849056603774,0.9488188976377953,164,44,55,0.6190476190476191,0.5619047619047619,0.6,10.972380000000012,23.775176998556976,63.40155259595958,0.0,0.3548387096774194,0.7058823529411765,65,59,63,0.6354679802955665,0.26108374384236455,0.4630541871921182,2.681243,6.259116,12.419335,0.0,0.8349514563106796,0.7357512953367875,129,53,94
1166,0.8802083333333334,0.22395833333333334,0.2916666666666667,104.72586157142861,98.25250642857141,135.13573295238092,0.0,0.966542750929368,0.9759036144578314,169,43,56,0.6095238095238096,0.5238095238095238,0.6095238095238096,10.762636000000011,23.60951699999998,63.59523759595958,0.0,0.35106382978723405,0.6545454545454545,64,55,64,0.6354679802955665,0.2660098522167488,0.45320197044334976,2.720135,6.290083,12.446517,0.0,0.8486842105263158,0.7365591397849462,129,54,92
1167,0.890625,0.22916666666666666,0.2916666666666667,108.29170876190479,99.16792214285714,134.6276639523809,0.0,0.9812734082397003,0.96484375,171,44,56,0.6095238095238096,0.6,0.638095238095238,10.951057000000011,23.404052408369388,63.656587484848465,0.0,0.3469387755102041,0.6730769230769231,64,63,67,0.6305418719211823,0.26108374384236455,0.4729064039408867,2.672604,6.355043,12.460612,0.0,0.8609271523178808,0.7393617021276596,128,53,96
1168,0.8802083333333334,0.22916666666666666,0.2916666666666667,105.65150542857147,101.46750657142857,134.43722766666664,0.0,0.9738805970149254,0.975609756097561,169,44,56,0.580952380952381,0.5714285714285714,0.6285714285714286,10.792081000000012,23.623506458874438,63.67732781818181,0.0,0.3111111111111111,0.68,61,60,66,0.6305418719211823,0.2561576354679803,0.458128078817734,2.731488,6.282683,12.44933,0.0,0.8481848184818482,0.7486033519553073,128,52,93
1169,0.8854166666666666,0.23958333333333334,0.3020833333333333,110.24539500000003,103.20587799999998,136.22494095238096,0.0,0.9809885931558935,0.9718875502008032,170,46,58,0.580952380952381,0.6095238095238096,0.6476190476190476,10.967672000000011,23.224918024531004,63.69887659595958,0.0,0.2755102040816326,0.6181818181818182,61,64,68,0.6354679802955665,0.28078817733990147,0.458128078817734,2.757921,6.263151,12.437943,0.0,0.834983498349835,0.7458563535911602,129,57,93
1170,0.875,0.2552083333333333,0.3177083333333333,104.24379671428572,101.42051985714284,135.4921429047619,0.0,0.9578544061302682,0.9551020408163265,168,49,61,0.5714285714285714,0.580952380952381,0.6285714285714286,11.071032000000011,23.61955579797977,63.62559459595958,0.0,0.30952380952380953,0.6538461538461539,60,61,66,0.6206896551724138,0.2955665024630542,0.46798029556650245,2.729904,6.297554,12.452014,0.0,0.8293515358361775,0.7692307692307693,126,60,95
1171,0.8541666666666666,0.24479166666666666,0.3177083333333333,108.78353366666667,101.72167985714285,135.37382280952383,0.0,0.9612403100775194,0.966804979253112,164,47,61,0.580952380952381,0.6095238095238096,0.6285714285714286,11.23735900000001,23.50538445310243,63.57652559595958,0.0,0.29213483146067415,0.6415094339622641,61,64,66,0.625615763546798,0.27586206896551724,0.4482758620689655,2.675466,6.307642,12.490993,0.0,0.818815331010453,0.7608695652173914,127,56,91
1172,0.8697916666666666,0.2604166666666667,0.3177083333333333,106.32113385714287,101.86349371428567,135.20059795238095,0.0,0.953125,0.9786324786324786,167,50,61,0.5714285714285714,0.5904761904761905,0.6285714285714286,11.111956000000012,23.5075957272727,63.654671484848464,0.0,0.23255813953488372,0.7083333333333334,60,62,66,0.6354679802955665,0.2660098522167488,0.43842364532019706,2.764644,6.347134,12.499216,0.0,0.794425087108014,0.7597765363128491,129,54,89
1173,0.875,0.2604166666666667,0.3177083333333333,105.91713247619052,102.63810999999997,136.83921795238095,0.0,0.98,0.9742489270386266,168,50,61,0.5428571428571428,0.6190476190476191,0.6285714285714286,11.419756000000012,23.83438661038959,63.58867459595958,0.0,0.2289156626506024,0.7083333333333334,57,65,66,0.645320197044335,0.27586206896551724,0.4482758620689655,2.736276,6.340952,12.516567,0.0,0.7836879432624113,0.7513812154696132,131,56,91
1174,0.8489583333333334,0.2552083333333333,0.3177083333333333,106.18838004761908,105.5403324285714,139.3413318095238,0.0,0.9761904761904762,0.9586776859504132,163,49,61,0.5523809523809524,0.580952380952381,0.638095238095238,11.248542000000011,23.37171488311686,63.768788595959585,0.0,0.25,0.68,58,61,67,0.645320197044335,0.28078817733990147,0.45320197044334976,2.768032,6.325859,12.493424,0.0,0.8021201413427562,0.7513812154696132,131,57,92
1175,0.859375,0.2604166666666667,0.3125,104.27242195238095,100.50162414285712,138.09793438095238,0.0,0.968503937007874,0.9828326180257511,165,50,60,0.5619047619047619,0.5714285714285714,0.638095238095238,11.029773000000011,23.5122777258297,63.731977595959584,0.0,0.27906976744186046,0.7391304347826086,59,60,67,0.6403940886699507,0.2955665024630542,0.4433497536945813,2.725766,6.404502,12.499897,0.005555555555555556,0.7985865724381626,0.7688172043010753,130,60,90
1176,0.8541666666666666,0.2604166666666667,0.3177083333333333,106.54890133333335,99.03861185714285,136.54770066666669,0.0,0.9682539682539683,0.9628099173553719,164,50,61,0.5619047619047619,0.5619047619047619,0.6476190476190476,11.27591000000001,23.576769018759,63.79544659595958,0.0,0.27710843373493976,0.723404255319149,59,59,68,0.645320197044335,0.29064039408866993,0.45320197044334976,2.675593,6.450111,12.495143,0.0,0.7857142857142857,0.7777777777777778,131,59,92
1177,0.8645833333333334,0.2552083333333333,0.3177083333333333,106.67951771428574,100.15348100000001,136.69078180952383,0.0,0.9721115537848606,0.9541666666666667,166,49,61,0.5619047619047619,0.6095238095238096,0.6476190476190476,11.471745000000011,23.838508479076456,63.74200159595958,0.0,0.25925925925925924,0.7906976744186046,59,64,68,0.6551724137931034,0.30049261083743845,0.4729064039408867,2.717673,6.376823,12.519537,0.0,0.7700348432055749,0.7808988764044944,133,61,96
1178,0.8645833333333334,0.2604166666666667,0.3177083333333333,110.06628090476191,100.49164485714284,136.73851266666662,0.0,0.9425287356321839,0.9629629629629629,166,50,61,0.5523809523809524,0.5428571428571428,0.6476190476190476,11.486037000000012,23.334343155844135,63.905639595959585,0.0,0.2804878048780488,0.7727272727272727,58,57,68,0.645320197044335,0.3103448275862069,0.4729064039408867,2.696115,6.346666,12.561652,0.0,0.7965517241379311,0.7885714285714286,131,63,96
1179,0.8333333333333334,0.2604166666666667,0.3125,105.74312138095242,100.12359714285715,140.8539410952381,0.0,0.9801587301587301,0.9462809917355371,160,50,60,0.5619047619047619,0.6190476190476191,0.638095238095238,11.66950400000001,23.733217135642114,63.85811059595958,0.0,0.25274725274725274,0.7727272727272727,59,65,67,0.645320197044335,0.3054187192118227,0.47783251231527096,2.778884,6.398321,12.600374,0.0,0.7913669064748201,0.7790055248618785,131,62,97
1180,0.8541666666666666,0.2604166666666667,0.3177083333333333,107.9771483809524,102.4751577142857,140.67381023809526,0.0,0.988,0.9746835443037974,164,50,61,0.5523809523809524,0.5714285714285714,0.638095238095238,11.75772600000001,23.777216792207774,63.93966859595958,0.0,0.2625,0.7906976744186046,58,60,67,0.6403940886699507,0.2857142857142857,0.4729064039408867,2.75434,6.43394,12.603653,0.0,0.7933579335793358,0.7554347826086957,130,58,96
1181,0.859375,0.2604166666666667,0.3125,107.13250480952384,100.15704599999997,138.0440418095238,0.0,0.9801587301587301,0.9789029535864979,165,50,60,0.5619047619047619,0.5714285714285714,0.6476190476190476,11.23775700000001,23.576009186147164,63.994934595959585,0.0,0.2692307692307692,0.7727272727272727,59,60,68,0.6502463054187192,0.28078817733990147,0.4975369458128079,2.698726,6.356698,12.62365,0.0,0.7586206896551724,0.7569060773480663,132,57,101
1182,0.8489583333333334,0.2604166666666667,0.3177083333333333,106.78805300000003,99.48774557142853,139.07572809523808,0.0,0.9576923076923077,0.9588477366255144,163,50,61,0.580952380952381,0.6095238095238096,0.6476190476190476,11.131716000000011,23.502027317460296,63.81315259595958,0.0,0.23529411764705882,0.7555555555555555,61,64,68,0.6650246305418719,0.3054187192118227,0.4975369458128079,2.776796,6.339899,12.614423,0.0,0.7638888888888888,0.7796610169491526,135,62,101
1183,0.8489583333333334,0.2604166666666667,0.3177083333333333,106.57416176190479,100.02711485714283,136.4175535238095,0.0,0.9725490196078431,0.951417004048583,163,50,61,0.580952380952381,0.6476190476190476,0.638095238095238,11.428180000000012,23.225744953823934,64.25708659595958,0.0,0.2441860465116279,0.7906976744186046,61,68,67,0.6600985221674877,0.3103448275862069,0.49261083743842365,2.742084,6.484415,12.622414,0.0,0.7820069204152249,0.7848837209302325,134,63,100
1184,0.8489583333333334,0.2604166666666667,0.3125,110.22024309523809,98.26671028571427,137.28531895238092,0.029411764705882353,0.9841897233201581,0.9872340425531915,163,50,60,0.5904761904761905,0.6476190476190476,0.6285714285714286,11.390120000000012,23.448049458874436,64.16122559595958,0.0,0.21794871794871795,0.7391304347826086,62,68,66,0.6600985221674877,0.30049261083743845,0.4975369458128079,2.732809,6.421469,12.66841,0.0,0.7743055555555556,0.7777777777777778,134,61,101
1185,0.8541666666666666,0.2604166666666667,0.3125,102.60820119047618,97.06599828571424,138.81021223809523,0.0,0.9653846153846154,0.9703389830508474,164,50,60,0.5904761904761905,0.5523809523809524,0.6571428571428571,11.414535000000011,23.47999770707069,64.30323059595958,0.0,0.24193548387096775,0.7083333333333334,62,58,69,0.6502463054187192,0.2955665024630542,0.49261083743842365,2.704504,6.363212,12.640423,0.0,0.752542372881356,0.7869822485207101,132,60,100
1186,0.8177083333333334,0.2604166666666667,0.3177083333333333,103.14555109523809,103.98578828571426,139.8983620952381,0.0,0.9766536964980544,0.946058091286307,157,50,61,0.5904761904761905,0.6,0.6476190476190476,11.08666500000001,23.31913749927848,64.33666659595958,0.0,0.20512820512820512,0.723404255319149,62,63,68,0.6551724137931034,0.29064039408866993,0.49261083743842365,2.658284,6.353544,12.65829,0.0,0.7663230240549829,0.7818181818181819,133,59,100
1187,0.828125,0.2604166666666667,0.3177083333333333,105.77513914285717,101.53196642857142,140.9586095238095,0.0,0.9728682170542635,0.9705882352941176,159,50,61,0.580952380952381,0.6095238095238096,0.6285714285714286,11.161542000000011,23.180757842712822,64.48662559595958,0.0,0.19480519480519481,0.7,61,64,66,0.6600985221674877,0.3103448275862069,0.49261083743842365,2.703143,6.431133,12.667495,0.0,0.7716262975778547,0.7757575757575758,134,63,100
1188,0.84375,0.2604166666666667,0.3177083333333333,105.15258838095235,99.11250242857139,139.3930245238095,0.0,0.9655172413793104,0.9617021276595744,162,50,61,0.580952380952381,0.6,0.638095238095238,10.821646000000012,23.05138410966809,64.34986259595958,0.0,0.2191780821917808,0.6792452830188679,61,63,67,0.6748768472906403,0.30049261083743845,0.49261083743842365,2.691942,6.356276,12.728399,0.005405405405405406,0.7551724137931034,0.7852760736196319,137,61,100
1189,0.8385416666666666,0.2604166666666667,0.3125,103.8206946666667,102.15357614285712,139.69082623809524,0.0,0.972972972972973,0.9744680851063829,161,50,60,0.5904761904761905,0.6190476190476191,0.6285714285714286,11.27032700000001,23.064963096681076,64.22083759595958,0.0,0.19736842105263158,0.7058823529411765,62,65,66,0.6798029556650246,0.30049261083743845,0.4975369458128079,2.696326,6.369849,12.715935,0.0,0.7703180212014135,0.7757575757575758,138,61,101
1190,0.8385416666666666,0.2604166666666667,0.3177083333333333,107.31226042857143,98.76122042857142,138.27179295238093,0.0,0.984375,0.9449152542372882,161,50,61,0.580952380952381,0.5904761904761905,0.6095238095238096,10.82951100000001,23.40778543290041,64.77116059595959,0.0,0.20270270270270271,0.7346938775510204,61,62,64,0.6699507389162561,0.2955665024630542,0.5024630541871922,2.716741,6.326212,12.691362,0.0,0.7829181494661922,0.7784431137724551,136,60,102
1191,0.84375,0.2604166666666667,0.3177083333333333,109.70701471428573,98.35526685714284,138.94057866666668,0.0,0.9765625,0.986784140969163,162,50,61,0.580952380952381,0.6095238095238096,0.6285714285714286,11.02294300000001,23.703267135642115,64.63818859595958,0.0,0.22535211267605634,0.7346938775510204,61,64,66,0.6748768472906403,0.3103448275862069,0.49261083743842365,2.747613,6.369663,12.730758,0.0106951871657754,0.7589928057553957,0.7962962962962963,137,63,100
1192,0.8229166666666666,0.2552083333333333,0.3125,108.29449804761907,99.75900628571425,138.40079609523806,0.0,0.9764705882352941,0.9695652173913043,158,49,60,0.580952380952381,0.5428571428571428,0.638095238095238,11.239327000000012,23.446007226551206,64.65083559595958,0.0,0.2112676056338028,0.7659574468085106,61,57,67,0.6798029556650246,0.31527093596059114,0.4729064039408867,2.754382,6.361417,12.705853,0.005405405405405406,0.7543859649122807,0.7757575757575758,138,64,96
1193,0.8333333333333334,0.2604166666666667,0.3125,104.7748391904762,97.90691885714283,139.00004352380952,0.0,0.9763779527559056,0.974025974025974,160,50,60,0.5714285714285714,0.5523809523809524,0.638095238095238,11.121021000000011,23.499011493506472,64.63045259595958,0.0,0.19480519480519481,0.782608695652174,60,58,67,0.6798029556650246,0.31527093596059114,0.46798029556650245,2.721776,6.339798,12.726495,0.010752688172043012,0.7785714285714286,0.7469879518072289,138,64,95
1194,0.8229166666666666,0.2552083333333333,0.3177083333333333,108.9462234761905,98.65085671428568,137.97395238095237,0.0,0.9651162790697675,0.9696969696969697,158,49,61,0.5714285714285714,0.5142857142857142,0.638095238095238,10.970038000000011,23.481988278499255,64.45809759595959,0.0,0.21212121212121213,0.7872340425531915,60,54,67,0.6699507389162561,0.3103448275862069,0.4729064039408867,2.817389,6.386295,12.765802,0.016042780748663103,0.7904411764705882,0.7411764705882353,136,63,96
1195,0.8229166666666666,0.2604166666666667,0.3177083333333333,108.51985200000001,103.33711571428569,136.92330980952377,0.0,0.9806201550387597,0.961864406779661,158,50,61,0.5619047619047619,0.6095238095238096,0.638095238095238,10.914224000000011,23.420912024531003,64.86838659595958,0.0,0.15584415584415584,0.7872340425531915,59,64,67,0.6798029556650246,0.3054187192118227,0.46798029556650245,2.817277,6.326984,12.734748,0.010810810810810811,0.7948717948717948,0.7529411764705882,138,62,95
1196,0.8125,0.25,0.3072916666666667,108.1835530952381,103.73295299999994,138.91478595238092,0.0,0.984313725490196,0.9655172413793104,156,48,59,0.580952380952381,0.6,0.638095238095238,11.09824800000001,23.387361135642116,64.84796459595958,0.0,0.17333333333333334,0.782608695652174,61,63,67,0.6847290640394089,0.30049261083743845,0.46798029556650245,2.804035,6.35092,12.781603,0.010810810810810811,0.791970802919708,0.7710843373493976,139,61,95
1197,0.8489583333333334,0.2552083333333333,0.3177083333333333,104.99673647619048,102.80926471428567,137.61860466666667,0.02702702702702703,0.9580152671755725,0.9543568464730291,163,49,61,0.5904761904761905,0.6095238095238096,0.6190476190476191,10.588404000000011,23.765479297258274,64.78294659595959,0.0,0.18840579710144928,0.782608695652174,62,64,65,0.6699507389162561,0.30049261083743845,0.458128078817734,2.817412,6.381175,12.804778,0.01092896174863388,0.7933579335793358,0.7852760736196319,136,61,93
1198,0.828125,0.2604166666666667,0.3177083333333333,111.51890138095239,103.37453428571423,136.69301766666666,0.0,0.9767441860465116,0.9572649572649573,159,50,61,0.6,0.6285714285714286,0.6190476190476191,10.88872342857144,23.425960363636342,64.63361059595958,0.0,0.1232876712328767,0.782608695652174,63,66,65,0.6798029556650246,0.3103448275862069,0.4876847290640394,2.76729,6.413729,12.814246,0.01092896174863388,0.7488372093023256,0.5942492012779552,138,63,99
1199,0.8177083333333334,0.2604166666666667,0.3177083333333333,111.07928842857143,100.74276499999995,136.27288666666664,0.0,0.9731800766283525,0.9736842105263158,157,50,61,0.6,0.5904761904761905,0.6285714285714286,10.47883800000001,24.13358341414139,64.94623959595958,0.0,0.15625,0.8,63,62,66,0.6748768472906403,0.3103448275862069,0.49261083743842365,2.725692,6.453914,12.8703,0.016216216216216217,0.7528089887640449,0.7298850574712644,137,63,100
1200,0.84375,0.2604166666666667,0.3177083333333333,104.27548000000002,101.58500042857139,138.9008318095238,0.0,0.9695817490494296,0.9782608695652174,162,50,61,0.6095238095238096,0.638095238095238,0.6285714285714286,10.92260600000001,23.666182842712825,64.88801659595958,0.0,0.0821917808219178,0.782608695652174,64,67,66,0.6650246305418719,0.2955665024630542,0.49261083743842365,2.757465,6.312665,12.841168,0.016483516483516484,0.7333333333333333,0.7455621301775148,135,60,100
1201,0.8177083333333334,0.2552083333333333,0.3177083333333333,110.19802485714287,100.26792257142854,136.42728652380953,0.02857142857142857,0.9770992366412213,0.9617021276595744,157,49,61,0.6095238095238096,0.6190476190476191,0.6190476190476191,10.225618000000011,23.571064721500704,64.83374259595958,0.0,0.10144927536231885,0.782608695652174,64,65,65,0.6847290640394089,0.3054187192118227,0.4827586206896552,2.777737,6.332181,12.823532,0.016129032258064516,0.7864768683274022,0.7470588235294118,139,62,98
1202,0.8229166666666666,0.2552083333333333,0.3177083333333333,106.67160885714287,101.25532685714282,137.7927243809524,0.12,0.9696969696969697,0.957983193277311,158,49,61,0.6285714285714286,0.5904761904761905,0.6190476190476191,10.62762942857144,23.484008751803735,64.75149759595958,0.0,0.13333333333333333,0.782608695652174,66,62,65,0.6896551724137931,0.30049261083743845,0.49261083743842365,2.776008,6.420531,12.846062,0.00546448087431694,0.7509025270758123,0.7514792899408284,140,61,100
1203,0.8385416666666666,0.2604166666666667,0.3020833333333333,103.19399628571429,100.57926357142851,137.27626023809523,0.03333333333333333,0.9803149606299213,0.9736842105263158,161,50,58,0.6285714285714286,0.6095238095238096,0.6095238095238096,10.292545000000011,23.978577226551202,65.11088159595958,0.0,0.10144927536231885,0.782608695652174,66,64,64,0.6650246305418719,0.29064039408866993,0.4827586206896552,2.769131,6.355241,12.841634,0.00558659217877095,0.7302158273381295,0.7672955974842768,135,59,98
1204,0.7864583333333334,0.2552083333333333,0.3020833333333333,104.24326133333334,102.36141514285708,141.61552980952382,0.0,0.9707112970711297,0.9590909090909091,151,49,58,0.6476190476190476,0.6095238095238096,0.6095238095238096,10.606183571428582,23.92960006493504,64.96031159595958,0.0,0.1076923076923077,0.782608695652174,68,64,64,0.645320197044335,0.29064039408866993,0.4827586206896552,2.793397,6.372783,12.867328,0.005847953216374269,0.7443609022556391,0.7569444444444444,131,59,98
1205,0.7708333333333334,0.2552083333333333,0.3072916666666667,104.45451514285713,103.50135371428567,142.46375823809527,0.06060606060606061,0.9789029535864979,0.9766355140186916,148,49,59,0.6666666666666666,0.6285714285714286,0.6095238095238096,10.85856042857144,24.031614206349182,64.92467059595958,0.0,0.10606060606060606,0.782608695652174,70,66,64,0.645320197044335,0.2955665024630542,0.4827586206896552,2.748516,6.475796,12.890255,0.0058823529411764705,0.7470355731225297,0.7569444444444444,131,60,98
1206,0.8020833333333334,0.2604166666666667,0.3072916666666667,108.14406042857144,104.33285871428569,139.74545866666668,0.02857142857142857,0.9629629629629629,0.971830985915493,154,50,59,0.6476190476190476,0.6190476190476191,0.6095238095238096,10.55861700000001,24.081853499278473,65.12758859595958,0.0,0.09523809523809523,0.7659574468085106,68,65,64,0.6403940886699507,0.270935960591133,0.4827586206896552,2.789562,6.46486,12.867332,0.005780346820809248,0.7530364372469636,0.7692307692307693,130,55,98
1207,0.7916666666666666,0.2604166666666667,0.3072916666666667,101.33853490476189,103.3930444285714,137.98514595238092,0.0,0.9754098360655737,0.9722222222222222,152,50,59,0.6571428571428571,0.6095238095238096,0.6,10.63587300000001,24.13934340836938,65.12294859595958,0.0,0.047619047619047616,0.7659574468085106,69,64,63,0.6403940886699507,0.2857142857142857,0.47783251231527096,2.718364,6.462936,12.868962,0.005780346820809248,0.7120622568093385,0.7569444444444444,130,58,97
1208,0.796875,0.2552083333333333,0.3072916666666667,103.16094033333334,102.18620328571424,138.97388052380956,0.0,0.9791666666666666,0.972972972972973,153,49,59,0.6476190476190476,0.5904761904761905,0.6095238095238096,10.444976000000011,24.042753630591605,65.09081559595958,0.0,0.047619047619047616,0.7346938775510204,68,62,64,0.625615763546798,0.29064039408866993,0.4729064039408867,2.736439,6.48384,12.910909,0.005813953488372093,0.7340823970037453,0.7718120805369127,127,59,96
1209,0.7916666666666666,0.2552083333333333,0.3072916666666667,103.87842152380952,100.56623428571426,137.07800495238092,0.0,0.9714285714285714,0.9504504504504504,152,49,59,0.6476190476190476,0.6095238095238096,0.6095238095238096,10.67872000000001,24.121383610389586,65.35132859595959,0.0,0.07462686567164178,0.7346938775510204,68,64,64,0.6108374384236454,0.27586206896551724,0.4827586206896552,2.798544,6.501454,12.887409,0.0058823529411764705,0.7290836653386454,0.7567567567567568,124,56,98
1210,0.8020833333333334,0.2552083333333333,0.3072916666666667,104.30000685714286,100.6193908571428,137.77790266666668,0.0,0.9748953974895398,0.9508928571428571,154,49,59,0.6571428571428571,0.6190476190476191,0.6095238095238096,10.496880000000012,24.00907264069262,65.32697159595958,0.0,0.046153846153846156,0.7551020408163265,69,65,64,0.6206896551724138,0.30049261083743845,0.4876847290640394,2.768217,6.499711,12.897065,0.005780346820809248,0.7269230769230769,0.7777777777777778,126,61,99
1211,0.796875,0.2604166666666667,0.3072916666666667,101.78506047619047,102.45114314285709,135.8912273809524,0.0,0.9621848739495799,0.9720930232558139,153,50,59,0.6571428571428571,0.6285714285714286,0.6,10.42522900000001,23.607000953823928,65.51563059595958,0.0,0.045454545454545456,0.7755102040816326,69,66,63,0.6157635467980296,0.2955665024630542,0.4876847290640394,2.744195,6.5342,12.94054,0.0,0.7450199203187251,0.7945205479452054,125,60,99
1212,0.796875,0.2604166666666667,0.3072916666666667,103.93884490476191,102.10822857142853,135.64898895238093,0.03225806451612903,0.9707112970711297,0.958139534883721,153,50,59,0.638095238095238,0.638095238095238,0.6,10.838109000000012,24.194475610389585,65.59846659595958,0.0,0.03278688524590164,0.7755102040816326,67,67,63,0.6108374384236454,0.2857142857142857,0.4729064039408867,2.789825,6.507732,12.909557,0.0,0.7530864197530864,0.7880794701986755,124,58,96
1213,0.8125,0.2604166666666667,0.296875,105.08547814285716,101.00317428571425,137.77747023809522,0.03125,0.9626556016597511,0.971830985915493,156,50,57,0.6476190476190476,0.6571428571428571,0.6190476190476191,10.50280300000001,23.926625953823926,65.75050259595959,0.0,0.056338028169014086,0.7755102040816326,68,69,65,0.6009852216748769,0.2857142857142857,0.4729064039408867,2.721548,6.579579,12.936967,0.0,0.7817460317460317,0.7908496732026143,122,58,96
1214,0.8229166666666666,0.2604166666666667,0.3072916666666667,99.81498457142857,102.86081685714284,138.29400795238095,0.0,0.983402489626556,0.9675925925925926,158,50,59,0.6285714285714286,0.6190476190476191,0.6190476190476191,11.01711300000001,23.861407862914835,65.85446859595959,0.0,0.09230769230769231,0.7916666666666666,66,65,65,0.5960591133004927,0.2857142857142857,0.4729064039408867,2.770289,6.583217,12.97108,0.0,0.7520661157024794,0.7935483870967742,121,58,96
1215,0.8177083333333334,0.2604166666666667,0.3020833333333333,102.47951261904761,102.17690057142855,139.16563566666667,0.0,0.9714285714285714,0.9765258215962441,157,50,58,0.6285714285714286,0.6476190476190476,0.6285714285714286,10.82084300000001,23.841738347763318,65.82154759595959,0.0,0.06944444444444445,0.7755102040816326,66,68,66,0.5911330049261084,0.2857142857142857,0.46798029556650245,2.744291,6.537132,12.961608,0.0,0.7351778656126482,0.7894736842105263,120,58,95
1216,0.796875,0.2604166666666667,0.3072916666666667,100.72929728571427,101.62551480952378,137.5673643333333,0.0,0.9754098360655737,0.9555555555555556,153,50,59,0.6285714285714286,0.6285714285714286,0.6285714285714286,10.61296400000001,23.762803519480492,65.83240959595958,0.0,0.07692307692307693,0.8085106382978723,66,66,66,0.5911330049261084,0.29064039408866993,0.46798029556650245,2.758573,6.546789,12.961778,0.0,0.7406015037593985,0.7828947368421053,120,59,95
1217,0.796875,0.2604166666666667,0.3020833333333333,100.12363947619046,102.48699952380949,135.7952384285714,0.0,0.9875518672199171,0.9728506787330317,153,50,58,0.6190476190476191,0.6095238095238096,0.6285714285714286,10.487287000000011,24.377626660894627,65.73793059595958,0.0,0.06944444444444445,0.8260869565217391,65,64,66,0.6108374384236454,0.30049261083743845,0.47783251231527096,2.741294,6.545692,12.963595,0.0,0.7380073800738007,0.7756410256410257,124,61,97
1218,0.8229166666666666,0.2604166666666667,0.3072916666666667,101.44793757142857,101.16565704761902,136.04803352380952,0.0,0.987603305785124,0.9724770642201835,158,50,59,0.6285714285714286,0.6285714285714286,0.6190476190476191,10.55158200000001,23.849357479076456,65.77737159595958,0.0,0.07352941176470588,0.7916666666666666,66,66,65,0.6157635467980296,0.28078817733990147,0.4630541871921182,2.726348,6.599187,12.960623,0.0,0.7606177606177607,0.7935483870967742,125,57,94
1219,0.828125,0.2604166666666667,0.3020833333333333,105.60519957142857,99.1541341428571,134.26543114285712,0.0,0.975609756097561,0.9634703196347032,159,50,58,0.6285714285714286,0.6476190476190476,0.6095238095238096,10.506030000000012,23.700463842712814,65.75721659595958,0.0,0.0625,0.8085106382978723,66,68,64,0.6157635467980296,0.2857142857142857,0.4827586206896552,2.774786,6.555512,12.956588,0.0,0.7326007326007326,0.78125,125,58,98
1220,0.8229166666666666,0.2604166666666667,0.296875,98.32972652380954,100.53998414285711,137.98379142857144,0.02702702702702703,0.983739837398374,0.9771689497716894,158,50,57,0.638095238095238,0.6476190476190476,0.6095238095238096,10.79568100000001,23.712866226551203,65.76678559595958,0.0,0.07575757575757576,0.8260869565217391,67,68,64,0.625615763546798,0.2955665024630542,0.4876847290640394,2.790124,6.584203,12.975191,0.0,0.7518796992481203,0.7898089171974523,127,60,99
1221,0.7916666666666666,0.2604166666666667,0.3020833333333333,102.4689800952381,101.50350314285711,136.3906504285714,0.07407407407407407,0.9798387096774194,0.9678899082568807,152,50,58,0.6571428571428571,0.6,0.6,10.599382000000011,23.686730610389585,65.84098059595958,0.0,0.01639344262295082,0.8260869565217391,69,63,63,0.6157635467980296,0.30049261083743845,0.4729064039408867,2.798533,6.596423,12.9787,0.0,0.7452471482889734,0.8076923076923077,125,61,96
1222,0.8385416666666666,0.2604166666666667,0.3020833333333333,103.92357923809526,99.7761331428571,135.71680585714284,0.125,0.9918367346938776,0.9726027397260274,161,50,58,0.6476190476190476,0.5428571428571428,0.6095238095238096,10.698501571428583,23.83886047907645,65.81345659595958,0.0,0.0,0.8085106382978723,68,57,64,0.6157635467980296,0.29064039408866993,0.4729064039408867,2.772647,6.608398,13.005498,0.0,0.7727272727272727,0.8050314465408805,125,59,96
1223,0.7864583333333334,0.2552083333333333,0.3020833333333333,99.21264304761904,101.76169614285712,134.5342578095238,0.09523809523809523,0.9836734693877551,0.9683257918552036,151,49,58,0.6571428571428571,0.6095238095238096,0.6,10.619279000000011,23.820299367965337,65.83812059595958,0.0,0.01639344262295082,0.8260869565217391,69,64,63,0.6157635467980296,0.2955665024630542,0.46798029556650245,2.810686,6.605018,13.037238,0.0,0.7470817120622568,0.8076923076923077,125,60,95
1224,0.8333333333333334,0.2604166666666667,0.3020833333333333,105.13795452380954,100.06962547619044,134.59824661904761,0.06451612903225806,0.9798387096774194,0.9953051643192489,160,50,58,0.6571428571428571,0.638095238095238,0.6095238095238096,10.40372000000001,24.27911729725827,65.71178459595959,0.0,0.046153846153846156,0.7959183673469388,69,67,64,0.6206896551724138,0.2955665024630542,0.46798029556650245,2.719603,6.600874,13.061635,0.0,0.7756653992395437,0.7721518987341772,126,60,95
1225,0.8229166666666666,0.2604166666666667,0.3020833333333333,106.76933352380954,100.66129990476186,133.00728633333333,0.0,0.9878542510121457,0.9592760180995475,158,50,58,0.6571428571428571,0.6190476190476191,0.6095238095238096,10.577920000000011,23.737245569985543,65.80323059595958,0.0,0.029850746268656716,0.8333333333333334,69,65,64,0.6354679802955665,0.3054187192118227,0.4630541871921182,2.838008,6.566185,13.067839,0.0,0.7613636363636364,0.75625,129,62,94
1226,0.8385416666666666,0.2604166666666667,0.3020833333333333,102.76808452380952,100.22640590476185,133.1284768095238,0.038461538461538464,0.9879032258064516,1.0,161,50,58,0.6571428571428571,0.5619047619047619,0.6095238095238096,10.60460400000001,23.555862660894636,65.70693359595958,0.0,0.03636363636363636,0.8085106382978723,69,59,64,0.6354679802955665,0.2955665024630542,0.4630541871921182,2.796389,6.601043,13.072299,0.005747126436781609,0.7730769230769231,0.7547169811320755,129,60,94
1227,0.8177083333333334,0.2604166666666667,0.3020833333333333,103.12201666666667,99.03770361904756,133.8592488095238,0.0,0.9841897233201581,0.9631336405529954,157,50,58,0.6476190476190476,0.5904761904761905,0.6095238095238096,10.284803111111119,24.046453155844134,65.80883459595958,0.0,0.0,0.8444444444444444,68,62,64,0.6354679802955665,0.28078817733990147,0.4630541871921182,2.774853,6.647485,13.088587,0.0,0.7596899224806202,0.7625,129,57,94
1228,0.8229166666666666,0.2604166666666667,0.3020833333333333,103.0149982857143,98.55430028571425,134.49705085714282,0.1,0.9841897233201581,0.9952153110047847,158,50,58,0.6571428571428571,0.6666666666666666,0.6190476190476191,10.74259111111112,23.86453611544009,65.79369059595957,0.0,0.0,0.8636363636363636,69,70,65,0.6502463054187192,0.29064039408866993,0.46798029556650245,2.785084,6.571722,13.085433,0.0,0.7306273062730627,0.7349397590361446,132,59,95
1229,0.828125,0.2604166666666667,0.3020833333333333,104.25231685714284,99.50055866666662,134.31436628571427,0.0,0.9920634920634921,0.9771689497716894,159,50,58,0.6666666666666666,0.6,0.6190476190476191,10.78505042857144,24.016626953823927,65.93738359595959,0.0,0.034482758620689655,0.9047619047619048,70,63,65,0.645320197044335,0.30049261083743845,0.46798029556650245,2.743649,6.56781,13.081463,0.0,0.7631578947368421,0.7911392405063291,131,61,95
1230,0.8385416666666666,0.2552083333333333,0.296875,100.39264109523808,101.70216704761901,134.7998748095238,0.04,0.98046875,0.9953271028037384,161,49,57,0.6571428571428571,0.6190476190476191,0.6190476190476191,10.67856842857144,23.96316145887444,65.88118159595957,0.0,0.057971014492753624,0.8837209302325582,69,65,65,0.645320197044335,0.3054187192118227,0.46798029556650245,2.769643,6.578935,13.091016,0.0,0.7635658914728682,0.810126582278481,131,62,95
1231,0.8333333333333334,0.2604166666666667,0.296875,100.25800047619049,99.94158442857137,135.27629795238093,0.03571428571428571,0.9769230769230769,0.9815668202764977,160,50,57,0.6476190476190476,0.6571428571428571,0.6285714285714286,11.00537342857144,23.820213953823927,65.83338959595959,0.0,0.031746031746031744,0.8780487804878049,68,69,66,0.6551724137931034,0.29064039408866993,0.4630541871921182,2.760879,6.6353,13.068143,0.0,0.7741935483870968,0.81875,133,59,94
1232,0.8333333333333334,0.2604166666666667,0.296875,98.70546485714289,99.91976485714281,135.8432270952381,0.07142857142857142,0.9881889763779528,0.9817351598173516,160,50,57,0.6571428571428571,0.638095238095238,0.6285714285714286,10.657986000000012,24.352569792207767,65.78183659595958,0.0,0.0,0.9024390243902439,69,67,66,0.6502463054187192,0.27586206896551724,0.458128078817734,2.754481,6.611209,13.084439,0.0,0.7538461538461538,0.8269230769230769,132,56,93
1233,0.8125,0.2604166666666667,0.2916666666666667,101.57431176190478,98.06273142857137,135.42145566666665,0.08823529411764706,0.9844357976653697,0.9908675799086758,156,50,56,0.6666666666666666,0.6190476190476191,0.6285714285714286,10.781137000000012,23.48494970129867,65.78183659595958,0.0,0.0,0.95,70,65,66,0.645320197044335,0.2955665024630542,0.46798029556650245,2.745425,6.55018,13.098051,0.005847953216374269,0.7723880597014925,0.8311688311688312,131,60,95
1234,0.828125,0.2552083333333333,0.2916666666666667,102.16154285714285,98.74866295238091,136.14161780952378,0.13333333333333333,0.984251968503937,0.9954337899543378,159,49,56,0.6666666666666666,0.6285714285714286,0.6285714285714286,10.595368000000011,23.649937681096656,65.78183659595958,0.0,0.0,0.9302325581395349,70,66,66,0.6403940886699507,0.2955665024630542,0.4630541871921182,2.836356,6.627844,13.075492,0.005917159763313609,0.788,0.8552631578947368,130,60,94
1235,0.8333333333333334,0.2604166666666667,0.2864583333333333,103.09749552380953,99.43918676190471,134.95017809523807,0.13793103448275862,0.9766536964980544,0.9649122807017544,160,50,55,0.6476190476190476,0.6476190476190476,0.638095238095238,10.444700000000012,23.54180005916303,65.96262859595959,0.0,0.015384615384615385,0.9523809523809523,68,68,67,0.645320197044335,0.2857142857142857,0.46798029556650245,2.774503,6.620152,13.08967,0.011560693641618497,0.7701149425287356,0.8571428571428571,131,58,95
1236,0.8385416666666666,0.2604166666666667,0.2864583333333333,100.60707542857143,97.89157052380949,134.8372768095238,0.14814814814814814,0.98046875,0.9866071428571429,161,50,55,0.6761904761904762,0.6095238095238096,0.638095238095238,10.181363000000012,24.036995428571398,65.96262859595959,0.0,0.01639344262295082,0.975609756097561,71,64,67,0.645320197044335,0.2955665024630542,0.47783251231527096,2.782083,6.539098,13.100844,0.0,0.7584905660377359,0.85,131,60,97
1237,0.8177083333333334,0.25,0.2864583333333333,100.38139004761905,98.78199123809517,136.1214425238095,0.15384615384615385,0.9882352941176471,0.9820627802690582,157,48,55,0.6952380952380952,0.6190476190476191,0.6285714285714286,11.02503442857144,24.022783707070683,65.96262859595959,0.0,0.0,0.975609756097561,73,65,66,0.6403940886699507,0.30049261083743845,0.47783251231527096,2.712325,6.582376,13.096397,0.0,0.789272030651341,0.8414634146341463,130,61,97
1238,0.8177083333333334,0.2552083333333333,0.28125,104.92267257142855,98.97656599999995,136.61344080952378,0.11428571428571428,0.9767441860465116,0.9866071428571429,157,49,54,0.638095238095238,0.6285714285714286,0.6285714285714286,10.666970222222231,24.166241331890305,65.96262859595959,0.0,0.0,0.975609756097561,67,66,66,0.6403940886699507,0.2857142857142857,0.4729064039408867,2.706974,6.664047,13.139153,0.0,0.7769230769230769,0.8343558282208589,130,58,96
1239,0.828125,0.2552083333333333,0.2864583333333333,100.9525467142857,98.7569361428571,134.77426009523805,0.15384615384615385,0.9883720930232558,0.9732142857142857,159,49,55,0.6571428571428571,0.6476190476190476,0.6285714285714286,10.8247608888889,24.451388448773432,65.96262859595959,0.0,0.0,0.975609756097561,69,68,66,0.6403940886699507,0.2857142857142857,0.4827586206896552,2.760881,6.574172,13.106218,0.0,0.75,0.85625,130,58,98
1240,0.828125,0.2552083333333333,0.2864583333333333,104.48577209523809,98.46837209523807,134.79570538095237,0.0967741935483871,0.9727626459143969,0.9823008849557522,159,49,55,0.6571428571428571,0.6095238095238096,0.6285714285714286,10.022750571428583,24.174243525252503,65.96262859595959,0.0,0.0,0.975609756097561,69,64,66,0.6403940886699507,0.2955665024630542,0.4827586206896552,2.797502,6.595011,13.132474,0.0,0.7686567164179104,0.8625,130,60,98
1241,0.8489583333333334,0.2552083333333333,0.2864583333333333,100.38102004761905,102.80650319047615,135.73541552380954,0.0967741935483871,0.9807692307692307,0.9955156950672646,163,49,55,0.6476190476190476,0.6476190476190476,0.6285714285714286,10.235534142857153,24.390223655122632,65.96262859595959,0.0,0.0,1.0,68,68,66,0.6305418719211823,0.2955665024630542,0.4827586206896552,2.747667,6.625414,13.137212,0.0,0.7706766917293233,0.8805031446540881,128,60,98
1242,0.8385416666666666,0.2552083333333333,0.28125,103.5731200952381,102.64480104761901,137.99894138095243,0.07894736842105263,0.9844357976653697,1.0,161,49,54,0.6761904761904762,0.6,0.6285714285714286,11.338297555555567,24.28410306493504,65.96262859595959,0.0,0.015625,1.0,71,63,66,0.6403940886699507,0.29064039408866993,0.4827586206896552,2.834755,6.598332,13.152554,0.0,0.7573529411764706,0.9038461538461539,130,59,98
1243,0.8229166666666666,0.2552083333333333,0.2864583333333333,103.21322776190476,101.38324990476187,134.95659552380948,0.05714285714285714,0.9846153846153847,0.9820627802690582,158,49,55,0.6666666666666666,0.6095238095238096,0.6285714285714286,10.466257111111123,24.475217974025952,65.96262859595959,0.0,0.015625,1.0,70,64,66,0.6403940886699507,0.30049261083743845,0.4827586206896552,2.766526,6.596054,13.157074,0.0,0.7597173144876325,0.9090909090909091,130,61,98
1244,0.8385416666666666,0.2552083333333333,0.2864583333333333,99.76709033333333,100.52968876190474,135.39581495238096,0.17073170731707318,0.9844357976653697,0.9821428571428571,161,49,55,0.6571428571428571,0.6285714285714286,0.6285714285714286,10.841180428571441,24.15733556998554,65.96262859595959,0.0,0.02857142857142857,1.0,69,66,66,0.6403940886699507,0.2955665024630542,0.4827586206896552,2.737762,6.6414,13.158289,0.0,0.7741935483870968,0.9090909090909091,130,60,98
1245,0.8333333333333334,0.25,0.28125,103.54136614285714,99.49646228571426,136.10410066666665,0.058823529411764705,0.9883720930232558,0.9865470852017937,160,48,54,0.6666666666666666,0.638095238095238,0.6285714285714286,10.886194571428582,24.00987551948049,65.96262859595959,0.0,0.05970149253731343,1.0,70,67,66,0.645320197044335,0.29064039408866993,0.4876847290640394,2.686778,6.668419,13.14847,0.0,0.7527272727272727,0.9050632911392406,131,59,99
1246,0.8489583333333334,0.2604166666666667,0.3020833333333333,101.77739357142855,101.23016499999996,138.34694880952384,0.04,0.9618320610687023,0.9778761061946902,163,50,58,0.6476190476190476,0.6761904761904762,0.6285714285714286,10.66689542857144,23.95169706493504,65.96262859595959,0.0,0.08695652173913043,1.0,68,71,66,0.625615763546798,0.29064039408866993,0.49261083743842365,2.687937,6.567507,13.149157,0.0,0.7552447552447552,0.9038461538461539,127,59,100
1247,0.84375,0.2604166666666667,0.3020833333333333,103.04085052380952,101.6846241428571,138.22222852380955,0.07407407407407407,0.9763779527559056,0.9906976744186047,162,50,58,0.638095238095238,0.6666666666666666,0.6285714285714286,10.781191571428582,24.286438862914842,65.96262859595959,0.0,0.1388888888888889,1.0,67,70,66,0.6305418719211823,0.30049261083743845,0.4876847290640394,2.699348,6.610641,13.156766,0.005649717514124294,0.7781818181818182,0.9150326797385621,128,61,99
1248,0.8489583333333334,0.2604166666666667,0.3072916666666667,101.91312057142856,99.49244185714282,139.95481423809525,0.08108108108108109,0.98,0.9642857142857143,163,50,59,0.6571428571428571,0.5904761904761905,0.6285714285714286,10.812951888888898,23.831333590187562,65.96262859595959,0.0,0.14705882352941177,1.0,69,62,66,0.6305418719211823,0.30049261083743845,0.4827586206896552,2.718215,6.593813,13.145702,0.0,0.7862318840579711,0.9050632911392406,128,61,98
1249,0.8385416666666666,0.2604166666666667,0.3072916666666667,98.57320952380951,101.3569794285714,140.19704138095238,0.03125,0.9613899613899614,0.9817351598173516,161,50,59,0.6571428571428571,0.6190476190476191,0.6285714285714286,10.865490000000012,24.370186842712815,65.96262859595959,0.0,0.136986301369863,1.0,69,65,66,0.6305418719211823,0.28078817733990147,0.49261083743842365,2.61614,6.593748,13.153517,0.0,0.775438596491228,0.9281045751633987,128,57,100
1250,0.8645833333333334,0.2604166666666667,0.3020833333333333,101.4876386190476,98.30796028571424,137.68463566666668,0.10344827586206896,0.9501915708812261,0.990909090909091,166,50,58,0.6571428571428571,0.6476190476190476,0.6285714285714286,10.74917900000001,23.798056499278474,66.10566559595958,0.0,0.1038961038961039,1.0,69,68,66,0.625615763546798,0.29064039408866993,0.49261083743842365,2.655369,6.574512,13.170345,0.0,0.7695035460992907,0.9403973509933775,127,59,100
1251,0.8333333333333334,0.2604166666666667,0.3072916666666667,101.3120329047619,98.94518999999995,137.27470823809526,0.03571428571428571,0.9730769230769231,0.9683257918552036,160,50,59,0.6285714285714286,0.6476190476190476,0.6285714285714286,10.91731742857144,23.77617510966809,66.10566559595958,0.0,0.1044776119402985,1.0,66,68,66,0.6354679802955665,0.28078817733990147,0.49261083743842365,2.687842,6.575425,13.168665,0.0,0.782608695652174,0.9281045751633987,129,57,100
1252,0.8541666666666666,0.2604166666666667,0.3020833333333333,103.26686728571428,98.23779271428569,137.57196900000002,0.02631578947368421,0.9883720930232558,0.9954128440366973,164,50,58,0.6190476190476191,0.6857142857142857,0.6285714285714286,10.752980000000012,23.978284953823927,66.10566559595958,0.0,0.09722222222222222,1.0,65,72,66,0.645320197044335,0.29064039408866993,0.49261083743842365,2.686353,6.569635,13.163392,0.0,0.7697841726618705,0.9235668789808917,131,59,100
1253,0.8489583333333334,0.2552083333333333,0.3072916666666667,105.18447023809523,102.23862342857137,137.5360443809524,0.0,0.9619771863117871,0.9774774774774775,163,49,59,0.6571428571428571,0.638095238095238,0.638095238095238,11.08619442857144,23.937226050505025,66.10566559595958,0.0,0.14492753623188406,0.9767441860465116,69,67,67,0.6502463054187192,0.2857142857142857,0.49261083743842365,2.678559,6.58875,13.156926,0.0,0.7921146953405018,0.9294871794871795,132,58,100
1254,0.8541666666666666,0.296875,0.3645833333333333,110.65467752380954,98.90239342857137,138.22224280952386,0.0,0.9444444444444444,0.935064935064935,164,57,70,0.6666666666666666,0.6952380952380952,0.7428571428571429,10.915506571428581,24.18434556998555,66.62548759595958,0.0,0.08333333333333333,0.7843137254901961,70,73,78,0.6798029556650246,0.3645320197044335,0.5320197044334976,2.720043,6.596557,13.200018,0.0,0.7370242214532872,0.9038461538461539,138,74,108
1255,0.8489583333333334,0.3229166666666667,0.3697916666666667,103.67741871428575,102.24072099999997,142.028540952381,0.0,0.9634146341463414,0.9760765550239234,163,62,71,0.6761904761904762,0.6952380952380952,0.7714285714285715,11.33084742857144,24.393397398268377,66.61324477777775,0.0,0.0,0.68,71,73,81,0.6798029556650246,0.3793103448275862,0.5369458128078818,2.684024,6.618977,13.193359,0.0,0.7077464788732394,0.8238993710691824,138,77,109
1256,0.8697916666666666,0.3177083333333333,0.3697916666666667,107.05517733333335,102.90965999999997,141.5775830952381,0.0,0.9790794979079498,0.9759615384615384,167,61,71,0.6666666666666666,0.7047619047619048,0.7619047619047619,10.681655571428582,24.42840327705625,66.67982486868685,0.0,0.0,0.6808510638297872,70,74,80,0.6748768472906403,0.3793103448275862,0.5566502463054187,2.763256,6.613088,13.213702,0.0,0.7137809187279152,0.8012422360248447,137,77,113
1257,0.8697916666666666,0.3177083333333333,0.3697916666666667,103.82862804761908,101.40449185714282,144.07083995238096,0.0,0.9634146341463414,0.9805825242718447,167,61,71,0.6476190476190476,0.6857142857142857,0.7619047619047619,11.17846642857144,24.61686635786434,66.57249205050503,0.0,0.013513513513513514,0.6818181818181818,68,72,80,0.6798029556650246,0.3842364532019704,0.5467980295566502,2.750092,6.606108,13.171005,0.0,0.6964285714285714,0.8050314465408805,138,78,111
1258,0.8385416666666666,0.3229166666666667,0.3697916666666667,105.76075738095237,104.84381585714281,142.82043009523812,0.0,0.9433198380566802,0.9624413145539906,161,62,71,0.638095238095238,0.6952380952380952,0.7523809523809524,10.745745000000012,24.63382838239536,66.60984159595958,0.0,0.024390243902439025,0.6666666666666666,67,73,79,0.6847290640394089,0.39408866995073893,0.5615763546798029,2.704072,6.674452,13.18491,0.0,0.6855123674911661,0.8012422360248447,139,80,114
1259,0.8697916666666666,0.3229166666666667,0.3697916666666667,106.23201438095238,104.3406594285714,142.17909552380956,0.06521739130434782,0.9717741935483871,0.9707317073170731,167,62,71,0.6761904761904762,0.7333333333333333,0.7714285714285715,11.14634242857144,24.799700297258276,66.62579377777776,0.0,0.0125,0.6739130434782609,71,77,81,0.6847290640394089,0.39901477832512317,0.5615763546798029,2.766311,6.665513,13.186721,0.0,0.6898954703832753,0.8280254777070064,139,81,114
1260,0.8802083333333334,0.3177083333333333,0.3697916666666667,104.46536714285715,103.49683299999998,143.19896138095243,0.0,0.9794238683127572,0.9855769230769231,169,61,71,0.7047619047619048,0.7904761904761904,0.7619047619047619,11.103298000000011,24.496130569985542,66.7874333232323,0.0,0.0,0.7021276595744681,74,83,80,0.6896551724137931,0.3891625615763547,0.5665024630541872,2.766416,6.684266,13.198729,0.0,0.697841726618705,0.8289473684210527,140,79,115
1261,0.8489583333333334,0.3229166666666667,0.3697916666666667,111.69492219047619,101.70842385714282,142.626133952381,0.034482758620689655,0.956,0.9671361502347418,163,62,71,0.6952380952380952,0.7428571428571429,0.7619047619047619,10.966950000000011,24.741442832611803,66.9702213232323,0.0,0.0,0.6888888888888889,73,78,80,0.6945812807881774,0.39901477832512317,0.5714285714285714,2.801125,6.694972,13.209931,0.0,0.6985815602836879,0.8581081081081081,141,81,116
1262,0.875,0.3125,0.3697916666666667,106.50324642857142,99.15498599999997,141.57399966666668,0.05405405405405406,0.9753086419753086,0.9711538461538461,168,60,71,0.6952380952380952,0.7238095238095238,0.780952380952381,11.29803300000001,24.47100401442999,66.89678586868685,0.0,0.0,0.58,73,76,82,0.6896551724137931,0.3793103448275862,0.5714285714285714,2.78554,6.748668,13.210935,0.005319148936170213,0.7018181818181818,0.8503401360544217,140,77,116
1263,0.84375,0.3177083333333333,0.3697916666666667,105.66361757142855,102.54479785714283,142.07453995238097,0.0,0.9558232931726908,0.9716981132075472,162,61,71,0.6857142857142857,0.7523809523809524,0.7619047619047619,11.639138000000012,24.69918845887444,66.66661859595958,0.0,0.012658227848101266,0.6428571428571429,72,79,80,0.6995073891625616,0.3694581280788177,0.5763546798029556,2.812153,6.704491,13.212458,0.005291005291005291,0.6725978647686833,0.8581081081081081,142,75,117
1264,0.8541666666666666,0.3177083333333333,0.3697916666666667,104.74431666666666,98.46678499999996,139.71679852380956,0.0,0.9365079365079365,0.9759615384615384,164,61,71,0.6857142857142857,0.7333333333333333,0.7904761904761904,11.408990206349216,24.119359115440098,66.79393832323231,0.0,0.01282051282051282,0.6,72,77,83,0.6798029556650246,0.37438423645320196,0.5763546798029556,2.781517,6.660486,13.206269,0.0,0.6783216783216783,0.8671328671328671,138,76,117
1265,0.8697916666666666,0.3177083333333333,0.3697916666666667,104.44311642857143,103.32102285714282,141.7682716666667,0.0,0.9741379310344828,0.9897959183673469,167,61,71,0.6952380952380952,0.780952380952381,0.780952380952381,11.078223571428582,24.894664818181802,66.62893177777777,0.0,0.038461538461538464,0.5333333333333333,73,82,82,0.6551724137931034,0.39408866995073893,0.5763546798029556,2.799651,6.626472,13.235621,0.0,0.6730038022813688,0.8582677165354331,133,80,117
1266,0.828125,0.3229166666666667,0.3697916666666667,107.18292542857144,99.72641899999998,141.37174938095242,0.0,0.9467213114754098,0.9646464646464646,159,62,71,0.6761904761904762,0.7714285714285715,0.7619047619047619,10.96923900000001,24.78453910966809,67.19561177777776,0.0,0.023255813953488372,0.6222222222222222,71,81,80,0.6502463054187192,0.3891625615763547,0.5763546798029556,2.823141,6.672536,13.214377,0.0,0.7032520325203252,0.8515625,132,79,117
1267,0.8489583333333334,0.3229166666666667,0.3697916666666667,103.93332285714287,100.17088842857139,141.6848283809524,0.0,0.982532751091703,0.9898477157360406,163,62,71,0.6761904761904762,0.7523809523809524,0.780952380952381,11.262576682539693,24.287730341991317,67.16710786868686,0.0,0.013157894736842105,0.5,71,79,82,0.6600985221674877,0.3694581280788177,0.5763546798029556,2.80159,6.65137,13.233234,0.0,0.6772908366533864,0.8740157480314961,134,75,117
1268,0.8489583333333334,0.3229166666666667,0.3697916666666667,102.31614523809525,100.41856071428568,140.05546133333337,0.0,0.9661016949152542,0.98989898989899,163,62,71,0.6857142857142857,0.7238095238095238,0.780952380952381,11.299948111111123,24.488355024531003,67.1891763232323,0.0,0.025,0.5853658536585366,72,76,82,0.6699507389162561,0.3645320197044335,0.5763546798029556,2.821035,6.695369,13.213009,0.010810810810810811,0.6666666666666666,0.8702290076335878,136,74,117
1269,0.8697916666666666,0.3489583333333333,0.4010416666666667,107.5651351904762,100.71392728571425,141.04744723809526,0.02564102564102564,0.9375,0.9556650246305419,167,67,77,0.6857142857142857,0.7142857142857143,0.7904761904761904,11.152215111111124,24.86388512554111,67.24135614141412,0.0,0.012987012987012988,0.5714285714285714,72,75,83,0.6847290640394089,0.41379310344827586,0.5960591133004927,2.850448,6.675167,13.262106,0.010810810810810811,0.6716981132075471,0.8549618320610687,139,84,121
1270,0.8802083333333334,0.3541666666666667,0.4010416666666667,107.2586302857143,103.85427685714284,145.5815946666667,0.075,0.9356223175965666,0.9651741293532339,169,68,77,0.6857142857142857,0.8,0.7714285714285715,11.087811000000011,25.764122236652213,67.12701248484846,0.0,0.0,0.5714285714285714,72,84,81,0.6896551724137931,0.4187192118226601,0.6009852216748769,2.800645,6.863827,13.244024,0.005235602094240838,0.6536964980544747,0.7883211678832117,140,85,122
1271,0.8854166666666666,0.3541666666666667,0.3958333333333333,104.674463,104.37821157142855,145.25865223809527,0.043478260869565216,0.9650655021834061,0.9948717948717949,170,68,76,0.6761904761904762,0.780952380952381,0.7714285714285715,10.57845700000001,25.228647979797962,67.69269621212119,0.0,0.0,0.627906976744186,71,82,81,0.6945812807881774,0.43349753694581283,0.6059113300492611,2.841477,6.811603,13.301303,0.005263157894736842,0.6245353159851301,0.7586206896551724,141,88,123
1272,0.890625,0.3489583333333333,0.4010416666666667,106.47243942857142,103.91042428571424,145.75069838095243,0.11428571428571428,0.9515418502202643,0.9798994974874372,171,67,77,0.6857142857142857,0.7523809523809524,0.7714285714285715,10.970012272727285,24.650512792207774,67.29056403030302,0.0,0.0,0.5,72,79,81,0.7093596059113301,0.42857142857142855,0.6108374384236454,2.840491,6.834562,13.2766,0.010309278350515464,0.6490566037735849,0.7412587412587412,144,87,124
1273,0.875,0.3489583333333333,0.4010416666666667,104.61989366666666,103.54253371428567,142.68740709523814,0.0625,0.9487179487179487,0.98,168,67,77,0.6666666666666666,0.7428571428571429,0.780952380952381,11.330298111111123,25.097077186147164,67.68582305050504,0.0,0.0,0.6,70,78,82,0.6995073891625616,0.45320197044334976,0.6108374384236454,2.914345,6.905607,13.348824,0.010416666666666666,0.6450381679389313,0.7391304347826086,142,92,124
1274,0.875,0.3541666666666667,0.4010416666666667,106.82092138095238,102.23412171428568,143.20624123809526,0.08823529411764706,0.9327731092436975,0.9848484848484849,168,68,77,0.6666666666666666,0.7523809523809524,0.7904761904761904,10.948882272727285,25.060184751803728,67.85471598989898,0.0,0.0,0.5111111111111111,70,79,83,0.6995073891625616,0.43349753694581283,0.6059113300492611,2.854913,6.94118,13.307314,0.005154639175257732,0.6567164179104478,0.7397260273972602,142,88,123
1275,0.8854166666666666,0.3489583333333333,0.4010416666666667,105.54665214285714,106.06159128571426,142.16560609523813,0.04878048780487805,0.9692982456140351,0.9611650485436893,170,67,77,0.6761904761904762,0.7333333333333333,0.780952380952381,11.447101383838392,25.072982252525236,68.10420082828281,0.0,0.0,0.6382978723404256,71,77,82,0.6896551724137931,0.4039408866995074,0.6305418719211823,2.876134,6.85382,13.301432,0.005128205128205128,0.6477272727272727,0.7142857142857143,140,82,128
1276,0.8802083333333334,0.3489583333333333,0.3958333333333333,107.70185933333332,100.6341091428571,141.89155109523813,0.02564102564102564,0.960352422907489,0.9751243781094527,169,67,76,0.6666666666666666,0.780952380952381,0.8,11.43849200000001,25.238643392496375,68.26168464646463,0.0,0.0,0.5686274509803921,70,82,84,0.6896551724137931,0.4236453201970443,0.6354679802955665,2.843849,6.762792,13.325763,0.0051813471502590676,0.6330935251798561,0.7569444444444444,140,86,129
1277,0.8802083333333334,0.3541666666666667,0.4010416666666667,103.13025495238094,103.25701542857138,142.80733623809527,0.0,0.9364406779661016,0.9653465346534653,169,68,77,0.6666666666666666,0.7904761904761904,0.780952380952381,11.062141727272738,24.687140903318884,68.00977707503607,0.0,0.0,0.574468085106383,70,83,82,0.6945812807881774,0.4433497536945813,0.6354679802955665,2.958949,6.793716,13.321788,0.01020408163265306,0.6559139784946236,0.7535211267605634,141,90,129
1278,0.875,0.3541666666666667,0.4010416666666667,109.13301861904762,102.56342299999996,142.39256709523812,0.0,0.9698275862068966,0.9949748743718593,168,68,77,0.6666666666666666,0.7619047619047619,0.7904761904761904,11.47309400000001,24.890328741702724,68.07679480230878,0.0,0.012345679012345678,0.6041666666666666,70,80,83,0.6945812807881774,0.458128078817734,0.6305418719211823,2.885264,6.84244,13.356203,0.005154639175257732,0.6537102473498233,0.7573529411764706,141,93,128
1279,0.9010416666666666,0.3489583333333333,0.4010416666666667,105.56164985714287,100.77996671428564,140.8800376666667,0.0,0.9570815450643777,0.9658536585365853,173,67,77,0.6476190476190476,0.7619047619047619,0.7904761904761904,11.770778727272738,24.747674493506473,67.98020080230879,0.0,0.0,0.6136363636363636,68,80,83,0.6945812807881774,0.43349753694581283,0.6206896551724138,2.813582,6.854102,13.349388,0.005154639175257732,0.6580882352941176,0.7841726618705036,141,88,126
1280,0.9010416666666666,0.34375,0.4010416666666667,108.79918904761904,101.65726799999995,143.3448043809524,0.0,0.9655172413793104,0.98,173,66,77,0.6571428571428571,0.7904761904761904,0.8,11.454792222222231,24.998325868686845,68.03751880230878,0.0,0.0,0.5681818181818182,69,83,84,0.7044334975369458,0.42857142857142855,0.6157635467980296,2.814747,6.830856,13.353846,0.0,0.6529850746268657,0.7737226277372263,143,87,125
1281,0.9010416666666666,0.3489583333333333,0.4010416666666667,104.22072857142857,102.36483185714279,143.263369952381,0.0,0.944206008583691,0.9802955665024631,173,67,77,0.6666666666666666,0.7714285714285715,0.8,11.615848272727284,25.211484458874438,68.26282452958152,0.0,0.0,0.6,70,81,84,0.7044334975369458,0.4187192118226601,0.6354679802955665,2.856465,6.861713,13.339166,0.0,0.6616541353383458,0.7769784172661871,143,85,129
1282,0.8854166666666666,0.3541666666666667,0.4010416666666667,103.00590604761904,104.29643857142854,144.85368152380954,0.0,0.944206008583691,0.9801980198019802,170,68,77,0.6476190476190476,0.780952380952381,0.8,11.624648000000011,24.408617792207774,67.93020880230878,0.0,0.0,0.6136363636363636,68,82,84,0.6896551724137931,0.4187192118226601,0.6305418719211823,2.836748,6.85754,13.379931,0.0,0.640926640926641,0.8222222222222222,140,85,128
1283,0.9010416666666666,0.3541666666666667,0.3958333333333333,107.4729576190476,102.92679571428566,143.27030580952385,0.027777777777777776,0.9826839826839827,0.9615384615384616,173,68,76,0.6571428571428571,0.7904761904761904,0.8095238095238095,11.314956272727285,24.84229936363635,68.37214952958152,0.0,0.0,0.6097560975609756,69,83,85,0.6896551724137931,0.4088669950738916,0.6354679802955665,2.809337,6.85397,13.399338,0.005208333333333333,0.6439393939393939,0.8106060606060606,140,83,129
1284,0.875,0.3541666666666667,0.4010416666666667,105.32725671428574,101.93642857142852,141.88838766666672,0.0,0.944206008583691,0.943127962085308,168,68,77,0.6761904761904762,0.780952380952381,0.8095238095238095,11.365825111111123,25.03004506493505,68.27683334776333,0.0,0.0,0.6,71,82,85,0.6847290640394089,0.4433497536945813,0.6206896551724138,2.851936,6.742637,13.395759,0.0051813471502590676,0.6227106227106227,0.8195488721804511,139,90,126
1285,0.9270833333333334,0.3489583333333333,0.4010416666666667,105.10188342857141,102.3433318571428,144.42868109523812,0.0,0.9656652360515021,0.98,178,67,77,0.6666666666666666,0.7428571428571429,0.819047619047619,11.628122272727284,25.2094905194805,68.42792007503607,0.0,0.0,0.5869565217391305,70,78,86,0.6798029556650246,0.45320197044334976,0.6305418719211823,2.823402,6.758671,13.392288,0.0,0.6691729323308271,0.7714285714285715,138,92,128
1286,0.8958333333333334,0.3489583333333333,0.4010416666666667,103.10564514285711,100.3255158571428,144.0989885238096,0.041666666666666664,0.9527896995708155,0.9704433497536946,172,67,77,0.6666666666666666,0.780952380952381,0.8095238095238095,11.234448000000011,24.811178458874437,68.33857952958152,0.0,0.0,0.5555555555555556,70,82,85,0.6798029556650246,0.43842364532019706,0.6206896551724138,2.888924,6.798485,13.442869,0.0,0.6627450980392157,0.7928571428571428,138,89,126
1287,0.9010416666666666,0.3541666666666667,0.4010416666666667,108.82536319047621,102.41274357142854,142.73927480952386,0.0,0.9527896995708155,0.9852941176470589,173,68,77,0.6666666666666666,0.7904761904761904,0.819047619047619,11.310149000000012,25.1599123217893,68.80549307503607,0.0,0.0,0.5581395348837209,70,83,86,0.6847290640394089,0.4236453201970443,0.6305418719211823,2.900403,6.806744,13.465726,0.0,0.6531365313653137,0.7730496453900709,139,86,128
1288,0.8958333333333334,0.34375,0.4010416666666667,104.08682528571427,102.09102285714279,142.42416909523814,0.0,0.9364406779661016,0.9805825242718447,172,66,77,0.6857142857142857,0.7428571428571429,0.8285714285714286,11.5540238888889,24.771711903318884,68.63123380230878,0.0,0.0,0.5348837209302325,72,78,87,0.6995073891625616,0.42857142857142855,0.6354679802955665,2.894391,6.828822,13.441687,0.005025125628140704,0.6630434782608695,0.7708333333333334,142,87,129
1289,0.890625,0.3489583333333333,0.4010416666666667,105.19609909523811,101.58964742857138,142.13440428571434,0.0,0.9649122807017544,0.9712918660287081,171,67,77,0.6857142857142857,0.7714285714285715,0.8380952380952381,11.524553000000012,24.938719948051926,68.74092834776333,0.0,0.0,0.4583333333333333,72,81,88,0.7044334975369458,0.43842364532019706,0.6305418719211823,2.793975,6.806781,13.45836,0.0,0.6490566037735849,0.8045112781954887,143,89,128
1290,0.9010416666666666,0.3489583333333333,0.4010416666666667,108.0934374285714,99.88651399999995,142.84351280952384,0.0,0.9698275862068966,0.9715639810426541,173,67,77,0.6857142857142857,0.7619047619047619,0.8380952380952381,11.57697400000001,24.947490868686845,68.45587507503606,0.0,0.0,0.4888888888888889,72,80,88,0.6896551724137931,0.4433497536945813,0.6305418719211823,2.864018,6.85602,13.502486,0.0,0.6715867158671587,0.7883211678832117,140,90,128
1291,0.9010416666666666,0.3541666666666667,0.4010416666666667,105.74933971428571,101.41714728571422,141.4337280952381,0.0,0.9375,0.9764150943396226,173,68,77,0.6761904761904762,0.7333333333333333,0.8095238095238095,10.96907800000001,24.639878265512248,68.58341125685423,0.0,0.0,0.6046511627906976,71,77,85,0.7044334975369458,0.41379310344827586,0.625615763546798,2.860688,6.856911,13.453715,0.0,0.6730769230769231,0.7553956834532374,143,84,127
1292,0.90625,0.3541666666666667,0.3958333333333333,104.47271242857143,106.99329157142854,143.12242495238095,0.03225806451612903,0.9570815450643777,0.9766355140186916,174,68,76,0.6761904761904762,0.7619047619047619,0.819047619047619,11.435147000000011,24.788954681096662,68.55498734776333,0.0,0.0,0.47058823529411764,71,80,86,0.7044334975369458,0.4236453201970443,0.6354679802955665,2.829158,6.841048,13.401377,0.0,0.6703296703296703,0.7448275862068966,143,86,129
1293,0.9114583333333334,0.3541666666666667,0.4010416666666667,110.3369708571429,107.47003428571426,145.12965566666668,0.0,0.9456066945606695,0.966824644549763,175,68,77,0.6571428571428571,0.7714285714285715,0.8380952380952381,11.65400700000001,25.05733236363634,69.32595925685423,0.0,0.0,0.5208333333333334,69,81,88,0.6995073891625616,0.43349753694581283,0.6354679802955665,2.86651,6.925544,13.432932,0.0,0.6789667896678967,0.7894736842105263,142,88,129
1294,0.8854166666666666,0.3541666666666667,0.3958333333333333,105.07928876190479,104.98204157142852,145.54737252380954,0.0,0.9656652360515021,0.9720930232558139,170,68,76,0.6571428571428571,0.7333333333333333,0.8285714285714286,11.042159111111124,25.15550935786434,68.65411025685424,0.0,0.0,0.4666666666666667,69,77,87,0.7241379310344828,0.43349753694581283,0.6305418719211823,2.865634,6.886131,13.432902,0.0,0.6631205673758865,0.7686567164179104,147,88,128
1295,0.921875,0.3541666666666667,0.4010416666666667,107.99428152380956,101.66033971428568,142.39346580952383,0.030303030303030304,0.9467213114754098,0.9539170506912442,177,68,77,0.6571428571428571,0.7333333333333333,0.8285714285714286,11.093817000000012,25.522078953823936,69.01773780230879,0.0,0.0,0.38095238095238093,69,77,87,0.7241379310344828,0.43842364532019706,0.6403940886699507,2.826114,6.909092,13.452952,0.0,0.6836363636363636,0.7608695652173914,147,89,130
1296,0.921875,0.3541666666666667,0.4010416666666667,107.37905633333335,101.61437657142854,142.930666952381,0.0,0.9623430962343096,0.9761904761904762,177,68,77,0.6666666666666666,0.7142857142857143,0.8380952380952381,11.457107000000011,24.86975068109666,68.75329652958152,0.0,0.0,0.4666666666666667,70,75,88,0.729064039408867,0.4433497536945813,0.6305418719211823,2.823225,6.957625,13.37415,0.0,0.6593406593406593,0.7801418439716312,148,90,128
1297,0.9114583333333334,0.3541666666666667,0.390625,108.12245728571432,98.59463671428568,145.50279852380956,0.044444444444444446,0.926530612244898,0.9579439252336449,175,68,75,0.6666666666666666,0.7333333333333333,0.819047619047619,12.019828000000011,25.42129007503605,68.93054807503606,0.0,0.0,0.5227272727272727,70,77,86,0.7339901477832512,0.43842364532019706,0.6354679802955665,2.757441,6.928386,13.417495,0.0,0.6729323308270677,0.7686567164179104,149,89,129
1298,0.9270833333333334,0.3489583333333333,0.4010416666666667,109.88286100000002,101.59069971428569,143.93989023809524,0.02631578947368421,0.9705882352941176,0.9710144927536232,178,67,77,0.6761904761904762,0.7619047619047619,0.8285714285714286,11.549284222222232,25.37014087734486,69.24138352958151,0.0,0.0,0.6,71,80,87,0.7339901477832512,0.43349753694581283,0.645320197044335,2.795409,6.964753,13.410395,0.0,0.6727272727272727,0.75,149,88,131
1299,0.921875,0.34375,0.4010416666666667,106.58992947619048,98.89757285714282,144.424337952381,0.05128205128205128,0.9497907949790795,0.9626168224299065,177,66,77,0.6571428571428571,0.7523809523809524,0.8476190476190476,11.857917666666676,25.22926356998555,68.99537452958151,0.0,0.0,0.4318181818181818,69,79,89,0.7389162561576355,0.45320197044334976,0.6403940886699507,2.781708,7.020998,13.475342,0.0,0.6788321167883211,0.7573529411764706,150,92,130
1300,0.9270833333333334,0.3541666666666667,0.4010416666666667,109.84896857142863,103.4465934285714,143.52946980952382,0.07692307692307693,0.9243027888446215,0.966824644549763,178,68,77,0.6666666666666666,0.7238095238095238,0.8285714285714286,11.392027000000011,24.851710564213548,69.15693425685424,0.0,0.0,0.4473684210526316,70,76,87,0.729064039408867,0.4482758620689655,0.6305418719211823,2.812353,7.059851,13.455669,0.0,0.6804511278195489,0.762589928057554,148,91,128
1301,0.9322916666666666,0.3489583333333333,0.3958333333333333,106.0502727619048,108.54840471428568,144.9173830952381,0.03333333333333333,0.9741379310344828,0.9766355140186916,179,67,76,0.6761904761904762,0.7142857142857143,0.8476190476190476,11.811923222222232,24.84139140836939,69.23159807503606,0.0,0.0,0.4897959183673469,71,75,89,0.7241379310344828,0.45320197044334976,0.645320197044335,2.868561,7.083813,13.419871,0.0,0.6928838951310862,0.7446808510638298,147,92,131
1302,0.9427083333333334,0.34375,0.4010416666666667,107.6010231904762,106.39544114285712,143.4909966666667,0.0,0.9539748953974896,0.9539170506912442,181,66,77,0.6761904761904762,0.7333333333333333,0.8476190476190476,12.066663888888899,25.04830225252523,69.20346252958151,0.0,0.0,0.5121951219512195,71,77,89,0.7241379310344828,0.4433497536945813,0.6403940886699507,2.824732,7.104873,13.437268,0.0,0.6770428015564203,0.7586206896551724,147,90,130
1303,0.90625,0.3541666666666667,0.4010416666666667,108.69851147619053,103.26525571428566,143.76161538095238,0.0,0.9311740890688259,0.9461883408071748,174,68,77,0.6571428571428571,0.7714285714285715,0.8476190476190476,11.645649000000011,24.933268271284255,69.10380952958151,0.0,0.0,0.525,69,81,89,0.7241379310344828,0.4482758620689655,0.6502463054187192,2.836793,7.16323,13.450644,0.0,0.6742424242424242,0.7394366197183099,147,91,132
1304,0.9166666666666666,0.3489583333333333,0.4010416666666667,109.38605990476195,105.18475214285709,145.6429413809524,0.0,0.9704641350210971,0.9723502304147466,176,67,77,0.6476190476190476,0.7619047619047619,0.8095238095238095,12.085907000000011,25.05919586868685,69.34255180230878,0.0,0.0,0.5384615384615384,68,80,85,0.7192118226600985,0.458128078817734,0.6354679802955665,2.820683,7.115495,13.455387,0.0,0.6863468634686347,0.75177304964539,146,93,129
1305,0.9322916666666666,0.3229166666666667,0.3229166666666667,107.73816661904765,74.77647509523803,112.26518885714286,0.023809523809523808,0.9523809523809523,0.9646464646464646,179,62,62,0.6476190476190476,0.7142857142857143,0.6476190476190476,11.9654048888889,16.449978653679636,51.79812584271282,0.0,0.0,0.4146341463414634,68,75,68,0.7142857142857143,0.35960591133004927,0.5270935960591133,2.77356,4.532614,10.155584,0.0,0.6867469879518072,0.7045454545454546,145,73,107
1306,0.921875,0.328125,0.3229166666666667,104.32091685714285,73.01490609523805,109.8041991428571,0.0,0.92,0.9586206896551724,177,63,62,0.638095238095238,0.7238095238095238,0.638095238095238,12.016028777777787,16.421871142857125,51.57095184271282,0.0,0.0,0.2,67,76,67,0.7142857142857143,0.3399014778325123,0.5320197044334976,2.875208,4.524622,10.119139,0.0,0.6853448275862069,0.6666666666666666,145,69,108
1307,0.90625,0.328125,0.3229166666666667,106.36254261904763,73.4487209523809,111.15383214285714,0.0,0.9292929292929293,0.9791666666666666,174,63,62,0.6571428571428571,0.7142857142857143,0.638095238095238,11.76282342857144,16.569441875901862,51.79877684271282,0.0,0.0,0.26666666666666666,69,75,67,0.7192118226600985,0.35960591133004927,0.5073891625615764,2.873981,4.572477,10.123751,0.0,0.6739130434782609,0.6582278481012658,146,73,103
1308,0.921875,0.328125,0.3229166666666667,105.31585495238097,74.36814080952377,114.33590342857143,0.0,0.9393939393939394,0.96,177,63,62,0.6571428571428571,0.7523809523809524,0.638095238095238,11.976551000000011,16.878934148629124,51.71510884271282,0.0,0.010869565217391304,0.2222222222222222,69,79,67,0.7142857142857143,0.32019704433497537,0.5123152709359606,2.856741,4.532299,10.136955,0.0,0.7172131147540983,0.6296296296296297,145,65,104
1309,0.9166666666666666,0.328125,0.3177083333333333,111.98957957142859,76.8095972380952,110.59231085714286,0.0,0.9343434343434344,0.9671052631578947,176,63,61,0.6666666666666666,0.6952380952380952,0.638095238095238,12.41007011111112,16.34953025974024,51.93269584271282,0.0,0.023809523809523808,0.25,70,73,67,0.7241379310344828,0.32019704433497537,0.5073891625615764,2.817334,4.575476,10.148523,0.0,0.7310924369747899,0.65,147,65,103
1310,0.921875,0.328125,0.3125,107.3273462857143,75.31922423809519,110.5110012857143,0.06666666666666667,0.9540816326530612,0.9607843137254902,177,63,60,0.6571428571428571,0.7047619047619048,0.6476190476190476,12.186770777777788,16.158441376623358,51.90483884271282,0.0,0.03409090909090909,0.2857142857142857,69,74,68,0.7192118226600985,0.3251231527093596,0.5024630541871922,2.786522,4.582832,10.157336,0.005076142131979695,0.7172131147540983,0.6835443037974683,146,66,102
1311,0.90625,0.328125,0.3125,107.9195182857143,77.65641023809519,110.32276057142856,0.027777777777777776,0.9489795918367347,0.9738562091503268,174,63,60,0.6761904761904762,0.7047619047619048,0.6666666666666666,11.53402200000001,16.445429304473283,51.83938684271282,0.0,0.04938271604938271,0.26666666666666666,71,74,70,0.7142857142857143,0.2857142857142857,0.5024630541871922,2.83524,4.60383,10.126129,0.005076142131979695,0.751004016064257,0.691358024691358,145,58,102
1312,0.9270833333333334,0.3229166666666667,0.3125,103.20171928571429,76.90684666666661,111.52827485714283,0.05714285714285714,0.9791666666666666,0.987012987012987,178,62,60,0.6952380952380952,0.7238095238095238,0.6571428571428571,11.80574111111112,16.67238242712841,51.85082984271282,0.0,0.011494252873563218,0.3076923076923077,73,76,69,0.7192118226600985,0.30049261083743845,0.4975369458128079,2.792392,4.560124,10.177487,0.0,0.757085020242915,0.7215189873417721,146,61,101
1313,0.90625,0.328125,0.3072916666666667,107.67573866666669,101.02929071428571,142.55379823809528,0.0,0.9313725490196079,0.975609756097561,174,63,59,0.6952380952380952,0.7238095238095238,0.7238095238095238,12.138231000000012,25.354445135642116,69.29608180230878,0.0,0.019230769230769232,0.3333333333333333,73,76,76,0.7339901477832512,0.30049261083743845,0.4975369458128079,2.868641,7.213591,13.453913,0.0,0.7704280155642024,0.7362637362637363,149,61,101
1314,0.921875,0.328125,0.3125,110.79260576190477,104.23179014285711,142.98659980952382,0.0,0.9620853080568721,0.9690721649484536,177,63,60,0.7142857142857143,0.7142857142857143,0.7333333333333333,11.711090000000011,26.323462655122633,69.40959380230878,0.0,0.05434782608695652,0.75,75,75,77,0.7339901477832512,0.2857142857142857,0.4975369458128079,2.83335,7.1888,13.466621,0.0,0.79182156133829,0.8359375,149,58,101
1315,0.90625,0.3177083333333333,0.3125,108.95627838095241,103.77497871428567,141.1593543809524,0.0,0.9424778761061947,0.9903846153846154,174,61,60,0.7142857142857143,0.6952380952380952,0.7428571428571429,11.913254111111119,26.11564554401152,69.57914680230878,0.0,0.044444444444444446,0.9705882352941176,75,73,78,0.7389162561576355,0.28078817733990147,0.49261083743842365,2.824161,7.21409,13.469971,0.0,0.8068965517241379,0.8471337579617835,150,57,100
1316,0.9166666666666666,0.3229166666666667,0.3125,107.17180971428574,102.48609880952375,141.609236952381,0.0,0.9462809917355371,0.979253112033195,176,62,60,0.6952380952380952,0.7142857142857143,0.7333333333333333,12.234198222222231,25.7175455194805,69.57914680230878,0.0,0.07058823529411765,1.0,73,75,77,0.7389162561576355,0.2955665024630542,0.4975369458128079,2.814764,7.23631,13.437934,0.0,0.8106312292358804,0.8743169398907104,150,60,101
1317,0.8697916666666666,0.328125,0.3125,106.90677333333338,104.68332485714285,142.0091013809524,0.0,0.9518072289156626,0.9765625,167,63,60,0.6857142857142857,0.6857142857142857,0.7428571428571429,11.37711500000001,26.18496956998555,69.57914680230878,0.0,0.04878048780487805,0.9787234042553191,72,72,78,0.7339901477832512,0.30049261083743845,0.4975369458128079,2.81412,7.219208,13.480333,0.0,0.8256578947368421,0.8842105263157894,149,61,101
1318,0.90625,0.328125,0.3125,109.41228823809527,103.0485411428571,143.21054680952383,0.0,0.9591836734693877,0.9689922480620154,174,63,60,0.7047619047619048,0.7142857142857143,0.7428571428571429,11.9865768888889,26.11447008369405,69.57914680230878,0.0,0.03529411764705882,1.0,74,75,78,0.7192118226600985,0.2955665024630542,0.49261083743842365,2.803515,7.260958,13.458756,0.0,0.8543046357615894,0.8802083333333334,146,60,100
1319,0.9114583333333334,0.328125,0.3125,108.18234833333335,100.97183699999997,144.71008423809525,0.0,0.9518072289156626,0.9960159362549801,175,63,60,0.6952380952380952,0.780952380952381,0.7428571428571429,11.903869000000011,25.56966718181816,69.57914680230878,0.0,0.043010752688172046,1.0,73,82,78,0.729064039408867,0.30049261083743845,0.4975369458128079,2.733153,7.228699,13.450784,0.0,0.8571428571428571,0.8917525773195877,148,61,101
1320,0.9166666666666666,0.3229166666666667,0.3125,106.50640147619049,105.11227385714284,143.54293080952382,0.0,0.9629629629629629,0.9803149606299213,176,62,60,0.7142857142857143,0.7523809523809524,0.7333333333333333,12.39150111111112,25.608187024531002,69.57914680230878,0.0,0.08045977011494253,1.0,75,79,77,0.7192118226600985,0.28078817733990147,0.4975369458128079,2.812356,7.227834,13.481535,0.0,0.864406779661017,0.8795811518324608,146,57,101
1321,0.90625,0.328125,0.3125,108.17601233333333,107.55735057142856,143.708167952381,0.0,0.9397590361445783,0.9766536964980544,174,63,60,0.7142857142857143,0.7142857142857143,0.7333333333333333,11.940096000000011,25.291197842712823,69.57914680230878,0.0,0.047619047619047616,1.0,75,75,77,0.7142857142857143,0.30049261083743845,0.4975369458128079,2.761017,7.279986,13.522099,0.0,0.8576271186440678,0.8848167539267016,145,61,101
1322,0.90625,0.328125,0.3125,105.517877,106.14682028571427,146.3921486666667,0.02857142857142857,0.9681274900398407,0.984313725490196,174,63,60,0.7047619047619048,0.7523809523809524,0.7238095238095238,11.9083478888889,25.380216297258276,69.57914680230878,0.0,0.07865168539325842,1.0,74,79,76,0.7142857142857143,0.2955665024630542,0.4975369458128079,2.842835,7.264532,13.517685,0.0,0.8715277777777778,0.8865979381443299,145,60,101
1323,0.875,0.3229166666666667,0.3125,104.22688480952384,105.78341328571426,146.34540680952384,0.0,0.9448818897637795,0.9921259842519685,168,62,60,0.6952380952380952,0.7714285714285715,0.7238095238095238,11.725001000000011,25.506805948051927,69.57914680230878,0.0,0.07058823529411765,1.0,73,81,76,0.7192118226600985,0.2955665024630542,0.4876847290640394,2.857065,7.253326,13.465644,0.0,0.8943661971830986,0.8871794871794871,146,60,99
1324,0.8854166666666666,0.328125,0.3125,107.3027646666667,104.11349342857139,144.64860780952387,0.0,0.9488188976377953,0.9768339768339769,170,63,60,0.7047619047619048,0.7619047619047619,0.7238095238095238,11.817267000000012,25.821105115440098,69.57914680230878,0.0,0.024691358024691357,1.0,74,80,76,0.7339901477832512,0.29064039408866993,0.49261083743842365,2.868117,7.278312,13.4889,0.0,0.8978102189781022,0.8814432989690721,149,59,100
1325,0.90625,0.328125,0.3125,106.10934476190478,103.42797214285709,142.6293946666667,0.0,0.9711934156378601,0.984375,174,63,60,0.7142857142857143,0.7523809523809524,0.7238095238095238,11.76077742857144,25.630667004328984,69.57914680230878,0.0,0.03409090909090909,1.0,75,79,76,0.7241379310344828,0.30049261083743845,0.4975369458128079,2.882162,7.243028,13.470811,0.0,0.8745762711864407,0.8928571428571429,147,61,101
1326,0.8854166666666666,0.328125,0.3125,110.14827323809526,102.2299018571428,143.213976952381,0.0,0.9714285714285714,0.9840637450199203,170,63,60,0.7142857142857143,0.7238095238095238,0.7238095238095238,11.74755500000001,25.28030395815293,69.57914680230878,0.0,0.02531645569620253,1.0,75,76,76,0.7093596059113301,0.29064039408866993,0.5024630541871922,2.856776,7.234897,13.464058,0.0,0.8797250859106529,0.8969072164948454,144,59,102
1327,0.8697916666666666,0.328125,0.3125,107.17048357142859,105.07579957142855,143.64143280952385,0.0625,0.9407114624505929,0.9764705882352941,167,63,60,0.7238095238095238,0.7428571428571429,0.7238095238095238,11.534204000000011,25.57465240836939,69.57914680230878,0.0,0.012658227848101266,1.0,76,78,76,0.7044334975369458,0.2955665024630542,0.4975369458128079,2.73866,7.242202,13.451826,0.0,0.8697183098591549,0.9095744680851063,143,60,101
1328,0.90625,0.3177083333333333,0.3125,107.46493742857142,108.23005357142854,143.7979376666667,0.03125,0.9551020408163265,0.9682539682539683,174,61,60,0.7142857142857143,0.7619047619047619,0.7238095238095238,11.382799000000011,25.698196660894634,69.57914680230878,0.0,0.023255813953488372,1.0,75,80,76,0.6847290640394089,0.2857142857142857,0.5024630541871922,2.764444,7.197075,13.458894,0.0,0.8732876712328768,0.900523560209424,139,58,102
1329,0.90625,0.3229166666666667,0.3125,109.00065400000004,106.3867141428571,143.17022709523815,0.02631578947368421,0.9591836734693877,0.984,174,62,60,0.7333333333333333,0.7428571428571429,0.7238095238095238,11.535645000000011,24.989696135642117,69.57914680230878,0.0,0.012658227848101266,1.0,77,78,76,0.6798029556650246,0.2955665024630542,0.5024630541871922,2.840359,7.191716,13.457305,0.0,0.8546712802768166,0.9047619047619048,138,60,102
1330,0.8958333333333334,0.328125,0.3125,108.00395961904765,106.76518728571426,144.24322709523815,0.0,0.9471544715447154,0.9919028340080972,172,63,60,0.7523809523809524,0.7523809523809524,0.7238095238095238,11.116276000000012,25.154385075036053,69.57914680230878,0.0,0.012658227848101266,1.0,79,79,76,0.6847290640394089,0.2955665024630542,0.5073891625615764,2.833022,7.21497,13.45815,0.0,0.8571428571428571,0.9095744680851063,139,60,103
1331,0.9114583333333334,0.328125,0.3125,106.10165576190477,107.21519242857137,143.25662652380956,0.0,0.9704641350210971,0.984,175,63,60,0.7428571428571429,0.7333333333333333,0.7238095238095238,11.03271200000001,25.283323408369387,69.57914680230878,0.0,0.02564102564102564,1.0,78,77,76,0.6798029556650246,0.2955665024630542,0.5024630541871922,2.802647,7.213401,13.438971,0.0,0.852233676975945,0.9148936170212766,138,60,102
1332,0.9166666666666666,0.3229166666666667,0.3072916666666667,105.70884533333336,106.55377871428568,143.07691052380954,0.0,0.9551020408163265,0.9839357429718876,176,62,59,0.7333333333333333,0.7619047619047619,0.7142857142857143,11.38581542857144,25.313146014429996,69.57914680230878,0.0,0.036585365853658534,1.0,77,80,75,0.6748768472906403,0.29064039408866993,0.5024630541871922,2.799153,7.224281,13.470329,0.0,0.8714285714285714,0.9144385026737968,137,59,102
1333,0.921875,0.328125,0.3125,107.90672642857145,104.0552378571428,144.1479176666667,0.041666666666666664,0.9375,0.9840637450199203,177,63,60,0.7333333333333333,0.7428571428571429,0.7142857142857143,11.09021100000001,25.42221175180373,69.57914680230878,0.0,0.01282051282051282,1.0,77,78,75,0.6847290640394089,0.30049261083743845,0.5024630541871922,2.850048,7.193673,13.469137,0.0,0.8767605633802817,0.91005291005291,139,61,102
1334,0.8958333333333334,0.3229166666666667,0.3125,105.50331595238097,103.72583842857142,143.58311438095242,0.0,0.9631147540983607,0.9919028340080972,172,62,60,0.7238095238095238,0.7333333333333333,0.7142857142857143,11.735215571428583,24.953478357864338,69.57914680230878,0.0,0.02631578947368421,1.0,76,77,75,0.6699507389162561,0.3054187192118227,0.5024630541871922,2.816659,7.216186,13.470503,0.0,0.8768115942028986,0.9,136,62,102
1335,0.9010416666666666,0.328125,0.3125,104.40134809523813,105.66599457142857,142.34016823809526,0.0,0.963265306122449,0.9800796812749004,173,63,60,0.7142857142857143,0.7619047619047619,0.7142857142857143,11.572351000000012,25.00502849927848,69.57914680230878,0.0,0.011764705882352941,1.0,75,80,75,0.6699507389162561,0.29064039408866993,0.4975369458128079,2.846963,7.200785,13.454791,0.0,0.8825622775800712,0.9095744680851063,136,59,101
1336,0.921875,0.3229166666666667,0.3125,108.71788280952383,105.72481385714283,145.29053852380954,0.0,0.9477911646586346,0.979757085020243,177,62,60,0.7142857142857143,0.7333333333333333,0.7142857142857143,11.44332200000001,24.805426903318885,69.57914680230878,0.0,0.013513513513513514,1.0,75,77,75,0.6847290640394089,0.2857142857142857,0.5024630541871922,2.849896,7.19498,13.448127,0.0,0.8754448398576512,0.9047619047619048,139,58,102
1337,0.8854166666666666,0.3229166666666667,0.3125,104.21990361904763,107.32489571428569,146.25136680952386,0.0,0.9629629629629629,0.968,170,62,60,0.7142857142857143,0.7523809523809524,0.7047619047619048,11.542899000000011,25.101134297258277,69.57914680230878,0.0,0.02631578947368421,1.0,75,79,74,0.6748768472906403,0.3054187192118227,0.4975369458128079,2.826306,7.224695,13.457642,0.0,0.8607142857142858,0.898936170212766,137,62,101
1338,0.9114583333333334,0.328125,0.3125,106.59250504761907,107.37187714285712,146.69850866666673,0.0,0.9435483870967742,0.9918032786885246,175,63,60,0.7142857142857143,0.780952380952381,0.7047619047619048,11.80469100000001,25.49042456998555,69.57914680230878,0.0,0.013333333333333334,1.0,75,82,74,0.6748768472906403,0.30049261083743845,0.49261083743842365,2.826366,7.164056,13.461399,0.0,0.8781362007168458,0.9037433155080213,137,61,100
1339,0.8854166666666666,0.3229166666666667,0.3125,106.24065123809523,109.52491671428564,143.82447066666668,0.0,0.9665271966527197,0.9877551020408163,170,62,60,0.7238095238095238,0.7619047619047619,0.7047619047619048,11.82245200000001,25.188135458874438,69.57914680230878,0.0,0.012987012987012988,1.0,76,80,74,0.6847290640394089,0.2955665024630542,0.4975369458128079,2.856102,7.169284,13.493163,0.0,0.8070953436807096,0.7019498607242339,139,60,101
1340,0.8802083333333334,0.3229166666666667,0.3125,105.42249009523813,108.03113014285711,142.3487066666667,0.0,0.9752066115702479,0.9835390946502057,169,62,60,0.7142857142857143,0.7714285714285715,0.7047619047619048,11.537569000000012,25.081109948051925,69.57914680230878,0.0,0.012987012987012988,1.0,75,81,74,0.6847290640394089,0.2857142857142857,0.49261083743842365,2.722789,7.182435,13.549229,0.0,0.8361774744027304,0.9027027027027027,139,58,100
1341,0.8697916666666666,0.3229166666666667,0.3125,109.03199728571428,107.28513114285707,141.85619438095242,0.0,0.9435483870967742,0.9794238683127572,167,62,60,0.7142857142857143,0.7619047619047619,0.7047619047619048,11.55394942857144,25.592141630591613,69.57914680230878,0.0,0.02631578947368421,1.0,75,80,74,0.6748768472906403,0.30049261083743845,0.4827586206896552,2.805281,7.11507,13.501017,0.0,0.8104575163398693,0.8808290155440415,137,61,98
1342,0.890625,0.328125,0.3125,104.9162032857143,108.94088514285707,141.60040909523812,0.0,0.9471544715447154,0.9794238683127572,171,63,60,0.7142857142857143,0.7047619047619048,0.7047619047619048,11.516573000000012,25.518486135642114,69.57914680230878,0.0,0.02631578947368421,1.0,75,74,74,0.6699507389162561,0.3054187192118227,0.47783251231527096,2.724932,7.171141,13.502835,0.0,0.8442906574394463,0.8969072164948454,136,62,97
1343,0.9010416666666666,0.328125,0.3125,102.54459509523811,109.18261471428569,140.27736995238098,0.0,0.9545454545454546,0.9878048780487805,173,63,60,0.6857142857142857,0.7714285714285715,0.6952380952380952,11.430208000000011,25.488277499278475,69.57914680230878,0.0,0.03529411764705882,1.0,72,81,73,0.6699507389162561,0.2857142857142857,0.4729064039408867,2.714475,7.164692,13.51883,0.0,0.8487972508591065,0.8877005347593583,136,58,96
1344,0.8958333333333334,0.328125,0.3125,104.37827028571431,110.36477557142854,140.38151952380952,0.0,0.9487179487179487,0.983402489626556,172,63,60,0.6476190476190476,0.7428571428571429,0.6952380952380952,11.638923111111119,24.978827903318887,69.57914680230878,0.0,0.0,1.0,68,78,73,0.6847290640394089,0.29064039408866993,0.46798029556650245,2.770615,7.127733,13.51777,0.0,0.8211920529801324,0.8829787234042553,139,59,95
1345,0.859375,0.328125,0.3125,106.39287780952381,109.29953385714283,143.04892223809526,0.0,0.9531914893617022,0.983402489626556,165,63,60,0.6571428571428571,0.7619047619047619,0.6952380952380952,11.773201111111119,25.45111101442999,69.57914680230878,0.0,0.013513513513513514,1.0,69,80,73,0.6896551724137931,0.30049261083743845,0.4729064039408867,2.793471,7.12913,13.524419,0.0,0.8108108108108109,0.8842105263157894,140,61,96
1346,0.8802083333333334,0.328125,0.3125,106.22389757142858,109.78943728571423,142.9341666666667,0.0,0.961038961038961,0.966804979253112,169,63,60,0.6666666666666666,0.7333333333333333,0.6952380952380952,11.190464000000011,25.462580408369387,69.57914680230878,0.0,0.0,1.0,70,77,73,0.6798029556650246,0.2857142857142857,0.4729064039408867,2.751037,7.10435,13.543484,0.0,0.8169491525423729,0.8823529411764706,138,58,96
1347,0.9010416666666666,0.328125,0.3125,107.79891061904766,109.60209785714282,145.41682852380956,0.0,0.9529914529914529,0.979253112033195,173,63,60,0.6857142857142857,0.7333333333333333,0.6952380952380952,11.8533268888889,24.99469536363635,69.57914680230878,0.0,0.0,1.0,72,77,73,0.6798029556650246,0.27586206896551724,0.4630541871921182,2.726365,7.138618,13.499111,0.0,0.8093645484949833,0.898936170212766,138,56,94
1348,0.8958333333333334,0.328125,0.3125,107.68727890476195,108.8638428571428,145.24328152380957,0.0,0.9401709401709402,0.9874476987447699,172,63,60,0.6666666666666666,0.7714285714285715,0.6952380952380952,11.62704211111112,25.675073186147163,69.57914680230878,0.0,0.0,1.0,70,81,73,0.6798029556650246,0.28078817733990147,0.4729064039408867,2.751799,7.144478,13.50892,0.0,0.7905405405405406,0.8983957219251337,138,57,96
1349,0.84375,0.3229166666666667,0.3125,108.1417751428572,108.30970499999994,144.03748180952385,0.0,0.9596412556053812,0.9672131147540983,162,62,60,0.6666666666666666,0.780952380952381,0.6857142857142857,11.76556211111112,25.282470836940814,69.57914680230878,0.0,0.0,1.0,70,82,72,0.6798029556650246,0.28078817733990147,0.4630541871921182,2.806187,7.113217,13.495874,0.0,0.818815331010453,0.9130434782608695,138,57,94
1350,0.8802083333333334,0.3229166666666667,0.3125,107.2793280476191,107.4547711428571,142.4278640952381,0.03333333333333333,0.9330543933054394,0.9831223628691983,169,62,60,0.6857142857142857,0.7428571428571429,0.6857142857142857,11.947636000000012,24.80527658585857,69.57914680230878,0.0,0.0,1.0,72,78,72,0.6699507389162561,0.27586206896551724,0.458128078817734,2.76487,7.144931,13.501701,0.0,0.8140350877192982,0.9027027027027027,136,56,93
1351,0.8802083333333334,0.328125,0.3125,106.77914500000003,110.61552885714282,142.93694138095242,0.0,0.9692982456140351,0.9832635983263598,169,63,60,0.6952380952380952,0.7619047619047619,0.6857142857142857,11.72636200000001,25.261949655122635,69.57914680230878,0.0,0.0,1.0,73,80,72,0.6650246305418719,0.2660098522167488,0.4630541871921182,2.821102,7.116004,13.507547,0.0,0.7986111111111112,0.9032258064516129,135,54,94
1352,0.8489583333333334,0.328125,0.3125,103.88947880952382,112.15521214285712,142.276239952381,0.0,0.9565217391304348,0.9830508474576272,163,63,60,0.6857142857142857,0.7333333333333333,0.6857142857142857,11.85428900000001,25.258746064935046,69.57914680230878,0.0,0.0,1.0,72,77,72,0.6699507389162561,0.2955665024630542,0.458128078817734,2.778338,7.056054,13.495086,0.0,0.8,0.9037433155080213,136,60,93
1353,0.8802083333333334,0.3229166666666667,0.3125,105.67058095238099,109.24463557142855,143.30781166666668,0.0,0.9523809523809523,0.9830508474576272,169,62,60,0.6761904761904762,0.6952380952380952,0.6857142857142857,12.044813222222231,25.26078656998555,69.57914680230878,0.0,0.0,1.0,71,73,72,0.6650246305418719,0.2955665024630542,0.458128078817734,2.825541,7.060782,13.509259,0.0,0.8181818181818182,0.9081081081081082,135,60,93
1354,0.84375,0.3177083333333333,0.3125,106.5836984761905,110.15846857142854,144.30708123809526,0.0,0.9525862068965517,0.9789029535864979,162,61,60,0.6761904761904762,0.7142857142857143,0.6857142857142857,12.37390142857144,25.301142408369387,69.57914680230878,0.0,0.0,1.0,71,75,72,0.6551724137931034,0.28078817733990147,0.458128078817734,2.839039,7.195886,13.528205,0.0,0.8268551236749117,0.9065934065934066,133,57,93
1355,0.8854166666666666,0.34375,0.34375,104.97641147619048,109.82923242857139,145.6591813809524,0.0,0.9393939393939394,0.9482758620689655,170,66,66,0.6952380952380952,0.7428571428571429,0.6952380952380952,11.81270400000001,25.157141953823935,69.85525580230879,0.0,0.0,0.9795918367346939,73,78,73,0.6650246305418719,0.2955665024630542,0.47783251231527096,2.828039,7.094621,13.51255,0.005291005291005291,0.7796610169491526,0.8961748633879781,135,60,97
1356,0.9010416666666666,0.359375,0.34375,109.29680952380957,109.74500257142857,148.51775395238096,0.05714285714285714,0.9298245614035088,0.9911504424778761,173,69,66,0.6857142857142857,0.7142857142857143,0.7047619047619048,11.708683888888899,24.90049356421354,69.79957580230878,0.0,0.013157894736842105,0.8421052631578947,72,75,74,0.6600985221674877,0.3497536945812808,0.47783251231527096,2.752092,7.083798,13.525091,0.005235602094240838,0.7483221476510067,0.8907103825136612,134,71,97
1357,0.8958333333333334,0.3541666666666667,0.34375,110.0959136666667,112.58501199999996,146.89710152380954,0.0625,0.963963963963964,0.9739130434782609,172,68,66,0.6857142857142857,0.7238095238095238,0.7047619047619048,11.864219222222232,25.20768907503606,69.76350480230879,0.0,0.0,0.8571428571428571,72,76,74,0.6699507389162561,0.3399014778325123,0.4827586206896552,2.781749,7.106415,13.524706,0.0,0.7815699658703071,0.8901098901098901,136,69,98
1358,0.8802083333333334,0.3541666666666667,0.34375,108.49175042857146,111.84076971428567,147.40095509523812,0.02631578947368421,0.9598214285714286,0.9699570815450643,169,68,66,0.6666666666666666,0.7047619047619048,0.6952380952380952,11.69654100000001,25.216953226551208,69.81299480230878,0.0,0.0,0.8571428571428571,70,74,73,0.6699507389162561,0.3399014778325123,0.47783251231527096,2.749542,7.20002,13.518225,0.0,0.7568493150684932,0.8938547486033519,136,69,97
1359,0.9010416666666666,0.3541666666666667,0.34375,109.47354495238099,110.07540457142852,146.84133052380955,0.0,0.9508928571428571,0.978448275862069,173,68,66,0.6761904761904762,0.7047619047619048,0.6952380952380952,12.04323900000001,25.242296569985548,69.89215780230879,0.0,0.0,0.8571428571428571,71,74,73,0.6650246305418719,0.31527093596059114,0.4827586206896552,2.795869,7.141259,13.610409,0.0,0.75,0.8791208791208791,135,64,98
1360,0.9010416666666666,0.359375,0.34375,107.1471009047619,109.15320142857139,145.43165623809526,0.0,0.9636363636363636,0.9621848739495799,173,69,66,0.6761904761904762,0.6571428571428571,0.7047619047619048,11.729492000000011,24.746084408369388,70.08065180230878,0.0,0.0,0.8275862068965517,71,69,74,0.6600985221674877,0.33497536945812806,0.47783251231527096,2.821658,7.164426,13.591331,0.0,0.7214765100671141,0.861878453038674,134,68,97
1361,0.875,0.3489583333333333,0.34375,107.53660933333339,110.83875228571425,144.94416152380956,0.0,0.9466666666666667,0.9698275862068966,168,67,66,0.7047619047619048,0.6761904761904762,0.7047619047619048,12.123981000000011,25.172089014429996,69.91948580230878,0.0,0.0,0.8421052631578947,74,71,74,0.6699507389162561,0.3448275862068966,0.47783251231527096,2.758419,7.072837,13.629694,0.0,0.7242524916943521,0.8626373626373627,136,70,97
1362,0.90625,0.359375,0.34375,106.96448861904764,110.09538271428568,146.43385480952384,0.0,0.9385964912280702,0.974025974025974,174,69,66,0.6952380952380952,0.6857142857142857,0.7047619047619048,12.210726222222231,25.249802115440097,70.14660280230878,0.0,0.0,0.8421052631578947,73,72,74,0.6699507389162561,0.3448275862068966,0.47783251231527096,2.774834,7.222003,13.603061,0.0,0.7293729372937293,0.8524590163934426,136,70,97
1363,0.8802083333333334,0.359375,0.34375,108.49921371428577,110.45336614285712,146.00174523809525,0.0,0.9264069264069265,0.9743589743589743,169,69,66,0.6666666666666666,0.6857142857142857,0.6952380952380952,12.22972800000001,24.823365297258277,70.18109980230878,0.0,0.0,0.8421052631578947,70,72,73,0.6650246305418719,0.3251231527093596,0.47783251231527096,2.731076,7.146051,13.61359,0.0,0.7203947368421053,0.8688524590163934,135,66,97
1364,0.890625,0.3541666666666667,0.34375,109.64915647619053,113.32032228571428,146.66109523809524,0.0,0.9590909090909091,0.9781659388646288,171,68,66,0.6857142857142857,0.6857142857142857,0.6952380952380952,12.11236111111112,25.204612903318885,70.02493880230878,0.0,0.0,0.8421052631578947,72,72,73,0.6699507389162561,0.3399014778325123,0.4827586206896552,2.812398,7.105382,13.666347,0.0,0.726984126984127,0.8736263736263736,136,69,98
1365,0.859375,0.359375,0.34375,109.46715300000002,114.28867914285709,145.54564923809525,0.0,0.9504504504504504,0.986784140969163,165,69,66,0.6761904761904762,0.6666666666666666,0.6952380952380952,12.389452000000011,25.417995246753225,70.11130280230878,0.0,0.0,0.8421052631578947,71,70,73,0.6650246305418719,0.35467980295566504,0.4827586206896552,2.8383,7.078836,13.650813,0.0,0.7284345047923323,0.888268156424581,135,72,98
1366,0.8854166666666666,0.3541666666666667,0.34375,108.0729264761905,111.55967571428567,144.9946323809524,0.0,0.9631336405529954,0.9533898305084746,170,68,66,0.6761904761904762,0.6857142857142857,0.6857142857142857,12.18226200000001,25.313186004328983,70.57937080230879,0.0,0.0,0.8275862068965517,71,72,72,0.6699507389162561,0.3497536945812808,0.47783251231527096,2.755051,7.15475,13.649492,0.0,0.7331081081081081,0.8850574712643678,136,71,97
1367,0.859375,0.3489583333333333,0.3385416666666667,110.35808747619048,116.53805971428565,146.8694472380953,0.0,0.9723502304147466,0.9824561403508771,165,67,65,0.6666666666666666,0.6857142857142857,0.6857142857142857,11.971600000000011,25.765339236652213,70.29414180230879,0.0,0.0,0.8275862068965517,70,72,72,0.6748768472906403,0.32019704433497537,0.4827586206896552,2.815032,7.15236,13.636591,0.0,0.7296416938110749,0.8863636363636364,137,65,98
1368,0.875,0.359375,0.3385416666666667,105.62055947619051,112.58487928571425,145.73636995238098,0.0,0.9409090909090909,0.9739130434782609,168,69,65,0.6857142857142857,0.7142857142857143,0.6857142857142857,12.11106000000001,25.148747953823936,70.31006880230878,0.0,0.0,0.8275862068965517,72,75,72,0.6551724137931034,0.33004926108374383,0.4827586206896552,2.806274,7.033342,13.67704,0.0,0.7515923566878981,0.8862275449101796,133,67,98
1369,0.859375,0.359375,0.3385416666666667,108.94659066666667,112.31405642857138,144.35356866666672,0.08333333333333333,0.9495412844036697,0.9570815450643777,165,69,65,0.6857142857142857,0.6857142857142857,0.6761904761904762,11.91625642857144,25.195880953823934,70.12782480230878,0.0,0.0,0.8245614035087719,72,72,71,0.645320197044335,0.32019704433497537,0.4876847290640394,2.80839,7.067615,13.654417,0.0,0.7713310580204779,0.8869047619047619,131,65,99
1370,0.8697916666666666,0.359375,0.3385416666666667,110.18962633333336,111.60238714285711,146.88901738095245,0.043478260869565216,0.9627906976744186,0.973568281938326,167,69,65,0.6761904761904762,0.6571428571428571,0.6857142857142857,11.814852222222232,25.377958792207775,70.15029080230879,0.0,0.0,0.8035714285714286,71,69,72,0.6403940886699507,0.32019704433497537,0.49261083743842365,2.876474,7.082491,13.700431,0.0,0.7651006711409396,0.9107142857142857,130,65,100
1371,0.875,0.359375,0.3385416666666667,107.63288414285718,113.0031738571428,143.26624452380955,0.05405405405405406,0.9223744292237442,0.960352422907489,168,69,65,0.6666666666666666,0.7047619047619048,0.7047619047619048,11.804113000000012,25.48855038816737,70.21842180230878,0.0,0.0,0.7719298245614035,70,74,74,0.6403940886699507,0.3054187192118227,0.4975369458128079,2.782291,6.992548,13.698506,0.0,0.7474747474747475,0.9096385542168675,130,62,101
1372,0.8697916666666666,0.3541666666666667,0.3333333333333333,109.07251671428574,112.86527457142851,144.61067023809528,0.037037037037037035,0.957345971563981,0.9730941704035875,167,68,64,0.6571428571428571,0.7238095238095238,0.7047619047619048,12.001369000000011,25.08135722655121,70.21319680230879,0.0,0.0,0.8,69,76,74,0.6551724137931034,0.3251231527093596,0.4975369458128079,2.814276,6.883606,13.684746,0.0,0.7428571428571429,0.9101796407185628,133,66,101
1373,0.859375,0.359375,0.3333333333333333,112.02939490476193,115.32592642857139,147.4630842380953,0.058823529411764705,0.9444444444444444,0.9821428571428571,165,69,64,0.6476190476190476,0.7047619047619048,0.6952380952380952,11.580146000000012,25.13059422655121,70.30149480230878,0.0,0.0,0.8,68,74,73,0.6551724137931034,0.32019704433497537,0.49261083743842365,2.809546,6.895926,13.706643,0.0,0.761744966442953,0.9156626506024096,133,65,100
1374,0.890625,0.3541666666666667,0.3385416666666667,110.22274976190478,114.88873828571424,147.05342480952388,0.0,0.961352657004831,0.96875,171,68,65,0.6761904761904762,0.6857142857142857,0.6952380952380952,11.8069998888889,25.29360868109666,70.22053980230878,0.0,0.0,0.8,71,72,73,0.6551724137931034,0.33497536945812806,0.4975369458128079,2.861319,6.963156,13.68754,0.0,0.7377049180327869,0.9041916167664671,133,68,101
1375,0.8645833333333334,0.359375,0.3385416666666667,108.2005125714286,110.06962671428568,145.86812638095242,0.0,0.9234234234234234,0.960352422907489,166,69,65,0.6857142857142857,0.7047619047619048,0.6952380952380952,12.26038900000001,25.762768681096663,70.34019180230878,0.0,0.0,0.7719298245614035,72,74,73,0.6600985221674877,0.3251231527093596,0.4975369458128079,2.872266,6.94733,13.68421,0.0,0.7483443708609272,0.9036144578313253,134,66,101
1376,0.8541666666666666,0.359375,0.3333333333333333,108.20430128571432,111.65250157142852,145.26979852380953,0.0,0.9398148148148148,0.9773755656108597,164,69,64,0.6857142857142857,0.7047619047619048,0.7047619047619048,11.967565000000011,24.978059953823934,70.32669880230878,0.0,0.0,0.7857142857142857,72,74,74,0.6650246305418719,0.33004926108374383,0.4975369458128079,2.793551,6.874059,13.677,0.0,0.7516556291390728,0.9041916167664671,135,67,101
1377,0.890625,0.359375,0.3385416666666667,109.14070519047624,111.9589121428571,145.57884052380956,0.0,0.9665071770334929,0.9638009049773756,171,69,65,0.6857142857142857,0.7238095238095238,0.7047619047619048,11.713496571428582,25.258786287157264,70.23955680230878,0.0,0.0,0.8,72,76,74,0.6600985221674877,0.33004926108374383,0.4975369458128079,2.858202,6.871176,13.691817,0.0,0.7705479452054794,0.9096385542168675,134,67,101
1378,0.84375,0.359375,0.3385416666666667,109.45990423809528,110.17732442857137,146.55198838095245,0.0,0.9485981308411215,0.981651376146789,162,69,65,0.6571428571428571,0.7333333333333333,0.6952380952380952,11.65123700000001,25.645001064935048,70.26469880230879,0.0,0.0,0.8,69,77,73,0.6600985221674877,0.3251231527093596,0.4975369458128079,2.834067,6.922858,13.678115,0.0,0.7568493150684932,0.8982035928143712,134,66,101
1379,0.8489583333333334,0.359375,0.3385416666666667,106.11154609523811,111.51304128571424,145.67292909523815,0.0,0.926605504587156,0.9770642201834863,163,69,65,0.6761904761904762,0.7142857142857143,0.6952380952380952,11.943100000000012,25.527148842712823,70.56287380230879,0.0,0.0,0.8,71,75,73,0.6650246305418719,0.32019704433497537,0.5024630541871922,2.892872,6.862527,13.664001,0.0,0.7361563517915309,0.8982035928143712,135,65,102
1380,0.8958333333333334,0.359375,0.3385416666666667,107.92743990476194,115.42906257142853,146.25952723809527,0.0,0.9567307692307693,0.9720930232558139,172,69,65,0.6761904761904762,0.7047619047619048,0.6857142857142857,12.265417000000012,25.807313398268384,70.27359080230879,0.0,0.0,0.8,71,74,72,0.6699507389162561,0.33497536945812806,0.5024630541871922,2.848969,6.877463,13.652462,0.0,0.7441860465116279,0.9036144578313253,136,68,102
1381,0.8645833333333334,0.359375,0.3333333333333333,107.46465442857144,114.94987828571423,144.02586366666668,0.03571428571428571,0.9530516431924883,0.9675925925925926,166,69,64,0.6666666666666666,0.7238095238095238,0.6761904761904762,12.4450098888889,24.936369610389594,70.44204280230878,0.0,0.0,0.8,70,76,71,0.6847290640394089,0.3251231527093596,0.5024630541871922,2.835212,7.07733,13.6604,0.0,0.7473684210526316,0.9036144578313253,139,66,102
1382,0.890625,0.359375,0.3385416666666667,112.4598896666667,114.82038399999996,146.19521638095242,0.027777777777777776,0.9611650485436893,0.9545454545454546,171,69,65,0.6666666666666666,0.6857142857142857,0.6857142857142857,12.70269100000001,25.156226953823936,70.47956580230878,0.0,0.0,0.7333333333333333,70,72,72,0.6748768472906403,0.3251231527093596,0.5024630541871922,2.823527,6.928815,13.662519,0.0,0.7392739273927392,0.9030303030303031,137,66,102
1383,0.8854166666666666,0.359375,0.3385416666666667,107.90816938095242,112.75986928571425,148.62951280952385,0.041666666666666664,0.9567307692307693,0.9629629629629629,170,69,65,0.6857142857142857,0.7047619047619048,0.6761904761904762,12.44336500000001,24.85790354401152,70.45662480230878,0.0,0.0,0.7333333333333333,72,74,71,0.6896551724137931,0.3251231527093596,0.5024630541871922,2.836077,6.897331,13.68163,0.0,0.7525773195876289,0.9135802469135802,140,66,102
1384,0.875,0.3541666666666667,0.3385416666666667,107.35931204761907,109.47399457142853,148.75217766666668,0.030303030303030304,0.9754901960784313,0.9766355140186916,168,68,65,0.7047619047619048,0.7047619047619048,0.6761904761904762,12.053543000000012,25.602464953823937,70.45203780230878,0.0,0.0,0.7333333333333333,74,74,71,0.6847290640394089,0.2955665024630542,0.4975369458128079,2.819136,7.001614,13.690862,0.0,0.754325259515571,0.9135802469135802,139,60,101
1385,0.8541666666666666,0.359375,0.3385416666666667,108.43826004761908,111.77298542857139,146.45251552380955,0.0,0.9473684210526315,0.963302752293578,164,69,65,0.6857142857142857,0.6761904761904762,0.6857142857142857,12.13024800000001,25.07878128715727,70.24260180230878,0.0,0.0,0.7457627118644068,72,71,72,0.6847290640394089,0.32019704433497537,0.4975369458128079,2.810509,7.002614,13.678186,0.0,0.717687074829932,0.9135802469135802,139,65,101
1386,0.875,0.3541666666666667,0.3333333333333333,106.7849822380953,112.6723191428571,147.31800109523815,0.0,0.9615384615384616,0.9720930232558139,168,68,64,0.6761904761904762,0.7238095238095238,0.6666666666666666,12.33372700000001,25.394886721500708,70.38986980230878,0.0,0.0,0.8,71,76,70,0.6945812807881774,0.33004926108374383,0.4975369458128079,2.830373,6.95922,13.674792,0.0,0.7368421052631579,0.9135802469135802,141,67,101
1387,0.875,0.3541666666666667,0.3385416666666667,105.41699509523808,111.53170171428566,145.66159709523814,0.0,0.9363636363636364,0.9675925925925926,168,68,65,0.6761904761904762,0.7142857142857143,0.6666666666666666,12.786520666666675,25.177161388167363,70.47928680230878,0.0,0.0,0.7857142857142857,71,75,70,0.6748768472906403,0.32019704433497537,0.49261083743842365,2.847748,6.96463,13.679602,0.0,0.7604166666666666,0.91875,137,65,100
1388,0.9166666666666666,0.3958333333333333,0.4010416666666667,109.07320709523813,116.91953742857136,145.89093980952384,0.0625,0.908256880733945,0.9213973799126638,176,76,77,0.7047619047619048,0.6952380952380952,0.6761904761904762,12.042526000000011,25.11888640259738,70.60326880230879,0.0,0.0,0.7457627118644068,74,73,71,0.6748768472906403,0.35960591133004927,0.5073891625615764,2.81695,7.008464,13.693302,0.0,0.7162629757785467,0.90625,137,73,103
1389,0.9166666666666666,0.421875,0.3958333333333333,113.45474014285719,119.7574171428571,151.29726252380956,0.14285714285714285,0.943127962085308,0.963302752293578,176,81,76,0.7142857142857143,0.7047619047619048,0.6761904761904762,12.160065000000012,24.744192681096663,70.59659480230879,0.0,0.0,0.7096774193548387,75,74,71,0.6699507389162561,0.4039408866995074,0.5123152709359606,2.777078,6.913027,13.709437,0.0,0.6459016393442623,0.8421052631578947,136,82,104
1390,0.890625,0.421875,0.3958333333333333,110.5384750952381,117.82684499999995,154.007779952381,0.07692307692307693,0.9519230769230769,0.971830985915493,171,81,76,0.7047619047619048,0.7523809523809524,0.6857142857142857,11.98177400000001,25.249565747474726,70.57545680230878,0.0,0.0,0.7213114754098361,74,79,72,0.6699507389162561,0.4187192118226601,0.5123152709359606,2.783279,6.898041,13.697802,0.0,0.6666666666666666,0.8323699421965318,136,85,104
1391,0.921875,0.4166666666666667,0.4010416666666667,111.80460352380955,115.94931042857141,150.57047552380956,0.0625,0.9523809523809523,0.9587155963302753,177,80,77,0.7047619047619048,0.7428571428571429,0.6857142857142857,12.138018000000011,25.496290953823934,70.72621380230878,0.0,0.0,0.7213114754098361,74,78,72,0.6600985221674877,0.43349753694581283,0.5172413793103449,2.882821,6.993356,13.710611,0.0,0.6607773851590106,0.8275862068965517,134,88,105
1392,0.9114583333333334,0.4166666666666667,0.4010416666666667,109.60091314285717,112.67170057142852,150.65774223809527,0.06451612903225806,0.9423076923076923,0.9672897196261683,175,80,77,0.7047619047619048,0.7047619047619048,0.6857142857142857,12.09900300000001,25.240086458874437,70.69489280230879,0.0,0.0,0.7213114754098361,74,74,72,0.6551724137931034,0.39901477832512317,0.5172413793103449,2.874131,7.040596,13.706218,0.0,0.6654804270462633,0.8323699421965318,133,81,105
1393,0.8958333333333334,0.4166666666666667,0.4010416666666667,108.73912985714288,111.48782771428567,151.20156961904763,0.07407407407407407,0.941747572815534,0.9678899082568807,172,80,77,0.7238095238095238,0.7142857142857143,0.6761904761904762,12.46198100000001,25.78192927128425,70.94273680230879,0.0,0.0,0.7333333333333333,76,75,71,0.6551724137931034,0.41379310344827586,0.5172413793103449,2.853393,7.025215,13.709477,0.0,0.6310344827586207,0.8255813953488372,133,84,105
1394,0.921875,0.4166666666666667,0.3958333333333333,112.59980466666671,115.86700385714283,151.4908992380952,0.03125,0.9142857142857143,0.971830985915493,177,80,76,0.7238095238095238,0.6952380952380952,0.6857142857142857,12.366362888888899,25.49762856998555,70.63228580230879,0.0,0.0,0.7213114754098361,76,73,72,0.6502463054187192,0.41379310344827586,0.5172413793103449,2.831405,7.036368,13.720432,0.0,0.6452702702702703,0.8214285714285714,132,84,105
1395,0.90625,0.421875,0.3958333333333333,112.48434733333336,113.40622199999996,150.44466538095242,0.038461538461538464,0.9653465346534653,0.9590909090909091,174,81,76,0.7142857142857143,0.7428571428571429,0.6857142857142857,12.16330700000001,25.457023636363616,70.88156180230878,0.0,0.0,0.7457627118644068,75,78,72,0.645320197044335,0.4187192118226601,0.5221674876847291,2.817656,7.051289,13.731553,0.0,0.6736111111111112,0.8072289156626506,131,85,106
1396,0.9114583333333334,0.4166666666666667,0.3958333333333333,113.14373314285717,111.35404352380948,147.0436094761905,0.0,0.9471153846153846,0.9723502304147466,175,80,76,0.7142857142857143,0.7523809523809524,0.6857142857142857,11.714604000000012,25.246281731601712,70.95735580230878,0.0,0.011235955056179775,0.7457627118644068,75,79,72,0.645320197044335,0.4039408866995074,0.5221674876847291,2.848775,7.17694,13.750827,0.0,0.658273381294964,0.8083832335329342,131,82,106
1397,0.9322916666666666,0.4166666666666667,0.3958333333333333,111.61002000000005,115.06295109523805,145.9682175714286,0.0,0.9565217391304348,0.9768518518518519,179,80,76,0.7047619047619048,0.7523809523809524,0.6761904761904762,11.646479000000012,25.932253297258278,71.05049180230878,0.0,0.011111111111111112,0.7457627118644068,74,79,71,0.6600985221674877,0.39901477832512317,0.5221674876847291,2.880189,7.023496,13.798458,0.0,0.6308724832214765,0.8095238095238095,134,81,106
1398,0.9114583333333334,0.4166666666666667,0.3958333333333333,112.68862652380956,113.89374623809518,145.5867325714286,0.0,0.9804878048780488,0.9813084112149533,175,80,76,0.6952380952380952,0.7523809523809524,0.6857142857142857,12.130039222222232,25.692312792207773,71.13971780230878,0.0,0.011764705882352941,0.7333333333333333,73,79,72,0.6600985221674877,0.41379310344827586,0.5270935960591133,2.85056,7.0042,13.812593,0.0,0.6547231270358306,0.7988165680473372,134,84,107
1399,0.9270833333333334,0.4166666666666667,0.3958333333333333,112.27815042857145,113.374434047619,144.8071422857143,0.0,0.9707317073170731,0.9553571428571429,178,80,76,0.6952380952380952,0.7714285714285715,0.6952380952380952,12.56775242857144,25.578860115440097,70.96680480230879,0.0,0.0,0.7333333333333333,73,81,73,0.6403940886699507,0.43349753694581283,0.5172413793103449,2.891002,6.977477,13.820686,0.0,0.6456953642384106,0.7965116279069767,130,88,105
1400,0.9114583333333334,0.4114583333333333,0.3958333333333333,113.01712076190479,109.14209490476183,146.75558771428578,0.0,0.9663461538461539,0.967741935483871,175,79,76,0.7238095238095238,0.780952380952381,0.6952380952380952,12.235966000000012,25.738138176046153,71.18545780230879,0.0,0.0,0.7457627118644068,76,82,73,0.6305418719211823,0.43349753694581283,0.5172413793103449,2.856043,7.116455,13.861595,0.0,0.6608996539792388,0.7906976744186046,128,88,105
1401,0.9375,0.40625,0.390625,107.95640761904765,106.50612457142854,149.5947417619048,0.0,0.9714285714285714,0.9545454545454546,180,78,75,0.7142857142857143,0.7619047619047619,0.6857142857142857,12.51202900000001,25.493243160173137,70.92120980230878,0.0,0.0,0.7096774193548387,75,80,72,0.6403940886699507,0.43842364532019706,0.5172413793103449,2.845688,7.175493,13.836907,0.0,0.6428571428571429,0.7640449438202247,130,89,105
1402,0.90625,0.4010416666666667,0.390625,113.53685900000004,111.64282647619042,146.14550328571437,0.0,0.9663461538461539,0.9724770642201835,174,77,75,0.7142857142857143,0.7523809523809524,0.7047619047619048,12.597540000000011,25.603552004328986,71.05837280230878,0.0,0.0,0.7213114754098361,75,79,74,0.6502463054187192,0.43842364532019706,0.5221674876847291,2.892822,7.135839,13.901945,0.0,0.6557377049180327,0.768361581920904,132,89,106
1403,0.9375,0.4010416666666667,0.3958333333333333,111.86933790476195,109.85049499999994,145.3572485714286,0.0,0.958139534883721,0.9859154929577465,180,77,76,0.7047619047619048,0.7714285714285715,0.6857142857142857,12.034957000000011,25.586226943722924,70.84880480230878,0.0,0.0,0.7333333333333333,74,81,72,0.6600985221674877,0.42857142857142855,0.5172413793103449,2.846266,7.152421,13.826859,0.0,0.6587837837837838,0.7597765363128491,134,87,105
1404,0.9114583333333334,0.3958333333333333,0.3958333333333333,113.04680042857146,109.2802458571428,145.33243928571437,0.0,0.9808612440191388,0.971830985915493,175,76,76,0.6952380952380952,0.7619047619047619,0.6857142857142857,12.43060000000001,25.915166010100986,70.94310280230879,0.0,0.0,0.7333333333333333,73,80,72,0.6650246305418719,0.4236453201970443,0.5172413793103449,2.861214,7.194718,13.841119,0.0,0.6621621621621622,0.776536312849162,135,86,105
1405,0.9166666666666666,0.4010416666666667,0.3958333333333333,116.82314847619053,107.32214771428569,145.1502567619048,0.0,0.958139534883721,0.985981308411215,176,77,76,0.6952380952380952,0.780952380952381,0.6952380952380952,12.23111900000001,25.460502792207773,71.17586480230878,0.0,0.0,0.7096774193548387,73,82,73,0.6650246305418719,0.39408866995073893,0.5172413793103449,2.894894,7.226019,13.819641,0.0,0.6541095890410958,0.7611111111111111,135,80,105
1406,0.8958333333333334,0.3958333333333333,0.3854166666666667,114.5872878571429,108.90957271428566,144.20099723809525,0.0,0.9761904761904762,0.981651376146789,172,76,74,0.6952380952380952,0.7619047619047619,0.7047619047619048,12.352835000000011,25.844005064935047,71.02589580230878,0.0,0.0,0.7241379310344828,73,80,74,0.6600985221674877,0.41379310344827586,0.5172413793103449,2.815243,7.110322,13.841809,0.0,0.6274509803921569,0.7611111111111111,134,84,105
1407,0.90625,0.3958333333333333,0.390625,112.09974509523815,110.04522528571424,144.90295666666674,0.0,0.9619047619047619,0.9683257918552036,174,76,75,0.6952380952380952,0.7714285714285715,0.7047619047619048,11.738846000000011,25.846645080808063,71.19685380230878,0.0,0.0,0.7368421052631579,73,81,74,0.6502463054187192,0.43842364532019706,0.5172413793103449,2.760642,7.088872,13.818081,0.0,0.6513157894736842,0.7653631284916201,132,89,105
1408,0.9114583333333334,0.390625,0.390625,110.8820115714286,110.23470942857136,144.94066561904768,0.0,0.9715639810426541,0.9726027397260274,175,75,75,0.7047619047619048,0.7714285714285715,0.7047619047619048,11.970531000000012,25.913038331890313,71.05225380230878,0.0,0.0,0.7368421052631579,74,81,74,0.6502463054187192,0.43349753694581283,0.5073891625615764,2.745588,7.135992,13.796626,0.0,0.6712328767123288,0.7727272727272727,132,88,103
1409,0.9166666666666666,0.390625,0.390625,117.2701645714286,109.3617945714285,146.26123661904768,0.0,0.9447004608294931,0.9638009049773756,176,75,75,0.6952380952380952,0.7619047619047619,0.7047619047619048,12.422842000000012,26.480188064935046,71.12000480230878,0.0,0.0,0.7368421052631579,73,80,74,0.6650246305418719,0.4236453201970443,0.5073891625615764,2.721991,7.169198,13.799643,0.0,0.6678082191780822,0.7696629213483146,135,86,103
1410,0.9375,0.390625,0.390625,109.66221800000002,108.63390171428564,143.32195090476196,0.0,0.9811320754716981,0.9770642201834863,180,75,75,0.6857142857142857,0.7619047619047619,0.7047619047619048,12.272986000000012,26.32691817604616,70.96346880230878,0.0,0.0,0.7241379310344828,72,80,74,0.6650246305418719,0.3891625615763547,0.5073891625615764,2.807382,7.202715,13.852914,0.0,0.6632996632996633,0.7666666666666667,135,79,103
1411,0.9166666666666666,0.3854166666666667,0.3854166666666667,116.59461861904764,113.0679935714285,146.26123661904768,0.0,0.9488372093023256,0.9815668202764977,176,74,74,0.6761904761904762,0.7619047619047619,0.6952380952380952,12.097798000000012,26.399973766233746,71.23405080230879,0.0,0.0,0.7241379310344828,71,80,73,0.6699507389162561,0.4088669950738916,0.5073891625615764,2.715032,7.141774,13.812321,0.0,0.6556291390728477,0.745945945945946,136,83,103
1412,0.9375,0.3802083333333333,0.390625,112.00842880952383,109.69914285714279,146.02237790476198,0.03225806451612903,0.95,0.9906976744186047,180,73,75,0.6761904761904762,0.7238095238095238,0.7047619047619048,12.216776000000012,25.828838141414117,71.18099480230879,0.0,0.0,0.6842105263157895,71,76,74,0.6650246305418719,0.42857142857142855,0.5024630541871922,2.75662,7.098664,13.805337,0.0,0.6701388888888888,0.7717391304347826,135,87,102
1413,0.90625,0.390625,0.390625,111.521324952381,109.5979441428571,145.76809333333338,0.03125,0.9452054794520548,0.985981308411215,174,75,75,0.6666666666666666,0.7523809523809524,0.7047619047619048,12.626328000000012,25.761493953823937,71.17218680230879,0.0,0.0,0.7037037037037037,70,79,74,0.6748768472906403,0.43349753694581283,0.5024630541871922,2.780833,7.157756,13.795542,0.0,0.6785714285714286,0.7569060773480663,137,88,102
1414,0.9322916666666666,0.390625,0.390625,115.68141485714287,110.37730371428566,144.12087233333338,0.0,0.9674418604651163,0.9953488372093023,179,75,75,0.6666666666666666,0.7333333333333333,0.7238095238095238,12.56546000000001,25.703401226551208,71.22859080230879,0.0,0.0,0.7037037037037037,70,77,76,0.6748768472906403,0.4088669950738916,0.5123152709359606,2.81869,7.222524,13.797575,0.0,0.6678571428571428,0.7555555555555555,137,83,104
1415,0.921875,0.390625,0.390625,118.40838280952381,109.68954585714279,142.76195090476196,0.0,0.9532710280373832,0.9818181818181818,177,75,75,0.6857142857142857,0.7333333333333333,0.7238095238095238,12.342946000000012,25.725278953823935,71.22361480230879,0.0,0.0,0.7037037037037037,72,77,76,0.6798029556650246,0.3842364532019704,0.5123152709359606,2.807447,7.205768,13.828924,0.0,0.6474576271186441,0.7473118279569892,138,78,104
1416,0.9166666666666666,0.3958333333333333,0.3958333333333333,114.95011852380956,111.64354814285709,145.21679547619053,0.0,0.9631336405529954,0.9862385321100917,176,76,76,0.6952380952380952,0.7523809523809524,0.7333333333333333,12.790598000000012,25.50877033766232,71.17955980230879,0.0,0.0,0.7037037037037037,73,79,77,0.6748768472906403,0.43349753694581283,0.5517241379310345,2.846556,7.241646,13.85512,0.0,0.6324503311258278,0.7225130890052356,137,88,112
1417,0.9479166666666666,0.3958333333333333,0.3958333333333333,113.85976876190479,111.71786428571424,146.23437819047624,0.024390243902439025,0.9782608695652174,0.9778761061946902,182,76,76,0.6857142857142857,0.780952380952381,0.7428571428571429,13.02560242857144,25.94184536363634,71.76470480230878,0.0,0.0,0.7169811320754716,72,82,78,0.6748768472906403,0.46798029556650245,0.5467980295566502,2.849912,7.193783,13.870731,0.0,0.6286644951140065,0.7150537634408602,137,95,111
1418,0.9479166666666666,0.390625,0.390625,113.38176395238098,112.31109285714281,148.84004966666672,0.0,0.9414225941422594,0.9822222222222222,182,75,75,0.6761904761904762,0.7619047619047619,0.7428571428571429,12.420264000000012,26.018420909090896,71.66831180230878,0.0,0.0,0.7169811320754716,71,80,78,0.6798029556650246,0.49261083743842365,0.5467980295566502,2.858289,7.236718,13.847916,0.0,0.6296296296296297,0.7052631578947368,138,100,111
1419,0.9270833333333334,0.3854166666666667,0.3802083333333333,114.92359309523812,110.65734819047614,145.62092061904767,0.0,0.9785407725321889,0.9788135593220338,178,74,73,0.6857142857142857,0.7523809523809524,0.7523809523809524,12.563794571428582,25.63184056998555,71.98046980230879,0.0,0.0,0.7037037037037037,72,79,79,0.6995073891625616,0.49261083743842365,0.5566502463054187,2.864154,7.273597,13.921609,0.0,0.6258503401360545,0.7074468085106383,142,100,113
1420,0.9010416666666666,0.375,0.3802083333333333,115.55786671428577,113.6089833333333,144.58148204761906,0.0,0.9620253164556962,0.9745762711864406,173,72,73,0.6952380952380952,0.7523809523809524,0.7523809523809524,12.72440900000001,26.217840020202008,71.87162580230878,0.0,0.0,0.660377358490566,73,79,79,0.6896551724137931,0.4630541871921182,0.5517241379310345,2.838727,7.215715,13.957823,0.0,0.6279863481228669,0.6898395721925134,140,94,112
1421,0.90625,0.3802083333333333,0.3802083333333333,117.70875490476196,113.0649957619047,144.7697238571429,0.03225806451612903,0.9647577092511013,0.974025974025974,174,73,73,0.6952380952380952,0.7523809523809524,0.7523809523809524,12.383810142857152,25.733835297258278,72.06775680230878,0.0,0.0,0.6222222222222222,73,79,79,0.6945812807881774,0.46798029556650245,0.541871921182266,2.849985,7.244998,13.953649,0.0,0.6179401993355482,0.6774193548387096,141,95,110
1422,0.9166666666666666,0.3802083333333333,0.3802083333333333,115.91700071428575,108.93448628571421,148.92898900000006,0.0,0.9361702127659575,0.9779735682819384,176,73,73,0.6857142857142857,0.7238095238095238,0.7619047619047619,12.925689571428583,26.133953792207773,72.12764380230878,0.0,0.0,0.6363636363636364,72,76,80,0.6847290640394089,0.4729064039408867,0.5517241379310345,2.75502,7.115466,13.925967,0.0,0.6098360655737705,0.6701030927835051,139,96,112
1423,0.9166666666666666,0.3802083333333333,0.375,115.56323547619047,110.13592328571423,146.49991942857153,0.0,0.9521739130434783,0.9653679653679653,176,73,72,0.6761904761904762,0.8,0.7523809523809524,12.767129000000011,26.49253603896102,72.52424380230879,0.0,0.0,0.6829268292682927,71,84,79,0.6945812807881774,0.4876847290640394,0.5517241379310345,2.783572,7.219437,13.99501,0.0,0.6195286195286195,0.6894736842105263,141,99,112
1424,0.9166666666666666,0.3802083333333333,0.375,111.7701311904762,110.13753571428568,146.0904817142858,0.0,0.9523809523809523,0.9741379310344828,176,73,72,0.6857142857142857,0.8,0.7619047619047619,12.971082000000012,26.55776569696968,72.50448580230878,0.0,0.0,0.5957446808510638,72,84,80,0.6995073891625616,0.45320197044334976,0.5517241379310345,2.806617,7.188108,14.001748,0.0,0.6223776223776224,0.675531914893617,142,92,112
1425,0.9166666666666666,0.3802083333333333,0.375,116.8202745714286,112.50825371428567,151.95868114285716,0.0,0.9439655172413793,0.9734513274336283,176,73,72,0.6952380952380952,0.8095238095238095,0.7619047619047619,12.64375100000001,25.95363317604616,72.93230980230878,0.0,0.0,0.5909090909090909,73,85,80,0.7044334975369458,0.4630541871921182,0.5517241379310345,2.81324,7.102973,13.971116,0.0,0.6060606060606061,0.6717948717948717,143,94,112
1426,0.9270833333333334,0.4322916666666667,0.4322916666666667,115.63646261904765,114.11308985714281,152.47905552380956,0.0,0.9141630901287554,0.9132231404958677,178,83,83,0.7047619047619048,0.7904761904761904,0.7523809523809524,13.213335000000011,25.80998838239536,72.79588080230879,0.0,0.0,0.5909090909090909,74,83,79,0.6995073891625616,0.46798029556650245,0.5517241379310345,2.803092,7.132735,13.977985,0.0,0.6047297297297297,0.6810810810810811,142,95,112
1427,0.9270833333333334,0.453125,0.4322916666666667,114.83930266666668,116.25934966666662,154.19925266666672,0.0,0.9220183486238532,0.981042654028436,178,87,83,0.7238095238095238,0.7619047619047619,0.7333333333333333,13.17523400000001,26.384673337662313,73.05563280230878,0.0,0.0,0.6046511627906976,76,80,77,0.6896551724137931,0.4729064039408867,0.5517241379310345,2.806181,7.191156,13.982319,0.0,0.6066666666666667,0.675531914893617,140,96,112
1428,0.90625,0.4479166666666667,0.4322916666666667,113.92928095238096,115.80649328571424,155.14262480952385,0.0,0.9423076923076923,0.9575471698113207,174,86,83,0.7142857142857143,0.7238095238095238,0.7333333333333333,13.335814000000012,26.193656109668087,72.84385480230878,0.0,0.0,0.5531914893617021,75,76,77,0.6748768472906403,0.46798029556650245,0.5467980295566502,2.755345,7.171633,13.950615,0.0,0.6146179401993356,0.6772486772486772,137,95,111
1429,0.9322916666666666,0.453125,0.4322916666666667,115.42376976190478,114.36653257142851,154.89607280952384,0.0,0.9463414634146341,0.9579439252336449,179,87,83,0.7142857142857143,0.7523809523809524,0.7333333333333333,12.49439400000001,25.837720636363613,72.75052380230878,0.0,0.0,0.5909090909090909,75,79,77,0.6748768472906403,0.43842364532019706,0.5517241379310345,2.880856,7.211143,13.975854,0.0,0.6182432432432432,0.6666666666666666,137,89,112
1430,0.9114583333333334,0.453125,0.4322916666666667,113.55347709523812,115.94510271428568,154.44761309523813,0.0,0.941747572815534,0.9669811320754716,175,87,83,0.7047619047619048,0.7619047619047619,0.7523809523809524,12.78838700000001,25.85701256998555,72.79982880230878,0.0,0.0,0.5957446808510638,74,80,79,0.6748768472906403,0.43842364532019706,0.541871921182266,2.753039,7.070878,13.995178,0.0,0.5922330097087378,0.6739130434782609,137,89,110
1431,0.9166666666666666,0.4479166666666667,0.4270833333333333,113.99359119047622,117.01518857142854,153.308461952381,0.0,0.9317073170731708,0.9609756097560975,176,86,82,0.7047619047619048,0.7523809523809524,0.7428571428571429,12.36744500000001,26.070672842712824,73.13418980230878,0.0,0.0,0.6086956521739131,74,79,78,0.6699507389162561,0.4876847290640394,0.5467980295566502,2.790654,7.059667,14.005463,0.0,0.5981012658227848,0.6720430107526881,136,99,111
1432,0.9114583333333334,0.453125,0.4322916666666667,115.23208004761908,116.02632471428565,151.0462853809524,0.0,0.926829268292683,0.9485981308411215,175,87,83,0.6952380952380952,0.7428571428571429,0.7523809523809524,12.322209571428582,26.09517922655121,73.19195880230879,0.0,0.0,0.5833333333333334,73,78,79,0.6748768472906403,0.4975369458128079,0.5566502463054187,2.789481,7.127409,13.98493,0.0,0.622895622895623,0.6736842105263158,137,101,113
1433,0.9270833333333334,0.4427083333333333,0.4322916666666667,114.16458909523811,114.73622971428566,149.28314423809528,0.0,0.9603960396039604,0.9567307692307693,178,85,83,0.7047619047619048,0.7619047619047619,0.7619047619047619,12.45976600000001,26.30016695382393,73.28534180230878,0.0,0.0,0.5333333333333333,74,80,80,0.6748768472906403,0.49261083743842365,0.5517241379310345,2.790017,7.282312,13.99346,0.0,0.6105263157894737,0.675531914893617,137,100,112
1434,0.90625,0.4479166666666667,0.4322916666666667,117.94005590476189,117.00304657142851,149.30336123809525,0.06060606060606061,0.9178743961352657,0.9702970297029703,174,86,83,0.6952380952380952,0.7333333333333333,0.7523809523809524,12.535536000000011,25.957950953823936,73.28660280230878,0.0,0.0,0.5581395348837209,73,77,79,0.6699507389162561,0.458128078817734,0.541871921182266,2.779878,7.169312,14.01259,0.005263157894736842,0.5813148788927336,0.6935483870967742,136,93,110
1435,0.9166666666666666,0.4479166666666667,0.4322916666666667,117.09931657142859,113.78077299999994,150.6476473809524,0.0,0.95,0.9537037037037037,176,86,83,0.6952380952380952,0.7142857142857143,0.7523809523809524,12.421154000000012,25.71498227128425,73.02399280230878,0.0,0.0,0.5333333333333333,73,75,79,0.6748768472906403,0.46798029556650245,0.5467980295566502,2.873461,7.024792,14.044695,0.010416666666666666,0.5821917808219178,0.6593406593406593,137,95,111
1436,0.9322916666666666,0.4479166666666667,0.421875,114.9583801904762,112.2453448571428,149.57659152380955,0.0,0.9326923076923077,0.9619047619047619,179,86,81,0.7142857142857143,0.6761904761904762,0.7523809523809524,12.512429000000012,25.690061731601713,73.11733180230878,0.0,0.0,0.5348837209302325,75,71,79,0.6650246305418719,0.46798029556650245,0.541871921182266,2.816296,7.092748,14.017297,0.0,0.6051660516605166,0.6666666666666666,135,95,110
1437,0.921875,0.4375,0.4322916666666667,115.1639605714286,115.29884528571422,149.40473409523813,0.0,0.935,0.9483568075117371,177,84,83,0.7047619047619048,0.6761904761904762,0.7523809523809524,12.411456000000012,25.909456141414125,73.23167080230878,0.0,0.0,0.55,74,71,79,0.6798029556650246,0.47783251231527096,0.5517241379310345,2.791861,7.257733,14.081081,0.0,0.6007751937984496,0.6666666666666666,138,97,112
1438,0.90625,0.4583333333333333,0.4583333333333333,120.00232352380955,113.55894657142849,152.75157728571432,0.0,0.9207920792079208,0.9282296650717703,174,88,88,0.7333333333333333,0.7047619047619048,0.7523809523809524,12.775191000000012,25.71599606493504,73.65028680230878,0.0,0.0,0.55,77,74,79,0.6847290640394089,0.46798029556650245,0.5467980295566502,2.82759,7.08488,14.103155,0.005263157894736842,0.5608856088560885,0.6703910614525139,139,95,111
1439,0.8958333333333334,0.46875,0.4427083333333333,118.01293371428574,117.14973642857139,152.59925609523816,0.0,0.9230769230769231,0.9587628865979382,172,90,85,0.7333333333333333,0.7047619047619048,0.7523809523809524,12.72410000000001,25.896234448773424,73.52296480230878,0.0,0.0,0.5,77,74,79,0.6896551724137931,0.4827586206896552,0.5566502463054187,2.839169,6.955441,14.095042,0.010416666666666666,0.5836298932384342,0.6629834254143646,140,98,113
1440,0.9166666666666666,0.46875,0.4583333333333333,115.98814742857145,121.06392142857136,157.06300280952382,0.0,0.9484536082474226,0.9393939393939394,176,90,88,0.7333333333333333,0.7333333333333333,0.7523809523809524,12.866419000000011,26.195712337662314,73.24790780230879,0.0,0.0,0.4888888888888889,77,77,79,0.6945812807881774,0.4975369458128079,0.5615763546798029,2.796569,7.015828,14.105908,0.0,0.5971223021582733,0.664804469273743,141,101,114
1441,0.9114583333333334,0.46875,0.4635416666666667,118.83269861904763,119.15313328571423,157.39519895238098,0.0,0.9487179487179487,0.9739583333333334,175,90,89,0.7142857142857143,0.7047619047619048,0.7523809523809524,12.71773200000001,26.43297306493504,73.17236080230879,0.0,0.0,0.5238095238095238,75,74,79,0.6896551724137931,0.5024630541871922,0.5467980295566502,2.799641,7.167038,14.16119,0.0,0.5615384615384615,0.6704545454545454,140,102,111
1442,0.8854166666666666,0.4739583333333333,0.4635416666666667,116.35337219047622,115.01481271428565,152.29291038095243,0.0,0.9045226130653267,0.9424083769633508,170,91,89,0.7238095238095238,0.6761904761904762,0.7619047619047619,12.84563000000001,26.207911458874438,73.38626180230878,0.0,0.0,0.5238095238095238,76,71,80,0.6847290640394089,0.47783251231527096,0.541871921182266,2.767785,7.04404,14.139752,0.0,0.5467625899280576,0.6464088397790055,139,97,110
1443,0.90625,0.4791666666666667,0.4635416666666667,117.77955709523812,119.28056228571424,153.17657266666671,0.0,0.9187817258883249,0.934010152284264,174,92,89,0.7238095238095238,0.7047619047619048,0.7714285714285715,12.87574100000001,26.275964953823927,73.45461980230878,0.0,0.0,0.5365853658536586,76,74,81,0.6798029556650246,0.5073891625615764,0.5467980295566502,2.809835,7.040087,14.143653,0.0,0.5547703180212014,0.659217877094972,138,103,111
1444,0.9114583333333334,0.46875,0.4635416666666667,118.76547142857143,116.37140899999994,154.64453895238103,0.0,0.9319371727748691,0.9540816326530612,175,90,89,0.7333333333333333,0.7142857142857143,0.780952380952381,12.63242700000001,26.20019906493504,73.93069180230879,0.0,0.0,0.5,77,75,82,0.6798029556650246,0.49261083743842365,0.5369458128078818,2.843808,7.068654,14.099714,0.0,0.5719557195571956,0.6685714285714286,138,100,109
1445,0.9166666666666666,0.4739583333333333,0.4635416666666667,115.92949690476192,115.26414728571424,153.67958009523815,0.0,0.9326424870466321,0.9528795811518325,176,91,89,0.7428571428571429,0.7142857142857143,0.7904761904761904,12.530896000000011,26.46737627705625,73.73081280230878,0.0,0.0,0.5,78,75,83,0.6945812807881774,0.47783251231527096,0.5369458128078818,2.838105,7.187493,14.135852,0.0,0.5481481481481482,0.6666666666666666,141,97,109
1446,0.8854166666666666,0.4791666666666667,0.4583333333333333,117.91921666666671,113.77204985714282,154.43577138095242,0.0,0.9315789473684211,0.9484536082474226,170,92,88,0.7523809523809524,0.7047619047619048,0.7714285714285715,12.58369600000001,26.29397695382393,73.74028380230878,0.0,0.0,0.5128205128205128,79,74,81,0.7044334975369458,0.46798029556650245,0.541871921182266,2.812583,7.01962,14.147946,0.0,0.513986013986014,0.6589595375722543,143,95,110
1447,0.9010416666666666,0.4739583333333333,0.4635416666666667,115.9893105714286,117.39808471428566,151.85658452380957,0.0,0.946524064171123,0.9362745098039216,173,91,89,0.7523809523809524,0.6952380952380952,0.7619047619047619,12.689154000000011,26.37555283694082,73.53610880230879,0.0,0.0,0.5405405405405406,79,73,80,0.7093596059113301,0.5024630541871922,0.5270935960591133,2.852866,7.017159,14.186081,0.0,0.5212765957446809,0.6781609195402298,144,102,107
1448,0.9010416666666666,0.4739583333333333,0.4635416666666667,119.24944614285717,115.44174314285708,150.89574780952384,0.0,0.9263157894736842,0.9690721649484536,173,91,89,0.780952380952381,0.6761904761904762,0.7714285714285715,12.436215000000011,25.86485006493504,73.58320880230879,0.0,0.0,0.4864864864864865,82,71,81,0.7093596059113301,0.5073891625615764,0.5320197044334976,2.848138,7.011183,14.161806,0.0,0.549645390070922,0.6647058823529411,144,103,108
1449,0.8958333333333334,0.4791666666666667,0.4635416666666667,114.7120696666667,120.3937201428571,150.07516452380952,0.0,0.9361702127659575,0.9356435643564357,172,92,89,0.780952380952381,0.6571428571428571,0.7333333333333333,12.27985700000001,26.28026995382393,73.84807380230879,0.0,0.0,0.5294117647058824,82,69,77,0.6995073891625616,0.4876847290640394,0.541871921182266,2.824981,7.124396,14.209113,0.0,0.5343511450381679,0.6569767441860465,142,99,110
1450,0.9010416666666666,0.4791666666666667,0.4583333333333333,114.62946485714288,117.56362614285707,151.01781609523812,0.0,0.93048128342246,0.9487179487179487,173,92,88,0.780952380952381,0.6666666666666666,0.7619047619047619,11.94936800000001,26.165370953823928,73.77229680230879,0.0,0.0,0.4864864864864865,82,70,80,0.7044334975369458,0.47783251231527096,0.541871921182266,2.807897,7.016934,14.201294,0.0,0.5073529411764706,0.6666666666666666,143,97,110
1451,0.9166666666666666,0.4791666666666667,0.4583333333333333,118.49762623809525,115.16510228571423,154.81729023809527,0.0,0.9322916666666666,0.9242424242424242,176,92,88,0.780952380952381,0.6571428571428571,0.7619047619047619,12.527095000000012,26.473970499278476,73.83968380230878,0.0,0.0,0.4864864864864865,82,69,80,0.7192118226600985,0.5073891625615764,0.541871921182266,2.80321,7.000938,14.262121,0.0,0.5234657039711191,0.6845238095238095,146,103,110
1452,0.890625,0.4791666666666667,0.4635416666666667,117.82144909523811,114.96925714285706,156.55120838095235,0.0,0.9263157894736842,0.9583333333333334,171,92,89,0.7523809523809524,0.6190476190476191,0.7619047619047619,12.359995000000012,26.13497456998555,73.80552380230878,0.0,0.0,0.4864864864864865,79,65,80,0.7142857142857143,0.4975369458128079,0.541871921182266,2.8129,7.0428,14.304513,0.0,0.5620437956204379,0.6790123456790124,145,101,110
1453,0.90625,0.4791666666666667,0.4635416666666667,117.32799742857145,117.05019328571422,158.19038238095246,0.0,0.9259259259259259,0.9587628865979382,174,92,89,0.7523809523809524,0.6285714285714286,0.7619047619047619,12.722969000000012,25.891702792207774,73.96722780230878,0.0,0.0,0.5428571428571428,79,66,80,0.7192118226600985,0.4729064039408867,0.5270935960591133,2.821579,7.189198,14.34688,0.0,0.5254901960784314,0.6951219512195121,146,96,107
1454,0.890625,0.46875,0.4739583333333333,115.24053904761908,120.21349485714279,158.98937166666673,0.0,0.9558011049723757,0.9538461538461539,171,90,91,0.7238095238095238,0.6476190476190476,0.7714285714285715,12.80735900000001,25.990300382395354,74.74645080230879,0.0,0.0,0.5,76,68,81,0.729064039408867,0.4630541871921182,0.5270935960591133,2.814248,7.153827,14.358713,0.0,0.5142857142857142,0.6588235294117647,148,94,107
1455,0.9010416666666666,0.4947916666666667,0.484375,116.49682990476191,118.42078642857138,155.19092680952383,0.0,0.9105263157894737,0.9128205128205128,173,95,93,0.7238095238095238,0.6476190476190476,0.7619047619047619,12.38983000000001,26.10876506493504,74.71924880230878,0.0,0.0,0.4864864864864865,76,68,80,0.7339901477832512,0.4827586206896552,0.5270935960591133,2.779327,7.0228,14.372906,0.0,0.5172413793103449,0.6705882352941176,149,98,107
1456,0.8854166666666666,0.5052083333333334,0.4947916666666667,119.25682233333335,116.58078885714282,154.3539443809524,0.0,0.9175824175824175,0.9162303664921466,170,97,95,0.7238095238095238,0.6095238095238096,0.7714285714285715,12.111050000000011,26.433606414141384,75.00234980230879,0.0,0.0,0.5277777777777778,76,64,81,0.729064039408867,0.5073891625615764,0.5369458128078818,2.809473,7.054031,14.398162,0.0051813471502590676,0.5266903914590747,0.6551724137931034,148,103,109
1457,0.90625,0.4947916666666667,0.4895833333333333,118.67263923809524,117.76328314285708,155.57026580952382,0.0,0.9277777777777778,0.9710982658959537,174,95,94,0.7047619047619048,0.6,0.7619047619047619,12.44377100000001,26.324701024531002,75.24726280230878,0.0,0.0,0.5882352941176471,74,63,80,0.7339901477832512,0.4975369458128079,0.541871921182266,2.777106,7.210278,14.401952,0.005154639175257732,0.5387453874538746,0.6686046511627907,149,101,110
1458,0.8958333333333334,0.5052083333333334,0.4895833333333333,116.18568347619049,114.29259371428566,155.21222866666668,0.0,0.9060773480662984,0.9361702127659575,172,97,94,0.7047619047619048,0.6190476190476191,0.7619047619047619,12.941078000000012,26.447188953823936,74.89161080230878,0.0,0.0,0.5882352941176471,74,65,80,0.7339901477832512,0.47783251231527096,0.5369458128078818,2.791059,7.213869,14.374032,0.0,0.49049429657794674,0.6745562130177515,149,97,109
1459,0.9010416666666666,0.4947916666666667,0.4895833333333333,120.68635504761907,117.40567171428569,153.82364723809525,0.0,0.9137931034482759,0.946524064171123,173,95,94,0.7047619047619048,0.6285714285714286,0.7523809523809524,12.635779000000012,25.808288842712823,75.27353080230877,0.0,0.0,0.625,74,66,79,0.729064039408867,0.4975369458128079,0.541871921182266,2.782404,7.158828,14.413391,0.0,0.463768115942029,0.6863905325443787,148,101,110
1460,0.9270833333333334,0.5104166666666666,0.4947916666666667,119.49539100000003,116.76302571428567,154.46407723809523,0.0,0.9265536723163842,0.9414893617021277,178,98,95,0.7047619047619048,0.5904761904761905,0.7619047619047619,12.77272200000001,26.300221135642115,75.12574280230876,0.0,0.0,0.5555555555555556,74,62,80,0.729064039408867,0.5369458128078818,0.5369458128078818,2.801124,7.169296,14.410186,0.0,0.5053763440860215,0.7073170731707317,148,109,109
1461,0.8802083333333334,0.5104166666666666,0.484375,117.52383228571433,115.21396528571425,155.5982362380952,0.0625,0.9096045197740112,0.9513513513513514,169,98,93,0.6857142857142857,0.6190476190476191,0.7619047619047619,12.886456000000011,25.96807506493504,74.98138280230879,0.0,0.0,0.5555555555555556,72,65,80,0.7241379310344828,0.5566502463054187,0.5369458128078818,2.812726,7.38623,14.422946,0.0,0.5037878787878788,0.703030303030303,147,113,109
1462,0.90625,0.5052083333333334,0.4895833333333333,118.83403152380956,120.64893309523804,156.22136366666666,0.0,0.903954802259887,0.9312169312169312,174,97,94,0.6952380952380952,0.6285714285714286,0.7619047619047619,12.78933000000001,26.214394115440097,75.16139180230877,0.0,0.01098901098901099,0.5714285714285714,73,66,80,0.7093596059113301,0.5320197044334976,0.541871921182266,2.725014,7.34371,14.407175,0.0,0.49808429118773945,0.6964285714285714,144,108,110
1463,0.8854166666666666,0.484375,0.4791666666666667,119.35032504761908,90.94093571428564,121.57464809523812,0.0,0.9186046511627907,0.9269662921348315,170,93,92,0.6857142857142857,0.5333333333333333,0.7333333333333333,12.674954000000012,20.483028515151496,57.29007013852813,0.0,0.0,0.6060606060606061,72,56,77,0.7044334975369458,0.4827586206896552,0.5270935960591133,2.748778,5.972298,10.916065,0.0,0.496,0.6687898089171974,143,98,107
1464,0.9010416666666666,0.4791666666666667,0.4739583333333333,118.27675723809526,87.68178785714278,120.3764913809524,0.0,0.9370629370629371,0.9152542372881356,173,92,91,0.6952380952380952,0.5428571428571428,0.7428571428571429,12.696915000000011,20.703453626262608,57.08857513852813,0.0,0.0,0.5882352941176471,73,57,78,0.7044334975369458,0.4876847290640394,0.5172413793103449,2.74577,6.044828,10.944615,0.0,0.4915254237288136,0.6259541984732825,143,99,105
1465,0.9114583333333334,0.4791666666666667,0.4739583333333333,119.12367980952385,82.87898299999993,120.06209290476188,0.0,0.8562091503267973,0.9520958083832335,175,92,91,0.6952380952380952,0.5619047619047619,0.7238095238095238,12.833426000000012,20.608075515151498,57.05938113852813,0.0,0.0,0.6060606060606061,73,59,76,0.6995073891625616,0.46798029556650245,0.5221674876847291,2.757198,5.98098,10.953494,0.0,0.4851063829787234,0.6212121212121212,142,95,106
1466,0.921875,0.4739583333333333,0.4635416666666667,120.66473223809525,82.45386295238087,120.00665895238095,0.0,0.9194630872483222,0.930635838150289,177,91,89,0.6952380952380952,0.5904761904761905,0.7238095238095238,12.448436000000012,20.895660404040385,57.37627513852813,0.0,0.0,0.6060606060606061,73,62,76,0.7093596059113301,0.45320197044334976,0.5221674876847291,2.784304,5.962189,10.978888,0.0,0.49583333333333335,0.6287878787878788,144,92,106
1467,0.8802083333333334,0.4583333333333333,0.4635416666666667,115.94027357142856,89.97189942857136,120.22789552380954,0.0,0.9150326797385621,0.9382022471910112,169,88,89,0.6952380952380952,0.5428571428571428,0.7238095238095238,12.846434000000011,20.795153515151497,57.12553413852813,0.0,0.024096385542168676,0.5806451612903226,73,57,76,0.7142857142857143,0.45320197044334976,0.5320197044334976,2.828386,5.908658,11.00977,0.0,0.5258964143426295,0.6212121212121212,145,92,108
1468,0.8802083333333334,0.4635416666666667,0.4635416666666667,118.29685209523812,87.43648899999992,121.87992438095242,0.0,0.9342105263157895,0.9347826086956522,169,89,89,0.6857142857142857,0.5428571428571428,0.7238095238095238,13.07306200000001,20.750000086580066,57.43799013852813,0.0,0.012195121951219513,0.5806451612903226,72,57,76,0.7142857142857143,0.46798029556650245,0.5270935960591133,2.86052,5.922428,10.98519,0.0,0.5390946502057613,0.6287878787878788,145,95,107
1469,0.90625,0.46875,0.453125,117.55250257142859,89.68566271428566,123.75882752380953,0.0,0.930379746835443,0.9593023255813954,174,90,87,0.6857142857142857,0.5523809523809524,0.7238095238095238,13.158667000000012,20.916342898989875,57.47614613852813,0.0,0.03529411764705882,0.5806451612903226,72,58,76,0.7142857142857143,0.49261083743842365,0.5270935960591133,2.838128,5.902144,10.997586,0.0,0.5657370517928287,0.6136363636363636,145,100,107
1470,0.8854166666666666,0.4635416666666667,0.453125,119.22311261904764,87.01290499999995,124.38307652380955,0.05263157894736842,0.9266666666666666,0.9186046511627907,170,89,87,0.6857142857142857,0.5428571428571428,0.7428571428571429,12.391910000000012,21.330543060606043,57.38477213852813,0.0,0.10112359550561797,0.5142857142857142,72,57,78,0.7142857142857143,0.46798029556650245,0.5270935960591133,2.846648,5.976682,10.983345,0.0,0.5847457627118644,0.5873015873015873,145,95,107
1471,0.8541666666666666,0.4427083333333333,0.453125,116.08193995238099,120.43088399999996,159.87907609523813,0.0,0.9266666666666666,0.9464285714285714,164,85,87,0.6666666666666666,0.580952380952381,0.7428571428571429,12.446763000000011,26.800397721500698,75.59401880230877,0.0,0.07272727272727272,0.5,70,61,78,0.6945812807881774,0.47783251231527096,0.5320197044334976,2.87219,7.446499,14.558067,0.0,0.5407725321888412,0.6,141,97,108
1472,0.8697916666666666,0.4635416666666667,0.453125,120.40840342857143,116.9795511428571,151.53226323809528,0.0,0.8909090909090909,0.9222222222222223,167,89,87,0.6666666666666666,0.5619047619047619,0.7428571428571429,12.835256571428582,28.081281311688286,75.87438380230877,0.0,0.15217391304347827,0.47058823529411764,70,59,78,0.6995073891625616,0.45320197044334976,0.5320197044334976,2.851692,7.378898,14.540549,0.0,0.5725806451612904,0.6335877862595419,142,92,108
1473,0.875,0.4322916666666667,0.4739583333333333,117.20902038095241,119.17212414285707,152.93430995238103,0.0,0.9294117647058824,0.9157303370786517,168,83,91,0.6190476190476191,0.5142857142857142,0.7428571428571429,12.427357000000011,27.230014064935048,75.71266080230876,0.0,0.11956521739130435,0.41379310344827586,65,54,78,0.6551724137931034,0.43842364532019706,0.5221674876847291,2.851873,7.477926,14.568566,0.0,0.5769230769230769,0.6754966887417219,133,89,106
1474,0.8229166666666666,0.4166666666666667,0.4739583333333333,118.12264252380952,121.10063699999995,158.9461770952381,0.0,0.8938547486033519,0.9329268292682927,158,80,91,0.6095238095238096,0.5238095238095238,0.7523809523809524,12.518814000000011,26.987835953823936,75.82220180230877,0.0,0.23958333333333334,0.2962962962962963,64,55,79,0.645320197044335,0.4236453201970443,0.5270935960591133,2.835552,7.493323,14.633715,0.005649717514124294,0.6008230452674898,0.6598639455782312,131,86,107
1475,0.8333333333333334,0.4375,0.4791666666666667,120.21521176190478,123.59310299999994,160.23841366666673,0.03571428571428571,0.8876404494382022,0.893491124260355,160,84,92,0.6190476190476191,0.5142857142857142,0.7428571428571429,12.23277800000001,27.08756106493504,75.64702280230877,0.0,0.1978021978021978,0.32,65,54,78,0.6305418719211823,0.4236453201970443,0.5320197044334976,2.813963,7.511955,14.583288,0.0,0.6007905138339921,0.6643835616438356,128,86,108
1476,0.8333333333333334,0.4427083333333333,0.4791666666666667,125.10454057142861,121.8916698571428,161.39475909523816,0.0,0.9186046511627907,0.9567901234567902,160,85,92,0.638095238095238,0.5333333333333333,0.7428571428571429,11.93484900000001,27.209793044733022,75.97957780230877,0.0,0.18181818181818182,0.2962962962962963,67,56,78,0.6403940886699507,0.42857142857142855,0.5270935960591133,2.845589,7.529529,14.62856,0.0,0.556910569105691,0.6666666666666666,130,87,107
1477,0.8489583333333334,0.4427083333333333,0.4791666666666667,118.44262809523813,120.92227928571424,161.14019423809532,0.0,0.9532163742690059,0.9053254437869822,163,85,92,0.638095238095238,0.5333333333333333,0.7523809523809524,11.916161000000011,26.643099610389587,75.65133780230877,0.0,0.14285714285714285,0.25925925925925924,67,56,79,0.6403940886699507,0.4433497536945813,0.5369458128078818,2.852448,7.50028,14.620669,0.0,0.5639097744360902,0.6643356643356644,130,90,109
1478,0.8489583333333334,0.4322916666666667,0.4791666666666667,119.07530100000002,119.0919848571428,159.95602209523815,0.0,0.9411764705882353,0.9329268292682927,163,83,92,0.6476190476190476,0.5523809523809524,0.7428571428571429,11.58017600000001,26.43376406493504,75.80886480230876,0.0,0.14285714285714285,0.25,68,58,78,0.6206896551724138,0.458128078817734,0.5270935960591133,2.864383,7.577729,14.641974,0.005714285714285714,0.544,0.6713286713286714,126,93,107
1479,0.8541666666666666,0.4375,0.4791666666666667,120.19533685714289,118.2472932857142,159.53987623809525,0.0,0.9318181818181818,0.9281437125748503,164,84,92,0.6476190476190476,0.5904761904761905,0.7428571428571429,12.385258000000011,26.87429888311686,75.84933180230877,0.0,0.15217391304347827,0.23076923076923078,68,62,78,0.6206896551724138,0.4433497536945813,0.5270935960591133,2.83129,7.557606,14.709285,0.0,0.5469387755102041,0.676056338028169,126,90,107
1480,0.8645833333333334,0.4375,0.4739583333333333,120.59680338095242,121.03533599999994,156.30772895238096,0.06896551724137931,0.9473684210526315,0.9171597633136095,166,84,91,0.6476190476190476,0.5428571428571428,0.7523809523809524,11.833298000000012,26.358419994227972,75.87189080230877,0.0,0.1,0.2222222222222222,68,57,79,0.6157635467980296,0.45320197044334976,0.5270935960591133,2.861061,7.473801,14.696556,0.0,0.5612648221343873,0.6714285714285714,125,92,107
1481,0.8489583333333334,0.4427083333333333,0.4739583333333333,124.0641352857143,117.24398585714279,157.0348903809524,0.09523809523809523,0.9190751445086706,0.93125,163,85,91,0.6285714285714286,0.5619047619047619,0.7523809523809524,12.10879800000001,26.127718266955245,76.16230480230877,0.0,0.10227272727272728,0.2222222222222222,66,59,79,0.6206896551724138,0.45320197044334976,0.5320197044334976,2.913469,7.43258,14.671765,0.0,0.5381526104417671,0.6737588652482269,126,92,108
1482,0.859375,0.4375,0.4791666666666667,117.21453933333336,119.47454657142853,157.04021952380958,0.07692307692307693,0.9257142857142857,0.9440993788819876,165,84,92,0.6190476190476191,0.5619047619047619,0.7333333333333333,12.035533000000012,26.518080064935038,75.78900480230877,0.0,0.11627906976744186,0.21428571428571427,65,59,77,0.625615763546798,0.49261083743842365,0.5320197044334976,2.869227,7.526321,14.697273,0.0,0.5573122529644269,0.6737588652482269,127,100,108
1483,0.8541666666666666,0.4427083333333333,0.4791666666666667,117.3504994761905,119.46132738095233,157.46762966666674,0.08333333333333333,0.9065934065934066,0.9146341463414634,164,85,92,0.6476190476190476,0.5619047619047619,0.7333333333333333,12.122198000000012,26.486241226551208,75.89685280230877,0.0,0.11494252873563218,0.2608695652173913,68,59,77,0.6305418719211823,0.4975369458128079,0.541871921182266,2.86711,7.552771,14.693182,0.0,0.5537848605577689,0.6834532374100719,128,101,110
1484,0.8385416666666666,0.4375,0.4739583333333333,120.30796495238098,120.94910999999993,161.52338466666671,0.06896551724137931,0.953757225433526,0.9629629629629629,161,84,91,0.6571428571428571,0.5619047619047619,0.7333333333333333,12.426827000000012,26.510542610389592,75.97762580230876,0.0,0.07142857142857142,0.23076923076923078,69,59,77,0.625615763546798,0.4975369458128079,0.541871921182266,2.863773,7.561859,14.685546,0.005747126436781609,0.573170731707317,0.6857142857142857,127,101,110
1485,0.8385416666666666,0.4427083333333333,0.4739583333333333,117.20082490476192,117.57781209523804,159.01988023809525,0.13636363636363635,0.9438202247191011,0.9415204678362573,161,85,91,0.638095238095238,0.580952380952381,0.7333333333333333,12.339336000000012,26.37634638239536,76.38351380230877,0.0,0.056179775280898875,0.2222222222222222,67,61,77,0.6403940886699507,0.4729064039408867,0.5320197044334976,2.827594,7.687284,14.684643,0.005649717514124294,0.5635593220338984,0.6928571428571428,130,96,108
1486,0.8229166666666666,0.4375,0.46875,121.44138623809526,120.62998642857139,158.09773938095242,0.06666666666666667,0.9047619047619048,0.9289940828402367,158,84,90,0.6285714285714286,0.5619047619047619,0.7333333333333333,12.470009000000012,26.402268246753227,76.16742180230877,0.0,0.05952380952380952,0.20689655172413793,66,59,77,0.6403940886699507,0.4729064039408867,0.5270935960591133,2.880494,7.634216,14.66744,0.005714285714285714,0.5394736842105263,0.6901408450704225,130,96,107
1487,0.84375,0.4375,0.4791666666666667,123.88396380952385,121.36757628571422,160.87340380952386,0.0625,0.9269662921348315,0.9345238095238095,162,84,92,0.6190476190476191,0.6190476190476191,0.7333333333333333,12.542730000000011,26.639527014429998,76.09870280230876,0.0,0.07142857142857142,0.2962962962962963,65,65,77,0.6354679802955665,0.4876847290640394,0.5270935960591133,2.866488,7.612471,14.676114,0.0,0.5596707818930041,0.7,129,99,107
1488,0.8333333333333334,0.4427083333333333,0.46875,120.23023661904766,122.32294128571421,159.84750652380956,0.0,0.9289617486338798,0.9515151515151515,160,85,90,0.6285714285714286,0.6190476190476191,0.7333333333333333,13.199483571428582,26.962868539682518,76.03262280230877,0.0,0.058823529411764705,0.27586206896551724,66,65,77,0.6206896551724138,0.4876847290640394,0.5172413793103449,2.801709,7.581753,14.709671,0.0,0.5485232067510548,0.6993006993006993,126,99,105
1489,0.859375,0.4427083333333333,0.4791666666666667,120.55766871428577,119.23048657142856,160.06655638095242,0.0,0.9297297297297298,0.9352941176470588,165,85,92,0.6,0.580952380952381,0.7238095238095238,12.768442000000011,26.76510740836938,76.13384180230877,0.0,0.013157894736842105,0.3076923076923077,63,61,76,0.6403940886699507,0.4729064039408867,0.5221674876847291,2.828337,7.512127,14.742928,0.005555555555555556,0.5846774193548387,0.704225352112676,130,96,106
1490,0.8385416666666666,0.4427083333333333,0.4791666666666667,119.61005880952386,118.21799314285711,158.30836595238102,0.0,0.9340659340659341,0.9479768786127167,161,85,92,0.6,0.5904761904761905,0.7238095238095238,13.199110000000012,26.53760017604616,75.84265780230876,0.0,0.024096385542168676,0.2962962962962963,63,62,76,0.6502463054187192,0.4975369458128079,0.5073891625615764,2.814654,7.544112,14.701839,0.0056179775280898875,0.5714285714285714,0.704225352112676,132,101,103
1491,0.8385416666666666,0.4427083333333333,0.4791666666666667,119.86599600000002,114.68977528571425,154.8895063809524,0.0,0.91005291005291,0.92,161,85,92,0.6,0.6,0.7428571428571429,12.899888000000011,26.81183517604616,76.23627380230877,0.0,0.02666666666666667,0.28,63,63,78,0.645320197044335,0.4876847290640394,0.5123152709359606,2.827958,7.578015,14.729351,0.0056179775280898875,0.5726495726495726,0.7034482758620689,131,99,104
1492,0.8385416666666666,0.4270833333333333,0.4791666666666667,118.20544642857146,119.33651357142854,159.00101880952386,0.0,0.9662921348314607,0.9269662921348315,161,82,92,0.6190476190476191,0.6095238095238096,0.7238095238095238,12.873192000000012,26.66864433766232,76.34695880230876,0.0,0.0,0.34782608695652173,65,64,76,0.6403940886699507,0.4827586206896552,0.5073891625615764,2.837493,7.590729,14.753093,0.005681818181818182,0.5648535564853556,0.7112676056338029,130,98,103
1493,0.8541666666666666,0.4427083333333333,0.4791666666666667,122.41975471428574,122.90810999999997,157.5141726666667,0.0,0.9308510638297872,0.9759036144578314,164,85,92,0.6095238095238096,0.6095238095238096,0.7333333333333333,12.661777000000011,26.77121438816737,76.54903680230876,0.0,0.012658227848101266,0.32,64,64,77,0.645320197044335,0.4827586206896552,0.5024630541871922,2.834422,7.636491,14.759275,0.005681818181818182,0.5811965811965812,0.6971830985915493,131,98,102
1494,0.8489583333333334,0.4375,0.46875,122.14528428571431,120.03177442857138,158.64088752380954,0.0,0.9315789473684211,0.9404761904761905,163,84,90,0.5904761904761905,0.6095238095238096,0.7333333333333333,13.438306000000011,26.81571917604616,76.34638480230876,0.0,0.04819277108433735,0.3333333333333333,62,64,77,0.6551724137931034,0.4630541871921182,0.5123152709359606,2.887031,7.598377,14.742336,0.011299435028248588,0.5877192982456141,0.717391304347826,133,94,104
1495,0.8541666666666666,0.4270833333333333,0.4791666666666667,121.42210461904763,118.53961471428565,159.79342409523812,0.0,0.9267015706806283,0.9393939393939394,164,82,92,0.5904761904761905,0.5904761904761905,0.7238095238095238,12.77714842857144,26.72700736363634,76.39868780230877,0.0,0.05,0.32,62,62,76,0.6600985221674877,0.46798029556650245,0.5172413793103449,2.848981,7.626683,14.796901,0.011299435028248588,0.5665236051502146,0.7299270072992701,134,95,105
1496,0.8541666666666666,0.4427083333333333,0.4791666666666667,120.75665133333335,114.41163942857139,159.3645543809524,0.0,0.9132653061224489,0.9393939393939394,164,85,92,0.5904761904761905,0.6190476190476191,0.7333333333333333,13.16532942857144,26.461704953823936,76.44522280230876,0.0,0.05952380952380952,0.34782608695652173,62,65,77,0.6699507389162561,0.46798029556650245,0.5172413793103449,2.871605,7.593462,14.788021,0.0056179775280898875,0.5589519650655022,0.7142857142857143,136,95,105
1497,0.859375,0.4427083333333333,0.4791666666666667,122.57996366666669,115.42568357142851,162.547153952381,0.0,0.9510869565217391,0.9397590361445783,165,85,92,0.6,0.6476190476190476,0.7333333333333333,12.906633000000012,26.58442104473303,76.26852180230877,0.0,0.024096385542168676,0.36363636363636365,63,68,77,0.6650246305418719,0.47783251231527096,0.5123152709359606,2.826701,7.540372,14.836166,0.005714285714285714,0.5502183406113537,0.723404255319149,135,97,104
1498,0.8333333333333334,0.4322916666666667,0.4791666666666667,120.21090890476191,116.39786342857138,161.3527902380953,0.0,0.883248730964467,0.9393939393939394,160,83,92,0.6,0.638095238095238,0.7333333333333333,12.69680400000001,26.342067681096655,76.37135180230877,0.0,0.023529411764705882,0.34782608695652173,63,67,77,0.6502463054187192,0.4876847290640394,0.5172413793103449,2.803052,7.528871,14.804656,0.005714285714285714,0.5458515283842795,0.7266187050359713,132,99,105
1499,0.8541666666666666,0.4427083333333333,0.4739583333333333,120.77018371428572,117.1564214285714,162.5463652380953,0.0,0.946236559139785,0.9337349397590361,164,85,91,0.6095238095238096,0.638095238095238,0.7428571428571429,12.89903000000001,26.376006903318885,76.56323880230877,0.0,0.037037037037037035,0.38461538461538464,64,67,78,0.6305418719211823,0.4975369458128079,0.5270935960591133,2.782582,7.550386,14.819481,0.0056179775280898875,0.5608695652173913,0.7163120567375887,128,101,107
1500,0.8541666666666666,0.4375,0.4791666666666667,120.28105514285718,120.43240357142854,162.39603180952386,0.0,0.9301075268817204,0.930635838150289,164,84,92,0.6095238095238096,0.6571428571428571,0.7428571428571429,12.32556200000001,26.39057569119766,76.88499280230877,0.0,0.075,0.3448275862068966,64,69,78,0.6305418719211823,0.4827586206896552,0.5320197044334976,2.815428,7.660648,14.810085,0.00558659217877095,0.5405405405405406,0.7194244604316546,128,98,108
1501,0.8645833333333334,0.4375,0.4791666666666667,121.37247190476194,120.63562085714281,162.48363538095242,0.09090909090909091,0.9365079365079365,0.935672514619883,166,84,92,0.580952380952381,0.6190476190476191,0.7428571428571429,13.32714500000001,27.220790974025945,76.64305680230876,0.0,0.024691358024691357,0.3333333333333333,61,65,78,0.6305418719211823,0.46798029556650245,0.5369458128078818,2.803952,7.538098,14.829068,0.00558659217877095,0.5517241379310345,0.7318840579710145,128,95,109
1502,0.8541666666666666,0.4375,0.4791666666666667,119.69584066666668,120.9684862857142,159.57949280952388,0.08,0.9179487179487179,0.9404761904761905,164,84,92,0.5904761904761905,0.638095238095238,0.7523809523809524,12.80817300000001,26.619779115440096,76.62814880230877,0.0,0.034482758620689655,0.3076923076923077,62,67,79,0.6305418719211823,0.46798029556650245,0.5270935960591133,2.83159,7.565984,14.826463,0.0,0.542016806722689,0.7518248175182481,128,95,107
1503,0.84375,0.4322916666666667,0.4791666666666667,118.00440747619051,115.85558571428567,163.16886866666667,0.07894736842105263,0.9141414141414141,0.9457831325301205,162,83,92,0.5904761904761905,0.6190476190476191,0.7428571428571429,12.96423100000001,26.377041747474728,76.52428280230876,0.0,0.03614457831325301,0.32,62,65,78,0.625615763546798,0.4729064039408867,0.5369458128078818,2.832424,7.626552,14.822665,0.00558659217877095,0.5447154471544715,0.7463768115942029,127,96,109
1504,0.8645833333333334,0.4427083333333333,0.4791666666666667,119.34946909523812,113.83432471428569,164.70082480952382,0.043478260869565216,0.91,0.9457831325301205,166,85,92,0.6095238095238096,0.6285714285714286,0.7333333333333333,12.858709000000012,26.786440649350624,76.56794580230877,0.0,0.024096385542168676,0.3333333333333333,64,66,77,0.6305418719211823,0.46798029556650245,0.5320197044334976,2.848108,7.58794,14.844859,0.0,0.5413223140495868,0.762962962962963,128,95,108
1505,0.8333333333333334,0.4427083333333333,0.4791666666666667,118.29445352380954,116.6917308571428,161.59010452380954,0.09523809523809523,0.9351351351351351,0.9404761904761905,160,85,92,0.6285714285714286,0.6285714285714286,0.7238095238095238,12.69523100000001,26.78409211544009,76.81326180230877,0.0,0.047619047619047616,0.3333333333333333,66,66,76,0.6108374384236454,0.47783251231527096,0.5320197044334976,2.8425,7.571058,14.83248,0.0,0.5439330543933054,0.7578125,124,97,108
1506,0.8125,0.4270833333333333,0.4791666666666667,119.68949623809526,118.82168785714283,162.76243523809524,0.08,0.9230769230769231,0.9645390070921985,156,82,92,0.6095238095238096,0.6285714285714286,0.7428571428571429,13.3109748888889,26.971359499278474,77.02805380230876,0.0,0.023809523809523808,0.3448275862068966,64,66,78,0.6059113300492611,0.458128078817734,0.5270935960591133,2.84804,7.601715,14.847827,0.0,0.5021834061135371,0.6810344827586207,123,93,107
1507,0.796875,0.421875,0.4791666666666667,116.98401314285718,121.49641214285711,160.30251123809524,0.08333333333333333,0.943502824858757,0.9342105263157895,153,81,92,0.6,0.6476190476190476,0.7428571428571429,12.780193000000011,27.05770489754687,76.76284480230876,0.0,0.0375,0.3333333333333333,63,68,78,0.5960591133004927,0.4630541871921182,0.5517241379310345,2.869325,7.547996,14.87039,0.005847953216374269,0.4896265560165975,0.6782608695652174,121,94,112
1508,0.8229166666666666,0.4322916666666667,0.4791666666666667,119.1294221904762,118.95973199999997,157.21899166666668,0.07692307692307693,0.9148936170212766,0.9407894736842105,158,83,92,0.6,0.6476190476190476,0.7523809523809524,13.12678500000001,26.84040406493504,76.66037880230877,0.0,0.024390243902439025,0.35714285714285715,63,68,79,0.5862068965517241,0.4729064039408867,0.5270935960591133,2.822714,7.600883,14.887144,0.0,0.49344978165938863,0.7222222222222222,119,96,107
1509,0.8125,0.4322916666666667,0.4791666666666667,118.06635066666672,120.79259614285711,161.48861809523814,0.1111111111111111,0.9281767955801105,0.9276315789473685,156,83,92,0.6666666666666666,0.6761904761904762,0.7523809523809524,13.155335349206359,27.010201610389593,76.87040180230876,0.0,0.023529411764705882,0.38461538461538464,70,71,79,0.5960591133004927,0.46798029556650245,0.5270935960591133,2.847643,7.578042,14.906254,0.011764705882352941,0.5227272727272727,0.7169811320754716,121,95,107
1510,0.8125,0.4322916666666667,0.46875,119.07460309523812,121.15522499999997,162.93603109523815,0.0,0.9180327868852459,0.9536423841059603,156,83,90,0.6761904761904762,0.6761904761904762,0.7523809523809524,12.740045777777787,26.642643493506466,76.94872880230876,0.0,0.03571428571428571,0.35714285714285715,71,71,79,0.6059113300492611,0.47783251231527096,0.5517241379310345,2.905478,7.56565,14.91661,0.011764705882352941,0.44959128065395093,0.4505928853754941,123,97,112
1511,0.8385416666666666,0.4270833333333333,0.4739583333333333,115.80632814285717,121.86234142857137,161.92899909523814,0.0,0.9337016574585635,0.9079754601226994,161,82,91,0.6761904761904762,0.7047619047619048,0.7523809523809524,12.785143111111124,26.454997448773433,76.98400580230877,0.011235955056179775,0.03488372093023256,0.4166666666666667,71,74,79,0.6059113300492611,0.42857142857142855,0.5467980295566502,2.87192,7.5812,14.935599,0.005952380952380952,0.5088495575221239,0.6964285714285714,123,87,111
1512,0.8177083333333334,0.4322916666666667,0.4791666666666667,117.73595719047621,116.89735257142851,161.09886223809528,0.0,0.9344262295081968,0.9430379746835443,157,83,92,0.6476190476190476,0.6761904761904762,0.7428571428571429,12.954754000000012,26.33370887734485,77.15876380230877,0.011494252873563218,0.0,0.4,68,71,78,0.5911330049261084,0.39901477832512317,0.5467980295566502,2.930891,7.577238,14.911013,0.011904761904761904,0.47478991596638653,0.6923076923076923,120,81,111
1513,0.8385416666666666,0.421875,0.4791666666666667,117.73098761904767,120.74882671428567,161.58727009523815,0.08333333333333333,0.9090909090909091,0.9612903225806452,161,81,92,0.638095238095238,0.6952380952380952,0.7523809523809524,12.580053000000012,26.746646772005754,77.03532180230877,0.0,0.012345679012345678,0.4166666666666667,67,73,79,0.5960591133004927,0.4236453201970443,0.541871921182266,2.928774,7.489931,14.970004,0.0,0.46473029045643155,0.7256637168141593,121,86,110
1514,0.8072916666666666,0.4322916666666667,0.4739583333333333,119.36873642857147,120.4420034285714,159.9547716666667,0.0,0.9020618556701031,0.9419354838709677,155,83,91,0.638095238095238,0.6761904761904762,0.7523809523809524,12.590500000000011,26.664135499278466,77.01211980230877,0.011111111111111112,0.012195121951219513,0.4230769230769231,67,71,79,0.6009852216748769,0.4630541871921182,0.541871921182266,2.937545,7.575963,14.958973,0.0,0.4777327935222672,0.6974789915966386,122,94,110
1515,0.8125,0.4322916666666667,0.4791666666666667,116.63481700000003,117.13992828571423,162.0801166666667,0.0,0.9505494505494505,0.9487179487179487,156,83,92,0.6571428571428571,0.6476190476190476,0.7714285714285715,13.052909571428582,26.475179655122634,77.00648680230877,0.0,0.0,0.4444444444444444,69,68,81,0.5960591133004927,0.4729064039408867,0.5615763546798029,2.910147,7.502809,14.971041,0.0,0.5062761506276151,0.7,121,96,114
1516,0.8229166666666666,0.4270833333333333,0.4791666666666667,117.41205852380955,117.96255571428564,161.9486643809524,0.0,0.9344262295081968,0.930379746835443,158,82,92,0.638095238095238,0.6285714285714286,0.7714285714285715,12.979505793650805,26.664628033189004,77.08245380230876,0.0,0.06172839506172839,0.48,67,66,81,0.6157635467980296,0.4630541871921182,0.5517241379310345,2.941142,7.613634,15.001202,0.0,0.47767857142857145,0.7264957264957265,125,94,112
1517,0.8333333333333334,0.4322916666666667,0.4791666666666667,116.29985123809526,120.49432542857137,160.16083580952383,0.0,0.9243243243243243,0.9363057324840764,160,83,92,0.6761904761904762,0.6666666666666666,0.7714285714285715,13.097596793650807,26.67643356421354,77.25476980230877,0.0,0.03571428571428571,0.4444444444444444,71,70,81,0.6403940886699507,0.4088669950738916,0.5566502463054187,2.908808,7.691692,15.004321,0.005681818181818182,0.5084745762711864,0.7295081967213115,130,83,113
1518,0.828125,0.4322916666666667,0.4791666666666667,115.68102571428575,116.91058699999996,164.46708980952383,0.0,0.9315789473684211,0.9533333333333334,159,83,92,0.6761904761904762,0.6476190476190476,0.7714285714285715,12.762055555555568,26.183843725829703,77.34121680230876,0.0,0.0,0.48,71,68,81,0.6403940886699507,0.4187192118226601,0.5517241379310345,2.919326,7.57359,15.003803,0.005780346820809248,0.4708333333333333,0.7154471544715447,130,85,112
1519,0.84375,0.4270833333333333,0.4791666666666667,118.23765028571431,115.9046614285714,161.95938552380954,0.0,0.9319371727748691,0.9056603773584906,162,82,92,0.6761904761904762,0.6571428571428571,0.7714285714285715,12.434446111111123,26.387140064935046,77.25669180230877,0.011235955056179775,0.012345679012345678,0.5,71,69,81,0.6403940886699507,0.43842364532019706,0.5566502463054187,2.904769,7.495192,15.034821,0.005780346820809248,0.5220883534136547,0.7333333333333333,130,89,113
1520,0.828125,0.4270833333333333,0.4739583333333333,117.68943861904764,118.56395942857138,161.3272643809524,0.0,0.9365079365079365,0.9320987654320988,159,82,91,0.6952380952380952,0.6571428571428571,0.7714285714285715,12.975475000000012,26.39726506493505,77.20634980230876,0.0,0.0,0.5217391304347826,73,69,81,0.645320197044335,0.45320197044334976,0.5517241379310345,2.94184,7.633473,15.008656,0.0058823529411764705,0.5086206896551724,0.7457627118644068,131,92,112
1521,0.8333333333333334,0.4270833333333333,0.4791666666666667,116.66371671428575,119.69659842857138,163.39141023809526,0.0,0.917098445595855,0.9483870967741935,160,82,92,0.6666666666666666,0.6476190476190476,0.7619047619047619,12.738855000000012,26.46799472150069,77.71966080230877,0.0,0.0,0.5454545454545454,70,68,80,0.6403940886699507,0.4630541871921182,0.5517241379310345,2.91339,7.601872,15.053386,0.005813953488372093,0.5,0.7333333333333333,130,94,112
1522,0.8125,0.4270833333333333,0.4791666666666667,115.68220109523811,119.74708785714283,162.89399223809525,0.0,0.927461139896373,0.9803921568627451,156,82,92,0.6761904761904762,0.638095238095238,0.7619047619047619,12.886463333333348,26.774174731601704,77.59882280230877,0.0,0.0,0.41379310344827586,71,67,80,0.6403940886699507,0.4729064039408867,0.5467980295566502,2.938542,7.495156,15.066095,0.005917159763313609,0.5170940170940171,0.75,130,96,111
1523,0.8333333333333334,0.4322916666666667,0.4739583333333333,115.64139171428573,123.60437728571424,163.38314152380954,0.0,0.9354838709677419,0.9263803680981595,160,83,91,0.6857142857142857,0.6190476190476191,0.7523809523809524,12.770978000000015,26.463994337662314,77.68027480230877,0.0,0.011904761904761904,0.4444444444444444,72,65,79,0.6305418719211823,0.43842364532019706,0.5517241379310345,2.931738,7.47329,15.062786,0.005917159763313609,0.5486725663716814,0.7377049180327869,128,89,112
1524,0.828125,0.421875,0.4791666666666667,118.63802600000002,120.1174044285714,163.21428395238098,0.0,0.9526315789473684,0.95,159,81,92,0.6761904761904762,0.6285714285714286,0.7523809523809524,13.071314333333348,26.621675525252503,77.82862580230876,0.0,0.0,0.4444444444444444,71,66,79,0.6305418719211823,0.458128078817734,0.5467980295566502,2.930487,7.499266,15.027165,0.005847953216374269,0.5186721991701245,0.75,128,93,111
1525,0.8125,0.4322916666666667,0.4791666666666667,115.50506838095242,117.99027542857138,161.3769773809524,0.0,0.9333333333333333,0.9259259259259259,156,83,92,0.6761904761904762,0.6476190476190476,0.7619047619047619,13.150340888888904,26.513975155844125,77.99566680230876,0.0,0.011627906976744186,0.48,71,68,80,0.625615763546798,0.4482758620689655,0.5517241379310345,2.948809,7.492713,15.073194,0.0058823529411764705,0.5083333333333333,0.7398373983739838,127,91,112
1526,0.8229166666666666,0.4322916666666667,0.4791666666666667,118.20186223809527,117.29462399999994,163.16889123809528,0.0,0.9081632653061225,0.9490445859872612,158,83,92,0.6857142857142857,0.6,0.7619047619047619,12.79045700000001,27.198647681096656,77.82611080230876,0.0,0.012195121951219513,0.5217391304347826,72,63,80,0.6305418719211823,0.46798029556650245,0.541871921182266,2.928516,7.461874,15.174602,0.011428571428571429,0.5222672064777328,0.7580645161290323,128,95,110
1527,0.8072916666666666,0.4322916666666667,0.4791666666666667,114.66819714285717,118.41684571428567,162.6750398095238,0.0,0.9513513513513514,0.9433962264150944,155,83,92,0.6761904761904762,0.5904761904761905,0.7714285714285715,12.582532888888903,27.02632124675322,77.84817780230877,0.0,0.012048192771084338,0.5217391304347826,71,62,81,0.6305418719211823,0.4630541871921182,0.541871921182266,2.909789,7.447232,15.098298,0.005917159763313609,0.5414847161572053,0.7272727272727273,128,94,110
1528,0.8020833333333334,0.4270833333333333,0.4791666666666667,114.61080142857148,117.78149514285711,162.04639795238094,0.06896551724137931,0.9354838709677419,0.9625,154,82,92,0.6476190476190476,0.6095238095238096,0.7714285714285715,12.752575111111122,27.00903906493504,77.73331180230876,0.0,0.0,0.5714285714285714,68,64,81,0.6354679802955665,0.458128078817734,0.5566502463054187,2.951977,7.427313,15.109885,0.005780346820809248,0.5191489361702127,0.7348484848484849,129,93,113
1529,0.8229166666666666,0.4322916666666667,0.4791666666666667,115.19810000000004,120.58587428571424,163.71790152380956,0.10714285714285714,0.9417989417989417,0.9221556886227545,158,83,92,0.6857142857142857,0.6476190476190476,0.7619047619047619,13.142740888888904,26.615560994227973,77.76899280230877,0.0,0.0,0.6,72,68,80,0.6354679802955665,0.45320197044334976,0.5517241379310345,2.946801,7.415974,15.118265,0.005681818181818182,0.5128205128205128,0.7596899224806202,129,92,112
1530,0.8125,0.4322916666666667,0.4791666666666667,114.7767664761905,119.66808642857137,162.49276452380954,0.0,0.946236559139785,0.9745222929936306,156,83,92,0.6952380952380952,0.6095238095238096,0.7619047619047619,13.12383942857144,26.50173135786434,77.97762780230877,0.0,0.0,0.6,73,64,80,0.6305418719211823,0.43842364532019706,0.5467980295566502,2.965419,7.3767,15.092279,0.005813953488372093,0.5504201680672269,0.7557251908396947,128,89,111
1531,0.8333333333333334,0.421875,0.4739583333333333,114.69848728571432,119.01354942857137,160.93005052380954,0.0,0.9141414141414141,0.9490445859872612,160,81,91,0.6761904761904762,0.6095238095238096,0.7619047619047619,12.992381079365094,26.656683630591605,77.90325680230877,0.0,0.0,0.6,71,64,80,0.6305418719211823,0.4236453201970443,0.541871921182266,2.961367,7.421517,15.120314,0.005847953216374269,0.540084388185654,0.75,128,86,110
1532,0.8177083333333334,0.4322916666666667,0.4739583333333333,114.21474304761908,119.24499671428568,162.07683452380948,0.0,0.9432989690721649,0.9289940828402367,157,83,91,0.6952380952380952,0.6095238095238096,0.7619047619047619,12.79018442857144,27.013972772005747,77.82924180230877,0.0,0.0,0.6,73,64,80,0.6305418719211823,0.45320197044334976,0.5517241379310345,2.935558,7.432666,15.127222,0.005747126436781609,0.5185185185185185,0.717391304347826,128,92,112
1533,0.8125,0.4270833333333333,0.4791666666666667,119.94591052380956,121.55243928571427,161.92559980952385,0.047619047619047616,0.9238578680203046,0.9375,156,82,92,0.6857142857142857,0.6095238095238096,0.7714285714285715,12.954068777777792,26.8751702207792,77.97811280230877,0.0,0.0,0.6,72,64,81,0.6354679802955665,0.458128078817734,0.5467980295566502,2.962237,7.472166,15.187152,0.005747126436781609,0.5588235294117647,0.7218045112781954,129,93,111
1534,0.8333333333333334,0.4322916666666667,0.4791666666666667,113.52108800000002,121.0176378571428,163.00997738095245,0.06896551724137931,0.9387755102040817,0.9515151515151515,160,83,92,0.6666666666666666,0.6476190476190476,0.780952380952381,12.578342222222235,26.68073801442999,78.00213280230876,0.0,0.0,0.6666666666666666,70,68,82,0.6354679802955665,0.45320197044334976,0.5517241379310345,2.950526,7.45799,15.210262,0.005649717514124294,0.5316455696202531,0.7226277372262774,129,92,112
1535,0.8229166666666666,0.4322916666666667,0.4791666666666667,115.71000390476193,119.59657271428567,161.98257580952384,0.07407407407407407,0.9045226130653267,0.968944099378882,158,83,92,0.6952380952380952,0.6476190476190476,0.7619047619047619,13.083127650793664,26.893339356421333,77.86301080230876,0.011235955056179775,0.0,0.8,73,68,80,0.6403940886699507,0.45320197044334976,0.5566502463054187,2.960343,7.415055,15.194276,0.005780346820809248,0.5333333333333333,0.7132352941176471,130,92,113
1536,0.8020833333333334,0.4322916666666667,0.4791666666666667,117.170052952381,122.42113614285711,159.97257923809525,0.10714285714285714,0.9484536082474226,0.9390243902439024,154,83,92,0.7047619047619048,0.6095238095238096,0.7619047619047619,13.282256968253982,25.828788792207767,77.97363780230877,0.0,0.0,0.8,74,64,80,0.645320197044335,0.4630541871921182,0.5566502463054187,2.91079,7.46259,15.170574,0.005681818181818182,0.55,0.706766917293233,131,94,113
1537,0.828125,0.4270833333333333,0.4791666666666667,114.42792642857144,121.97649314285711,161.2973202380953,0.07407407407407407,0.9682539682539683,0.975,159,82,92,0.7142857142857143,0.6476190476190476,0.7714285714285715,12.64149600000001,26.530364721500693,78.13202880230877,0.0,0.0,0.7058823529411765,75,68,81,0.6502463054187192,0.4729064039408867,0.5467980295566502,2.934316,7.498533,15.185786,0.005649717514124294,0.5512820512820513,0.7014925373134329,132,96,111
1538,0.8385416666666666,0.4322916666666667,0.4791666666666667,115.51072323809528,117.5582748571428,160.98516823809527,0.07692307692307693,0.934010152284264,0.95625,161,83,92,0.7142857142857143,0.6476190476190476,0.7714285714285715,13.02263542857144,26.519273953823927,78.05121280230877,0.0,0.0,0.75,75,68,81,0.645320197044335,0.46798029556650245,0.5517241379310345,2.947342,7.448129,15.193467,0.011299435028248588,0.5364806866952789,0.7132352941176471,131,95,112
1539,0.84375,0.4583333333333333,0.5,115.79321095238099,118.83211657142854,164.1702630952381,0.08,0.8888888888888888,0.9281437125748503,162,88,96,0.7333333333333333,0.638095238095238,0.8,12.501596000000012,26.463218337662305,78.10432280230877,0.0,0.0,0.5789473684210527,77,67,84,0.6502463054187192,0.4729064039408867,0.5763546798029556,2.972611,7.473525,15.22681,0.0056179775280898875,0.5301724137931034,0.6934306569343066,132,96,117
1540,0.84375,0.4583333333333333,0.4947916666666667,116.83287861904766,125.96995028571423,164.6449982380952,0.05,0.945054945054945,0.9554140127388535,162,88,95,0.7238095238095238,0.6476190476190476,0.8476190476190476,12.41620500000001,26.38879160461757,78.26009525685424,0.0,0.0,0.3333333333333333,76,68,89,0.6600985221674877,0.46798029556650245,0.5763546798029556,2.912602,7.433715,15.223604,0.005434782608695652,0.48672566371681414,0.6791044776119403,134,95,117
1541,0.84375,0.4635416666666667,0.5052083333333334,115.66541014285717,123.81269799999994,165.06942895238095,0.0625,0.9214659685863874,0.9316770186335404,162,89,97,0.7142857142857143,0.6285714285714286,0.8380952380952381,12.537653571428582,26.38716283261181,78.29598880230877,0.0,0.0,0.19047619047619047,75,66,88,0.6748768472906403,0.46798029556650245,0.5862068965517241,2.925631,7.404592,15.230843,0.005434782608695652,0.4810126582278481,0.6618705035971223,137,95,119
1542,0.8333333333333334,0.453125,0.5052083333333334,117.8266350476191,122.82230499999997,163.84318566666673,0.041666666666666664,0.9368421052631579,0.9299363057324841,160,87,97,0.7142857142857143,0.6571428571428571,0.8285714285714286,13.006487888888904,26.789370766233738,78.33028936796534,0.0,0.0,0.3333333333333333,75,69,87,0.6798029556650246,0.5024630541871922,0.5862068965517241,2.972498,7.413482,15.202203,0.016042780748663103,0.4767932489451477,0.6716417910447762,138,102,119
1543,0.8385416666666666,0.4635416666666667,0.5104166666666666,113.26479233333335,121.9651268571428,164.01559709523812,0.125,0.917098445595855,0.93125,161,89,98,0.7238095238095238,0.6476190476190476,0.8380952380952381,12.59952042857144,26.58674403896102,78.34744625685424,0.0,0.021505376344086023,0.2,76,68,88,0.6798029556650246,0.5024630541871922,0.5911330049261084,2.971045,7.47782,15.228217,0.010869565217391304,0.49344978165938863,0.6666666666666666,138,102,120
1544,0.859375,0.4635416666666667,0.5104166666666666,118.27239614285716,119.15193714285708,162.73829609523813,0.2,0.9470899470899471,0.9490445859872612,165,89,98,0.7238095238095238,0.6761904761904762,0.8476190476190476,12.818152571428582,26.58208506493504,78.39425934776332,0.0,0.0,0.22727272727272727,76,71,89,0.6896551724137931,0.4876847290640394,0.5862068965517241,3.002337,7.510883,15.28384,0.00546448087431694,0.4829059829059829,0.6870229007633588,140,99,119
1545,0.796875,0.4583333333333333,0.5104166666666666,116.0794984761905,118.46720885714281,161.54139795238098,0.16666666666666666,0.9222797927461139,0.9433962264150944,153,88,98,0.7142857142857143,0.6761904761904762,0.8285714285714286,12.413355000000012,26.894031337662312,78.35480780230877,0.0,0.0,0.25,75,71,87,0.6896551724137931,0.46798029556650245,0.5812807881773399,2.98201,7.473325,15.304245,0.010752688172043012,0.4798387096774194,0.6715328467153284,140,95,118
1546,0.8385416666666666,0.4583333333333333,0.5104166666666666,114.9657625714286,121.91740585714281,163.06325580952384,0.075,0.9230769230769231,0.967741935483871,161,88,98,0.7142857142857143,0.638095238095238,0.8380952380952381,12.711308111111123,26.61955724675322,78.6911285295815,0.0,0.0449438202247191,0.2631578947368421,75,67,88,0.6798029556650246,0.4876847290640394,0.5862068965517241,2.983412,7.448555,15.340476,0.010810810810810811,0.4883720930232558,0.6940298507462687,138,99,119
1547,0.8489583333333334,0.453125,0.5104166666666666,115.75467085714291,123.95057399999995,162.31737823809527,0.041666666666666664,0.9470899470899471,0.9371069182389937,163,87,98,0.7428571428571429,0.638095238095238,0.819047619047619,12.618236000000016,27.26051411544008,78.6834145295815,0.0,0.02197802197802198,0.125,78,67,86,0.6699507389162561,0.49261083743842365,0.5812807881773399,3.004356,7.4728,15.337981,0.005376344086021506,0.4844961240310077,0.7076923076923077,136,100,118
1548,0.8385416666666666,0.4635416666666667,0.5052083333333334,118.65667209523814,125.64118285714281,162.59897066666667,0.03125,0.9326424870466321,0.927710843373494,161,89,97,0.7142857142857143,0.638095238095238,0.8285714285714286,12.769445000000012,26.817644014429984,78.88129180230878,0.0,0.0,0.1,75,67,87,0.6699507389162561,0.5172413793103449,0.6059113300492611,3.025263,7.453013,15.383451,0.005405405405405406,0.48627450980392156,0.6793893129770993,136,105,123
1549,0.84375,0.4583333333333333,0.5104166666666666,116.32391238095241,122.90344371428567,162.10189566666668,0.0,0.9137055837563451,0.961038961038961,162,88,98,0.7047619047619048,0.5904761904761905,0.8285714285714286,12.65930142857144,27.19574167099564,78.96670241847039,0.0,0.0,0.1,74,62,87,0.6650246305418719,0.5221674876847291,0.6009852216748769,2.986962,7.48179,15.367718,0.005405405405405406,0.49159663865546216,0.689922480620155,135,106,122
1550,0.84375,0.4791666666666667,0.5260416666666666,120.24894300000004,125.28367571428564,165.55440214285713,0.0,0.9128205128205128,0.9202453987730062,162,92,101,0.6761904761904762,0.6761904761904762,0.8666666666666667,12.747590571428585,27.0491345339105,78.75571091341989,0.0,0.0,0.125,71,71,91,0.6699507389162561,0.5467980295566502,0.6206896551724138,2.956026,7.493261,15.362894,0.005376344086021506,0.4703389830508475,0.6717557251908397,136,111,126
1551,0.828125,0.4791666666666667,0.5416666666666666,116.11901752380955,122.76977042857138,167.7268573809524,0.1111111111111111,0.9421052631578948,0.9230769230769231,159,92,104,0.7142857142857143,0.6476190476190476,0.8476190476190476,12.935077222222235,26.867430620490598,79.09129107503605,0.0,0.0,0.15384615384615385,75,68,89,0.6699507389162561,0.541871921182266,0.6206896551724138,3.034858,7.512164,15.408202,0.005291005291005291,0.49783549783549785,0.6716417910447762,136,110,126
1552,0.84375,0.4947916666666667,0.5416666666666666,122.49587052380954,126.17109399999991,167.0515428095238,0.0,0.9114583333333334,0.9290322580645162,162,95,104,0.7047619047619048,0.6476190476190476,0.8571428571428571,13.324923000000014,27.31451990331887,78.89422825685423,0.0,0.0,0.07407407407407407,74,68,90,0.6748768472906403,0.541871921182266,0.6206896551724138,3.007842,7.594857,15.404872,0.005291005291005291,0.4721030042918455,0.6470588235294118,137,110,126
1553,0.8541666666666666,0.5208333333333334,0.5729166666666666,120.73085757142861,125.72238071428565,166.46283452380956,0.0,0.9297297297297298,0.9044585987261147,164,100,110,0.7333333333333333,0.6952380952380952,0.8761904761904762,13.523257000000015,27.30812061038958,79.14863480230878,0.0,0.0,0.07407407407407407,77,73,92,0.6847290640394089,0.5467980295566502,0.6502463054187192,2.9799,7.564373,15.42864,0.005208333333333333,0.4327731092436975,0.6,139,111,132
1554,0.859375,0.5260416666666666,0.5729166666666666,121.29860823809524,124.85316371428564,168.51751366666673,0.0,0.9021739130434783,0.912751677852349,165,101,110,0.7333333333333333,0.6952380952380952,0.8761904761904762,13.164719000000014,27.3411762207792,79.10165425685423,0.0,0.0,0.1724137931034483,77,73,92,0.6847290640394089,0.5763546798029556,0.6502463054187192,3.043218,7.484488,15.443302,0.015625,0.40458015267175573,0.5573770491803278,139,117,132
1555,0.859375,0.515625,0.5677083333333334,123.21364300000002,125.06049171428565,167.68707795238095,0.0,0.9269662921348315,0.9266666666666666,165,99,109,0.6952380952380952,0.6761904761904762,0.8857142857142857,13.695273888888902,27.32966406493503,79.30040214574313,0.0,0.0,0.12,73,71,93,0.6798029556650246,0.5714285714285714,0.6699507389162561,3.028221,7.502532,15.456476,0.010362694300518135,0.42231075697211157,0.5396825396825397,138,116,136
1556,0.890625,0.5260416666666666,0.5729166666666666,120.96310880952382,124.83115385714281,165.79615138095238,0.0,0.875,0.9161290322580645,171,101,110,0.7047619047619048,0.6666666666666666,0.8952380952380953,13.289895000000016,27.28505877200574,78.88331652958152,0.0,0.0,0.12,74,70,94,0.6798029556650246,0.5714285714285714,0.6650246305418719,3.041179,7.502918,15.435261,0.005235602094240838,0.3852140077821012,0.5882352941176471,138,116,135
1557,0.8645833333333334,0.5260416666666666,0.5729166666666666,121.43896971428573,122.10448285714281,168.36099480952385,0.0,0.9325842696629213,0.916083916083916,166,101,110,0.6952380952380952,0.6761904761904762,0.9047619047619048,12.912420111111123,27.191653681096646,79.04876909523807,0.0,0.0,0.17391304347826086,73,71,95,0.6995073891625616,0.5714285714285714,0.6748768472906403,2.977612,7.47246,15.42916,0.005076142131979695,0.3779527559055118,0.5669291338582677,142,116,137
1558,0.890625,0.5208333333333334,0.5677083333333334,118.14490342857144,123.13008628571424,167.77995009523812,0.024390243902439025,0.9111111111111111,0.9178082191780822,171,100,109,0.7333333333333333,0.7142857142857143,0.8952380952380953,13.081800888888903,26.67367272150069,79.43833007503606,0.0,0.0,0.08333333333333333,77,75,94,0.6896551724137931,0.6009852216748769,0.6699507389162561,2.990985,7.505141,15.461424,0.0,0.36947791164658633,0.6120689655172413,140,122,136
1559,0.8854166666666666,0.515625,0.5677083333333334,120.15513847619049,127.59683971428568,168.5930123809524,0.0,0.9226519337016574,0.9448275862068966,170,99,109,0.7238095238095238,0.7142857142857143,0.9047619047619048,13.027726000000015,27.107466059163038,78.9838324184704,0.0,0.0,0.08695652173913043,76,75,95,0.6847290640394089,0.5615763546798029,0.6699507389162561,3.00255,7.560289,15.477032,0.005154639175257732,0.4076923076923077,0.5882352941176471,139,114,136
1560,0.890625,0.5208333333333334,0.5729166666666666,119.57829700000005,124.62842271428565,166.73474966666666,0.034482758620689655,0.9438202247191011,0.9366197183098591,171,100,110,0.7238095238095238,0.6761904761904762,0.9047619047619048,13.510171111111124,27.077800176046143,79.25894007503607,0.0,0.0,0.047619047619047616,76,71,95,0.6748768472906403,0.5862068965517241,0.6847290640394089,3.024149,7.579937,15.456188,0.0,0.3643410852713178,0.5897435897435898,137,119,139
1561,0.875,0.5208333333333334,0.5625,119.25869195238099,123.60971714285711,169.2009558095238,0.038461538461538464,0.875,0.9178082191780822,168,100,108,0.7619047619047619,0.6761904761904762,0.8857142857142857,13.238321111111123,27.12331955988453,79.38211041847042,0.0,0.0,0.0,80,71,93,0.6551724137931034,0.5812807881773399,0.6847290640394089,3.002624,7.605982,15.466084,0.0,0.3779527559055118,0.6,133,118,139
1562,0.859375,0.515625,0.5625,117.1805536666667,123.50078614285708,168.16722209523812,0.07142857142857142,0.9523809523809523,0.9154929577464789,165,99,108,0.7714285714285715,0.6857142857142857,0.9047619047619048,13.469935571428586,27.38966106493504,79.35402687301587,0.0,0.0,0.0,81,72,95,0.6403940886699507,0.5615763546798029,0.6896551724137931,2.969747,7.553517,15.471019,0.0,0.4031620553359684,0.5483870967741935,130,114,140
1563,0.859375,0.5104166666666666,0.5625,117.86946433333335,127.34287385714278,167.66992452380953,0.03571428571428571,0.92,0.9041095890410958,165,98,108,0.7619047619047619,0.7238095238095238,0.8952380952380953,13.504488000000014,27.836521705627675,79.7052751962482,0.0,0.0,0.0,80,76,94,0.645320197044335,0.5566502463054187,0.6896551724137931,2.996427,7.617179,15.49926,0.0,0.3815261044176707,0.5425531914893617,131,113,140
1564,0.875,0.5052083333333334,0.5572916666666666,119.85911719047621,120.03047371428565,161.93644204761907,0.0,0.9352941176470588,0.9241379310344827,168,97,107,0.780952380952381,0.7333333333333333,0.8952380952380953,13.318377000000014,26.502436994227963,79.49218041847041,0.0,0.0,0.0,82,77,94,0.6551724137931034,0.5763546798029556,0.6896551724137931,3.030608,7.735655,15.509636,0.0,0.3884297520661157,0.5208333333333334,133,117,140
1565,0.8645833333333334,0.5,0.5625,119.05370614285718,120.79413904761901,162.89513604761908,0.0,0.9583333333333334,0.9366197183098591,166,96,108,0.7714285714285715,0.7142857142857143,0.8761904761904762,13.486498000000015,27.039205064935032,79.49016125685424,0.0,0.0,0.0,81,75,92,0.6551724137931034,0.5566502463054187,0.7044334975369458,3.009741,7.784152,15.504599,0.0,0.3782608695652174,0.45,133,113,143
1566,0.859375,0.5052083333333334,0.5572916666666666,118.82034761904765,118.3563211428571,162.2304511428572,0.0,0.9431818181818182,0.9424460431654677,165,97,107,0.7619047619047619,0.7142857142857143,0.8952380952380953,13.111573000000014,27.227856994227963,79.50509552958151,0.0,0.0,0.0,80,75,94,0.6650246305418719,0.5763546798029556,0.7389162561576355,2.976524,7.836722,15.560066,0.0,0.39330543933054396,0.41304347826086957,135,117,150
1567,0.875,0.5052083333333334,0.546875,117.93667442857148,117.1922632380952,166.7759715714286,0.0,0.9213483146067416,0.918918918918919,168,97,105,0.7428571428571429,0.6857142857142857,0.9047619047619048,13.870051000000014,27.289995226551195,79.75064741847041,0.0,0.0,0.0,78,72,95,0.6748768472906403,0.5369458128078818,0.7339901477832512,3.009278,7.841713,15.573201,0.0,0.4315352697095436,0.4819277108433735,137,109,149
1568,0.890625,0.4895833333333333,0.5520833333333334,121.27860833333337,118.36027142857138,166.46038442857147,0.037037037037037035,0.9540229885057471,0.9391891891891891,171,94,106,0.7523809523809524,0.7238095238095238,0.8952380952380953,13.041051000000015,26.827390797979767,79.81025041847042,0.0,0.0,0.0,79,76,94,0.6748768472906403,0.5369458128078818,0.7487684729064039,3.012524,7.941478,15.604402,0.0,0.3884297520661157,0.4358974358974359,137,109,152
1569,0.8645833333333334,0.4895833333333333,0.5520833333333334,120.17481966666669,119.02597261904758,168.99601928571434,0.0,0.9289617486338798,0.9337748344370861,166,94,106,0.7523809523809524,0.7333333333333333,0.8761904761904762,13.531419111111123,27.239764994227965,79.62261114574314,0.0,0.0,0.0,79,77,92,0.6798029556650246,0.5270935960591133,0.7536945812807881,2.974152,7.863064,15.67122,0.0,0.40711462450592883,0.4457831325301205,138,107,153
1570,0.890625,0.4947916666666667,0.5520833333333334,119.63151838095243,117.94125157142851,164.20181309523812,0.0,0.9540229885057471,0.9533333333333334,171,95,106,0.780952380952381,0.7142857142857143,0.9238095238095239,13.212190000000016,27.66706495382392,80.55771941847041,0.0,0.0,0.0,82,75,97,0.6847290640394089,0.5517241379310345,0.7438423645320197,2.999113,7.788781,15.678785,0.0,0.421875,0.4805194805194805,139,112,151
1571,0.8645833333333334,0.484375,0.5416666666666666,117.57254276190477,116.91438838095233,167.4446816190476,0.0,0.9337016574585635,0.954248366013072,166,93,104,0.780952380952381,0.7333333333333333,0.9047619047619048,13.542083000000014,27.63573703896101,80.10636541847042,0.0,0.0,0.047619047619047616,82,77,95,0.6896551724137931,0.5911330049261084,0.7487684729064039,2.995199,7.73614,15.70319,0.0,0.408,0.4367816091954023,140,120,152
1572,0.875,0.484375,0.5416666666666666,123.79877304761906,117.13119104761901,164.21470395238094,0.0,0.9602272727272727,0.9411764705882353,168,93,104,0.780952380952381,0.6952380952380952,0.8857142857142857,13.552521000000015,27.575576903318872,80.66528641847042,0.0,0.0,0.043478260869565216,82,73,93,0.6896551724137931,0.5911330049261084,0.729064039408867,3.040364,7.854091,15.686333,0.0,0.42735042735042733,0.42857142857142855,140,120,148
1573,0.890625,0.484375,0.5416666666666666,121.7144222857143,115.88829980952376,167.4450726190476,0.0,0.9385474860335196,0.9182389937106918,171,93,104,0.7619047619047619,0.7047619047619048,0.9047619047619048,13.287859000000015,27.532073044733014,80.69542414574313,0.0,0.0,0.041666666666666664,80,74,95,0.6798029556650246,0.5862068965517241,0.7241379310344828,3.040958,7.815337,15.683463,0.0,0.4344262295081967,0.4157303370786517,138,119,147
1574,0.8802083333333334,0.484375,0.53125,121.96917123809527,116.16538823809519,165.94717190476194,0.03571428571428571,0.9664804469273743,0.9605263157894737,169,93,102,0.7428571428571429,0.7142857142857143,0.8952380952380953,13.803040000000015,27.950226569985542,81.0088723073593,0.0,0.0,0.09523809523809523,78,75,94,0.6748768472906403,0.5960591133004927,0.7389162561576355,3.007217,7.910044,15.704486,0.0,0.40869565217391307,0.40229885057471265,137,121,150
1575,0.9010416666666666,0.484375,0.5364583333333334,120.12710880952383,118.33151495238093,165.4226273333333,0.0,0.9662921348314607,0.9012345679012346,173,93,103,0.7714285714285715,0.6952380952380952,0.9238095238095239,13.363014111111124,28.05682706493503,80.70995441847042,0.0,0.0,0.0,81,73,97,0.6847290640394089,0.5665024630541872,0.7438423645320197,3.019573,7.908483,15.708866,0.0,0.4185022026431718,0.4186046511627907,139,115,151
1576,0.9114583333333334,0.4739583333333333,0.5416666666666666,125.41535833333334,119.13386509523804,168.0605687619048,0.0,0.9659090909090909,0.9047619047619048,175,91,104,0.780952380952381,0.6952380952380952,0.8857142857142857,13.507807000000016,28.18563964502162,80.74136360028858,0.0,0.0,0.10526315789473684,82,73,93,0.6798029556650246,0.5221674876847291,0.7438423645320197,3.043067,7.955854,15.712426,0.005076142131979695,0.42735042735042733,0.3875,138,106,151
1577,0.90625,0.4635416666666667,0.5416666666666666,116.3301435714286,123.12278828571424,167.54485619047617,0.0,0.9459459459459459,0.961038961038961,174,89,104,0.7523809523809524,0.7047619047619048,0.8952380952380953,13.849794888888903,27.74319740836938,80.80672141847042,0.0,0.0,0.041666666666666664,79,74,94,0.6699507389162561,0.541871921182266,0.729064039408867,3.033136,7.849764,15.806322,0.0,0.39655172413793105,0.4074074074074074,136,110,148
1578,0.9010416666666666,0.4635416666666667,0.5416666666666666,120.4820973809524,120.73023766666662,169.900681,0.08,0.935,0.9161290322580645,173,89,104,0.7714285714285715,0.7428571428571429,0.9238095238095239,13.354692000000014,27.766666499278468,81.21907869119768,0.0,0.0,0.0,81,78,97,0.6798029556650246,0.5369458128078818,0.729064039408867,3.028881,7.75632,15.823098,0.0,0.4,0.35294117647058826,138,109,148
1579,0.8802083333333334,0.4635416666666667,0.5416666666666666,122.6874648095238,118.09886247619042,168.91832395238094,0.06060606060606061,0.9438775510204082,0.9276315789473685,169,89,104,0.7714285714285715,0.7142857142857143,0.8952380952380953,13.664357000000015,27.869439226551194,80.87112414574314,0.0,0.0,0.1,81,75,94,0.6748768472906403,0.5812807881773399,0.7339901477832512,3.070521,7.851465,15.824155,0.0,0.43673469387755104,0.3563218390804598,137,118,149
1580,0.8645833333333334,0.4635416666666667,0.5364583333333334,124.15145123809525,121.5230966666666,168.29589333333328,0.0625,0.9030612244897959,0.9363057324840764,166,89,103,0.7714285714285715,0.6952380952380952,0.9238095238095239,13.326633111111123,27.81178940836939,80.84104641847041,0.0,0.0,0.0,81,73,97,0.6699507389162561,0.5960591133004927,0.7536945812807881,3.049692,7.876159,15.808334,0.0,0.4219409282700422,0.34523809523809523,136,121,153
1581,0.8854166666666666,0.4635416666666667,0.5416666666666666,123.70773233333337,120.42160838095234,168.7054841904762,0.05555555555555555,0.9679144385026738,0.935064935064935,170,89,104,0.8,0.7047619047619048,0.9142857142857143,13.658565666666679,28.28911492784991,80.79475314574313,0.0,0.0,0.1111111111111111,84,74,96,0.6748768472906403,0.5812807881773399,0.7536945812807881,3.073324,8.016148,15.838726,0.0,0.3963963963963964,0.3670886075949367,137,118,153
1582,0.9010416666666666,0.4635416666666667,0.5416666666666666,125.5117321904762,121.48536338095232,168.0994072857143,0.038461538461538464,0.9578947368421052,0.9487179487179487,173,89,104,0.780952380952381,0.6952380952380952,0.9047619047619048,12.817168000000015,27.708408681096653,80.72594141847041,0.0,0.0,0.08695652173913043,82,73,95,0.6551724137931034,0.5566502463054187,0.7586206896551724,3.014371,7.924751,15.798849,0.0,0.4066390041493776,0.36585365853658536,133,113,154
1583,0.9166666666666666,0.4635416666666667,0.5416666666666666,124.16567523809525,121.52651838095233,166.33827733333337,0.038461538461538464,0.9631578947368421,0.9254658385093167,176,89,104,0.780952380952381,0.6571428571428571,0.8952380952380953,13.144164888888904,28.03396972150069,80.79945969119768,0.0,0.0,0.1,82,69,94,0.6699507389162561,0.5172413793103449,0.7635467980295566,3.017604,7.886094,15.853684,0.0,0.43621399176954734,0.35,136,105,155
1584,0.8802083333333334,0.4583333333333333,0.5416666666666666,123.45209052380955,120.03657680952377,165.8322951904762,0.0,0.953125,0.9430379746835443,169,88,104,0.780952380952381,0.6952380952380952,0.8952380952380953,12.806154000000015,28.103876842712815,81.0201594184704,0.0,0.0,0.08695652173913043,82,73,94,0.6748768472906403,0.5270935960591133,0.7586206896551724,3.041425,7.906637,15.832273,0.0,0.4065040650406504,0.3246753246753247,137,107,154
1585,0.9166666666666666,0.4635416666666667,0.5416666666666666,116.79618961904764,117.91833509523806,167.031483952381,0.0,0.9629629629629629,0.9235668789808917,176,89,104,0.780952380952381,0.6952380952380952,0.8952380952380953,13.037959000000015,28.054471499278467,80.93271641847039,0.0,0.0,0.125,82,73,94,0.6798029556650246,0.5467980295566502,0.7586206896551724,3.047553,7.825656,15.85589,0.0,0.416,0.34615384615384615,138,111,154
1586,0.8958333333333334,0.4635416666666667,0.53125,122.1400965714286,119.2659062380952,166.8391623809524,0.0,0.9470899470899471,0.9738562091503268,172,89,102,0.8,0.7142857142857143,0.9142857142857143,12.975466888888903,28.34204049927847,81.2831124184704,0.0,0.0,0.08333333333333333,84,75,96,0.6945812807881774,0.5763546798029556,0.7536945812807881,3.007962,7.803493,15.815491,0.0,0.45,0.34177215189873417,141,117,153
1587,0.8958333333333334,0.4635416666666667,0.5260416666666666,120.70356452380953,118.57981699999993,167.07372285714288,0.0,0.9526315789473684,0.9371069182389937,172,89,101,0.8,0.7142857142857143,0.9142857142857143,13.229879888888902,27.88497279220776,81.1989974184704,0.0,0.0,0.09090909090909091,84,75,96,0.6945812807881774,0.6009852216748769,0.7783251231527094,3.023992,7.821164,15.819118,0.0,0.4505928853754941,0.3333333333333333,141,122,158
1588,0.9114583333333334,0.453125,0.5260416666666666,121.44923800000001,118.04378595238087,166.76284033333337,0.0,0.934010152284264,0.9461077844311377,175,87,101,0.8,0.7428571428571429,0.9047619047619048,13.112088000000014,27.172994155844126,81.27025869119768,0.0,0.0,0.09090909090909091,84,78,95,0.6945812807881774,0.5960591133004927,0.7635467980295566,3.016756,7.832059,15.786187,0.0,0.4672131147540984,0.35526315789473684,141,121,155
1589,0.90625,0.453125,0.5364583333333334,123.757059952381,117.65556009523803,164.92781609523811,0.0,0.9441624365482234,0.9289940828402367,174,87,103,0.7904761904761904,0.6952380952380952,0.9047619047619048,12.550147111111123,27.454561943722915,81.1906104184704,0.0,0.0,0.08,83,73,95,0.6896551724137931,0.5615763546798029,0.7635467980295566,3.03676,7.848273,15.853541,0.0,0.4444444444444444,0.38961038961038963,140,114,155
1590,0.8958333333333334,0.453125,0.5208333333333334,118.50613571428573,120.6116916666666,164.11822266666672,0.0,0.9438775510204082,0.9390243902439024,172,87,100,0.780952380952381,0.7142857142857143,0.9142857142857143,12.566014571428585,27.403291064935033,81.1757384184704,0.0,0.0,0.08333333333333333,82,75,96,0.6798029556650246,0.5369458128078818,0.7783251231527094,3.08147,7.694539,15.908657,0.0,0.43359375,0.35714285714285715,138,109,158
1591,0.8958333333333334,0.4583333333333333,0.515625,123.19082914285717,118.38818757142853,167.4400314761905,0.13793103448275862,0.9585492227979274,0.927710843373494,172,88,99,0.780952380952381,0.7142857142857143,0.9047619047619048,12.478348000000015,27.603133448773416,81.30966569119768,0.0,0.0,0.038461538461538464,82,75,95,0.6896551724137931,0.5467980295566502,0.7635467980295566,3.050353,7.632977,15.924579,0.0,0.42745098039215684,0.358974358974359,140,111,155
1592,0.9114583333333334,0.453125,0.5104166666666666,122.58171990476193,118.48587280952376,166.70121495238095,0.14285714285714285,0.9526315789473684,0.9813664596273292,175,87,98,0.780952380952381,0.7333333333333333,0.8857142857142857,12.726870111111124,27.72374877200574,81.29036341847039,0.0,0.0,0.13636363636363635,82,77,93,0.6896551724137931,0.5812807881773399,0.7684729064039408,3.009776,7.666156,15.93965,0.0,0.4392156862745098,0.34615384615384615,140,118,156
1593,0.90625,0.453125,0.515625,127.83373304761909,116.7380265238095,165.21398595238097,0.0,0.9261083743842364,0.9397590361445783,174,87,99,0.7904761904761904,0.6761904761904762,0.8952380952380953,12.969480000000015,27.919039979797947,81.14885869119767,0.0,0.0,0.09090909090909091,83,71,94,0.6847290640394089,0.5862068965517241,0.7684729064039408,3.025828,7.659061,15.960851,0.0,0.44176706827309237,0.37662337662337664,139,119,156
1594,0.9322916666666666,0.5208333333333334,0.546875,122.7494121904762,118.22090104761898,168.05502142857145,0.0,0.875,0.8823529411764706,179,100,105,0.7619047619047619,0.6666666666666666,0.8857142857142857,12.899346000000016,27.92311990909088,81.0608734184704,0.0,0.0,0.09523809523809523,80,70,93,0.6995073891625616,0.5517241379310345,0.7881773399014779,3.024412,7.745295,15.957199,0.0,0.41596638655462187,0.43902439024390244,142,112,160
1595,0.90625,0.5104166666666666,0.5625,120.97367947619051,123.14144757142851,168.18686085714285,0.0,0.9298245614035088,0.9183673469387755,174,98,108,0.780952380952381,0.6761904761904762,0.8761904761904762,12.681466000000015,27.96664379220776,81.2111234184704,0.0,0.0,0.047619047619047616,82,71,92,0.7142857142857143,0.5172413793103449,0.7881773399014779,3.009249,7.738419,15.982774,0.0,0.43902439024390244,0.43902439024390244,145,105,160
1596,0.9166666666666666,0.5104166666666666,0.5677083333333334,122.8566252857143,124.5767248571428,168.5424164285714,0.0,0.9302325581395349,0.8954248366013072,176,98,109,0.7904761904761904,0.6476190476190476,0.8761904761904762,12.666037111111123,28.128917883116852,80.92411214574314,0.0,0.0,0.08333333333333333,83,68,92,0.7093596059113301,0.5369458128078818,0.7980295566502463,2.986028,7.710598,16.001529,0.0,0.4339622641509434,0.4533333333333333,144,109,162
1597,0.921875,0.515625,0.5677083333333334,125.67168714285717,121.59566842857137,168.83627257142857,0.0,0.9037433155080213,0.9507042253521126,177,99,109,0.7904761904761904,0.6476190476190476,0.8952380952380953,12.875473000000015,27.342364356421324,81.03562541847042,0.0,0.0,0.047619047619047616,83,68,94,0.7093596059113301,0.5615763546798029,0.7881773399014779,3.005114,7.757975,16.021463,0.0,0.44313725490196076,0.44594594594594594,144,114,160
1598,0.9114583333333334,0.515625,0.5625,126.88665114285713,119.1673738571428,169.59312342857143,0.0,0.9529411764705882,0.9466666666666667,175,99,108,0.8,0.6571428571428571,0.8952380952380953,12.778496888888903,27.393921242424216,81.30812041847041,0.0,0.0,0.09523809523809523,84,69,94,0.6995073891625616,0.5566502463054187,0.7881773399014779,3.001957,7.776117,15.997231,0.0,0.44921875,0.4583333333333333,142,113,160
1599,0.9114583333333334,0.515625,0.5625,125.12629333333336,118.9685574285714,170.6904332857143,0.0,0.9147727272727273,0.9387755102040817,175,99,108,0.780952380952381,0.6666666666666666,0.9047619047619048,12.484376222222235,28.306460030302997,81.43709841847041,0.0,0.0,0.13333333333333333,82,70,95,0.6945812807881774,0.541871921182266,0.7881773399014779,2.998232,7.743898,16.035494,0.0,0.4153225806451613,0.4722222222222222,141,110,160
